cell_id,predicted_label,confidence,entropy,query_donor,method,status
AACTCCCCACGAGAGT-1-HCAHeart7844001,Myeloid,0.7911253676379407,0.5124618204975406,D6,pca_knn,predicted
AGAATAGAGTACGATA-1-HCAHeart7844003,Endothelial,1.0,-0.0,D6,pca_knn,predicted
ATCCACCCATACTACG-1-HCAHeart7844004,Endothelial,1.0,-0.0,D6,pca_knn,predicted
TTGATGGCAGGACATG-1-HCAHeart7905327,Endothelial,1.0,-0.0,D6,pca_knn,predicted
CATTCGCTCTTGGGTA-1-HCAHeart7844003,Pericytes,0.8860526609952527,0.43365491639524817,D6,pca_knn,predicted
TGCATGAAGGTTCTAC-1-HCAHeart7905332,Endothelial,1.0,-0.0,D6,pca_knn,predicted
CATATTCCAGGGCATA-1-HCAHeart7844003,Endothelial,1.0,-0.0,D6,pca_knn,predicted
CATCGGGGTCATGCCG-1-HCAHeart7844004,Endothelial,1.0,-0.0,D6,pca_knn,predicted
TCTGAGATCCTAAGTG-1-HCAHeart7844004,Pericytes,1.0,-0.0,D6,pca_knn,predicted
TCCTCGATCGGCTGTG-1-HCAHeart7905332,Pericytes,1.0,-0.0,D6,pca_knn,predicted
TATCAGGCAAGGCTTT-1-HCAHeart7905327,Endothelial,1.0,-0.0,D6,pca_knn,predicted
ACGATGTAGTTCGCGC-1-HCAHeart7880861,Ventricular_Cardiomyocyte,1.0,-0.0,D6,pca_knn,predicted
GTAGATCAGAGTTGTA-1-HCAHeart7905327,Fibroblast,1.0,-0.0,D6,pca_knn,predicted
CTGCTGTTCCTAGTGA-1-HCAHeart7844001,Myeloid,0.8706829151004719,0.38508644799315983,D6,pca_knn,predicted
CACACCTTCATTCACT-1-HCAHeart7844002,Endothelial,1.0,-0.0,D6,pca_knn,predicted
CGATGTAAGTGAACGC-1-HCAHeart7844004,Endothelial,1.0,-0.0,D6,pca_knn,predicted
ACTGCTCAGGGATACC-1-HCAHeart7844001,Pericytes,0.9431424249037853,0.21823201693306904,D6,pca_knn,predicted
GGTATTGCATTCGACA-1-HCAHeart7844001,Endothelial,1.0,-0.0,D6,pca_knn,predicted
CGGACACGTAGCGTAG-1-HCAHeart7844001,Endothelial,1.0,-0.0,D6,pca_knn,predicted
CGATCGGCACCGAATT-1-HCAHeart7843999,Endothelial,1.0,-0.0,D6,pca_knn,predicted
ACACCCTAGCCACTAT-1-HCAHeart7844001,Endothelial,1.0,-0.0,D6,pca_knn,predicted
AACACGTAGAAACGCC-1-HCAHeart7843999,Endothelial,1.0,-0.0,D6,pca_knn,predicted
CTTTCGGTCGCCTATC-1-HCAHeart7905327,Endothelial,1.0,-0.0,D6,pca_knn,predicted
TGCGGCAAGGGAGTTC-1-HCAHeart7905328,Endothelial,1.0,-0.0,D6,pca_knn,predicted
CGTTAGAGTAACATGA-1-HCAHeart7905330,Pericytes,1.0,-0.0,D6,pca_knn,predicted
CCACTACAGAGCCTAG-1-HCAHeart7844004,Myeloid,1.0,-0.0,D6,pca_knn,predicted
TCATTCACAACTTGCA-1-HCAHeart7905327,Endothelial,1.0,-0.0,D6,pca_knn,predicted
CTAGAGTGTCTCCATC-1-HCAHeart7843999,Endothelial,1.0,-0.0,D6,pca_knn,predicted
CTGCCTACAGCCTATA-1-HCAHeart7844000,Endothelial,1.0,-0.0,D6,pca_knn,predicted
GTGGGAATCAAGATAG-1-HCAHeart7905327,Endothelial,1.0,-0.0,D6,pca_knn,predicted
CGCCAAGGTCGAATCT-1-HCAHeart7880862,Atrial_Cardiomyocyte,1.0,-0.0,D6,pca_knn,predicted
ACCAGTAAGACTAGAT-1-HCAHeart7880862,Atrial_Cardiomyocyte,1.0,-0.0,D6,pca_knn,predicted
GAGACTTCAACGCCCA-1-HCAHeart7905332,Fibroblast,1.0,-0.0,D6,pca_knn,predicted
GATCTAGTCGCATGAT-1-HCAHeart7880862,Atrial_Cardiomyocyte,1.0,-0.0,D6,pca_knn,predicted
CGTTCTGTCGAGAGCA-1-HCAHeart7844001,Myeloid,1.0,-0.0,D6,pca_knn,predicted
CAGCAGCAGGACCACA-1-HCAHeart7844004,Endothelial,1.0,-0.0,D6,pca_knn,predicted
CAGTCCTCACTTAACG-1-HCAHeart7844004,Endothelial,1.0,-0.0,D6,pca_knn,predicted
ACTGAACCAGTCGTGC-1-HCAHeart7880860,Fibroblast,1.0,-0.0,D6,pca_knn,predicted
GTACAGTTCGACCATA-1-HCAHeart7905331,Endothelial,1.0,-0.0,D6,pca_knn,predicted
CTTGATTCAAGTGGGT-1-HCAHeart7905328,Endothelial,1.0,-0.0,D6,pca_knn,predicted
CCCATACGTTCAGGCC-1-HCAHeart7843999,Lymphoid,1.0,-0.0,D6,pca_knn,predicted
CCTACCATCGGCATCG-1-HCAHeart7844003,Pericytes,1.0,-0.0,D6,pca_knn,predicted
GCGGGTTCACGGCTAC-1-HCAHeart7844000,Lymphoid,1.0,-0.0,D6,pca_knn,predicted
CACCTTGGTCAGCTAT-1-HCAHeart7844001,Pericytes,0.5314815745431443,0.973062233098235,D6,pca_knn,predicted
CCTTCGATCCTTCAAT-1-HCAHeart7844001,Endothelial,1.0,-0.0,D6,pca_knn,predicted
GGGAGATGTTCACGGC-1-HCAHeart7880862,Endothelial,1.0,-0.0,D6,pca_knn,predicted
AAAGATGGTTAGTGGG-1-HCAHeart7844001,Endothelial,1.0,-0.0,D6,pca_knn,predicted
TGGACGCCAAGACGTG-1-HCAHeart7880862,Atrial_Cardiomyocyte,1.0,-0.0,D6,pca_knn,predicted
AAGACCTGTATATGGA-1-HCAHeart7844000,Endothelial,1.0,-0.0,D6,pca_knn,predicted
CTTACCGAGTATCGAA-1-HCAHeart7844004,Endothelial,1.0,-0.0,D6,pca_knn,predicted
TATCAGGAGCCGGTAA-1-HCAHeart7844001,Pericytes,0.9355079229116504,0.2391527705500991,D6,pca_knn,predicted
CAAGTTGCAGGGATTG-1-HCAHeart7844003,Endothelial,1.0,-0.0,D6,pca_knn,predicted
ACCCAAAGTTAGGGAC-1-HCAHeart7905328,Smooth_muscle_cells,1.0,-0.0,D6,pca_knn,predicted
ACGCCGACACGTCTCT-1-HCAHeart7844001,Pericytes,0.8422846067556892,0.4358619874413794,D6,pca_knn,predicted
TAGTGGTGTTGTCGCG-1-HCAHeart7844004,Endothelial,1.0,-0.0,D6,pca_knn,predicted
GATCGTACAAAGTATG-1-HCAHeart7905332,Endothelial,1.0,-0.0,D6,pca_knn,predicted
ATGCCTCTCGCCAACG-1-HCAHeart7905329,Myeloid,0.94483711471135,0.21344516392721372,D6,pca_knn,predicted
CACCAGGGTGTGACGA-1-HCAHeart7888927,Ventricular_Cardiomyocyte,1.0,-0.0,D6,pca_knn,predicted
AAGGCAGTCCAAACTG-1-HCAHeart7844001,Pericytes,1.0,-0.0,D6,pca_knn,predicted
TTAATCCAGGTCGCCT-1-HCAHeart7905329,Smooth_muscle_cells,1.0,-0.0,D6,pca_knn,predicted
GGACGTCGTTGCGTTA-1-HCAHeart7844004,Endothelial,1.0,-0.0,D6,pca_knn,predicted
TGCACCTAGGGTTCCC-1-HCAHeart7844003,Endothelial,1.0,-0.0,D6,pca_knn,predicted
GTAACCACATGACCCG-1-HCAHeart7905327,Endothelial,1.0,-0.0,D6,pca_knn,predicted
AGCCTAACAGTTCATG-1-HCAHeart7844000,Endothelial,1.0,-0.0,D6,pca_knn,predicted
TACGGTATCCATGAGT-1-HCAHeart7844000,Endothelial,1.0,-0.0,D6,pca_knn,predicted
CATGCCTCATGAACCT-1-HCAHeart7844004,Endothelial,1.0,-0.0,D6,pca_knn,predicted
CTGAAACCATCCGGGT-1-HCAHeart7888926,Fibroblast,1.0,-0.0,D6,pca_knn,predicted
GACTAACCACGGCTAC-1-HCAHeart7844004,Pericytes,1.0,-0.0,D6,pca_knn,predicted
TAAGTCGGTGGTAATA-1-HCAHeart7905332,Endothelial,1.0,-0.0,D6,pca_knn,predicted
CGTCCATCAACGAGGT-1-HCAHeart7905327,Endothelial,1.0,-0.0,D6,pca_knn,predicted
ATTCACTAGTAAGACT-1-HCAHeart7905328,Endothelial,1.0,-0.0,D6,pca_knn,predicted
TCTGGAAGTCAAAGAT-1-HCAHeart7888926,Ventricular_Cardiomyocyte,1.0,-0.0,D6,pca_knn,predicted
GCAATCATCTTGCCGT-1-HCAHeart7844001,Endothelial,1.0,-0.0,D6,pca_knn,predicted
TTGTTTGGTACAGAAT-1-HCAHeart7905327,Endothelial,1.0,-0.0,D6,pca_knn,predicted
GATCGCGAGAAAGTGG-1-HCAHeart7843999,Endothelial,1.0,-0.0,D6,pca_knn,predicted
TCAGCAACATTACCTT-1-HCAHeart7844003,Endothelial,1.0,-0.0,D6,pca_knn,predicted
CGCGGTATCAGCGACC-1-HCAHeart7880862,Fibroblast,1.0,-0.0,D6,pca_knn,predicted
TACGGATCAAAGTCAA-1-HCAHeart7844002,Endothelial,1.0,-0.0,D6,pca_knn,predicted
TACTTGTTCCACTGGG-1-HCAHeart7844001,Pericytes,0.8745898389193604,0.37756752952471173,D6,pca_knn,predicted
CCTCATGCAAGAGTTA-1-HCAHeart7905332,Endothelial,0.9197420319281734,0.2793989676778219,D6,pca_knn,predicted
GTTACAGCACCAGTTA-1-HCAHeart7880862,Atrial_Cardiomyocyte,1.0,-0.0,D6,pca_knn,predicted
TATCAGGGTTTGTTTC-1-HCAHeart7880862,Fibroblast,1.0,-0.0,D6,pca_knn,predicted
ATACCGATCAGTGTCA-1-HCAHeart7905329,Endothelial,1.0,-0.0,D6,pca_knn,predicted
TGCACCTGTTCTGAAC-1-HCAHeart7888926,Myeloid,0.9387084346484109,0.23050661996946334,D6,pca_knn,predicted
GATCAGTTCGCATGGC-1-HCAHeart7844000,Endothelial,1.0,-0.0,D6,pca_knn,predicted
ATAAGAGTCAGTTAGC-1-HCAHeart7844003,Lymphoid,1.0,-0.0,D6,pca_knn,predicted
TACACGATCCCGACTT-1-HCAHeart7844001,Endothelial,0.9377327750259158,0.23316082934201196,D6,pca_knn,predicted
GAATGAACAGGATCGA-1-HCAHeart7844004,Endothelial,1.0,-0.0,D6,pca_knn,predicted
CCTAGCTAGGCACATG-1-HCAHeart7843999,Smooth_muscle_cells,0.7987761801612313,0.5020943247941763,D6,pca_knn,predicted
TTGACTTGTCATATGC-1-HCAHeart7844000,Pericytes,0.7372092505162335,0.5759557601910794,D6,pca_knn,predicted
CAACCTCAGTCGTACT-1-HCAHeart7843999,Pericytes,0.9444840047519373,0.21444705746828824,D6,pca_knn,predicted
TCTGAGAAGAAGGACA-1-HCAHeart7844004,Pericytes,0.7418939829027168,0.5710665336538627,D6,pca_knn,predicted
TTGTAGGTCCTAGAAC-1-HCAHeart7844001,Pericytes,0.9424274472361829,0.22023540398856978,D6,pca_knn,predicted
GCAGCTGTCCACAAGT-1-HCAHeart7905328,Endothelial,1.0,-0.0,D6,pca_knn,predicted
GTTAAGCTCCTGCAGG-1-HCAHeart7888926,Ventricular_Cardiomyocyte,1.0,-0.0,D6,pca_knn,predicted
GAGTCTAGTCTTGGTA-1-HCAHeart7905330,Fibroblast,1.0,-0.0,D6,pca_knn,predicted
TGAGGGATCGTTGCCT-1-HCAHeart7844000,Endothelial,1.0,-0.0,D6,pca_knn,predicted
CTCGTCAAGCTAGTGG-1-HCAHeart7844001,Myeloid,1.0,-0.0,D6,pca_knn,predicted
TTTATGCGTTCCTCCA-1-HCAHeart7888926,Lymphoid,1.0,-0.0,D6,pca_knn,predicted
GGACAAGCACTCAGGC-1-HCAHeart7844001,Pericytes,1.0,-0.0,D6,pca_knn,predicted
CACCGTTGTCAGTTTG-1-HCAHeart7905328,Pericytes,1.0,-0.0,D6,pca_knn,predicted
TGCCCTATCGAGCCCA-1-HCAHeart7844001,Endothelial,1.0,-0.0,D6,pca_knn,predicted
CGATGGCTCTATCCCG-1-HCAHeart7844004,Endothelial,1.0,-0.0,D6,pca_knn,predicted
CATGGCGAGTGTTAGA-1-HCAHeart7888926,Pericytes,1.0,-0.0,D6,pca_knn,predicted
AAGACCTCATCTACGA-1-HCAHeart7843999,Endothelial,1.0,-0.0,D6,pca_knn,predicted
CGACCTTGTGGCGAAT-1-HCAHeart7880862,Atrial_Cardiomyocyte,1.0,-0.0,D6,pca_knn,predicted
TACCGAACAACTGCCG-1-HCAHeart7905328,Endothelial,1.0,-0.0,D6,pca_knn,predicted
TGCGTGGGTTATTCTC-1-HCAHeart7888926,Pericytes,0.9365888372167938,0.23625208064011266,D6,pca_knn,predicted
AGCAGCCGTCTACCTC-1-HCAHeart7844003,Pericytes,0.624170140026329,0.6619856831717568,D6,pca_knn,predicted
TTTGATCTCCCGTAAA-1-HCAHeart7905328,Smooth_muscle_cells,1.0,-0.0,D6,pca_knn,predicted
TTGTAGGAGTCAATAG-1-HCAHeart7888926,Ventricular_Cardiomyocyte,1.0,-0.0,D6,pca_knn,predicted
GGAATAATCTAGCACA-1-HCAHeart7844004,Endothelial,1.0,-0.0,D6,pca_knn,predicted
GGAGCAACATATGCTG-1-HCAHeart7844000,Endothelial,1.0,-0.0,D6,pca_knn,predicted
GGGATGAGTCGGTAAG-1-HCAHeart7905332,Endothelial,1.0,-0.0,D6,pca_knn,predicted
CACATTTCATCGATGT-1-HCAHeart7888927,Ventricular_Cardiomyocyte,1.0,-0.0,D6,pca_knn,predicted
AGAGCGACAATGTAAG-1-HCAHeart7844001,Endothelial,1.0,-0.0,D6,pca_knn,predicted
TGAGCATTCTTAGAGC-1-HCAHeart7844004,Endothelial,1.0,-0.0,D6,pca_knn,predicted
TTAGTTCGTAAAGTCA-1-HCAHeart7844001,Pericytes,1.0,-0.0,D6,pca_knn,predicted
TTGACTTAGCCCTAAT-1-HCAHeart7880863,Atrial_Cardiomyocyte,1.0,-0.0,D6,pca_knn,predicted
CCCAACTGTCAAAGAT-1-HCAHeart7905332,Endothelial,1.0,-0.0,D6,pca_knn,predicted
AAGTCTGGTTAGGGTG-1-HCAHeart7844004,Endothelial,1.0,-0.0,D6,pca_knn,predicted
CTCGGAGGTGCCTGTG-1-HCAHeart7843999,Endothelial,1.0,-0.0,D6,pca_knn,predicted
GTGAAGGAGTGCGATG-1-HCAHeart7844004,Myeloid,0.9326333495192837,0.2467733996206683,D6,pca_knn,predicted
CACAGGCTCACAACGT-1-HCAHeart7844004,Endothelial,1.0,-0.0,D6,pca_knn,predicted
AGGCCGTGTCATATGC-1-HCAHeart7844004,Endothelial,1.0,-0.0,D6,pca_knn,predicted
GACTAACTCAGCTCTC-1-HCAHeart7844003,Endothelial,1.0,-0.0,D6,pca_knn,predicted
TCGGGACAGAGCTATA-1-HCAHeart7844002,Endothelial,1.0,-0.0,D6,pca_knn,predicted
GAGGCAAAGAGAGTGA-1-HCAHeart7905327,Endothelial,1.0,-0.0,D6,pca_knn,predicted
TCGGATACAGCCGTCA-1-HCAHeart7905328,Pericytes,1.0,-0.0,D6,pca_knn,predicted
CTGCCTACATGTAAGA-1-HCAHeart7888927,Ventricular_Cardiomyocyte,1.0,-0.0,D6,pca_knn,predicted
CTCTAATCACCATGTA-1-HCAHeart7844004,Endothelial,1.0,-0.0,D6,pca_knn,predicted
GTATTCTCAAAGGTGC-1-HCAHeart7844004,Endothelial,1.0,-0.0,D6,pca_knn,predicted
ACGAGCCCACCTCGGA-1-HCAHeart7844001,Endothelial,1.0,-0.0,D6,pca_knn,predicted
TCGCAGGGTTGTGGCC-1-HCAHeart7905330,Endothelial,1.0,-0.0,D6,pca_knn,predicted
ACCAACAAGTCTGGAG-1-HCAHeart7905328,Endothelial,0.5312522292330698,0.6911925029754054,D6,pca_knn,predicted
GACTAACCAACACCCG-1-HCAHeart7844001,Endothelial,0.8455332898120256,0.43037943669782763,D6,pca_knn,predicted
CATCCGTCACTGTGTA-1-HCAHeart7905328,Endothelial,0.8673164340268407,0.48338439440026537,D6,pca_knn,predicted
GTACGTAGTGCACGAA-1-HCAHeart7844001,Pericytes,0.8776734667839649,0.37153495928944236,D6,pca_knn,predicted
CACAGGCTCACCGTAA-1-HCAHeart7844002,Lymphoid,1.0,-0.0,D6,pca_knn,predicted
AGGCCACAGAACCGCA-1-HCAHeart7905329,Fibroblast,1.0,-0.0,D6,pca_knn,predicted
TTGCCGTTCATCTGTT-1-HCAHeart7888926,Ventricular_Cardiomyocyte,1.0,-0.0,D6,pca_knn,predicted
TGCGGGTCAGGAATGC-1-HCAHeart7888927,Ventricular_Cardiomyocyte,1.0,-0.0,D6,pca_knn,predicted
TAGGCATGTCTCCCTA-1-HCAHeart7844004,Endothelial,1.0,-0.0,D6,pca_knn,predicted
TTCTCCTAGTGACTCT-1-HCAHeart7844003,Endothelial,1.0,-0.0,D6,pca_knn,predicted
TAACTTCTCAGGACGA-1-HCAHeart7905327,Endothelial,1.0,-0.0,D6,pca_knn,predicted
GACGTGCGTGAAAGAG-1-HCAHeart7888926,Ventricular_Cardiomyocyte,1.0,-0.0,D6,pca_knn,predicted
GCTGCAGCACTCTGTC-1-HCAHeart7844000,Pericytes,1.0,-0.0,D6,pca_knn,predicted
CATCGGGCATTGAGGG-1-HCAHeart7905331,Endothelial,1.0,-0.0,D6,pca_knn,predicted
CTAAGACAGAGACGAA-1-HCAHeart7888927,Endothelial,1.0,-0.0,D6,pca_knn,predicted
TGTCCTGAGCCAGAGT-1-HCAHeart7905327,Pericytes,1.0,-0.0,D6,pca_knn,predicted
TCGACGGAGTGGCGAT-1-HCAHeart7905328,Endothelial,1.0,-0.0,D6,pca_knn,predicted
TCGGGCATCTCAATCT-1-HCAHeart7905331,Endothelial,1.0,-0.0,D6,pca_knn,predicted
AGGCCGTTCATAACCG-1-HCAHeart7844004,Endothelial,1.0,-0.0,D6,pca_knn,predicted
CTCAGAAGTCTTCAAG-1-HCAHeart7844000,Endothelial,1.0,-0.0,D6,pca_knn,predicted
CGGGTCATCGGCTTGG-1-HCAHeart7844004,Myeloid,0.9381106238533581,0.23213486718735118,D6,pca_knn,predicted
CCATGTCTCAAACAAG-1-HCAHeart7843999,Endothelial,1.0,-0.0,D6,pca_knn,predicted
CCTCTCCGTCGGCCTA-1-HCAHeart7905327,Endothelial,1.0,-0.0,D6,pca_knn,predicted
AGCTCCTTCTGCGGCA-1-HCAHeart7844004,Endothelial,1.0,-0.0,D6,pca_knn,predicted
AGACAAATCTAGTGTG-1-HCAHeart7905327,Endothelial,1.0,-0.0,D6,pca_knn,predicted
CAGATCAAGTTGAGAT-1-HCAHeart7888927,Ventricular_Cardiomyocyte,1.0,-0.0,D6,pca_knn,predicted
ACCGTAAAGGCAGTCA-1-HCAHeart7844004,Myeloid,1.0,-0.0,D6,pca_knn,predicted
GGACATTTCTTAGCCC-1-HCAHeart7888926,Endothelial,1.0,-0.0,D6,pca_knn,predicted
TGGTAGTCAGACCTGC-1-HCAHeart7905329,Endothelial,1.0,-0.0,D6,pca_knn,predicted
TCTACATTCGAGAACG-1-HCAHeart7905328,Pericytes,1.0,-0.0,D6,pca_knn,predicted
GTCTTCGCAGAGCCAA-1-HCAHeart7880862,Fibroblast,0.5206081403226785,1.1286650313656748,D6,pca_knn,predicted
CAACCAACACTAGTAC-1-HCAHeart7880862,Atrial_Cardiomyocyte,1.0,-0.0,D6,pca_knn,predicted
GTCAGCGGTGTCGATT-1-HCAHeart7905328,Endothelial,1.0,-0.0,D6,pca_knn,predicted
CACACCTAGATGGGTC-1-HCAHeart7843999,Lymphoid,1.0,-0.0,D6,pca_knn,predicted
GGGATGAGTAGATTAG-1-HCAHeart7905332,Endothelial,1.0,-0.0,D6,pca_knn,predicted
CTGTTTAAGCGATAGC-1-HCAHeart7844001,Smooth_muscle_cells,0.7189136840580289,0.5939763766657402,D6,pca_knn,predicted
AACCATGTCTTAGAGC-1-HCAHeart7888927,Endothelial,1.0,-0.0,D6,pca_knn,predicted
ATAACGCTCCTCTAGC-1-HCAHeart7844001,Lymphoid,0.6879295559659531,0.7602636042673807,D6,pca_knn,predicted
CTGCCATTCAGGACGA-1-HCAHeart7905331,Smooth_muscle_cells,0.8774360829423213,0.3720024810066742,D6,pca_knn,predicted
CATCAAGCACAGACAG-1-HCAHeart7844004,Endothelial,1.0,-0.0,D6,pca_knn,predicted
TGCACCTCAATTCCTT-1-HCAHeart7844004,Pericytes,0.7329806685977706,0.5802716094775955,D6,pca_knn,predicted
CCACCTACACATTTCT-1-HCAHeart7844003,Endothelial,1.0,-0.0,D6,pca_knn,predicted
GTATTTCAGGTTTGAA-1-HCAHeart7905328,Endothelial,1.0,-0.0,D6,pca_knn,predicted
AATCCAGTCGAACGGA-1-HCAHeart7844003,Endothelial,1.0,-0.0,D6,pca_knn,predicted
GAACATCTCTACTCAT-1-HCAHeart7844004,Endothelial,1.0,-0.0,D6,pca_knn,predicted
AGATTGCGTACCGTTA-1-HCAHeart7843999,Endothelial,1.0,-0.0,D6,pca_knn,predicted
ATTACTCCACATTCGA-1-HCAHeart7844003,Pericytes,0.7369718275515963,0.5762005197732774,D6,pca_knn,predicted
AGCATACAGGTGACCA-1-HCAHeart7888926,Endothelial,1.0,-0.0,D6,pca_knn,predicted
AGTTGGTAGATATGCA-1-HCAHeart7844001,Endothelial,1.0,-0.0,D6,pca_knn,predicted
GGGAGATCACCAGCCA-1-HCAHeart7905330,Endothelial,1.0,-0.0,D6,pca_knn,predicted
GGGTTGCGTTAAAGAC-1-HCAHeart7880862,Atrial_Cardiomyocyte,1.0,-0.0,D6,pca_knn,predicted
GTGCAGCAGGCAATTA-1-HCAHeart7844001,Endothelial,1.0,-0.0,D6,pca_knn,predicted
CAGCAGCGTGGTTTCA-1-HCAHeart7888927,Ventricular_Cardiomyocyte,1.0,-0.0,D6,pca_knn,predicted
TATGCCCTCATGTAGC-1-HCAHeart7843999,Endothelial,1.0,-0.0,D6,pca_knn,predicted
GATCTAGGTTATTCTC-1-HCAHeart7888927,Ventricular_Cardiomyocyte,1.0,-0.0,D6,pca_knn,predicted
TTCTAGTGTTAGAAAC-1-HCAHeart7905328,Endothelial,1.0,-0.0,D6,pca_knn,predicted
GCGCGATTCAAAGACA-1-HCAHeart7844001,Endothelial,1.0,-0.0,D6,pca_knn,predicted
GATGAGGAGAGACTTA-1-HCAHeart7880861,Endothelial,1.0,-0.0,D6,pca_knn,predicted
ATTATCCTCACTCCGT-1-HCAHeart7905328,Lymphoid,0.3851846285271347,1.3637110829730075,D6,pca_knn,predicted
CGTCAGGCAGCAGTTT-1-HCAHeart7844003,Myeloid,0.7592218250869518,0.5519752556220107,D6,pca_knn,predicted
GGGAATGGTGTGAATA-1-HCAHeart7888926,Ventricular_Cardiomyocyte,0.9349685376439327,0.24059297706336363,D6,pca_knn,predicted
GGTTCTCCATCCGCGA-1-HCAHeart7905328,Endothelial,1.0,-0.0,D6,pca_knn,predicted
AAAGTAGCACGAAAGC-1-HCAHeart7888927,Ventricular_Cardiomyocyte,1.0,-0.0,D6,pca_knn,predicted
GCATGCGCAGTCACTA-1-HCAHeart7844001,Endothelial,1.0,-0.0,D6,pca_knn,predicted
CTTGGCTTCAGTTCGA-1-HCAHeart7880862,Pericytes,1.0,-0.0,D6,pca_knn,predicted
TGTGGTAAGTACACCT-1-HCAHeart7844001,Lymphoid,0.7490150844077201,0.7010922177855046,D6,pca_knn,predicted
GCAATCACATCTCCCA-1-HCAHeart7880861,Ventricular_Cardiomyocyte,1.0,-0.0,D6,pca_knn,predicted
AGATTGCAGCGTTTAC-1-HCAHeart7844003,Endothelial,0.8112597372594111,0.4843911683204599,D6,pca_knn,predicted
TATCTCATCTTTAGGG-1-HCAHeart7844004,Pericytes,1.0,-0.0,D6,pca_knn,predicted
AGGCTGCAGACCGTTT-1-HCAHeart7905328,Endothelial,0.9403645925416716,0.22596315256864938,D6,pca_knn,predicted
TTTGCGCTCAGTACGT-1-HCAHeart7844004,Endothelial,1.0,-0.0,D6,pca_knn,predicted
CGTAGCGAGACTAGGC-1-HCAHeart7844003,Endothelial,1.0,-0.0,D6,pca_knn,predicted
ATTTACCTCACCTCTG-1-HCAHeart7905327,Pericytes,0.7200386870909802,0.5929167752631501,D6,pca_knn,predicted
TCACGAAAGACCCACC-1-HCAHeart7888926,Ventricular_Cardiomyocyte,1.0,-0.0,D6,pca_knn,predicted
GACGCGTCAAACGTGG-1-HCAHeart7880861,Fibroblast,1.0,-0.0,D6,pca_knn,predicted
TTCTTAGCAGCTGTGC-1-HCAHeart7888926,Ventricular_Cardiomyocyte,1.0,-0.0,D6,pca_knn,predicted
AGGGAGTCATGCAACT-1-HCAHeart7844004,Myeloid,0.9416545503401155,0.22239048808857792,D6,pca_knn,predicted
GACGGCTGTGTCCTCT-1-HCAHeart7880861,Ventricular_Cardiomyocyte,1.0,-0.0,D6,pca_knn,predicted
AATCGGTTCTACCAGA-1-HCAHeart7843999,Pericytes,0.6014450158036516,1.074100580301255,D6,pca_knn,predicted
GCACATATCGGCGGTT-1-HCAHeart7844002,Lymphoid,1.0,-0.0,D6,pca_knn,predicted
GCATGTATCCAGTATG-1-HCAHeart7843999,Endothelial,1.0,-0.0,D6,pca_knn,predicted
GTCTCGTCACAGGAGT-1-HCAHeart7844001,Myeloid,1.0,-0.0,D6,pca_knn,predicted
ACACCGGCAAGCCATT-1-HCAHeart7844003,Endothelial,1.0,-0.0,D6,pca_knn,predicted
CTCATGCCAGTATTCG-1-HCAHeart7905331,Endothelial,1.0,-0.0,D6,pca_knn,predicted
CGTCCATGTCGCGAAA-1-HCAHeart7888927,Ventricular_Cardiomyocyte,1.0,-0.0,D6,pca_knn,predicted
ATTGGACCATCACCCT-1-HCAHeart7880860,Ventricular_Cardiomyocyte,1.0,-0.0,D6,pca_knn,predicted
CATATGGAGCCCAACC-1-HCAHeart7844000,Myeloid,0.9378146531536873,0.23293871598732513,D6,pca_knn,predicted
TCAGGTACATCACGAT-1-HCAHeart7880862,Atrial_Cardiomyocyte,1.0,-0.0,D6,pca_knn,predicted
GATCGTAAGCCCTAAT-1-HCAHeart7844001,Endothelial,1.0,-0.0,D6,pca_knn,predicted
GTGAGTTGTGTTGATC-1-HCAHeart7905332,Endothelial,1.0,-0.0,D6,pca_knn,predicted
GAGTCCGTCCATGAGT-1-HCAHeart7844001,Endothelial,1.0,-0.0,D6,pca_knn,predicted
CAGGTGCTCTTTAGGG-1-HCAHeart7844001,Pericytes,0.8745735939109601,0.3775990788144328,D6,pca_knn,predicted
CAGTAACCAGTCCTTC-1-HCAHeart7844003,Pericytes,0.5444725968082643,0.6891863245979379,D6,pca_knn,predicted
TGACTAGAGCGTCAAG-1-HCAHeart7880861,Lymphoid,0.941010252275262,0.22417868178569653,D6,pca_knn,predicted
CGTTAGAGTAGGGACT-1-HCAHeart7844004,Endothelial,1.0,-0.0,D6,pca_knn,predicted
AGTGCCGGTAAGCTCT-1-HCAHeart7905328,Endothelial,1.0,-0.0,D6,pca_knn,predicted
ACACTGACAAACCTAC-1-HCAHeart7844004,Endothelial,1.0,-0.0,D6,pca_knn,predicted
ACTTACTTCTTTAGGG-1-HCAHeart7844001,Endothelial,1.0,-0.0,D6,pca_knn,predicted
TACTTGTGTTACGCCG-1-HCAHeart7905330,Endothelial,1.0,-0.0,D6,pca_knn,predicted
TCTATACTCCTTCTTC-1-HCAHeart7905328,Endothelial,1.0,-0.0,D6,pca_knn,predicted
ATTATCCCAACACGCC-1-HCAHeart7844003,Endothelial,1.0,-0.0,D6,pca_knn,predicted
CGTCAGGAGCGTTGCC-1-HCAHeart7844001,Pericytes,0.8271731218123998,0.46034039423603035,D6,pca_knn,predicted
TAGGCATAGATATGGT-1-HCAHeart7844002,Lymphoid,0.9389332585647369,0.22989266660804394,D6,pca_knn,predicted
TTCTCCTAGGCTATCT-1-HCAHeart7843999,Myeloid,1.0,-0.0,D6,pca_knn,predicted
AACTTTCAGTCTCGGC-1-HCAHeart7844003,Endothelial,1.0,-0.0,D6,pca_knn,predicted
TGACAACAGCTAGTCT-1-HCAHeart7844000,Myeloid,1.0,-0.0,D6,pca_knn,predicted
GACGGCTGTGCGGTAA-1-HCAHeart7844001,Myeloid,0.9372339441858624,0.23451154796775922,D6,pca_knn,predicted
TTCTCCTTCATGCATG-1-HCAHeart7880863,Endothelial,1.0,-0.0,D6,pca_knn,predicted
CTACGTCTCATCTGCC-1-HCAHeart7843999,Endothelial,1.0,-0.0,D6,pca_knn,predicted
GAGATGGAGAGAGCAA-1-HCAHeart7905331,Endothelial,1.0,-0.0,D6,pca_knn,predicted
GAAACTCTCCTTGCCA-1-HCAHeart7844001,Pericytes,0.7925260980436618,0.5105904901466123,D6,pca_knn,predicted
ATGTCCCGTCGCAACC-1-HCAHeart7905327,Endothelial,1.0,-0.0,D6,pca_knn,predicted
TGGTTAGAGGGAGTAA-1-HCAHeart7844004,Endothelial,1.0,-0.0,D6,pca_knn,predicted
GAGTTTGGTCGTTATG-1-HCAHeart7905328,Endothelial,1.0,-0.0,D6,pca_knn,predicted
AGTTGGTTCCGTAGGC-1-HCAHeart7880861,Ventricular_Cardiomyocyte,1.0,-0.0,D6,pca_knn,predicted
GCTGGGTTCTGCCAGG-1-HCAHeart7844000,Endothelial,1.0,-0.0,D6,pca_knn,predicted
GGTAACTCAAATGAAC-1-HCAHeart7905330,Endothelial,1.0,-0.0,D6,pca_knn,predicted
TAGTTGGGTCGAACAG-1-HCAHeart7880863,Atrial_Cardiomyocyte,1.0,-0.0,D6,pca_knn,predicted
TAAGAGATCATAACCG-1-HCAHeart7880862,Atrial_Cardiomyocyte,1.0,-0.0,D6,pca_knn,predicted
TTAGGCAAGGCGTTAG-1-HCAHeart7905328,Endothelial,1.0,-0.0,D6,pca_knn,predicted
TGGGAAGTCCCGACTT-1-HCAHeart7843999,Endothelial,1.0,-0.0,D6,pca_knn,predicted
CGAGCACAGCTGTCTA-1-HCAHeart7844001,Myeloid,1.0,-0.0,D6,pca_knn,predicted
ACGGGTCAGCACAGGT-1-HCAHeart7844004,Endothelial,1.0,-0.0,D6,pca_knn,predicted
CAGCCGACATTGAGCT-1-HCAHeart7844001,Endothelial,1.0,-0.0,D6,pca_knn,predicted
CCTCTGAGTACCGAGA-1-HCAHeart7844004,Endothelial,1.0,-0.0,D6,pca_knn,predicted
AGGAAATAGCTACAAA-1-HCAHeart7905328,Endothelial,1.0,-0.0,D6,pca_knn,predicted
TACAGGTAGTCGAAAT-1-HCAHeart7905328,Endothelial,1.0,-0.0,D6,pca_knn,predicted
CGCTGGAGTAGAAAGG-1-HCAHeart7843999,Pericytes,0.8596464661654102,0.4056047328064763,D6,pca_knn,predicted
CTGGTCTGTCATGCCG-1-HCAHeart7844004,Myeloid,0.9357854132619116,0.23840997051315707,D6,pca_knn,predicted
ACCCTCAAGGACGCAT-1-HCAHeart7905330,Endothelial,1.0,-0.0,D6,pca_knn,predicted
TCAACGATCTTCTGGC-1-HCAHeart7844004,Endothelial,1.0,-0.0,D6,pca_knn,predicted
TAGAGCTTCAAGGCTT-1-HCAHeart7880860,Ventricular_Cardiomyocyte,1.0,-0.0,D6,pca_knn,predicted
TAAGAGATCCTTGGTC-1-HCAHeart7844004,Endothelial,1.0,-0.0,D6,pca_knn,predicted
TCAGTGAAGTGGAATT-1-HCAHeart7905332,Endothelial,1.0,-0.0,D6,pca_knn,predicted
GATGAAAGTACAGCAG-1-HCAHeart7888926,Ventricular_Cardiomyocyte,1.0,-0.0,D6,pca_knn,predicted
CGAATGTTCGTGGTCG-1-HCAHeart7888927,Pericytes,1.0,-0.0,D6,pca_knn,predicted
TTTACCACATAAGCGG-1-HCAHeart7905330,Endothelial,1.0,-0.0,D6,pca_knn,predicted
GCATGATCATGCATGT-1-HCAHeart7880860,Endothelial,1.0,-0.0,D6,pca_knn,predicted
TCACACCAGGTAGCCA-1-HCAHeart7905328,Endothelial,1.0,-0.0,D6,pca_knn,predicted
TTCCACGTCTGCTGAA-1-HCAHeart7905332,Endothelial,1.0,-0.0,D6,pca_knn,predicted
ACGTCAATCCACGTTC-1-HCAHeart7888926,Endothelial,1.0,-0.0,D6,pca_knn,predicted
GTAGGCCAGGCGACAT-1-HCAHeart7844002,Endothelial,1.0,-0.0,D6,pca_knn,predicted
TTGGCAACAGCCAGAA-1-HCAHeart7844004,Myeloid,0.8615266578755173,0.4021824497972524,D6,pca_knn,predicted
GATCACACAACCAGAG-1-HCAHeart7905328,Pericytes,0.9411542334503255,0.22377972603827928,D6,pca_knn,predicted
CATTCGCGTATGAATG-1-HCAHeart7880862,Atrial_Cardiomyocyte,1.0,-0.0,D6,pca_knn,predicted
CTTAACTGTCTAAAGA-1-HCAHeart7844001,Endothelial,1.0,-0.0,D6,pca_knn,predicted
AGAACAATCTACAGGT-1-HCAHeart7905327,Endothelial,1.0,-0.0,D6,pca_knn,predicted
GCAAACTCATGATCCA-1-HCAHeart7843999,Endothelial,1.0,-0.0,D6,pca_knn,predicted
CAACCAATCCTTTACA-1-HCAHeart7880862,Fibroblast,1.0,-0.0,D6,pca_knn,predicted
TTTCCTCCAATCTACG-1-HCAHeart7844004,Pericytes,1.0,-0.0,D6,pca_knn,predicted
TTAGGCACAGTTTACG-1-HCAHeart7844001,Endothelial,0.9385379997143805,0.2309714612813672,D6,pca_knn,predicted
GACACGCAGAGCTTCT-1-HCAHeart7844000,Endothelial,1.0,-0.0,D6,pca_knn,predicted
CAAGATCTCCCTGACT-1-HCAHeart7844004,Endothelial,1.0,-0.0,D6,pca_knn,predicted
CGCCAAGTCGTGGACC-1-HCAHeart7844000,Endothelial,1.0,-0.0,D6,pca_knn,predicted
TACCTTAGTGAGGGTT-1-HCAHeart7844004,Pericytes,0.7339243511004268,0.5793164037839492,D6,pca_knn,predicted
TTGACTTAGAGTACAT-1-HCAHeart7844004,Endothelial,1.0,-0.0,D6,pca_knn,predicted
TTTATGCGTCTAGTGT-1-HCAHeart7905332,Endothelial,1.0,-0.0,D6,pca_knn,predicted
ACATACGCAGTTCCCT-1-HCAHeart7880862,Endothelial,1.0,-0.0,D6,pca_knn,predicted
GCCAAATAGAGCTATA-1-HCAHeart7844002,Endothelial,1.0,-0.0,D6,pca_knn,predicted
CCGTAGGCAACGCCCA-1-HCAHeart7905327,Endothelial,1.0,-0.0,D6,pca_knn,predicted
CAGAATCTCTGCAGTA-1-HCAHeart7880862,Atrial_Cardiomyocyte,1.0,-0.0,D6,pca_knn,predicted
GTACGTATCTACTCAT-1-HCAHeart7888926,Ventricular_Cardiomyocyte,1.0,-0.0,D6,pca_knn,predicted
CGTGAGCTCTTTAGGG-1-HCAHeart7880862,Atrial_Cardiomyocyte,1.0,-0.0,D6,pca_knn,predicted
AAGCGAGTCCCGTTGT-1-HCAHeart7905328,Endothelial,1.0,-0.0,D6,pca_knn,predicted
TACCGAACACAGAAGC-1-HCAHeart7905327,Smooth_muscle_cells,1.0,-0.0,D6,pca_knn,predicted
CTCGTCAGTAAACACA-1-HCAHeart7844003,Pericytes,1.0,-0.0,D6,pca_knn,predicted
CCGATGGAGCGTGTCC-1-HCAHeart7905330,Endothelial,0.9363362985773028,0.23693153104939027,D6,pca_knn,predicted
TCAGCTCGTTCCCGAG-1-HCAHeart7844000,Myeloid,0.8811195764813085,0.36468836240008673,D6,pca_knn,predicted
GGTGAAGGTAAAGTCA-1-HCAHeart7888927,Ventricular_Cardiomyocyte,1.0,-0.0,D6,pca_knn,predicted
AGCTCTCGTAAACGCG-1-HCAHeart7888926,Pericytes,1.0,-0.0,D6,pca_knn,predicted
TTGGGTATCCACTAGA-1-HCAHeart7905328,Endothelial,1.0,-0.0,D6,pca_knn,predicted
GCATCTCCAAACGGCA-1-HCAHeart7905328,Endothelial,1.0,-0.0,D6,pca_knn,predicted
TCTAACTTCAGTCAGT-1-HCAHeart7905327,Endothelial,1.0,-0.0,D6,pca_knn,predicted
ATCGAGTCAGTCAGCC-1-HCAHeart7844004,Endothelial,1.0,-0.0,D6,pca_knn,predicted
ACGCCGAAGTTCGATC-1-HCAHeart7844000,Myeloid,1.0,-0.0,D6,pca_knn,predicted
ATTATCCTCCCTTTGG-1-HCAHeart7905327,Endothelial,1.0,-0.0,D6,pca_knn,predicted
TACTTGTAGTGGTAAT-1-HCAHeart7844000,Endothelial,1.0,-0.0,D6,pca_knn,predicted
ACTGAGTGTGAAAGAG-1-HCAHeart7844001,Endothelial,1.0,-0.0,D6,pca_knn,predicted
TGACTAGCAGGAATCG-1-HCAHeart7888926,Ventricular_Cardiomyocyte,1.0,-0.0,D6,pca_knn,predicted
CATCCACGTAAGAGAG-1-HCAHeart7843999,Lymphoid,1.0,-0.0,D6,pca_knn,predicted
TTGCGTCGTAGAGGAA-1-HCAHeart7844004,Endothelial,1.0,-0.0,D6,pca_knn,predicted
CAACTAGCAACTGCGC-1-HCAHeart7844002,Smooth_muscle_cells,0.8703543018511573,0.3857126377006243,D6,pca_knn,predicted
TTATGCTCAGGTCCAC-1-HCAHeart7843999,Endothelial,1.0,-0.0,D6,pca_knn,predicted
CGCTGGATCCGAAGAG-1-HCAHeart7880862,Atrial_Cardiomyocyte,1.0,-0.0,D6,pca_knn,predicted
TACTTACCATAGACTC-1-HCAHeart7844004,Smooth_muscle_cells,0.744209527392984,0.5686076708627458,D6,pca_knn,predicted
CAACCTCAGCCAGTAG-1-HCAHeart7844001,Endothelial,1.0,-0.0,D6,pca_knn,predicted
ACGCAGCGTACAAGTA-1-HCAHeart7888927,Endothelial,1.0,-0.0,D6,pca_knn,predicted
GTAACTGGTAGTGAAT-1-HCAHeart7880862,Atrial_Cardiomyocyte,1.0,-0.0,D6,pca_knn,predicted
GTCGGGTAGTGAATTG-1-HCAHeart7844001,Myeloid,0.9327378062567306,0.24649881484956068,D6,pca_knn,predicted
CGGACTGGTGACCAAG-1-HCAHeart7844003,Endothelial,1.0,-0.0,D6,pca_knn,predicted
TCTTTCCTCGCCTGAG-1-HCAHeart7880862,Smooth_muscle_cells,0.8670990326973632,0.39186435393236185,D6,pca_knn,predicted
GTGTGGCAGAGCCGAT-1-HCAHeart7905328,Endothelial,1.0,-0.0,D6,pca_knn,predicted
TCACAAGGTTCAGTAC-1-HCAHeart7844001,Pericytes,0.9439657350556646,0.21591326309712378,D6,pca_knn,predicted
AGATCTGGTTCACGGC-1-HCAHeart7888927,Ventricular_Cardiomyocyte,1.0,-0.0,D6,pca_knn,predicted
CGAGCACGTTTAGCTG-1-HCAHeart7880861,Myeloid,1.0,-0.0,D6,pca_knn,predicted
CAGCTAAAGAGTGAGA-1-HCAHeart7888926,Ventricular_Cardiomyocyte,1.0,-0.0,D6,pca_knn,predicted
ATTATCCTCTCTAGGA-1-HCAHeart7844004,Endothelial,1.0,-0.0,D6,pca_knn,predicted
GGAAAGCCAGTCACTA-1-HCAHeart7844000,Endothelial,1.0,-0.0,D6,pca_knn,predicted
ATGAGGGCAAGAAGAG-1-HCAHeart7844001,Pericytes,0.8722021255177482,0.38217901426624606,D6,pca_knn,predicted
TCGTAGATCCACGTTC-1-HCAHeart7844001,Endothelial,1.0,-0.0,D6,pca_knn,predicted
GTCGTAAAGTGTGGCA-1-HCAHeart7888926,Endothelial,1.0,-0.0,D6,pca_knn,predicted
AGTGGGAAGTACGTTC-1-HCAHeart7844004,Lymphoid,0.8526193795662326,0.4181384726171905,D6,pca_knn,predicted
ACCCACTTCCAGATCA-1-HCAHeart7843999,Pericytes,0.5993227434335672,0.6732853155196451,D6,pca_knn,predicted
CCTACCAGTACCGGCT-1-HCAHeart7844000,Endothelial,1.0,-0.0,D6,pca_knn,predicted
ATCCACCTCAGTTAGC-1-HCAHeart7844004,Endothelial,1.0,-0.0,D6,pca_knn,predicted
CACACTCCAAGGTGTG-1-HCAHeart7844000,Endothelial,1.0,-0.0,D6,pca_knn,predicted
GACTGCGAGTACTTGC-1-HCAHeart7844004,Endothelial,1.0,-0.0,D6,pca_knn,predicted
CATTATCAGTTAACGA-1-HCAHeart7844003,Endothelial,1.0,-0.0,D6,pca_knn,predicted
TTCTCCTTCAATCTCT-1-HCAHeart7844000,Pericytes,0.5891943734901641,0.6771504256250351,D6,pca_knn,predicted
CTCGGAGTCTACCAGA-1-HCAHeart7844001,Endothelial,1.0,-0.0,D6,pca_knn,predicted
AAACCTGCACAAGTAA-1-HCAHeart7844003,Endothelial,1.0,-0.0,D6,pca_knn,predicted
ACACCCTAGTTGAGAT-1-HCAHeart7844003,Endothelial,1.0,-0.0,D6,pca_knn,predicted
TTCTCTCCACGGGCTT-1-HCAHeart7905328,Pericytes,1.0,-0.0,D6,pca_knn,predicted
TATGTTCTCTCGAACA-1-HCAHeart7905328,Endothelial,1.0,-0.0,D6,pca_knn,predicted
TGCGGGTCACTGAGGA-1-HCAHeart7905328,Endothelial,1.0,-0.0,D6,pca_knn,predicted
AAAGTGAAGTAATTGG-1-HCAHeart7905327,Endothelial,1.0,-0.0,D6,pca_knn,predicted
GACACGCAGAAAGTGG-1-HCAHeart7844000,Endothelial,1.0,-0.0,D6,pca_knn,predicted
CCACGGACAATCCAAC-1-HCAHeart7844003,Lymphoid,1.0,-0.0,D6,pca_knn,predicted
TGAGCCGGTTCGGGCT-1-HCAHeart7844004,Endothelial,1.0,-0.0,D6,pca_knn,predicted
GCACGTGCAGGTGGAT-1-HCAHeart7905331,Endothelial,1.0,-0.0,D6,pca_knn,predicted
CGCTATCGTTTCGCTC-1-HCAHeart7844001,Endothelial,1.0,-0.0,D6,pca_knn,predicted
GCGCAACTCCGCAAGC-1-HCAHeart7888926,Ventricular_Cardiomyocyte,1.0,-0.0,D6,pca_knn,predicted
GAGGCAATCGCTCATC-1-HCAHeart7905328,Endothelial,1.0,-0.0,D6,pca_knn,predicted
AGTGAGGTCCTCGCAT-1-HCAHeart7880860,Ventricular_Cardiomyocyte,1.0,-0.0,D6,pca_knn,predicted
TTGCTGCCAAATGAGT-1-HCAHeart7905327,Endothelial,1.0,-0.0,D6,pca_knn,predicted
TGCGATATCACAGAGG-1-HCAHeart7905328,Endothelial,1.0,-0.0,D6,pca_knn,predicted
CAGCTGGCATACCATG-1-HCAHeart7844002,Endothelial,1.0,-0.0,D6,pca_knn,predicted
GAACATCGTCCTAGCG-1-HCAHeart7843999,Smooth_muscle_cells,0.9408236720486425,0.2246951193275547,D6,pca_knn,predicted
GGGTCTGCAAGAGTTA-1-HCAHeart7905331,Endothelial,1.0,-0.0,D6,pca_knn,predicted
CAGCGACGTCTCCATC-1-HCAHeart7888927,Ventricular_Cardiomyocyte,1.0,-0.0,D6,pca_knn,predicted
CAGCGACGTGCAACTT-1-HCAHeart7888926,Ventricular_Cardiomyocyte,1.0,-0.0,D6,pca_knn,predicted
CCCTGATAGAGGTTTA-1-HCAHeart7905332,Endothelial,1.0,-0.0,D6,pca_knn,predicted
GACCTGGCACTATCTT-1-HCAHeart7880862,Atrial_Cardiomyocyte,1.0,-0.0,D6,pca_knn,predicted
AGTACTGGTCTTCGAA-1-HCAHeart7905330,Endothelial,1.0,-0.0,D6,pca_knn,predicted
GTTCTCGTCTACCAGA-1-HCAHeart7843999,Lymphoid,1.0,-0.0,D6,pca_knn,predicted
CCGGTAGTCACCACCT-1-HCAHeart7844003,Pericytes,0.9451829974894822,0.21246145709074493,D6,pca_knn,predicted
CGTCACTGTACCGGCT-1-HCAHeart7844001,Myeloid,1.0,-0.0,D6,pca_knn,predicted
GTGGAAGAGCCTCAAT-1-HCAHeart7905329,Smooth_muscle_cells,0.8627690081758987,0.39990491334966216,D6,pca_knn,predicted
CTGCCTAGTACTCGCG-1-HCAHeart7844001,Endothelial,1.0,-0.0,D6,pca_knn,predicted
ACACTGAAGGTGTTAA-1-HCAHeart7843999,Endothelial,1.0,-0.0,D6,pca_knn,predicted
ACATCAGTCGAGGTAG-1-HCAHeart7844001,Endothelial,1.0,-0.0,D6,pca_knn,predicted
CCACGGAGTAGCTCCG-1-HCAHeart7844001,Lymphoid,1.0,-0.0,D6,pca_knn,predicted
AGGCCACCAGGTTTAC-1-HCAHeart7905332,Endothelial,1.0,-0.0,D6,pca_knn,predicted
ACACCGGTCTACTTAC-1-HCAHeart7844004,Myeloid,0.8574791917163513,0.4095132254185452,D6,pca_knn,predicted
CAGGTGCGTGACGGTA-1-HCAHeart7844001,Pericytes,0.8763891113969065,0.4595680366435857,D6,pca_knn,predicted
CGTCAGGAGCTACCTA-1-HCAHeart7844001,Fibroblast,1.0,-0.0,D6,pca_knn,predicted
ACCTTTATCATCATTC-1-HCAHeart7844003,Endothelial,1.0,-0.0,D6,pca_knn,predicted
TCCTGCACAGGCACTC-1-HCAHeart7905327,Endothelial,0.9344958797666846,0.24185108058797133,D6,pca_knn,predicted
GACTACATCAGAGACG-1-HCAHeart7844004,Endothelial,1.0,-0.0,D6,pca_knn,predicted
GATCGCGAGCGAGAAA-1-HCAHeart7843999,Endothelial,1.0,-0.0,D6,pca_knn,predicted
AGTCACATCGAAGGAC-1-HCAHeart7905330,Endothelial,1.0,-0.0,D6,pca_knn,predicted
TGGAGGAAGTTGTAAG-1-HCAHeart7905328,Endothelial,1.0,-0.0,D6,pca_knn,predicted
TAGAGCTTCCTGCCAT-1-HCAHeart7844001,Lymphoid,1.0,-0.0,D6,pca_knn,predicted
CACGAATAGGTCGTGA-1-HCAHeart7905328,Endothelial,1.0,-0.0,D6,pca_knn,predicted
CACACAAGTTCTGAAC-1-HCAHeart7880861,Ventricular_Cardiomyocyte,1.0,-0.0,D6,pca_knn,predicted
GAGGCAAGTAACACGG-1-HCAHeart7905328,Fibroblast,1.0,-0.0,D6,pca_knn,predicted
TCGTACCGTCCGAATT-1-HCAHeart7844003,Lymphoid,0.8545755374267546,0.4146895570369107,D6,pca_knn,predicted
GGACGTCGTAACGCGA-1-HCAHeart7844001,Pericytes,0.9336944859891128,0.24397587436085666,D6,pca_knn,predicted
TACTCATAGATAGGAG-1-HCAHeart7843999,Endothelial,1.0,-0.0,D6,pca_knn,predicted
TACCTTACAGTTAACC-1-HCAHeart7888927,Fibroblast,1.0,-0.0,D6,pca_knn,predicted
GCGGGTTGTGCGCTTG-1-HCAHeart7843999,Pericytes,0.6702174049885238,0.6340245658500339,D6,pca_knn,predicted
CGCGTTTGTCCGAGTC-1-HCAHeart7888927,Ventricular_Cardiomyocyte,1.0,-0.0,D6,pca_knn,predicted
ACCTGTCGTGGTCTTA-1-HCAHeart7905328,Endothelial,1.0,-0.0,D6,pca_knn,predicted
GTGGGTCCAACTTGAC-1-HCAHeart7880861,Myeloid,1.0,-0.0,D6,pca_knn,predicted
CGATGGCAGGATTCAA-1-HCAHeart7905332,Endothelial,1.0,-0.0,D6,pca_knn,predicted
AGGACTTTCACGAGGA-1-HCAHeart7905328,Endothelial,1.0,-0.0,D6,pca_knn,predicted
TCCATCGGTTCTAAGC-1-HCAHeart7905327,Endothelial,1.0,-0.0,D6,pca_knn,predicted
TCCACACGTTCAGGCC-1-HCAHeart7880861,Lymphoid,1.0,-0.0,D6,pca_knn,predicted
CGGCTAGTCCGGGTGT-1-HCAHeart7880860,Ventricular_Cardiomyocyte,1.0,-0.0,D6,pca_knn,predicted
ACGAGGACAATGAAAC-1-HCAHeart7880862,Atrial_Cardiomyocyte,1.0,-0.0,D6,pca_knn,predicted
GACTAACAGGCAGTCA-1-HCAHeart7844001,Endothelial,1.0,-0.0,D6,pca_knn,predicted
CAGCCGACACACCGCA-1-HCAHeart7844001,Endothelial,1.0,-0.0,D6,pca_knn,predicted
TGACTTTTCAGTTCGA-1-HCAHeart7844004,Lymphoid,1.0,-0.0,D6,pca_knn,predicted
TACACGACATCCTTGC-1-HCAHeart7844004,Endothelial,1.0,-0.0,D6,pca_knn,predicted
CAAGAAAGTTCCCTTG-1-HCAHeart7844004,Endothelial,1.0,-0.0,D6,pca_knn,predicted
TACGGTAGTACTAAGA-1-HCAHeart7905328,Endothelial,1.0,-0.0,D6,pca_knn,predicted
GTTAAGCCACCAACCG-1-HCAHeart7844004,Endothelial,1.0,-0.0,D6,pca_knn,predicted
TTGCCGTCATCTCGCT-1-HCAHeart7844004,Endothelial,1.0,-0.0,D6,pca_knn,predicted
AGTAGCTTCGACGCTG-1-HCAHeart7905332,Endothelial,1.0,-0.0,D6,pca_knn,predicted
AATTTCCCAGGGTCTC-1-HCAHeart7905327,Endothelial,1.0,-0.0,D6,pca_knn,predicted
CGCTGGACACCGATAT-1-HCAHeart7844004,Endothelial,1.0,-0.0,D6,pca_knn,predicted
GTATTGGCAAAGAACT-1-HCAHeart7905328,Endothelial,1.0,-0.0,D6,pca_knn,predicted
GTCTGTCAGAGAGTGA-1-HCAHeart7905328,Pericytes,1.0,-0.0,D6,pca_knn,predicted
GACAGCCGTTCACCGG-1-HCAHeart7905327,Endothelial,1.0,-0.0,D6,pca_knn,predicted
AGCCTAAAGTGAACAT-1-HCAHeart7844001,Lymphoid,1.0,-0.0,D6,pca_knn,predicted
ATGCGATGTTCTCATT-1-HCAHeart7844002,Lymphoid,1.0,-0.0,D6,pca_knn,predicted
CATGGCGGTAGAGGAA-1-HCAHeart7880861,Ventricular_Cardiomyocyte,1.0,-0.0,D6,pca_knn,predicted
TCTGGAACACGGACAA-1-HCAHeart7844004,Endothelial,1.0,-0.0,D6,pca_knn,predicted
AGTAACCAGGCACCAA-1-HCAHeart7905327,Endothelial,1.0,-0.0,D6,pca_knn,predicted
ACGTAGTCACACAGCC-1-HCAHeart7905332,Endothelial,1.0,-0.0,D6,pca_knn,predicted
CGAGTGCTCGTTAGAC-1-HCAHeart7905332,Endothelial,1.0,-0.0,D6,pca_knn,predicted
CAACCAAAGCAATCTC-1-HCAHeart7880861,Ventricular_Cardiomyocyte,1.0,-0.0,D6,pca_knn,predicted
AGTCTTTAGATCTGAA-1-HCAHeart7844000,Myeloid,0.9379476111570216,0.23257779169712106,D6,pca_knn,predicted
TTGGGATGTACGTACT-1-HCAHeart7905329,Endothelial,1.0,-0.0,D6,pca_knn,predicted
ACGATACGTCACCCAG-1-HCAHeart7880862,Fibroblast,1.0,-0.0,D6,pca_knn,predicted
TTCACGCGTATGCGGA-1-HCAHeart7905332,Endothelial,1.0,-0.0,D6,pca_knn,predicted
TGAGCCGGTATGGTTC-1-HCAHeart7888926,Pericytes,0.9359053409837731,0.23808854571847604,D6,pca_knn,predicted
GGGATGACAAATCCGT-1-HCAHeart7844003,Endothelial,1.0,-0.0,D6,pca_knn,predicted
AAAGTAGAGCGATTCT-1-HCAHeart7844001,Pericytes,0.6821278024295074,0.6252551644726715,D6,pca_knn,predicted
CTACCCACACGCCACA-1-HCAHeart7905330,Fibroblast,1.0,-0.0,D6,pca_knn,predicted
AGTGATCGTGTCGCTG-1-HCAHeart7905330,Endothelial,1.0,-0.0,D6,pca_knn,predicted
CAAGGCCCATGGGAAC-1-HCAHeart7844000,Pericytes,0.7996388841140025,0.5009026291237926,D6,pca_knn,predicted
ACGGGTCAGGTGACCA-1-HCAHeart7844004,Endothelial,1.0,-0.0,D6,pca_knn,predicted
TTTCCTCAGACTAAGT-1-HCAHeart7844000,Endothelial,1.0,-0.0,D6,pca_knn,predicted
TCGTACCTCCGCGTTT-1-HCAHeart7888927,Ventricular_Cardiomyocyte,1.0,-0.0,D6,pca_knn,predicted
CGTCCATCAATGGTCT-1-HCAHeart7844004,Endothelial,1.0,-0.0,D6,pca_knn,predicted
CCGGTAGCAGCCTTGG-1-HCAHeart7880862,Atrial_Cardiomyocyte,1.0,-0.0,D6,pca_knn,predicted
CGGAGCTGTGGGTATG-1-HCAHeart7843999,Endothelial,1.0,-0.0,D6,pca_knn,predicted
GTTACAGAGCCCGAAA-1-HCAHeart7844004,Endothelial,1.0,-0.0,D6,pca_knn,predicted
GGGATGAGTCATTAGC-1-HCAHeart7843999,Endothelial,1.0,-0.0,D6,pca_knn,predicted
TGAATCGCAAAGGCAC-1-HCAHeart7905332,Endothelial,1.0,-0.0,D6,pca_knn,predicted
CTACTATGTCTTTATC-1-HCAHeart7905328,Pericytes,1.0,-0.0,D6,pca_knn,predicted
ACTGCTCTCGTTACGA-1-HCAHeart7888926,Ventricular_Cardiomyocyte,1.0,-0.0,D6,pca_knn,predicted
GGCCGATAGTCTCCTC-1-HCAHeart7880861,Pericytes,1.0,-0.0,D6,pca_knn,predicted
TACGGATTCAGTCCCT-1-HCAHeart7844003,Endothelial,1.0,-0.0,D6,pca_knn,predicted
ACGCCGATCTTCAACT-1-HCAHeart7844003,Endothelial,0.5047316651583208,0.8819364034650887,D6,pca_knn,predicted
GCGCAGTAGTAGGTGC-1-HCAHeart7844004,Endothelial,1.0,-0.0,D6,pca_knn,predicted
GTGCTTCTCTCTTGAT-1-HCAHeart7843999,Endothelial,1.0,-0.0,D6,pca_knn,predicted
CGATTGATCTGCGGCA-1-HCAHeart7843999,Endothelial,1.0,-0.0,D6,pca_knn,predicted
GGGACCTAGTACGTAA-1-HCAHeart7880860,Myeloid,0.8676805055079602,0.39077230439060356,D6,pca_knn,predicted
GTCTTCGAGTTAACGA-1-HCAHeart7844001,Endothelial,1.0,-0.0,D6,pca_knn,predicted
TCTCATACAGTCACTA-1-HCAHeart7844001,Endothelial,1.0,-0.0,D6,pca_knn,predicted
GGTGAAGGTGATAGTA-1-HCAHeart7905328,Endothelial,1.0,-0.0,D6,pca_knn,predicted
AAAGCAACAATCGAAA-1-HCAHeart7844001,Endothelial,1.0,-0.0,D6,pca_knn,predicted
AAGTACCTCGCGGACT-1-HCAHeart7905328,Endothelial,1.0,-0.0,D6,pca_knn,predicted
TCATGCCTCCCTCGTA-1-HCAHeart7905327,Endothelial,1.0,-0.0,D6,pca_knn,predicted
AAGTTCGAGTCTAGCT-1-HCAHeart7905331,Endothelial,0.8743486968834471,0.37803560229964694,D6,pca_knn,predicted
CGGCTAGTCCAGAAGG-1-HCAHeart7844001,Myeloid,0.8620350590078694,0.40125199379363,D6,pca_knn,predicted
GGTTGTAAGAGAGCAA-1-HCAHeart7905331,Endothelial,1.0,-0.0,D6,pca_knn,predicted
GTCGTAACATTGGGCC-1-HCAHeart7880861,Ventricular_Cardiomyocyte,1.0,-0.0,D6,pca_knn,predicted
TACACGATCCTTTACA-1-HCAHeart7844002,Endothelial,1.0,-0.0,D6,pca_knn,predicted
CCACGTTGTGCTCGTG-1-HCAHeart7905328,Endothelial,1.0,-0.0,D6,pca_knn,predicted
CCTATTATCTCGCATC-1-HCAHeart7843999,Endothelial,1.0,-0.0,D6,pca_knn,predicted
CATGGCGCAAGCGATG-1-HCAHeart7844003,Endothelial,1.0,-0.0,D6,pca_knn,predicted
CTGTCGTAGTCTGCGC-1-HCAHeart7905327,Endothelial,1.0,-0.0,D6,pca_knn,predicted
TCTACCGCAAGTCCAT-1-HCAHeart7905331,Endothelial,1.0,-0.0,D6,pca_knn,predicted
AGCAGCCGTAAGTGGC-1-HCAHeart7844001,Myeloid,1.0,-0.0,D6,pca_knn,predicted
GGCCGATAGCACACAG-1-HCAHeart7880861,Ventricular_Cardiomyocyte,1.0,-0.0,D6,pca_knn,predicted
CAACCAATCGACACCG-1-HCAHeart7905332,Endothelial,1.0,-0.0,D6,pca_knn,predicted
ATCCGAATCAAGGTAA-1-HCAHeart7888926,Ventricular_Cardiomyocyte,1.0,-0.0,D6,pca_knn,predicted
TGAAAGAGTCAGAGGT-1-HCAHeart7844001,Myeloid,0.6626816502253281,0.6392407109638791,D6,pca_knn,predicted
TCGTACCTCTGAGTGT-1-HCAHeart7844004,Pericytes,0.7473296208366,0.5652498850411523,D6,pca_knn,predicted
AGACAAAGTTGATCGT-1-HCAHeart7905330,Endothelial,1.0,-0.0,D6,pca_knn,predicted
ACGAGGATCGGCCGAT-1-HCAHeart7844004,Endothelial,1.0,-0.0,D6,pca_knn,predicted
CTGAAACCATTCCTCG-1-HCAHeart7844001,Smooth_muscle_cells,0.5159118531643159,0.692640720911466,D6,pca_knn,predicted
GAACCTAGTTACGGAG-1-HCAHeart7880860,Endothelial,1.0,-0.0,D6,pca_knn,predicted
CGGACACTCCTGCAGG-1-HCAHeart7844001,Endothelial,1.0,-0.0,D6,pca_knn,predicted
GAACCTATCCTTCAAT-1-HCAHeart7843999,Endothelial,1.0,-0.0,D6,pca_knn,predicted
GTATCTTGTGAGGGTT-1-HCAHeart7880862,Atrial_Cardiomyocyte,1.0,-0.0,D6,pca_knn,predicted
CGATGGCAGGCATTGG-1-HCAHeart7844001,Endothelial,1.0,-0.0,D6,pca_knn,predicted
GTGCAGCAGACGCTTT-1-HCAHeart7844003,Lymphoid,1.0,-0.0,D6,pca_knn,predicted
CAGATCAGTTCAGTAC-1-HCAHeart7844000,Pericytes,0.5886298945084574,1.1794342795040393,D6,pca_knn,predicted
GATTCAGCAAGACACG-1-HCAHeart7844001,Endothelial,1.0,-0.0,D6,pca_knn,predicted
CCATGTCCATGCCCGA-1-HCAHeart7843999,Endothelial,1.0,-0.0,D6,pca_knn,predicted
TCAAGTGTCTGAGATC-1-HCAHeart7905329,Myeloid,0.9348829907908822,0.24082095416510413,D6,pca_knn,predicted
CGTCACTTCCGCGGTA-1-HCAHeart7844004,Smooth_muscle_cells,0.5527614207339234,0.6875692667444886,D6,pca_knn,predicted
AAAGGTAAGCGCCTCA-1-HCAHeart7905330,Fibroblast,1.0,-0.0,D6,pca_knn,predicted
TGGAGAGAGGGCAATC-1-HCAHeart7905331,Endothelial,1.0,-0.0,D6,pca_knn,predicted
GCGCAACTCAGAGGTG-1-HCAHeart7844001,Pericytes,0.9387721339203549,0.2303327581295641,D6,pca_knn,predicted
CGCGGTACAGCATGAG-1-HCAHeart7844003,Endothelial,1.0,-0.0,D6,pca_knn,predicted
GACAGAGTCTTGTATC-1-HCAHeart7844001,Endothelial,1.0,-0.0,D6,pca_knn,predicted
CCTAAGACAAGACGGT-1-HCAHeart7905332,Endothelial,1.0,-0.0,D6,pca_knn,predicted
AAAGAACGTAACATAG-1-HCAHeart7905327,Endothelial,1.0,-0.0,D6,pca_knn,predicted
TCAGGTATCCGTTGCT-1-HCAHeart7843999,Myeloid,0.9146012182275701,0.2917609958303693,D6,pca_knn,predicted
CAGCATATCGGAGGTA-1-HCAHeart7888926,Ventricular_Cardiomyocyte,1.0,-0.0,D6,pca_knn,predicted
TCGAGGCCATTCCTGC-1-HCAHeart7844004,Endothelial,1.0,-0.0,D6,pca_knn,predicted
TACTTACTCTGCAGCG-1-HCAHeart7905328,Endothelial,1.0,-0.0,D6,pca_knn,predicted
ATTGGACCAGGTCTCG-1-HCAHeart7880863,Endothelial,1.0,-0.0,D6,pca_knn,predicted
TTTCCTCGTGTGTTTG-1-HCAHeart7905327,Endothelial,1.0,-0.0,D6,pca_knn,predicted
GCACTCTAGTTAGGTA-1-HCAHeart7844001,Pericytes,0.7367527344366863,0.57642612510109,D6,pca_knn,predicted
GTGTGCGAGTACATGA-1-HCAHeart7844001,Pericytes,1.0,-0.0,D6,pca_knn,predicted
CTGATAGGTAATTGGA-1-HCAHeart7843999,Myeloid,1.0,-0.0,D6,pca_knn,predicted
AGATCTGCACCACGTG-1-HCAHeart7844002,Myeloid,1.0,-0.0,D6,pca_knn,predicted
TACAGTGGTCTTCGTC-1-HCAHeart7888926,Myeloid,1.0,-0.0,D6,pca_knn,predicted
GAAATGATCTCTGTCG-1-HCAHeart7843999,Endothelial,1.0,-0.0,D6,pca_knn,predicted
AGAACCTGTCTGTAGT-1-HCAHeart7905328,Endothelial,1.0,-0.0,D6,pca_knn,predicted
TCAGCAACAGCGTTTA-1-HCAHeart7905328,Endothelial,1.0,-0.0,D6,pca_knn,predicted
ATAGACCAGGAGTACC-1-HCAHeart7844001,Myeloid,1.0,-0.0,D6,pca_knn,predicted
CTCGTCATCGGATGTT-1-HCAHeart7880861,Myeloid,0.8747201828533693,0.3773143025785619,D6,pca_knn,predicted
CGGGTCATCCACGCAG-1-HCAHeart7843999,Pericytes,0.9436228987265147,0.21688036733057647,D6,pca_knn,predicted
TAGACCATCAACCAAC-1-HCAHeart7888926,Pericytes,1.0,-0.0,D6,pca_knn,predicted
CCTCAGTAGAGCCCAA-1-HCAHeart7844002,Myeloid,1.0,-0.0,D6,pca_knn,predicted
GATCGCGAGAAACCGC-1-HCAHeart7844000,Pericytes,0.8064580547367872,0.6107725072358611,D6,pca_knn,predicted
CTGCCTACAACACCCG-1-HCAHeart7844003,Endothelial,1.0,-0.0,D6,pca_knn,predicted
CCCAGTTAGTAGCGGT-1-HCAHeart7844001,Pericytes,1.0,-0.0,D6,pca_knn,predicted
CCTCAGTCAATCTGCA-1-HCAHeart7844004,Endothelial,1.0,-0.0,D6,pca_knn,predicted
TGCTGCTTCCGCTGTT-1-HCAHeart7888927,Fibroblast,0.9363816229219875,0.2368096656529331,D6,pca_knn,predicted
AACCAACGTACCCACG-1-HCAHeart7905327,Endothelial,1.0,-0.0,D6,pca_knn,predicted
CAAGATCAGATGGGTC-1-HCAHeart7880861,Pericytes,1.0,-0.0,D6,pca_knn,predicted
AGCAGCCTCTGTACGA-1-HCAHeart7844000,Endothelial,1.0,-0.0,D6,pca_knn,predicted
CCTTACGTCATCTGCC-1-HCAHeart7844004,Endothelial,1.0,-0.0,D6,pca_knn,predicted
TGCAGGCAGTATAACG-1-HCAHeart7905328,Endothelial,1.0,-0.0,D6,pca_knn,predicted
GTTAGTGGTCATACCA-1-HCAHeart7905332,Endothelial,1.0,-0.0,D6,pca_knn,predicted
GAACATCAGTGGCACA-1-HCAHeart7888927,Pericytes,0.936288304598187,0.23706053683383843,D6,pca_knn,predicted
AGGATCTTCTGGTTGA-1-HCAHeart7905328,Endothelial,1.0,-0.0,D6,pca_knn,predicted
ATTATCCGTGAAATCA-1-HCAHeart7844004,Endothelial,1.0,-0.0,D6,pca_knn,predicted
ATCACGAAGTAGAATC-1-HCAHeart7905328,Pericytes,0.9362458259032328,0.23717468555413268,D6,pca_knn,predicted
CCACTACGTGTTGAGG-1-HCAHeart7844004,Endothelial,1.0,-0.0,D6,pca_knn,predicted
GAATGAACAAAGGCGT-1-HCAHeart7880862,Atrial_Cardiomyocyte,1.0,-0.0,D6,pca_knn,predicted
GAAGCAGCACCATCCT-1-HCAHeart7843999,Lymphoid,1.0,-0.0,D6,pca_knn,predicted
GTGAGCCGTACAAGTA-1-HCAHeart7905332,Smooth_muscle_cells,1.0,-0.0,D6,pca_knn,predicted
TACTCGCAGAAACCTA-1-HCAHeart7888926,Endothelial,1.0,-0.0,D6,pca_knn,predicted
ACATGGTGTACCAGTT-1-HCAHeart7844004,Lymphoid,1.0,-0.0,D6,pca_knn,predicted
TCGTACCCAAATACAG-1-HCAHeart7843999,Endothelial,1.0,-0.0,D6,pca_knn,predicted
GAAATGATCGGCCTTT-1-HCAHeart7905332,Pericytes,0.9355877001222331,0.23893934986780524,D6,pca_knn,predicted
CACAGGCAGTTGAGTA-1-HCAHeart7880862,Endothelial,1.0,-0.0,D6,pca_knn,predicted
ACGAGCCGTAAAGGAG-1-HCAHeart7844003,Endothelial,1.0,-0.0,D6,pca_knn,predicted
ACTTTCACACGGCGTT-1-HCAHeart7880861,Ventricular_Cardiomyocyte,1.0,-0.0,D6,pca_knn,predicted
TTCTCCTCACACGCTG-1-HCAHeart7880861,Fibroblast,1.0,-0.0,D6,pca_knn,predicted
AGAACAAGTGAGTCAG-1-HCAHeart7905328,Endothelial,1.0,-0.0,D6,pca_knn,predicted
CACCAGGTCCAAACAC-1-HCAHeart7844000,Pericytes,1.0,-0.0,D6,pca_knn,predicted
CAGATCAGTCACTTCC-1-HCAHeart7844000,Pericytes,1.0,-0.0,D6,pca_knn,predicted
CTAATGGAGGTGCTAG-1-HCAHeart7843999,Smooth_muscle_cells,1.0,-0.0,D6,pca_knn,predicted
TCCACACCACCTCGTT-1-HCAHeart7888927,Ventricular_Cardiomyocyte,1.0,-0.0,D6,pca_knn,predicted
CGATGGCTCCGCAAGC-1-HCAHeart7844004,Pericytes,1.0,-0.0,D6,pca_knn,predicted
TCCACACAGCGCTTAT-1-HCAHeart7844004,Endothelial,1.0,-0.0,D6,pca_knn,predicted
GCTGCGAAGAGGGATA-1-HCAHeart7888926,Ventricular_Cardiomyocyte,1.0,-0.0,D6,pca_knn,predicted
TGAGGTTCACGCGTCA-1-HCAHeart7905332,Endothelial,1.0,-0.0,D6,pca_knn,predicted
GTGCAGCCACTACACA-1-HCAHeart7905327,Endothelial,1.0,-0.0,D6,pca_knn,predicted
TGAAAGATCGTTGACA-1-HCAHeart7843999,Endothelial,1.0,-0.0,D6,pca_knn,predicted
CAGCTGGCAGACGCTC-1-HCAHeart7844001,Endothelial,1.0,-0.0,D6,pca_knn,predicted
CTACGGGAGGCCCACT-1-HCAHeart7905328,Endothelial,0.5416709179520482,1.3952123734455624,D6,pca_knn,predicted
CTCACACCATTTGCCC-1-HCAHeart7844000,Pericytes,0.8164291209703798,0.47676520583330695,D6,pca_knn,predicted
CCTAACCCAGCGTTTA-1-HCAHeart7905328,Endothelial,1.0,-0.0,D6,pca_knn,predicted
ACAGCCGGTTGATTCG-1-HCAHeart7880862,Endothelial,0.8008560407135805,0.6231485752990823,D6,pca_knn,predicted
CCTAAAGCATCGGTTA-1-HCAHeart7844000,Endothelial,1.0,-0.0,D6,pca_knn,predicted
TGACTAGGTAAGCACG-1-HCAHeart7844003,Endothelial,1.0,-0.0,D6,pca_knn,predicted
GAACATCAGTAGGCCA-1-HCAHeart7888927,Pericytes,1.0,-0.0,D6,pca_knn,predicted
GAAGGGTCATGAGAAT-1-HCAHeart7905329,Endothelial,1.0,-0.0,D6,pca_knn,predicted
GGGCACTTCGGAAACG-1-HCAHeart7844004,Endothelial,1.0,-0.0,D6,pca_knn,predicted
CGTTGGGGTTATCACG-1-HCAHeart7844000,Endothelial,1.0,-0.0,D6,pca_knn,predicted
AGAAGCGCAACGGGTA-1-HCAHeart7905330,Endothelial,1.0,-0.0,D6,pca_knn,predicted
AACCAACAGGATACGC-1-HCAHeart7905327,Endothelial,1.0,-0.0,D6,pca_knn,predicted
AGTGAGGGTCATTAGC-1-HCAHeart7844001,Myeloid,0.9187480430551735,0.28181648734831943,D6,pca_knn,predicted
TGTTCCGCATCTATGG-1-HCAHeart7844004,Endothelial,1.0,-0.0,D6,pca_knn,predicted
TTCCACGCAAATCGGG-1-HCAHeart7905330,Endothelial,1.0,-0.0,D6,pca_knn,predicted
AGCGGTCTCTCGTATT-1-HCAHeart7844001,Myeloid,1.0,-0.0,D6,pca_knn,predicted
TTGACTTGTTATTCTC-1-HCAHeart7880861,Ventricular_Cardiomyocyte,1.0,-0.0,D6,pca_knn,predicted
AAACGGGTCCATGAAC-1-HCAHeart7880862,Fibroblast,1.0,-0.0,D6,pca_knn,predicted
CGTTGGGGTCAAGCGA-1-HCAHeart7844001,Fibroblast,1.0,-0.0,D6,pca_knn,predicted
TCTGTCGCAATGAGCG-1-HCAHeart7905328,Smooth_muscle_cells,0.5657960364786919,0.981103954994974,D6,pca_knn,predicted
CATCGGGGTTAGGACG-1-HCAHeart7905328,Endothelial,1.0,-0.0,D6,pca_knn,predicted
CGAGGAATCTCTCTTC-1-HCAHeart7905327,Endothelial,1.0,-0.0,D6,pca_knn,predicted
TTGGAACCACCACGTG-1-HCAHeart7844001,Endothelial,1.0,-0.0,D6,pca_knn,predicted
TATCAGGTCAGCTTAG-1-HCAHeart7888927,Ventricular_Cardiomyocyte,1.0,-0.0,D6,pca_knn,predicted
CTACCCACAATGGATA-1-HCAHeart7844001,Pericytes,1.0,-0.0,D6,pca_knn,predicted
GTTAGTGGTAGCGTTT-1-HCAHeart7905329,Pericytes,1.0,-0.0,D6,pca_knn,predicted
GAACCTAGTAGTAGTA-1-HCAHeart7844004,Endothelial,1.0,-0.0,D6,pca_knn,predicted
ACCCAAATCTCTCTAA-1-HCAHeart7905331,Endothelial,1.0,-0.0,D6,pca_knn,predicted
TTCTACACAGTCTTCC-1-HCAHeart7880862,Atrial_Cardiomyocyte,1.0,-0.0,D6,pca_knn,predicted
CCAATCCGTTCCTCCA-1-HCAHeart7844001,Myeloid,0.8530668851763218,0.41735217086551435,D6,pca_knn,predicted
GACCAATCATCTTTCA-1-HCAHeart7905327,Endothelial,1.0,-0.0,D6,pca_knn,predicted
AAGCGAGTCCAGTGTA-1-HCAHeart7905329,Endothelial,1.0,-0.0,D6,pca_knn,predicted
TCTGAGACAGTCGTGC-1-HCAHeart7844001,Fibroblast,1.0,-0.0,D6,pca_knn,predicted
GGACAAGTCCACGCAG-1-HCAHeart7844004,Endothelial,1.0,-0.0,D6,pca_knn,predicted
CACAAACTCTAGAGTC-1-HCAHeart7844001,Endothelial,1.0,-0.0,D6,pca_knn,predicted
AAGCCATCAGGTCTCG-1-HCAHeart7905332,Endothelial,1.0,-0.0,D6,pca_knn,predicted
CTAGGTATCAGCCTCT-1-HCAHeart7905328,Endothelial,1.0,-0.0,D6,pca_knn,predicted
GAACGGAGTTACGCGC-1-HCAHeart7844004,Endothelial,1.0,-0.0,D6,pca_knn,predicted
ACCAGTACAGTTCCCT-1-HCAHeart7844004,Pericytes,0.8725628123626124,0.38148570543509885,D6,pca_knn,predicted
CTCGTACCAGACGCTC-1-HCAHeart7888926,Ventricular_Cardiomyocyte,1.0,-0.0,D6,pca_knn,predicted
GGACAAGTCATGGTCA-1-HCAHeart7888926,Ventricular_Cardiomyocyte,1.0,-0.0,D6,pca_knn,predicted
TGCGACGGTGGAAATT-1-HCAHeart7905328,Endothelial,1.0,-0.0,D6,pca_knn,predicted
GACTACACATACAGCT-1-HCAHeart7843999,Endothelial,1.0,-0.0,D6,pca_knn,predicted
AGCCAGCCAGGAGACT-1-HCAHeart7905327,Endothelial,1.0,-0.0,D6,pca_knn,predicted
TCTACATAGTGCGACA-1-HCAHeart7905331,Endothelial,1.0,-0.0,D6,pca_knn,predicted
GCACTCTAGACGCAAC-1-HCAHeart7888926,Myeloid,1.0,-0.0,D6,pca_knn,predicted
CAGCAGCTCTATGTGG-1-HCAHeart7888927,Ventricular_Cardiomyocyte,1.0,-0.0,D6,pca_knn,predicted
AGGAATAAGGGAGGCA-1-HCAHeart7905328,Endothelial,1.0,-0.0,D6,pca_knn,predicted
GACGCTGAGCTTTCCC-1-HCAHeart7905331,Endothelial,1.0,-0.0,D6,pca_knn,predicted
CGGACTGGTGCCTGCA-1-HCAHeart7843999,Endothelial,1.0,-0.0,D6,pca_knn,predicted
CCTTCCCTCTAACGGT-1-HCAHeart7844000,Endothelial,1.0,-0.0,D6,pca_knn,predicted
CACATTTTCTCGTTTA-1-HCAHeart7888927,Ventricular_Cardiomyocyte,0.6608051317746655,0.6404999936982396,D6,pca_knn,predicted
GCACTCTGTAGGCTGA-1-HCAHeart7844004,Endothelial,1.0,-0.0,D6,pca_knn,predicted
CGGAGTCCAGTACACT-1-HCAHeart7888926,Ventricular_Cardiomyocyte,1.0,-0.0,D6,pca_knn,predicted
CTTAACTCAAACCCAT-1-HCAHeart7844001,Smooth_muscle_cells,0.941239788352977,0.223542485725668,D6,pca_knn,predicted
ATCTGCCGTTGTACAC-1-HCAHeart7880862,Atrial_Cardiomyocyte,1.0,-0.0,D6,pca_knn,predicted
CGAACATCAGCTGTTA-1-HCAHeart7844004,Endothelial,1.0,-0.0,D6,pca_knn,predicted
TTCCACGAGATACGAT-1-HCAHeart7905328,Endothelial,1.0,-0.0,D6,pca_knn,predicted
TTCATTGCAGTCCCGA-1-HCAHeart7905327,Lymphoid,1.0,-0.0,D6,pca_knn,predicted
TGAGGAGTCGTACACA-1-HCAHeart7905331,Endothelial,1.0,-0.0,D6,pca_knn,predicted
CCTTTCTAGACGACGT-1-HCAHeart7843999,Endothelial,1.0,-0.0,D6,pca_knn,predicted
CTCAGTCTCGAAGTGG-1-HCAHeart7905328,Endothelial,1.0,-0.0,D6,pca_knn,predicted
TCCACACTCACGACTA-1-HCAHeart7844003,Endothelial,1.0,-0.0,D6,pca_knn,predicted
GAATCGTAGTATTCCG-1-HCAHeart7905332,Endothelial,1.0,-0.0,D6,pca_knn,predicted
GAACGGAAGGTCATCT-1-HCAHeart7844004,Endothelial,1.0,-0.0,D6,pca_knn,predicted
GACGTGCCATTCTTAC-1-HCAHeart7844001,Myeloid,0.9338431179357013,0.24358258271720987,D6,pca_knn,predicted
ACTGATGTCTACGAGT-1-HCAHeart7844001,Pericytes,0.9379418355856378,0.2325934762169029,D6,pca_knn,predicted
ATACCGATCCTAACAG-1-HCAHeart7905327,Endothelial,1.0,-0.0,D6,pca_knn,predicted
GTTGCGGTCACATCAG-1-HCAHeart7905329,Endothelial,1.0,-0.0,D6,pca_knn,predicted
TGGTTAGCATCTCCCA-1-HCAHeart7844004,Endothelial,1.0,-0.0,D6,pca_knn,predicted
TTACCGCCAGTTTGGT-1-HCAHeart7905331,Endothelial,1.0,-0.0,D6,pca_knn,predicted
GTGCACGTCCCATACC-1-HCAHeart7905332,Endothelial,1.0,-0.0,D6,pca_knn,predicted
AGCGTATTCTTGTTTG-1-HCAHeart7844001,Endothelial,1.0,-0.0,D6,pca_knn,predicted
GTCATTTGTGTTTGTG-1-HCAHeart7888927,Ventricular_Cardiomyocyte,1.0,-0.0,D6,pca_knn,predicted
TCAACGACATACTCTT-1-HCAHeart7844004,Endothelial,1.0,-0.0,D6,pca_knn,predicted
TCAGGATGTCTAGCCG-1-HCAHeart7888927,Ventricular_Cardiomyocyte,1.0,-0.0,D6,pca_knn,predicted
TAAGAGAGTAGCGCTC-1-HCAHeart7843999,Endothelial,1.0,-0.0,D6,pca_knn,predicted
ATTCTACCAAAGTCAA-1-HCAHeart7880863,Endothelial,1.0,-0.0,D6,pca_knn,predicted
GGTGAAGGTTTGTTTC-1-HCAHeart7844001,Endothelial,1.0,-0.0,D6,pca_knn,predicted
TACGGGCTCGGATGTT-1-HCAHeart7844001,Endothelial,1.0,-0.0,D6,pca_knn,predicted
GGGAGATGTGCTTCTC-1-HCAHeart7844003,Pericytes,0.7301853993789192,0.5830743505116485,D6,pca_knn,predicted
GGGCTCACACACGCCA-1-HCAHeart7905332,Endothelial,1.0,-0.0,D6,pca_knn,predicted
CTGTGCTAGGGCTTGA-1-HCAHeart7844001,Endothelial,1.0,-0.0,D6,pca_knn,predicted
CAGAATCTCTTCGAGA-1-HCAHeart7880861,Endothelial,1.0,-0.0,D6,pca_knn,predicted
TGCGTGGTCACTCTTA-1-HCAHeart7844004,Endothelial,1.0,-0.0,D6,pca_knn,predicted
CATCGAAAGAGGACGG-1-HCAHeart7844001,Myeloid,0.9316761194261458,0.249281608067542,D6,pca_knn,predicted
CGGTTAATCTAACTCT-1-HCAHeart7844002,Endothelial,1.0,-0.0,D6,pca_knn,predicted
CACGTTCAGTAATCCC-1-HCAHeart7905328,Endothelial,1.0,-0.0,D6,pca_knn,predicted
TTAACTCAGGGTTTCT-1-HCAHeart7844001,Fibroblast,1.0,-0.0,D6,pca_knn,predicted
CTCATTAGTCAACTGT-1-HCAHeart7880861,Ventricular_Cardiomyocyte,1.0,-0.0,D6,pca_knn,predicted
AGCTTGAGTTTGGCGC-1-HCAHeart7844000,Lymphoid,1.0,-0.0,D6,pca_knn,predicted
CGCGGTAGTAGAAAGG-1-HCAHeart7844004,Endothelial,1.0,-0.0,D6,pca_knn,predicted
GCGCGATAGGCAGTCA-1-HCAHeart7888926,Ventricular_Cardiomyocyte,1.0,-0.0,D6,pca_knn,predicted
CGATGGCAGTCTCGGC-1-HCAHeart7844004,Endothelial,1.0,-0.0,D6,pca_knn,predicted
GATCCCTGTCGAGCAA-1-HCAHeart7905332,Endothelial,1.0,-0.0,D6,pca_knn,predicted
GATCAGTGTACGACCC-1-HCAHeart7844000,Pericytes,0.6563138949155822,0.6434502277821157,D6,pca_knn,predicted
CTAACTTAGCTACCGC-1-HCAHeart7844003,Endothelial,1.0,-0.0,D6,pca_knn,predicted
GTAACGTGTCATGCCG-1-HCAHeart7844004,Endothelial,1.0,-0.0,D6,pca_knn,predicted
CGTCCATCACTGTCGG-1-HCAHeart7844001,Endothelial,1.0,-0.0,D6,pca_knn,predicted
TGAGAGGAGACAAAGG-1-HCAHeart7844001,Myeloid,0.9402063791183403,0.2263992850709499,D6,pca_knn,predicted
ACGGCCAAGATGTCGG-1-HCAHeart7844003,Endothelial,1.0,-0.0,D6,pca_knn,predicted
CCCTGATCACTAACGT-1-HCAHeart7905332,Endothelial,1.0,-0.0,D6,pca_knn,predicted
CATGACATCAAGAAGT-1-HCAHeart7844000,Pericytes,1.0,-0.0,D6,pca_knn,predicted
CAACAGTAGTACTGTC-1-HCAHeart7905331,Endothelial,1.0,-0.0,D6,pca_knn,predicted
TAGTTGGTCCGTAGTA-1-HCAHeart7844001,Pericytes,1.0,-0.0,D6,pca_knn,predicted
ACGAGGACACACGCTG-1-HCAHeart7844004,Endothelial,1.0,-0.0,D6,pca_knn,predicted
ACGGAGAGTTACTGAC-1-HCAHeart7888926,Endothelial,1.0,-0.0,D6,pca_knn,predicted
AAGTCTGAGCATGGCA-1-HCAHeart7880862,Fibroblast,1.0,-0.0,D6,pca_knn,predicted
TCCCATGGTTTCCAAG-1-HCAHeart7905329,Endothelial,1.0,-0.0,D6,pca_knn,predicted
AGCATACTCGGTCCGA-1-HCAHeart7844003,Pericytes,0.6039288221268148,0.6713864736321701,D6,pca_knn,predicted
CAGTAACGTGACTCAT-1-HCAHeart7844004,Pericytes,0.8671764162008408,0.39171919139749944,D6,pca_knn,predicted
CACCACTGTCTCTCTG-1-HCAHeart7880862,Atrial_Cardiomyocyte,1.0,-0.0,D6,pca_knn,predicted
AAGGAGCGTATTAGCC-1-HCAHeart7843999,Endothelial,1.0,-0.0,D6,pca_knn,predicted
AGTAGTCGTTATCGGT-1-HCAHeart7844003,Pericytes,0.8651593347490505,0.3954860945748232,D6,pca_knn,predicted
GCATGCGAGCATGGCA-1-HCAHeart7888926,Ventricular_Cardiomyocyte,1.0,-0.0,D6,pca_knn,predicted
CAACCTCAGGACAGAA-1-HCAHeart7843999,Endothelial,1.0,-0.0,D6,pca_knn,predicted
TGAGGGACAACTGGCC-1-HCAHeart7844003,Endothelial,1.0,-0.0,D6,pca_knn,predicted
GACACGCGTCGCGGTT-1-HCAHeart7880862,Atrial_Cardiomyocyte,1.0,-0.0,D6,pca_knn,predicted
GTTCATTGTCAGATAA-1-HCAHeart7844004,Endothelial,1.0,-0.0,D6,pca_knn,predicted
ATCCGAAGTGACCAAG-1-HCAHeart7843999,Smooth_muscle_cells,1.0,-0.0,D6,pca_knn,predicted
TGGCCAGTCATCGGAT-1-HCAHeart7844004,Endothelial,1.0,-0.0,D6,pca_knn,predicted
CGTGTCTCAAATTGCC-1-HCAHeart7880860,Pericytes,1.0,-0.0,D6,pca_knn,predicted
GTGTAACTCCGTGTCT-1-HCAHeart7905327,Endothelial,1.0,-0.0,D6,pca_knn,predicted
AATCCAGGTACCTACA-1-HCAHeart7880861,Myeloid,1.0,-0.0,D6,pca_knn,predicted
TCCCGATCAGATTGCT-1-HCAHeart7844004,Endothelial,1.0,-0.0,D6,pca_knn,predicted
CAGCTAAGTACACCGC-1-HCAHeart7844003,Pericytes,0.8211963380770209,0.46957456583504364,D6,pca_knn,predicted
TCTCTAAAGCTTCGCG-1-HCAHeart7844001,Endothelial,1.0,-0.0,D6,pca_knn,predicted
TAAGCGTTCTTGCATT-1-HCAHeart7844001,Endothelial,1.0,-0.0,D6,pca_knn,predicted
CATATGGAGCTCCTCT-1-HCAHeart7844001,Endothelial,1.0,-0.0,D6,pca_knn,predicted
GAATGAAAGGTGTGGT-1-HCAHeart7844000,Endothelial,1.0,-0.0,D6,pca_knn,predicted
CCTCTGAAGATGGCGT-1-HCAHeart7844001,Pericytes,0.7333941981832784,0.5798535910081389,D6,pca_knn,predicted
AGAATAGTCTTAGCCC-1-HCAHeart7880862,Atrial_Cardiomyocyte,1.0,-0.0,D6,pca_knn,predicted
CGACTTCTCACCGTAA-1-HCAHeart7880862,Fibroblast,1.0,-0.0,D6,pca_knn,predicted
GCGCAGTTCTACCAGA-1-HCAHeart7844002,Myeloid,1.0,-0.0,D6,pca_knn,predicted
ACGCCAGAGGTGCAAC-1-HCAHeart7843999,Endothelial,1.0,-0.0,D6,pca_knn,predicted
CACACAAGTCGGCATC-1-HCAHeart7843999,Endothelial,1.0,-0.0,D6,pca_knn,predicted
GCATGATCATCACGTA-1-HCAHeart7880863,Fibroblast,1.0,-0.0,D6,pca_knn,predicted
CGTAGCGCACCTCGGA-1-HCAHeart7843999,Endothelial,1.0,-0.0,D6,pca_knn,predicted
GGTGTTAGTCCAAGTT-1-HCAHeart7844004,Myeloid,0.8072903943798122,0.606771339396364,D6,pca_knn,predicted
TCGAAGTCATGGCGCT-1-HCAHeart7905332,Endothelial,1.0,-0.0,D6,pca_knn,predicted
CTCGGGATCCGCATCT-1-HCAHeart7888927,Ventricular_Cardiomyocyte,1.0,-0.0,D6,pca_knn,predicted
TGGGCGTAGACAAAGG-1-HCAHeart7843999,Pericytes,1.0,-0.0,D6,pca_knn,predicted
AAACCTGCATCCGCGA-1-HCAHeart7844001,Endothelial,1.0,-0.0,D6,pca_knn,predicted
AGAGCTTCAGGGTTAG-1-HCAHeart7844001,Pericytes,0.7468664101088701,0.5657516323591918,D6,pca_knn,predicted
TGACGCGGTTGTCAGT-1-HCAHeart7905332,Endothelial,1.0,-0.0,D6,pca_knn,predicted
CGAGAAGGTGATGAAT-1-HCAHeart7905331,Endothelial,1.0,-0.0,D6,pca_knn,predicted
TAAGAGAAGTGACATA-1-HCAHeart7844001,Endothelial,1.0,-0.0,D6,pca_knn,predicted
GTCGTAATCATCATTC-1-HCAHeart7844000,Endothelial,1.0,-0.0,D6,pca_knn,predicted
CGCCAAGCACATCCGG-1-HCAHeart7844002,Smooth_muscle_cells,0.8734596862833568,0.3797566652794475,D6,pca_knn,predicted
TCCATCGGTGAGTCAG-1-HCAHeart7905328,Endothelial,1.0,-0.0,D6,pca_knn,predicted
CCACGGAAGCTAACAA-1-HCAHeart7844004,Smooth_muscle_cells,1.0,-0.0,D6,pca_knn,predicted
GCGTGCATCTGCGGCA-1-HCAHeart7905332,Endothelial,1.0,-0.0,D6,pca_knn,predicted
GTCATTTAGATGTGTA-1-HCAHeart7888926,Endothelial,1.0,-0.0,D6,pca_knn,predicted
CATCGGGAGTACGACG-1-HCAHeart7880862,Adipocytes,1.0,-0.0,D6,pca_knn,predicted
GATGACTGTGAGATTA-1-HCAHeart7905329,Pericytes,0.9260908946791048,0.2636351869895721,D6,pca_knn,predicted
CCTCTCCGTTCTGAGT-1-HCAHeart7905327,Pericytes,1.0,-0.0,D6,pca_knn,predicted
TAGTGGTAGGGATACC-1-HCAHeart7844004,Endothelial,1.0,-0.0,D6,pca_knn,predicted
CTGAAACCAAATTGCC-1-HCAHeart7844001,Endothelial,1.0,-0.0,D6,pca_knn,predicted
CTTAACTAGTAAGTAC-1-HCAHeart7844000,Pericytes,0.551407883924102,0.9957023409769158,D6,pca_knn,predicted
TGAGCATTCGGCGCAT-1-HCAHeart7844001,Endothelial,1.0,-0.0,D6,pca_knn,predicted
GTGCTGGAGGAATGTT-1-HCAHeart7905328,Pericytes,0.9331142261603979,0.2455078777989449,D6,pca_knn,predicted
CCTTTCTAGTGTTGAA-1-HCAHeart7844004,Endothelial,1.0,-0.0,D6,pca_knn,predicted
CATGACACAGTCAGCC-1-HCAHeart7844004,Endothelial,1.0,-0.0,D6,pca_knn,predicted
CTCGAGGCATGCAGGA-1-HCAHeart7905327,Endothelial,1.0,-0.0,D6,pca_knn,predicted
CCCAACTTCAACGCTA-1-HCAHeart7905332,Smooth_muscle_cells,1.0,-0.0,D6,pca_knn,predicted
GACCTGGAGGCAGGTT-1-HCAHeart7888926,Ventricular_Cardiomyocyte,1.0,-0.0,D6,pca_knn,predicted
GCATGATTCTTCCTTC-1-HCAHeart7880862,Atrial_Cardiomyocyte,1.0,-0.0,D6,pca_knn,predicted
CCCGGAAGTCGAATTC-1-HCAHeart7905331,Endothelial,0.9213161597648379,0.27554302526751767,D6,pca_knn,predicted
TCTTCGGTCTTGTATC-1-HCAHeart7844001,Myeloid,0.8741399879614502,0.46558528555025025,D6,pca_knn,predicted
GTTAAGCAGAGCAATT-1-HCAHeart7880861,Endothelial,1.0,-0.0,D6,pca_knn,predicted
AGTGATCGTGTCTCCT-1-HCAHeart7905328,Endothelial,1.0,-0.0,D6,pca_knn,predicted
CGATCGGGTCGGCATC-1-HCAHeart7844001,Endothelial,1.0,-0.0,D6,pca_knn,predicted
AAAGATGAGGTGCTAG-1-HCAHeart7843999,Endothelial,1.0,-0.0,D6,pca_knn,predicted
AACGTTGCAGCTCGCA-1-HCAHeart7844001,Pericytes,0.8825684704916474,0.3617760626006894,D6,pca_knn,predicted
ATCATGGAGTGAACGC-1-HCAHeart7844004,Endothelial,1.0,-0.0,D6,pca_knn,predicted
CAGAGAGTCGATGAGG-1-HCAHeart7844003,Endothelial,1.0,-0.0,D6,pca_knn,predicted
GGTAGAGCATCGGCCA-1-HCAHeart7905332,Endothelial,1.0,-0.0,D6,pca_knn,predicted
AAGATAGGTGTCACAT-1-HCAHeart7905332,Endothelial,1.0,-0.0,D6,pca_knn,predicted
TCTGCCACAGCTCATA-1-HCAHeart7905331,Endothelial,1.0,-0.0,D6,pca_knn,predicted
CACCAGGCATGAACCT-1-HCAHeart7844001,Endothelial,1.0,-0.0,D6,pca_knn,predicted
AAAGTCCAGAACCCGA-1-HCAHeart7905330,Endothelial,1.0,-0.0,D6,pca_knn,predicted
TGGCCAGGTATAGTAG-1-HCAHeart7843999,Smooth_muscle_cells,0.8772248858138892,0.3724179881258486,D6,pca_knn,predicted
GGTAGAGTCTAAACGC-1-HCAHeart7905327,Endothelial,1.0,-0.0,D6,pca_knn,predicted
TGTTCTACATGGCACC-1-HCAHeart7905330,Endothelial,1.0,-0.0,D6,pca_knn,predicted
CGAGCCATCCTAGAAC-1-HCAHeart7844001,Fibroblast,1.0,-0.0,D6,pca_knn,predicted
ACGCCAGCACCAACCG-1-HCAHeart7880862,Atrial_Cardiomyocyte,1.0,-0.0,D6,pca_knn,predicted
CACACAAGTAAAGGAG-1-HCAHeart7844001,Smooth_muscle_cells,0.6705736209424042,0.6337716616128901,D6,pca_knn,predicted
AACTCAGCAGATTGCT-1-HCAHeart7844003,Pericytes,0.8259120140995089,0.5730474014580179,D6,pca_knn,predicted
CGTTCTGTCAGGCGAA-1-HCAHeart7843999,Smooth_muscle_cells,1.0,-0.0,D6,pca_knn,predicted
CAGCTAATCAGCATGT-1-HCAHeart7844000,Lymphoid,1.0,-0.0,D6,pca_knn,predicted
CTTCTCTGTGCAGACA-1-HCAHeart7888927,Fibroblast,1.0,-0.0,D6,pca_knn,predicted
GGTGTCGCAATGTGGG-1-HCAHeart7905328,Endothelial,1.0,-0.0,D6,pca_knn,predicted
CAACTAGCAAGGTTTC-1-HCAHeart7843999,Pericytes,0.865097712870904,0.3956006222732475,D6,pca_knn,predicted
CAACCTCAGGGTATCG-1-HCAHeart7844001,Endothelial,1.0,-0.0,D6,pca_knn,predicted
CGGCTAGAGAGAACAG-1-HCAHeart7844001,Endothelial,1.0,-0.0,D6,pca_knn,predicted
GTATTCTCACACTGCG-1-HCAHeart7880861,Fibroblast,1.0,-0.0,D6,pca_knn,predicted
TACCGAATCTAGTGAC-1-HCAHeart7905328,Endothelial,1.0,-0.0,D6,pca_knn,predicted
CTGCTGTTCGTTACAG-1-HCAHeart7843999,Endothelial,1.0,-0.0,D6,pca_knn,predicted
ATGGGTTTCATGAAAG-1-HCAHeart7905328,Endothelial,1.0,-0.0,D6,pca_knn,predicted
TTACGCCTCAAGATAG-1-HCAHeart7905331,Pericytes,0.9255760882424737,0.2649347559758215,D6,pca_knn,predicted
CAATTTCGTCGGAACA-1-HCAHeart7905332,Lymphoid,1.0,-0.0,D6,pca_knn,predicted
TAGTTGGAGATCCCGC-1-HCAHeart7844003,Lymphoid,1.0,-0.0,D6,pca_knn,predicted
TTAACTCCATGCCTAA-1-HCAHeart7844001,Endothelial,1.0,-0.0,D6,pca_knn,predicted
AGATTGCCAAGAGTCG-1-HCAHeart7844000,Pericytes,0.5192712265863378,1.2978359155733268,D6,pca_knn,predicted
CCCAGTTAGAAGATTC-1-HCAHeart7844001,Endothelial,1.0,-0.0,D6,pca_knn,predicted
GGACATTTCCTTCAAT-1-HCAHeart7844001,Endothelial,1.0,-0.0,D6,pca_knn,predicted
ACTGAGTTCACGACTA-1-HCAHeart7844000,Endothelial,1.0,-0.0,D6,pca_knn,predicted
GCACATAGTCCGGTCA-1-HCAHeart7905328,Endothelial,1.0,-0.0,D6,pca_knn,predicted
TAAGCGTGTCCTGCTT-1-HCAHeart7844004,Endothelial,1.0,-0.0,D6,pca_knn,predicted
AACACGTTCTCGTTTA-1-HCAHeart7844003,Pericytes,0.7324392114915206,0.5808176232811091,D6,pca_knn,predicted
CGCTATCCATGCCACG-1-HCAHeart7880862,Atrial_Cardiomyocyte,1.0,-0.0,D6,pca_knn,predicted
GGTTCTCCAGCGTTGC-1-HCAHeart7905327,Endothelial,1.0,-0.0,D6,pca_knn,predicted
GTGCATAAGAGTCGGT-1-HCAHeart7844001,Pericytes,0.8676608516382592,0.3908092638574723,D6,pca_knn,predicted
GCTGCAGCAGCGAACA-1-HCAHeart7844004,Endothelial,1.0,-0.0,D6,pca_knn,predicted
TGTATTCAGTTGAGAT-1-HCAHeart7844004,Endothelial,1.0,-0.0,D6,pca_knn,predicted
ACGGGTCGTCCGTCAG-1-HCAHeart7844004,Endothelial,1.0,-0.0,D6,pca_knn,predicted
ACTGATGTCTGTACGA-1-HCAHeart7844000,Endothelial,1.0,-0.0,D6,pca_knn,predicted
GAAGCCCTCACAGAGG-1-HCAHeart7905328,Endothelial,0.9397167037356585,0.2277463117256207,D6,pca_knn,predicted
ACCTGAAGTCAACATC-1-HCAHeart7905327,Endothelial,1.0,-0.0,D6,pca_knn,predicted
TCAGGATGTGTCCTCT-1-HCAHeart7880860,Fibroblast,1.0,-0.0,D6,pca_knn,predicted
TCGATTTAGTGTTCCA-1-HCAHeart7905328,Endothelial,1.0,-0.0,D6,pca_knn,predicted
TTGACTTGTCGCGGTT-1-HCAHeart7844004,Endothelial,1.0,-0.0,D6,pca_knn,predicted
GTTGCTCAGGCTGGAT-1-HCAHeart7905332,Endothelial,1.0,-0.0,D6,pca_knn,predicted
GAACACTAGCCTAACT-1-HCAHeart7905332,Endothelial,1.0,-0.0,D6,pca_knn,predicted
CTACCCACAATCGGTT-1-HCAHeart7844004,Endothelial,1.0,-0.0,D6,pca_knn,predicted
ATCTACTCATTGGCGC-1-HCAHeart7880861,Ventricular_Cardiomyocyte,1.0,-0.0,D6,pca_knn,predicted
GATTCAGCAAGTAATG-1-HCAHeart7844003,Endothelial,1.0,-0.0,D6,pca_knn,predicted
AACTCTTTCGTTTAGG-1-HCAHeart7844000,Endothelial,1.0,-0.0,D6,pca_knn,predicted
TTGCCGTTCAAACGGG-1-HCAHeart7844004,Endothelial,1.0,-0.0,D6,pca_knn,predicted
TGGCCAGTCTACGAGT-1-HCAHeart7844003,Pericytes,1.0,-0.0,D6,pca_knn,predicted
GACCCAGCACTCCACT-1-HCAHeart7905332,Endothelial,1.0,-0.0,D6,pca_knn,predicted
TCTCTAATCCAAGTAC-1-HCAHeart7844004,Myeloid,0.8608906640902609,0.4033433712464995,D6,pca_knn,predicted
TATTACCTCCGAATGT-1-HCAHeart7888927,Pericytes,1.0,-0.0,D6,pca_knn,predicted
GTTAAGCCAGGGTATG-1-HCAHeart7880862,Fibroblast,0.5918439342286367,0.9590217051551622,D6,pca_knn,predicted
TCTTCGGTCCTCAATT-1-HCAHeart7843999,Smooth_muscle_cells,0.9397502933923958,0.22765404698745043,D6,pca_knn,predicted
TAAACCGCAGACAGGT-1-HCAHeart7844000,Pericytes,0.5238378610019494,0.6920102623993227,D6,pca_knn,predicted
TTGAACGAGATACACA-1-HCAHeart7888927,Ventricular_Cardiomyocyte,1.0,-0.0,D6,pca_knn,predicted
TGAGGGAAGCAATAGT-1-HCAHeart7905332,Endothelial,1.0,-0.0,D6,pca_knn,predicted
TCACAAGAGTACCCTA-1-HCAHeart7905327,Endothelial,1.0,-0.0,D6,pca_knn,predicted
ACGGGTCCAATCCAAC-1-HCAHeart7844000,Endothelial,1.0,-0.0,D6,pca_knn,predicted
TTGTTTGTCCTTTAGT-1-HCAHeart7905327,Endothelial,1.0,-0.0,D6,pca_knn,predicted
AGATCTGTCGGACAAG-1-HCAHeart7888927,Ventricular_Cardiomyocyte,1.0,-0.0,D6,pca_knn,predicted
ATCTACTTCTGCAAGT-1-HCAHeart7844004,Endothelial,1.0,-0.0,D6,pca_knn,predicted
AAACCTGGTCACAAGG-1-HCAHeart7880862,Fibroblast,1.0,-0.0,D6,pca_knn,predicted
TGCGCAGGTTGGTGGA-1-HCAHeart7880862,Atrial_Cardiomyocyte,1.0,-0.0,D6,pca_knn,predicted
ACAGCCGTCGCACTCT-1-HCAHeart7888926,Endothelial,1.0,-0.0,D6,pca_knn,predicted
GCATGTATCTTAGCCC-1-HCAHeart7844000,Pericytes,0.8091049059385209,0.4875182603123897,D6,pca_knn,predicted
CTTCCGAGTTCCAAAC-1-HCAHeart7905332,Endothelial,1.0,-0.0,D6,pca_knn,predicted
CAACCAAAGATATGCA-1-HCAHeart7844001,Endothelial,1.0,-0.0,D6,pca_knn,predicted
ACTTTCACATCTATGG-1-HCAHeart7844002,Pericytes,0.8129502953451879,0.481916614522056,D6,pca_knn,predicted
CGGGACTTCATTTGTC-1-HCAHeart7905327,Endothelial,1.0,-0.0,D6,pca_knn,predicted
CATCGGGGTCACTTCC-1-HCAHeart7905328,Endothelial,1.0,-0.0,D6,pca_knn,predicted
GCGAGAAAGATGTTAG-1-HCAHeart7844001,Myeloid,1.0,-0.0,D6,pca_knn,predicted
TCAGCAAAGGGTTCCC-1-HCAHeart7880861,Adipocytes,1.0,-0.0,D6,pca_knn,predicted
GGTGCGTGTCCAGTGC-1-HCAHeart7844002,Lymphoid,1.0,-0.0,D6,pca_knn,predicted
CGCAGGTTCGTAGTCA-1-HCAHeart7905327,Endothelial,1.0,-0.0,D6,pca_knn,predicted
CGCCAAGAGAAACCAT-1-HCAHeart7844003,Endothelial,1.0,-0.0,D6,pca_knn,predicted
AGATCTGGTAAGCACG-1-HCAHeart7844004,Pericytes,1.0,-0.0,D6,pca_knn,predicted
AAGTGAACAAGGGTCA-1-HCAHeart7905327,Endothelial,1.0,-0.0,D6,pca_knn,predicted
ACACTGAAGTTATCGC-1-HCAHeart7844004,Endothelial,1.0,-0.0,D6,pca_knn,predicted
TTGTAGGTCTGTCAAG-1-HCAHeart7844001,Endothelial,1.0,-0.0,D6,pca_knn,predicted
GTGGGTCTCACCACCT-1-HCAHeart7844001,Endothelial,1.0,-0.0,D6,pca_knn,predicted
GACGTGCCAGGCTCAC-1-HCAHeart7844000,Endothelial,1.0,-0.0,D6,pca_knn,predicted
GACCTGGAGGGTTTCT-1-HCAHeart7844002,Lymphoid,0.9231514205728085,0.27100421462697244,D6,pca_knn,predicted
CTGAAGTAGCGATTCT-1-HCAHeart7843999,Myeloid,1.0,-0.0,D6,pca_knn,predicted
GAGATGGTCATACGAC-1-HCAHeart7905329,Endothelial,0.9339692764162825,0.24324847706610725,D6,pca_knn,predicted
CTTAGGAAGTCTTGCA-1-HCAHeart7844001,Endothelial,1.0,-0.0,D6,pca_knn,predicted
TGTATTCAGCCTATGT-1-HCAHeart7844001,Endothelial,1.0,-0.0,D6,pca_knn,predicted
TGCCCTATCTAACCGA-1-HCAHeart7844001,Endothelial,1.0,-0.0,D6,pca_knn,predicted
CGTGTAATCATGCAAC-1-HCAHeart7844004,Smooth_muscle_cells,0.9372666508344971,0.23442311584409986,D6,pca_knn,predicted
GCTTCCATCGTGTAGT-1-HCAHeart7844001,Endothelial,1.0,-0.0,D6,pca_knn,predicted
CATCGGGTCTTGAGAC-1-HCAHeart7888927,Endothelial,0.8749774717249232,0.463446090721338,D6,pca_knn,predicted
CAGGTATGTTGGAGGT-1-HCAHeart7905331,Myeloid,1.0,-0.0,D6,pca_knn,predicted
CCGGTAGCAATGAATG-1-HCAHeart7888926,Myeloid,1.0,-0.0,D6,pca_knn,predicted
CTCAGTCAGACCATGG-1-HCAHeart7905332,Endothelial,1.0,-0.0,D6,pca_knn,predicted
GAACATCTCACCCGAG-1-HCAHeart7880862,Atrial_Cardiomyocyte,1.0,-0.0,D6,pca_knn,predicted
AAACCTGCAAAGTCAA-1-HCAHeart7844004,Pericytes,0.9288520930671517,0.25659815578259126,D6,pca_knn,predicted
TTCTTGACAATGAAAC-1-HCAHeart7905327,Endothelial,1.0,-0.0,D6,pca_knn,predicted
GTCCTCAAGCGATAGC-1-HCAHeart7844001,Endothelial,1.0,-0.0,D6,pca_knn,predicted
CGGGCATCAGCTACCG-1-HCAHeart7905331,Endothelial,1.0,-0.0,D6,pca_knn,predicted
AATGAAGAGGGTGAGG-1-HCAHeart7905331,Endothelial,1.0,-0.0,D6,pca_knn,predicted
TGTTCATTCGACGCGT-1-HCAHeart7905330,Fibroblast,1.0,-0.0,D6,pca_knn,predicted
CGACTTCTCGCGTTTC-1-HCAHeart7844000,Smooth_muscle_cells,1.0,-0.0,D6,pca_knn,predicted
CACATAGGTCATATGC-1-HCAHeart7844001,Endothelial,1.0,-0.0,D6,pca_knn,predicted
GCAGTTAAGACAAAGG-1-HCAHeart7844000,Endothelial,1.0,-0.0,D6,pca_knn,predicted
CGTCAGGCAGCTGTAT-1-HCAHeart7844003,Endothelial,1.0,-0.0,D6,pca_knn,predicted
GTGCATAAGCTGCAAG-1-HCAHeart7844004,Endothelial,1.0,-0.0,D6,pca_knn,predicted
CCGTTCAGTAAGCACG-1-HCAHeart7888926,Pericytes,1.0,-0.0,D6,pca_knn,predicted
GCTTGAAAGAAACCAT-1-HCAHeart7844001,Endothelial,1.0,-0.0,D6,pca_knn,predicted
AAAGCAATCAGGCAAG-1-HCAHeart7880861,Adipocytes,1.0,-0.0,D6,pca_knn,predicted
GGAACCCTCGTAATGC-1-HCAHeart7905330,Endothelial,1.0,-0.0,D6,pca_knn,predicted
ACTGTCCCACAAGTAA-1-HCAHeart7844003,Endothelial,1.0,-0.0,D6,pca_knn,predicted
ACGATGTGTCCCTACT-1-HCAHeart7844004,Pericytes,1.0,-0.0,D6,pca_knn,predicted
TATGCCCCAAGTACCT-1-HCAHeart7844001,Endothelial,1.0,-0.0,D6,pca_knn,predicted
AGTGGGAGTGGGTATG-1-HCAHeart7888926,Endothelial,1.0,-0.0,D6,pca_knn,predicted
TATCTCATCTGTCTCG-1-HCAHeart7844003,Endothelial,0.9382666027706765,0.23171062579604723,D6,pca_knn,predicted
AGTCTTTCATACTCTT-1-HCAHeart7844004,Endothelial,1.0,-0.0,D6,pca_knn,predicted
CGCCAAGGTAGCGATG-1-HCAHeart7844001,Myeloid,0.9367567520051382,0.23579971496195223,D6,pca_knn,predicted
TCTCTAAAGGATGTAT-1-HCAHeart7844003,Endothelial,1.0,-0.0,D6,pca_knn,predicted
TAGCCGGTCCACGTTC-1-HCAHeart7844004,Endothelial,1.0,-0.0,D6,pca_knn,predicted
AGCGTATCACGAAGCA-1-HCAHeart7880862,Atrial_Cardiomyocyte,1.0,-0.0,D6,pca_knn,predicted
TCCACACAGCTGGAAC-1-HCAHeart7844004,Endothelial,1.0,-0.0,D6,pca_knn,predicted
GGCGTCAGTTTACTGG-1-HCAHeart7905331,Endothelial,1.0,-0.0,D6,pca_knn,predicted
AACACGTTCGGATGTT-1-HCAHeart7844004,Endothelial,1.0,-0.0,D6,pca_knn,predicted
ATCATCTCATACAGCT-1-HCAHeart7843999,Endothelial,1.0,-0.0,D6,pca_knn,predicted
GGACATTGTCTTGCGG-1-HCAHeart7844003,Endothelial,1.0,-0.0,D6,pca_knn,predicted
TCACAAGCATACTCTT-1-HCAHeart7844003,Endothelial,1.0,-0.0,D6,pca_knn,predicted
CGTCTACGTCGAGTTT-1-HCAHeart7888927,Pericytes,1.0,-0.0,D6,pca_knn,predicted
CACACTCCATGCATGT-1-HCAHeart7844002,Smooth_muscle_cells,0.584238604659313,0.9254207530633849,D6,pca_knn,predicted
ATTCACTTCTGTGTGA-1-HCAHeart7905327,Endothelial,1.0,-0.0,D6,pca_knn,predicted
ATGCGATTCGGATGTT-1-HCAHeart7888927,Ventricular_Cardiomyocyte,1.0,-0.0,D6,pca_knn,predicted
TGCGTGGCACATGACT-1-HCAHeart7843999,Lymphoid,1.0,-0.0,D6,pca_knn,predicted
CAAGGCCCATTGTGCA-1-HCAHeart7844001,Fibroblast,1.0,-0.0,D6,pca_knn,predicted
AGTCTTTAGTGATCGG-1-HCAHeart7844000,Endothelial,1.0,-0.0,D6,pca_knn,predicted
GAGATGGGTGGCCTCA-1-HCAHeart7905328,Endothelial,1.0,-0.0,D6,pca_knn,predicted
GTGCTTCGTCGAGTTT-1-HCAHeart7844004,Endothelial,1.0,-0.0,D6,pca_knn,predicted
GCTGGGTCAGGGCATA-1-HCAHeart7888926,Ventricular_Cardiomyocyte,1.0,-0.0,D6,pca_knn,predicted
ACGCCAGAGCGATGAC-1-HCAHeart7844004,Pericytes,1.0,-0.0,D6,pca_knn,predicted
TTCCAATCACCGAATT-1-HCAHeart7905331,Endothelial,1.0,-0.0,D6,pca_knn,predicted
CTTCTCTCATGTTCCC-1-HCAHeart7844003,Pericytes,0.8663995849166294,0.3931740829519472,D6,pca_knn,predicted
CCATAAGGTTCCATTT-1-HCAHeart7905327,Endothelial,1.0,-0.0,D6,pca_knn,predicted
GATTCAGAGAGGGATA-1-HCAHeart7843999,Endothelial,1.0,-0.0,D6,pca_knn,predicted
TTAACTCTCGCAAGCC-1-HCAHeart7843999,Endothelial,1.0,-0.0,D6,pca_knn,predicted
TTGAACGCACACCGCA-1-HCAHeart7844002,Lymphoid,0.9194112842921958,0.2802048705604121,D6,pca_knn,predicted
GTCCTCAGTTAAGACA-1-HCAHeart7844001,Myeloid,0.8718138230652529,0.47163157818522355,D6,pca_knn,predicted
AACTTTCGTCAGTGGA-1-HCAHeart7844004,Endothelial,1.0,-0.0,D6,pca_knn,predicted
AGTGTTGGTGAGGAAA-1-HCAHeart7905332,Fibroblast,1.0,-0.0,D6,pca_knn,predicted
GACACGCCAAGACAAT-1-HCAHeart7905328,Fibroblast,1.0,-0.0,D6,pca_knn,predicted
CTACACCTCTTAACCT-1-HCAHeart7844001,Endothelial,1.0,-0.0,D6,pca_knn,predicted
TAGTGCATCTGGACCG-1-HCAHeart7905332,Endothelial,1.0,-0.0,D6,pca_knn,predicted
GTTTCTATCAGCAACT-1-HCAHeart7844004,Endothelial,1.0,-0.0,D6,pca_knn,predicted
AAGCCGCCAATGTTGC-1-HCAHeart7888927,Pericytes,1.0,-0.0,D6,pca_knn,predicted
AAAGATGTCCCTCTTT-1-HCAHeart7880861,Ventricular_Cardiomyocyte,1.0,-0.0,D6,pca_knn,predicted
CACTGTCGTATCATGC-1-HCAHeart7905328,Fibroblast,1.0,-0.0,D6,pca_knn,predicted
TCAATCTCACCTGGTG-1-HCAHeart7844004,Endothelial,1.0,-0.0,D6,pca_knn,predicted
GAATGAAAGTTGAGAT-1-HCAHeart7844004,Endothelial,1.0,-0.0,D6,pca_knn,predicted
AGTCTTTTCAGCGATT-1-HCAHeart7843999,Endothelial,1.0,-0.0,D6,pca_knn,predicted
CTACCCACAAGACACG-1-HCAHeart7880860,Ventricular_Cardiomyocyte,1.0,-0.0,D6,pca_knn,predicted
ACACCCTAGAAACCAT-1-HCAHeart7844004,Endothelial,1.0,-0.0,D6,pca_knn,predicted
GCTGCAGAGCGCCTTG-1-HCAHeart7888926,Ventricular_Cardiomyocyte,1.0,-0.0,D6,pca_knn,predicted
ACCAGTACAGCCAATT-1-HCAHeart7844004,Endothelial,1.0,-0.0,D6,pca_knn,predicted
GCAAACTCACCAGGCT-1-HCAHeart7844001,Endothelial,1.0,-0.0,D6,pca_knn,predicted
ATCTGCCCACCTCGGA-1-HCAHeart7844000,Lymphoid,0.9258685084534679,0.26419704875278527,D6,pca_knn,predicted
ACAGCCGGTTTACACG-1-HCAHeart7905331,Endothelial,1.0,-0.0,D6,pca_knn,predicted
CTACATTAGGACGAAA-1-HCAHeart7844003,Myeloid,1.0,-0.0,D6,pca_knn,predicted
GTAACGTTCGTTACGA-1-HCAHeart7844001,Pericytes,0.8693352546697061,0.3876484090523862,D6,pca_knn,predicted
GCAGTTAGTTCACGGC-1-HCAHeart7844004,Endothelial,1.0,-0.0,D6,pca_knn,predicted
GTCATCCAGACGCCCT-1-HCAHeart7905327,Endothelial,1.0,-0.0,D6,pca_knn,predicted
CCACTACCAAAGGAAG-1-HCAHeart7844004,Endothelial,1.0,-0.0,D6,pca_knn,predicted
ACGGCCACAGCCTGTG-1-HCAHeart7844001,Endothelial,1.0,-0.0,D6,pca_knn,predicted
GGTATTGTCTGCAAGT-1-HCAHeart7843999,Lymphoid,1.0,-0.0,D6,pca_knn,predicted
CATCAGATCAGGCCCA-1-HCAHeart7844000,Endothelial,1.0,-0.0,D6,pca_knn,predicted
TCCCGATCACGGCTAC-1-HCAHeart7843999,Endothelial,1.0,-0.0,D6,pca_knn,predicted
TGCCAAATCATGTGGT-1-HCAHeart7844001,Myeloid,1.0,-0.0,D6,pca_knn,predicted
TCTTCCTTCCGCGGAT-1-HCAHeart7905327,Fibroblast,1.0,-0.0,D6,pca_knn,predicted
GATGACTTCTATCGGA-1-HCAHeart7905327,Endothelial,1.0,-0.0,D6,pca_knn,predicted
GGGTCTGGTCGTTGTA-1-HCAHeart7844001,Pericytes,0.8653817486746817,0.3950724550323827,D6,pca_knn,predicted
AGTAGTCTCTAGACCA-1-HCAHeart7905332,Endothelial,1.0,-0.0,D6,pca_knn,predicted
CCACGGATCGCGCCAA-1-HCAHeart7844004,Endothelial,1.0,-0.0,D6,pca_knn,predicted
CACAGGCAGGAATTAC-1-HCAHeart7844001,Endothelial,1.0,-0.0,D6,pca_knn,predicted
CTACACCCAATTCCTT-1-HCAHeart7844004,Pericytes,0.5921455185623306,0.6760681323857604,D6,pca_knn,predicted
TTCTCCTAGCCTCGTG-1-HCAHeart7844003,Endothelial,1.0,-0.0,D6,pca_knn,predicted
GCAGTTAAGGTCGGAT-1-HCAHeart7888926,Ventricular_Cardiomyocyte,1.0,-0.0,D6,pca_knn,predicted
ACCAAACCAGGCAATG-1-HCAHeart7905331,Endothelial,1.0,-0.0,D6,pca_knn,predicted
GGTGTTACAGATGGCA-1-HCAHeart7844004,Endothelial,1.0,-0.0,D6,pca_knn,predicted
ACAACCACACGGCCAT-1-HCAHeart7905332,Endothelial,1.0,-0.0,D6,pca_knn,predicted
CTAGTGAGTAAACGCG-1-HCAHeart7888926,Ventricular_Cardiomyocyte,1.0,-0.0,D6,pca_knn,predicted
CATCAGATCACTATTC-1-HCAHeart7888927,Ventricular_Cardiomyocyte,1.0,-0.0,D6,pca_knn,predicted
AAACGAACAGAGGACT-1-HCAHeart7905327,Pericytes,0.7767586731173164,0.5309798944623831,D6,pca_knn,predicted
GCAGCCAAGGCCGAAT-1-HCAHeart7844004,Endothelial,1.0,-0.0,D6,pca_knn,predicted
CAAGATCGTCATACTG-1-HCAHeart7844003,Lymphoid,0.8723692521869143,0.3818579102470665,D6,pca_knn,predicted
ACGGGTCGTTGAACTC-1-HCAHeart7888927,Ventricular_Cardiomyocyte,1.0,-0.0,D6,pca_knn,predicted
AGGCCACGTCATCGGC-1-HCAHeart7844000,Endothelial,1.0,-0.0,D6,pca_knn,predicted
TAGCCGGTCCAAGTAC-1-HCAHeart7888926,Pericytes,1.0,-0.0,D6,pca_knn,predicted
CTGAAACGTGAGTGAC-1-HCAHeart7844000,Endothelial,1.0,-0.0,D6,pca_knn,predicted
TGACAACCATCCTAGA-1-HCAHeart7844004,Endothelial,1.0,-0.0,D6,pca_knn,predicted
AACTGGTCACATTAGC-1-HCAHeart7844004,Endothelial,1.0,-0.0,D6,pca_knn,predicted
AACTCAGTCCAAACAC-1-HCAHeart7844001,Endothelial,0.8036469600191021,0.4953049085693558,D6,pca_knn,predicted
TTTATGCGTAAAGGAG-1-HCAHeart7844001,Endothelial,1.0,-0.0,D6,pca_knn,predicted
CGATGGCTCTCGATGA-1-HCAHeart7843999,Lymphoid,1.0,-0.0,D6,pca_knn,predicted
TACTCGCTCTTTACGT-1-HCAHeart7844003,Endothelial,1.0,-0.0,D6,pca_knn,predicted
ATGATCGCACTACAGT-1-HCAHeart7905331,Endothelial,1.0,-0.0,D6,pca_knn,predicted
TTTACCATCAGACCTA-1-HCAHeart7905328,Smooth_muscle_cells,1.0,-0.0,D6,pca_knn,predicted
GTCATTTTCTTCAACT-1-HCAHeart7844004,Endothelial,1.0,-0.0,D6,pca_knn,predicted
AGAAGTACAGTGGTGA-1-HCAHeart7905332,Endothelial,1.0,-0.0,D6,pca_knn,predicted
TTAGGGTGTCCCTGTT-1-HCAHeart7905329,Endothelial,1.0,-0.0,D6,pca_knn,predicted
TTGGAACTCATTATCC-1-HCAHeart7844002,Endothelial,1.0,-0.0,D6,pca_knn,predicted
GTACTCCTCTTAGAGC-1-HCAHeart7880862,Atrial_Cardiomyocyte,1.0,-0.0,D6,pca_knn,predicted
TCAAGACAGGGTAATT-1-HCAHeart7905328,Endothelial,1.0,-0.0,D6,pca_knn,predicted
AGGCCACGTGTTTGGT-1-HCAHeart7844001,Pericytes,0.6714943592321819,0.6331152989526689,D6,pca_knn,predicted
CGTGCTTAGTAGTCCT-1-HCAHeart7905328,Endothelial,1.0,-0.0,D6,pca_knn,predicted
TACCTATTCGGCTACG-1-HCAHeart7844003,Myeloid,1.0,-0.0,D6,pca_knn,predicted
TATCAGGTCCTCTAGC-1-HCAHeart7844001,Endothelial,1.0,-0.0,D6,pca_knn,predicted
TCTATTGAGTCCGTAT-1-HCAHeart7843999,Endothelial,1.0,-0.0,D6,pca_knn,predicted
AGGGATGCAAGCGTAG-1-HCAHeart7880862,Atrial_Cardiomyocyte,1.0,-0.0,D6,pca_knn,predicted
ACTGATGAGGTGTGGT-1-HCAHeart7843999,Endothelial,1.0,-0.0,D6,pca_knn,predicted
CAGCATAAGATGTGGC-1-HCAHeart7844002,Myeloid,0.786103661755498,0.5190734790204552,D6,pca_knn,predicted
TGTGTGAAGTATGCAA-1-HCAHeart7905331,Endothelial,1.0,-0.0,D6,pca_knn,predicted
AACTCCCGTAGCTTGT-1-HCAHeart7880861,Endothelial,1.0,-0.0,D6,pca_knn,predicted
AACCGCGTCGTAGATC-1-HCAHeart7844001,Endothelial,1.0,-0.0,D6,pca_knn,predicted
GCAAACTAGTGAACAT-1-HCAHeart7880861,Ventricular_Cardiomyocyte,1.0,-0.0,D6,pca_knn,predicted
CTGTATTTCCTTCTAA-1-HCAHeart7905332,Fibroblast,1.0,-0.0,D6,pca_knn,predicted
TGCTGCTGTCTCATCC-1-HCAHeart7844004,Pericytes,0.7344190855092502,0.7289848532659831,D6,pca_knn,predicted
CTACGTCGTTTGGCGC-1-HCAHeart7880862,Fibroblast,1.0,-0.0,D6,pca_knn,predicted
GTAATCGAGGACTATA-1-HCAHeart7905327,Endothelial,1.0,-0.0,D6,pca_knn,predicted
CTAGTGATCACATACG-1-HCAHeart7888927,Endothelial,1.0,-0.0,D6,pca_knn,predicted
ACCGTAACAGGCGATA-1-HCAHeart7844001,Endothelial,1.0,-0.0,D6,pca_knn,predicted
ACACTGATCTGGCGTG-1-HCAHeart7880862,Neuronal,1.0,-0.0,D6,pca_knn,predicted
ACTGAACAGTGTTAGA-1-HCAHeart7844001,Fibroblast,0.7367798120336556,0.7587244531370869,D6,pca_knn,predicted
CGGAGCTAGTGGCACA-1-HCAHeart7844004,Endothelial,1.0,-0.0,D6,pca_knn,predicted
AGCATACCACGGTAGA-1-HCAHeart7843999,Lymphoid,1.0,-0.0,D6,pca_knn,predicted
CGTTCTGCACGACGAA-1-HCAHeart7844003,Endothelial,1.0,-0.0,D6,pca_knn,predicted
TTGTGGATCAAGTGTC-1-HCAHeart7905328,Endothelial,1.0,-0.0,D6,pca_knn,predicted
AGAATAGAGCGAGAAA-1-HCAHeart7844004,Endothelial,1.0,-0.0,D6,pca_knn,predicted
CTCGAGGAGTTTCCTT-1-HCAHeart7843999,Lymphoid,1.0,-0.0,D6,pca_knn,predicted
CAGGTGCCATGGTCAT-1-HCAHeart7843999,Smooth_muscle_cells,1.0,-0.0,D6,pca_knn,predicted
ATCTCTAGTCTGTCCT-1-HCAHeart7905327,Endothelial,1.0,-0.0,D6,pca_knn,predicted
CACCTTGCATTGTGCA-1-HCAHeart7844001,Myeloid,0.9378892618197134,0.23273622263269755,D6,pca_knn,predicted
TGCTGCTTCTTCCTTC-1-HCAHeart7844001,Lymphoid,1.0,-0.0,D6,pca_knn,predicted
TCTGAGAGTTTGGCGC-1-HCAHeart7880862,Fibroblast,1.0,-0.0,D6,pca_knn,predicted
TGGTTAGAGTACACCT-1-HCAHeart7888927,Pericytes,0.9373821196460637,0.23411076611485143,D6,pca_knn,predicted
GGAATAACATGGTCTA-1-HCAHeart7844004,Endothelial,1.0,-0.0,D6,pca_knn,predicted
AGCTCTCTCAGCGATT-1-HCAHeart7888926,Pericytes,1.0,-0.0,D6,pca_knn,predicted
CACAGTATCCCTAACC-1-HCAHeart7843999,Endothelial,1.0,-0.0,D6,pca_knn,predicted
GCCTCTAAGGTGCAAC-1-HCAHeart7880860,Fibroblast,1.0,-0.0,D6,pca_knn,predicted
GCTGGGTAGCCCTAAT-1-HCAHeart7844004,Endothelial,1.0,-0.0,D6,pca_knn,predicted
GCTGCGAAGTTTAGGA-1-HCAHeart7844004,Endothelial,1.0,-0.0,D6,pca_knn,predicted
ACTGATGGTTATCACG-1-HCAHeart7888927,Fibroblast,1.0,-0.0,D6,pca_knn,predicted
AGACTCAGTCCGGTCA-1-HCAHeart7905328,Endothelial,1.0,-0.0,D6,pca_knn,predicted
GACCTGGCAAGGTTCT-1-HCAHeart7844001,Lymphoid,1.0,-0.0,D6,pca_knn,predicted
ACCGTAATCAACACTG-1-HCAHeart7888926,Ventricular_Cardiomyocyte,1.0,-0.0,D6,pca_knn,predicted
ACGCCAGAGTTGTCGT-1-HCAHeart7844003,Pericytes,1.0,-0.0,D6,pca_knn,predicted
CCCATACCAGACTCGC-1-HCAHeart7844001,Endothelial,1.0,-0.0,D6,pca_knn,predicted
AGTGTCAAGCTCAACT-1-HCAHeart7888926,Ventricular_Cardiomyocyte,1.0,-0.0,D6,pca_knn,predicted
GATGAAAGTGAGCGAT-1-HCAHeart7843999,Endothelial,1.0,-0.0,D6,pca_knn,predicted
GCGAGAACACATCCAA-1-HCAHeart7844001,Pericytes,1.0,-0.0,D6,pca_knn,predicted
GAGTGTTGTCATAGTC-1-HCAHeart7905327,Endothelial,1.0,-0.0,D6,pca_knn,predicted
ACGGTCGAGGGCCCTT-1-HCAHeart7905328,Endothelial,1.0,-0.0,D6,pca_knn,predicted
CCACCTAGTGTTGAGG-1-HCAHeart7844003,Endothelial,1.0,-0.0,D6,pca_knn,predicted
GCCATTCCAGAAGCTG-1-HCAHeart7905328,Endothelial,1.0,-0.0,D6,pca_knn,predicted
CAGCGACGTTGGTTTG-1-HCAHeart7844004,Endothelial,1.0,-0.0,D6,pca_knn,predicted
CCGGGATTCCAATGGT-1-HCAHeart7888926,Ventricular_Cardiomyocyte,1.0,-0.0,D6,pca_knn,predicted
GTAGGCCAGATGTGTA-1-HCAHeart7844004,Endothelial,1.0,-0.0,D6,pca_knn,predicted
TCTGAGAGTGATGTCT-1-HCAHeart7844001,Endothelial,1.0,-0.0,D6,pca_knn,predicted
CCTTCGATCCAAGTAC-1-HCAHeart7880862,Atrial_Cardiomyocyte,1.0,-0.0,D6,pca_knn,predicted
AGGTCCGCAGGACGTA-1-HCAHeart7844000,Endothelial,1.0,-0.0,D6,pca_knn,predicted
GGACGTCGTTTGACAC-1-HCAHeart7880862,Fibroblast,1.0,-0.0,D6,pca_knn,predicted
GTGTGCGTCTCTTATG-1-HCAHeart7843999,Endothelial,0.9405035394998758,0.22557976207185765,D6,pca_knn,predicted
TATATCCAGGGAGGCA-1-HCAHeart7905331,Endothelial,1.0,-0.0,D6,pca_knn,predicted
GGAGGTAAGAATTGCA-1-HCAHeart7905327,Endothelial,1.0,-0.0,D6,pca_knn,predicted
AATCGGTCAAGTCTAC-1-HCAHeart7843999,Endothelial,1.0,-0.0,D6,pca_knn,predicted
CTTGAGAAGATACCAA-1-HCAHeart7905327,Endothelial,1.0,-0.0,D6,pca_knn,predicted
TATTGCTTCCTGGGAC-1-HCAHeart7905329,Endothelial,1.0,-0.0,D6,pca_knn,predicted
CAACTAGCATGGTCTA-1-HCAHeart7843999,Endothelial,1.0,-0.0,D6,pca_knn,predicted
GTGCTTCTCTAAGCCA-1-HCAHeart7843999,Endothelial,1.0,-0.0,D6,pca_knn,predicted
TACCTCGGTCAACCAT-1-HCAHeart7905328,Endothelial,1.0,-0.0,D6,pca_knn,predicted
AAATGCCCAGACAAAT-1-HCAHeart7888926,Lymphoid,1.0,-0.0,D6,pca_knn,predicted
TCTCATAAGACCCACC-1-HCAHeart7844004,Endothelial,1.0,-0.0,D6,pca_knn,predicted
CTCCTAGCATTATCTC-1-HCAHeart7844004,Pericytes,0.6040405634048596,0.8374051234879745,D6,pca_knn,predicted
TACCTTATCGCTTAGA-1-HCAHeart7844000,Endothelial,1.0,-0.0,D6,pca_knn,predicted
ACTGAACTCCTAGAAC-1-HCAHeart7844000,Endothelial,1.0,-0.0,D6,pca_knn,predicted
AGACGTTGTGCCTTGG-1-HCAHeart7844004,Endothelial,1.0,-0.0,D6,pca_knn,predicted
CGGGTCACACTCAGGC-1-HCAHeart7844000,Endothelial,1.0,-0.0,D6,pca_knn,predicted
CTCTACGTCCTACAGA-1-HCAHeart7880863,Atrial_Cardiomyocyte,1.0,-0.0,D6,pca_knn,predicted
TCCCGATTCTTACCGC-1-HCAHeart7888927,Neuronal,0.8762617105109689,0.3743076875532818,D6,pca_knn,predicted
TGAATGCCACGACGCT-1-HCAHeart7905331,Endothelial,1.0,-0.0,D6,pca_knn,predicted
CACCACTCACCAGCAC-1-HCAHeart7844001,Endothelial,1.0,-0.0,D6,pca_knn,predicted
TACTCGCAGACGCTTT-1-HCAHeart7888926,Ventricular_Cardiomyocyte,1.0,-0.0,D6,pca_knn,predicted
GACACGCTCATGTAGC-1-HCAHeart7843999,Myeloid,0.9376454979520716,0.23339746216938845,D6,pca_knn,predicted
TAAACCGTCAAGCCTA-1-HCAHeart7843999,Endothelial,1.0,-0.0,D6,pca_knn,predicted
CAGTAACCACCAACCG-1-HCAHeart7844004,Endothelial,1.0,-0.0,D6,pca_knn,predicted
ACTATCTTCAGTGCAT-1-HCAHeart7888926,Ventricular_Cardiomyocyte,1.0,-0.0,D6,pca_knn,predicted
CAAGAAAAGCCCAATT-1-HCAHeart7888926,Endothelial,1.0,-0.0,D6,pca_knn,predicted
TTACGTTGTCTTAGTG-1-HCAHeart7905328,Endothelial,1.0,-0.0,D6,pca_knn,predicted
GGCGACTTCTTACCGC-1-HCAHeart7844004,Endothelial,1.0,-0.0,D6,pca_knn,predicted
ATTCAGGTCCTCAGGG-1-HCAHeart7905327,Endothelial,1.0,-0.0,D6,pca_knn,predicted
TAAGCGTTCAGCTGTA-1-HCAHeart7905328,Smooth_muscle_cells,0.8648681448151423,0.3960270010125034,D6,pca_knn,predicted
TTTCCTCGTGCCTGTG-1-HCAHeart7888927,Endothelial,1.0,-0.0,D6,pca_knn,predicted
ACTTTCATCACCCTCA-1-HCAHeart7844001,Lymphoid,1.0,-0.0,D6,pca_knn,predicted
AAAGATGGTAGCGCTC-1-HCAHeart7844001,Endothelial,1.0,-0.0,D6,pca_knn,predicted
GCTGCGAAGAGACTAT-1-HCAHeart7888926,Ventricular_Cardiomyocyte,1.0,-0.0,D6,pca_knn,predicted
CAAGATCCAAGAAGAG-1-HCAHeart7844002,Lymphoid,1.0,-0.0,D6,pca_knn,predicted
TCCGAAAAGGCGCTCT-1-HCAHeart7905332,Endothelial,1.0,-0.0,D6,pca_knn,predicted
CATGCGGTCTATTTCG-1-HCAHeart7905327,Fibroblast,1.0,-0.0,D6,pca_knn,predicted
AACTCTTGTCACTGGC-1-HCAHeart7844001,Endothelial,1.0,-0.0,D6,pca_knn,predicted
GACGGCTGTCATGCAT-1-HCAHeart7880861,Endothelial,0.6103155295898669,0.6686067373454208,D6,pca_knn,predicted
GTTGTAGTCCATTCAT-1-HCAHeart7905327,Endothelial,1.0,-0.0,D6,pca_knn,predicted
AACACACCAGCCGTTG-1-HCAHeart7905328,Endothelial,1.0,-0.0,D6,pca_knn,predicted
AAACGAATCTGGTGGC-1-HCAHeart7905327,Endothelial,1.0,-0.0,D6,pca_knn,predicted
GCATGTACACAAGTAA-1-HCAHeart7844003,Myeloid,0.9345647670626187,0.24166794667122965,D6,pca_knn,predicted
GTGTGCGCATACGCCG-1-HCAHeart7844004,Endothelial,1.0,-0.0,D6,pca_knn,predicted
ATAACGCAGTTAGGTA-1-HCAHeart7844004,Endothelial,1.0,-0.0,D6,pca_knn,predicted
TCGCGTTCATATACCG-1-HCAHeart7844004,Pericytes,1.0,-0.0,D6,pca_knn,predicted
TTAGGGTTCGTCAAAC-1-HCAHeart7905327,Endothelial,1.0,-0.0,D6,pca_knn,predicted
CACTGTCAGATGCTTC-1-HCAHeart7905332,Endothelial,1.0,-0.0,D6,pca_knn,predicted
CGATGTACAAGTCTAC-1-HCAHeart7844004,Endothelial,1.0,-0.0,D6,pca_knn,predicted
CACTCCAAGCACAGGT-1-HCAHeart7844003,Endothelial,1.0,-0.0,D6,pca_knn,predicted
TATTACCGTTGGAGGT-1-HCAHeart7844003,Myeloid,0.8705056682796409,0.38542432007562655,D6,pca_knn,predicted
TAGACCATCAACACTG-1-HCAHeart7888926,Pericytes,1.0,-0.0,D6,pca_knn,predicted
CAGATACTCCCGTAAA-1-HCAHeart7905330,Endothelial,1.0,-0.0,D6,pca_knn,predicted
GATCGATCACGAAAGC-1-HCAHeart7844004,Endothelial,1.0,-0.0,D6,pca_knn,predicted
CTCACTGGTTCTATCT-1-HCAHeart7905332,Endothelial,1.0,-0.0,D6,pca_knn,predicted
TTCTTAGGTAGCAAAT-1-HCAHeart7844001,Endothelial,1.0,-0.0,D6,pca_knn,predicted
ACACCAACAACTGCTA-1-HCAHeart7843999,Lymphoid,1.0,-0.0,D6,pca_knn,predicted
GCGGAAATCAGACTGT-1-HCAHeart7905332,Endothelial,1.0,-0.0,D6,pca_knn,predicted
GTCGCGATCCAGTGCG-1-HCAHeart7905328,Endothelial,0.9337775316372052,0.24375617318012938,D6,pca_knn,predicted
GAGACTTCAAAGGCGT-1-HCAHeart7905328,Endothelial,1.0,-0.0,D6,pca_knn,predicted
TCGCGAGAGTAAGTAC-1-HCAHeart7843999,Endothelial,1.0,-0.0,D6,pca_knn,predicted
GACTACACATATGGTC-1-HCAHeart7844003,Endothelial,1.0,-0.0,D6,pca_knn,predicted
CTAGAGTCAGTTCATG-1-HCAHeart7844003,Endothelial,1.0,-0.0,D6,pca_knn,predicted
AAAGGTAGTGACACAG-1-HCAHeart7905328,Endothelial,0.6707715423244044,0.6336308942605174,D6,pca_knn,predicted
GGCGACTAGCGAGAAA-1-HCAHeart7888927,Fibroblast,0.9377514533570925,0.2331101701631542,D6,pca_knn,predicted
GAGTGAGGTCCTCCAT-1-HCAHeart7905332,Endothelial,1.0,-0.0,D6,pca_knn,predicted
TCAGCTCCACCTCGGA-1-HCAHeart7888927,Myeloid,0.9394480886504273,0.22848343337540827,D6,pca_knn,predicted
CATCGGGGTAGCGCAA-1-HCAHeart7843999,Pericytes,0.3794881125659393,1.42045759113172,D6,pca_knn,predicted
GCGCCAAGTTTGACTG-1-HCAHeart7844001,Pericytes,1.0,-0.0,D6,pca_knn,predicted
CCTACACCATTATCTC-1-HCAHeart7844000,Endothelial,1.0,-0.0,D6,pca_knn,predicted
TCTCATACAATAACGA-1-HCAHeart7844004,Pericytes,1.0,-0.0,D6,pca_knn,predicted
TATCAGGGTACTCGCG-1-HCAHeart7880860,Fibroblast,0.9413002944023292,0.22337462499398036,D6,pca_knn,predicted
TGACGGCGTAGCTGCC-1-HCAHeart7844004,Smooth_muscle_cells,0.6153031662248505,0.666316709801483,D6,pca_knn,predicted
TGCAGGCCAGATCCTA-1-HCAHeart7905328,Endothelial,1.0,-0.0,D6,pca_knn,predicted
CCTTACGAGAGTGACC-1-HCAHeart7880862,Fibroblast,1.0,-0.0,D6,pca_knn,predicted
TCGGGACGTCATCCCT-1-HCAHeart7844004,Endothelial,1.0,-0.0,D6,pca_knn,predicted
TTAACTCCATGCCTTC-1-HCAHeart7844004,Endothelial,1.0,-0.0,D6,pca_knn,predicted
CGTTCTGCAGACTCGC-1-HCAHeart7843999,Smooth_muscle_cells,0.8630132619356438,0.3994556052807203,D6,pca_knn,predicted
CGCCAAGGTCGATTGT-1-HCAHeart7844001,Myeloid,1.0,-0.0,D6,pca_knn,predicted
TACTCATTCGCATGGC-1-HCAHeart7844003,Pericytes,1.0,-0.0,D6,pca_knn,predicted
GCATGATGTCTAGCCG-1-HCAHeart7888926,Ventricular_Cardiomyocyte,1.0,-0.0,D6,pca_knn,predicted
CTTAGGATCCCATAAG-1-HCAHeart7905329,Endothelial,1.0,-0.0,D6,pca_knn,predicted
TGCGTGGTCGCCTGAG-1-HCAHeart7844004,Endothelial,1.0,-0.0,D6,pca_knn,predicted
CTACTATGTACGAGTG-1-HCAHeart7905332,Endothelial,1.0,-0.0,D6,pca_knn,predicted
GACTGCGGTGTGCGTC-1-HCAHeart7844000,Endothelial,1.0,-0.0,D6,pca_knn,predicted
AAGTTCGCATCTAACG-1-HCAHeart7905327,Endothelial,1.0,-0.0,D6,pca_knn,predicted
GTCACGGGTGCTAGCC-1-HCAHeart7880863,Atrial_Cardiomyocyte,1.0,-0.0,D6,pca_knn,predicted
CTTACCGCAGCATACT-1-HCAHeart7844001,Endothelial,1.0,-0.0,D6,pca_knn,predicted
CTTTGCGTCTGGTGTA-1-HCAHeart7844001,Pericytes,0.9272140395816896,0.26078646535666866,D6,pca_knn,predicted
GACTAACTCAGGCCCA-1-HCAHeart7844001,Smooth_muscle_cells,0.8676869836317588,0.3907601214213088,D6,pca_knn,predicted
CCGGGATCATCGGACC-1-HCAHeart7844004,Endothelial,1.0,-0.0,D6,pca_knn,predicted
CTACGTCCACAAGCCC-1-HCAHeart7888926,Ventricular_Cardiomyocyte,1.0,-0.0,D6,pca_knn,predicted
CGCTATCCAACGATGG-1-HCAHeart7844004,Endothelial,1.0,-0.0,D6,pca_knn,predicted
AAAGATGAGACAGACC-1-HCAHeart7844002,Lymphoid,1.0,-0.0,D6,pca_knn,predicted
CCCAATCAGTACTTGC-1-HCAHeart7844003,Endothelial,1.0,-0.0,D6,pca_knn,predicted
ACACTGACAGCTTAAC-1-HCAHeart7844001,Endothelial,1.0,-0.0,D6,pca_knn,predicted
TATCCTATCAGGAGAC-1-HCAHeart7905327,Endothelial,1.0,-0.0,D6,pca_knn,predicted
CTTACCGCACACGTGC-1-HCAHeart7905332,Endothelial,1.0,-0.0,D6,pca_knn,predicted
ATGCCTCGTAGACGGT-1-HCAHeart7905328,Endothelial,1.0,-0.0,D6,pca_knn,predicted
CTACCCAAGATCTGAA-1-HCAHeart7844001,Pericytes,0.7475123079103881,0.5650516870358022,D6,pca_knn,predicted
CCGTACTGTCTGGTCG-1-HCAHeart7844001,Endothelial,1.0,-0.0,D6,pca_knn,predicted
CACTTCGAGCTTTGTG-1-HCAHeart7905328,Endothelial,0.9408419534955816,0.22464454556309707,D6,pca_knn,predicted
CTGATCCTCATCGCTC-1-HCAHeart7888927,Pericytes,1.0,-0.0,D6,pca_knn,predicted
TGAGAGGTCTAAGCCA-1-HCAHeart7880860,Endothelial,1.0,-0.0,D6,pca_knn,predicted
TACCCACGTTGCTCCT-1-HCAHeart7905328,Endothelial,1.0,-0.0,D6,pca_knn,predicted
GTCACAATCTACCTGC-1-HCAHeart7844003,Lymphoid,0.8217765941022158,0.4686888331761305,D6,pca_knn,predicted
CTCCTAGAGTGTCTCA-1-HCAHeart7844001,Myeloid,0.6519025001313385,0.6462609552174865,D6,pca_knn,predicted
CAACCTCCAGCTGTAT-1-HCAHeart7844004,Endothelial,1.0,-0.0,D6,pca_knn,predicted
CCCTGATAGGATTTCC-1-HCAHeart7905332,Smooth_muscle_cells,1.0,-0.0,D6,pca_knn,predicted
CCGGGATAGTCCAGGA-1-HCAHeart7844004,Endothelial,1.0,-0.0,D6,pca_knn,predicted
GTTACAGCAGACAAAT-1-HCAHeart7880862,Atrial_Cardiomyocyte,1.0,-0.0,D6,pca_knn,predicted
AAGACCTCATCGGGTC-1-HCAHeart7843999,Myeloid,0.9218281747751867,0.2742814694465193,D6,pca_knn,predicted
TCATTACAGAACAACT-1-HCAHeart7844002,Endothelial,1.0,-0.0,D6,pca_knn,predicted
TTGCCGTGTCTAAACC-1-HCAHeart7844004,Myeloid,0.8529017889402292,0.4176424434152406,D6,pca_knn,predicted
TACCGAACAGTCGCTG-1-HCAHeart7905327,Endothelial,1.0,-0.0,D6,pca_knn,predicted
AGAGCGAAGAGGGATA-1-HCAHeart7844004,Endothelial,1.0,-0.0,D6,pca_knn,predicted
ATCCACCGTAACGATA-1-HCAHeart7905330,Endothelial,1.0,-0.0,D6,pca_knn,predicted
TATCTTGCAATTGCCA-1-HCAHeart7905328,Endothelial,1.0,-0.0,D6,pca_knn,predicted
TCCCGATTCCACGCAG-1-HCAHeart7843999,Endothelial,1.0,-0.0,D6,pca_knn,predicted
CTAGCCTTCCGAACGC-1-HCAHeart7844003,Endothelial,0.6786233921859851,0.6279027545885909,D6,pca_knn,predicted
TGTCCACTCCCAACTC-1-HCAHeart7905327,Endothelial,1.0,-0.0,D6,pca_knn,predicted
ACCAAACAGAATCGAT-1-HCAHeart7905332,Endothelial,1.0,-0.0,D6,pca_knn,predicted
TCAGCTCGTTCTGGTA-1-HCAHeart7844000,Pericytes,0.8097566697413812,0.48657560371169106,D6,pca_knn,predicted
GACCAATAGCTTTGGT-1-HCAHeart7844003,Endothelial,1.0,-0.0,D6,pca_knn,predicted
TGGGCTGGTCTCACAA-1-HCAHeart7905332,Endothelial,1.0,-0.0,D6,pca_knn,predicted
TTGACTTCAAGAAAGG-1-HCAHeart7844004,Pericytes,1.0,-0.0,D6,pca_knn,predicted
ACTTACTCACCAGCAC-1-HCAHeart7888927,Pericytes,0.936377784247204,0.23681998818920652,D6,pca_knn,predicted
CATCGCTCACAAGGTG-1-HCAHeart7905328,Pericytes,1.0,-0.0,D6,pca_knn,predicted
ATCCGAAGTGCACGAA-1-HCAHeart7844001,Endothelial,1.0,-0.0,D6,pca_knn,predicted
CATCGAATCGTCTGAA-1-HCAHeart7844001,Lymphoid,1.0,-0.0,D6,pca_knn,predicted
CGATTGATCATAACCG-1-HCAHeart7844000,Lymphoid,1.0,-0.0,D6,pca_knn,predicted
CAGGCCACACGACGAA-1-HCAHeart7905329,Endothelial,1.0,-0.0,D6,pca_knn,predicted
CTTCAATGTGAATGAT-1-HCAHeart7905330,Fibroblast,0.38677245434637747,1.0803141967598524,D6,pca_knn,predicted
TGTCCACAGGGACACT-1-HCAHeart7905332,Lymphoid,1.0,-0.0,D6,pca_knn,predicted
CTGATCCTCATGTGGT-1-HCAHeart7888927,Myeloid,0.8035418965753789,0.4954529338153711,D6,pca_knn,predicted
TGCGTGGGTCCTCTTG-1-HCAHeart7844002,Lymphoid,0.9382059885163904,0.2318755381483436,D6,pca_knn,predicted
AACCTTTAGGCCTGCT-1-HCAHeart7905327,Endothelial,1.0,-0.0,D6,pca_knn,predicted
ATTATCCTCAACGGGA-1-HCAHeart7844000,Endothelial,1.0,-0.0,D6,pca_knn,predicted
GTACTCCTCCGCTGTT-1-HCAHeart7880862,Atrial_Cardiomyocyte,1.0,-0.0,D6,pca_knn,predicted
TGGTTCCAGCTATGCT-1-HCAHeart7844001,Endothelial,1.0,-0.0,D6,pca_knn,predicted
TTTACTGTCGACCAAT-1-HCAHeart7905329,Pericytes,0.9345803063654818,0.24162662537832563,D6,pca_knn,predicted
GGACAAGGTGTTTGGT-1-HCAHeart7843999,Endothelial,1.0,-0.0,D6,pca_knn,predicted
ACTGTCCCAATTCCTT-1-HCAHeart7844001,Pericytes,0.5395856268819903,1.2190234985919002,D6,pca_knn,predicted
ATGAGGGAGGGCACTA-1-HCAHeart7844001,Endothelial,1.0,-0.0,D6,pca_knn,predicted
GACAGAGTCTGGCGAC-1-HCAHeart7844004,Endothelial,1.0,-0.0,D6,pca_knn,predicted
CGGAGCTAGAACAATC-1-HCAHeart7844001,Myeloid,0.9359808768788299,0.23788597482866397,D6,pca_knn,predicted
GTGTAACAGCACCCAC-1-HCAHeart7905331,Pericytes,0.8807909296059248,0.36534615165110285,D6,pca_knn,predicted
ACGTCCTTCTTCGGAA-1-HCAHeart7905327,Pericytes,0.6082969662066605,0.6695037821813794,D6,pca_knn,predicted
ACGATACTCTGTTGAG-1-HCAHeart7844001,Endothelial,1.0,-0.0,D6,pca_knn,predicted
TAGGTACAGTCATAGA-1-HCAHeart7905327,Endothelial,1.0,-0.0,D6,pca_knn,predicted
CTGTTTAAGATAGCAT-1-HCAHeart7844001,Endothelial,1.0,-0.0,D6,pca_knn,predicted
CGCTGGAAGTGTCCCG-1-HCAHeart7844004,Endothelial,1.0,-0.0,D6,pca_knn,predicted
AAAGTAGTCTGAGGGA-1-HCAHeart7844004,Endothelial,1.0,-0.0,D6,pca_knn,predicted
AAAGGTATCGTGGACC-1-HCAHeart7905328,Endothelial,1.0,-0.0,D6,pca_knn,predicted
CGAACATGTCTAGTGT-1-HCAHeart7844001,Endothelial,1.0,-0.0,D6,pca_knn,predicted
ATGGGAGCACAAGCCC-1-HCAHeart7844001,Endothelial,1.0,-0.0,D6,pca_knn,predicted
GGCGACTTCAGGCCCA-1-HCAHeart7843999,Endothelial,1.0,-0.0,D6,pca_knn,predicted
GTGCATACAGCCTTGG-1-HCAHeart7843999,Myeloid,1.0,-0.0,D6,pca_knn,predicted
GTGCATACACATTTCT-1-HCAHeart7844002,Endothelial,1.0,-0.0,D6,pca_knn,predicted
AACTCCCAGGATATAC-1-HCAHeart7844000,Lymphoid,0.937715622894399,0.23320734391509626,D6,pca_knn,predicted
GTCTAGAGTTACCGTA-1-HCAHeart7905327,Endothelial,1.0,-0.0,D6,pca_knn,predicted
CTCGGGAAGCAGCCTC-1-HCAHeart7844002,Pericytes,1.0,-0.0,D6,pca_knn,predicted
CGCCATTAGAACCCGA-1-HCAHeart7905327,Endothelial,1.0,-0.0,D6,pca_knn,predicted
TCAATCTGTGTCTGAT-1-HCAHeart7843999,Endothelial,1.0,-0.0,D6,pca_knn,predicted
AGTCTTTAGTAATCCC-1-HCAHeart7843999,Endothelial,1.0,-0.0,D6,pca_knn,predicted
TTGAGTGGTGGTAATA-1-HCAHeart7905331,Endothelial,1.0,-0.0,D6,pca_knn,predicted
CTACAGAGTGCATGAG-1-HCAHeart7905327,Endothelial,1.0,-0.0,D6,pca_knn,predicted
TACTCATGTTGGTGGA-1-HCAHeart7880861,Ventricular_Cardiomyocyte,1.0,-0.0,D6,pca_knn,predicted
CCTCAACGTTCGATTG-1-HCAHeart7905331,Endothelial,1.0,-0.0,D6,pca_knn,predicted
AGGGTTTTCACAACCA-1-HCAHeart7905332,Endothelial,1.0,-0.0,D6,pca_knn,predicted
TGGCTGGTCAGAGGTG-1-HCAHeart7844003,Endothelial,1.0,-0.0,D6,pca_knn,predicted
GATGATCGTACGCGTC-1-HCAHeart7905330,Endothelial,1.0,-0.0,D6,pca_knn,predicted
ACCAGTAAGCGTAATA-1-HCAHeart7844001,Pericytes,1.0,-0.0,D6,pca_knn,predicted
CCTTTGGAGCCTGACC-1-HCAHeart7905332,Endothelial,1.0,-0.0,D6,pca_knn,predicted
ACGATACAGATATGGT-1-HCAHeart7880861,Ventricular_Cardiomyocyte,1.0,-0.0,D6,pca_knn,predicted
TCTACCGCACAAGCTT-1-HCAHeart7905331,Endothelial,1.0,-0.0,D6,pca_knn,predicted
TCACTCGGTCAGGAGT-1-HCAHeart7905328,Endothelial,1.0,-0.0,D6,pca_knn,predicted
TAAGCCACATTGCCTC-1-HCAHeart7905331,Endothelial,1.0,-0.0,D6,pca_knn,predicted
GTTCGGGCAGTCACTA-1-HCAHeart7844001,Endothelial,1.0,-0.0,D6,pca_knn,predicted
AGGTCATCAATAACGA-1-HCAHeart7888926,Ventricular_Cardiomyocyte,1.0,-0.0,D6,pca_knn,predicted
CCCAATCAGACCCACC-1-HCAHeart7844001,Endothelial,1.0,-0.0,D6,pca_knn,predicted
TGCGCAGTCAGGCAAG-1-HCAHeart7880862,Endothelial,1.0,-0.0,D6,pca_knn,predicted
AGCATACCAGGACCCT-1-HCAHeart7880863,Atrial_Cardiomyocyte,1.0,-0.0,D6,pca_knn,predicted
ATTCACTTCGACGATT-1-HCAHeart7905332,Endothelial,1.0,-0.0,D6,pca_knn,predicted
TCGCTTGTCTCTTGCG-1-HCAHeart7905332,Endothelial,0.9237788402953945,0.2694416952171002,D6,pca_knn,predicted
GGGAGATTCAGCACAT-1-HCAHeart7844003,Endothelial,1.0,-0.0,D6,pca_knn,predicted
CCATTCGCAAACAACA-1-HCAHeart7844001,Myeloid,1.0,-0.0,D6,pca_knn,predicted
GTCTCGTGTATAGTAG-1-HCAHeart7843999,Endothelial,0.4443541019805861,1.2052019016663595,D6,pca_knn,predicted
TCGGGACCAATGCCAT-1-HCAHeart7844004,Endothelial,1.0,-0.0,D6,pca_knn,predicted
TTTGTCATCCTTGACC-1-HCAHeart7880861,Myeloid,0.7361669797999263,0.5770280753894549,D6,pca_knn,predicted
GGGTCTGCAAATCCGT-1-HCAHeart7888927,Lymphoid,1.0,-0.0,D6,pca_knn,predicted
ACGGGCTAGAGTGAGA-1-HCAHeart7843999,Endothelial,1.0,-0.0,D6,pca_knn,predicted
CTAATGGGTAACGACG-1-HCAHeart7844004,Endothelial,1.0,-0.0,D6,pca_knn,predicted
GTGCAGCCAATGCCAT-1-HCAHeart7843999,Lymphoid,0.9445464015392342,0.21427018985722812,D6,pca_knn,predicted
CTACGGGAGGGCGAGA-1-HCAHeart7905328,Endothelial,1.0,-0.0,D6,pca_knn,predicted
TCAGGTAAGGTAGCTG-1-HCAHeart7844003,Endothelial,1.0,-0.0,D6,pca_knn,predicted
TACACGAAGGACTGGT-1-HCAHeart7844000,Endothelial,1.0,-0.0,D6,pca_knn,predicted
ACAGCTAGTGGAAAGA-1-HCAHeart7844001,Smooth_muscle_cells,0.9356153917503315,0.2388652442999924,D6,pca_knn,predicted
GGTGTTACAAACGCGA-1-HCAHeart7844001,Lymphoid,1.0,-0.0,D6,pca_knn,predicted
CTCATTAGTACCGTTA-1-HCAHeart7844001,Endothelial,1.0,-0.0,D6,pca_knn,predicted
CACCAGGGTGTAAGTA-1-HCAHeart7844001,Endothelial,1.0,-0.0,D6,pca_knn,predicted
TGAGAGGTCCTTGCCA-1-HCAHeart7844004,Endothelial,1.0,-0.0,D6,pca_knn,predicted
TTGCGTCTCAACACAC-1-HCAHeart7844003,Endothelial,0.9313609016546777,0.25010440634546083,D6,pca_knn,predicted
CGAGCACTCGCTAGCG-1-HCAHeart7844001,Myeloid,1.0,-0.0,D6,pca_knn,predicted
CGGAGTCGTCTAAAGA-1-HCAHeart7844000,Endothelial,1.0,-0.0,D6,pca_knn,predicted
TGGGCGTAGGAGCGTT-1-HCAHeart7844000,Lymphoid,1.0,-0.0,D6,pca_knn,predicted
TTGGCAAGTGTGACCC-1-HCAHeart7844000,Endothelial,1.0,-0.0,D6,pca_knn,predicted
CACCACTGTCGCGTGT-1-HCAHeart7844004,Endothelial,1.0,-0.0,D6,pca_knn,predicted
CAAGTTGGTGAGCGAT-1-HCAHeart7844002,Lymphoid,1.0,-0.0,D6,pca_knn,predicted
CTGTGCTCAGTTCCCT-1-HCAHeart7844001,Myeloid,1.0,-0.0,D6,pca_knn,predicted
TACGGGCTCTTACCGC-1-HCAHeart7844004,Endothelial,1.0,-0.0,D6,pca_knn,predicted
ATCACGAGTTGCCTCT-1-HCAHeart7880861,Ventricular_Cardiomyocyte,1.0,-0.0,D6,pca_knn,predicted
ACCAGTATCGGAAACG-1-HCAHeart7844000,Endothelial,1.0,-0.0,D6,pca_knn,predicted
CGGCTAGAGGGCTCTC-1-HCAHeart7844004,Endothelial,1.0,-0.0,D6,pca_knn,predicted
TCCTAATGTATGGGAC-1-HCAHeart7905332,Endothelial,1.0,-0.0,D6,pca_knn,predicted
AGATCTGTCAAGATCC-1-HCAHeart7844001,Pericytes,0.9382544880763939,0.2317435911451052,D6,pca_knn,predicted
GCATGCGGTTATGCGT-1-HCAHeart7844001,Pericytes,1.0,-0.0,D6,pca_knn,predicted
TAAGAGAGTCGCATCG-1-HCAHeart7844004,Endothelial,1.0,-0.0,D6,pca_knn,predicted
CGCTGGAAGGATGTAT-1-HCAHeart7844004,Endothelial,1.0,-0.0,D6,pca_knn,predicted
TTGAACGGTTCAGCGC-1-HCAHeart7844001,Endothelial,1.0,-0.0,D6,pca_knn,predicted
TCAGCTCCAAGGACAC-1-HCAHeart7843999,Endothelial,1.0,-0.0,D6,pca_knn,predicted
TCACTATGTCTCGGAC-1-HCAHeart7905328,Endothelial,1.0,-0.0,D6,pca_knn,predicted
CACTCCATCTTTAGTC-1-HCAHeart7888927,Pericytes,0.9375362856492185,0.23369338410936696,D6,pca_knn,predicted
TTCCTAAGTAGAGATT-1-HCAHeart7905327,Endothelial,1.0,-0.0,D6,pca_knn,predicted
TGCGTGGCACAAGTAA-1-HCAHeart7844001,Pericytes,0.5263981866362518,0.8899213384247299,D6,pca_knn,predicted
TGCCAAAAGGATTCGG-1-HCAHeart7844001,Pericytes,0.8715310566432113,0.47246882016090586,D6,pca_knn,predicted
CATCGGGGTAGCGCAA-1-HCAHeart7844002,Myeloid,0.9318656068330778,0.24878624714206796,D6,pca_knn,predicted
GCTGGGTAGCAGATCG-1-HCAHeart7844001,Endothelial,1.0,-0.0,D6,pca_knn,predicted
ACCTGAAGTGGCGTAA-1-HCAHeart7905328,Pericytes,0.7508476719998869,0.5614019641688176,D6,pca_knn,predicted
CGCGTTTTCGACCAGC-1-HCAHeart7844001,Endothelial,1.0,-0.0,D6,pca_knn,predicted
GCATGTAAGACGCACA-1-HCAHeart7843999,Endothelial,1.0,-0.0,D6,pca_knn,predicted
GCGCAACTCGGATGTT-1-HCAHeart7844004,Endothelial,1.0,-0.0,D6,pca_knn,predicted
CACAGGCGTCGAACAG-1-HCAHeart7843999,Smooth_muscle_cells,0.5269330328917942,0.6916957016387311,D6,pca_knn,predicted
TTCGAAGAGAGTGACC-1-HCAHeart7843999,Pericytes,0.7994153854695402,0.5012118041002358,D6,pca_knn,predicted
AGATTGCAGCATGGCA-1-HCAHeart7880862,Atrial_Cardiomyocyte,1.0,-0.0,D6,pca_knn,predicted
AGATTGCGTTGCTCCT-1-HCAHeart7888927,Pericytes,1.0,-0.0,D6,pca_knn,predicted
ATTACTCTCCCAGGTG-1-HCAHeart7844002,Endothelial,1.0,-0.0,D6,pca_knn,predicted
CGATCGGCATGACGGA-1-HCAHeart7844001,Endothelial,1.0,-0.0,D6,pca_knn,predicted
TTGCATTAGAAGTCTA-1-HCAHeart7905332,Endothelial,1.0,-0.0,D6,pca_knn,predicted
GACCAATCAGACAGGT-1-HCAHeart7888927,Endothelial,1.0,-0.0,D6,pca_knn,predicted
CCTTCGATCAGCGATT-1-HCAHeart7844001,Endothelial,1.0,-0.0,D6,pca_knn,predicted
TGTCAGACAGGTTTAC-1-HCAHeart7905327,Endothelial,1.0,-0.0,D6,pca_knn,predicted
TCAATCTGTTCTCATT-1-HCAHeart7844004,Endothelial,1.0,-0.0,D6,pca_knn,predicted
TCTTTCCTCTCACATT-1-HCAHeart7843999,Myeloid,0.9416600773124012,0.22237511587957037,D6,pca_knn,predicted
TTTGGTTTCGGCTGAC-1-HCAHeart7905329,Endothelial,1.0,-0.0,D6,pca_knn,predicted
CTGAAGTTCCGTCAAA-1-HCAHeart7843999,Endothelial,1.0,-0.0,D6,pca_knn,predicted
TTGTGGATCGTAATGC-1-HCAHeart7905331,Endothelial,1.0,-0.0,D6,pca_knn,predicted
TCAGCTCCACCACCAG-1-HCAHeart7843999,Lymphoid,0.7152598648220935,0.7545434763994002,D6,pca_knn,predicted
GACGCGTCAGTGAGTG-1-HCAHeart7843999,Endothelial,1.0,-0.0,D6,pca_knn,predicted
ACTTACTCACCGAAAG-1-HCAHeart7888927,Ventricular_Cardiomyocyte,1.0,-0.0,D6,pca_knn,predicted
CCAAGCGTCCTTATCA-1-HCAHeart7905331,Endothelial,1.0,-0.0,D6,pca_knn,predicted
TTGAACGAGCCTAGGA-1-HCAHeart7905331,Endothelial,1.0,-0.0,D6,pca_knn,predicted
TAGTGGTGTAGCCTCG-1-HCAHeart7844004,Endothelial,1.0,-0.0,D6,pca_knn,predicted
ATCAGGTAGCCGCACT-1-HCAHeart7905331,Endothelial,1.0,-0.0,D6,pca_knn,predicted
ATTGGACTCTCTTATG-1-HCAHeart7880860,Ventricular_Cardiomyocyte,1.0,-0.0,D6,pca_knn,predicted
TCTACATAGTTCTACG-1-HCAHeart7905329,Fibroblast,1.0,-0.0,D6,pca_knn,predicted
TATTCCATCAGCCCAG-1-HCAHeart7905327,Pericytes,1.0,-0.0,D6,pca_knn,predicted
GTCATTTCACGACGAA-1-HCAHeart7844004,Endothelial,1.0,-0.0,D6,pca_knn,predicted
ACCTTTAGTACGCTGC-1-HCAHeart7888927,Ventricular_Cardiomyocyte,1.0,-0.0,D6,pca_knn,predicted
CAGTCCTAGACTTGAA-1-HCAHeart7844004,Endothelial,1.0,-0.0,D6,pca_knn,predicted
CTCCTAGAGAATGTGT-1-HCAHeart7844001,Endothelial,0.6357683372915566,1.1436227066016373,D6,pca_knn,predicted
TGGGCGTCATTGCGGC-1-HCAHeart7880862,Atrial_Cardiomyocyte,1.0,-0.0,D6,pca_knn,predicted
ATCTACTAGTACGCCC-1-HCAHeart7844003,Endothelial,1.0,-0.0,D6,pca_knn,predicted
AGAATAGCAGGACCCT-1-HCAHeart7844001,Endothelial,1.0,-0.0,D6,pca_knn,predicted
CAGCTAATCACTCCTG-1-HCAHeart7880861,Ventricular_Cardiomyocyte,1.0,-0.0,D6,pca_knn,predicted
AACTTTCCATGTTCCC-1-HCAHeart7844003,Endothelial,1.0,-0.0,D6,pca_knn,predicted
CTTCTCTTCTTCTGGC-1-HCAHeart7844004,Pericytes,1.0,-0.0,D6,pca_knn,predicted
TCTAACTGTGAGATAT-1-HCAHeart7905328,Endothelial,1.0,-0.0,D6,pca_knn,predicted
CGGACACTCGTCTGAA-1-HCAHeart7844004,Myeloid,1.0,-0.0,D6,pca_knn,predicted
TCCGAAACAGAGAGGG-1-HCAHeart7905332,Smooth_muscle_cells,0.927899594241405,0.259038468807523,D6,pca_knn,predicted
CTCTGGTAGAGTTGGC-1-HCAHeart7888926,Endothelial,1.0,-0.0,D6,pca_knn,predicted
CACTCCAAGCTCCTCT-1-HCAHeart7844004,Endothelial,1.0,-0.0,D6,pca_knn,predicted
GTTACAGGTCCAGTGC-1-HCAHeart7844002,Lymphoid,1.0,-0.0,D6,pca_knn,predicted
GACTACATCTTATCTG-1-HCAHeart7844003,Endothelial,1.0,-0.0,D6,pca_knn,predicted
CAAGAAAGTCGGCTCA-1-HCAHeart7843999,Endothelial,1.0,-0.0,D6,pca_knn,predicted
GAAATGACAGACGCAA-1-HCAHeart7844001,Pericytes,1.0,-0.0,D6,pca_knn,predicted
CATGCTCTCCACTTCG-1-HCAHeart7905332,Endothelial,1.0,-0.0,D6,pca_knn,predicted
CCTACGTTCAGTCTTT-1-HCAHeart7905332,Endothelial,1.0,-0.0,D6,pca_knn,predicted
CGCTTCAGTTTCCACC-1-HCAHeart7844003,Endothelial,1.0,-0.0,D6,pca_knn,predicted
CATCGGGCAGATTGCT-1-HCAHeart7844003,Endothelial,1.0,-0.0,D6,pca_knn,predicted
GGTGTTAGTTGTACAC-1-HCAHeart7843999,Endothelial,1.0,-0.0,D6,pca_knn,predicted
CGGTTAATCCTTAATC-1-HCAHeart7844001,Pericytes,0.9388962541237181,0.22999377955510886,D6,pca_knn,predicted
TCCGAAACAGGAGGTT-1-HCAHeart7905328,Endothelial,1.0,-0.0,D6,pca_knn,predicted
ACCAGTACACAACTGT-1-HCAHeart7844004,Endothelial,1.0,-0.0,D6,pca_knn,predicted
CAAGAAAAGGGCTCTC-1-HCAHeart7844001,Endothelial,0.8050542259810219,0.49331543846123604,D6,pca_knn,predicted
ACTTATCAGCCTATTG-1-HCAHeart7905328,Endothelial,1.0,-0.0,D6,pca_knn,predicted
CTCTAATCAGATGGCA-1-HCAHeart7843999,Endothelial,1.0,-0.0,D6,pca_knn,predicted
CAAGTTGAGCGTGTCC-1-HCAHeart7888926,Ventricular_Cardiomyocyte,1.0,-0.0,D6,pca_knn,predicted
TACCTTAAGATCACGG-1-HCAHeart7880861,Pericytes,1.0,-0.0,D6,pca_knn,predicted
ACGGGTCCAATTCCTT-1-HCAHeart7880862,Neuronal,1.0,-0.0,D6,pca_knn,predicted
GTTCTCGAGAGTTGGC-1-HCAHeart7844001,Fibroblast,1.0,-0.0,D6,pca_knn,predicted
TACTCATCACATCCAA-1-HCAHeart7844003,Endothelial,1.0,-0.0,D6,pca_knn,predicted
CACCGTTAGGAGGTTC-1-HCAHeart7905330,Smooth_muscle_cells,1.0,-0.0,D6,pca_knn,predicted
AAAGTCCTCGCATTAG-1-HCAHeart7905328,Endothelial,1.0,-0.0,D6,pca_knn,predicted
GTTAAGCCAACACCCG-1-HCAHeart7844004,Endothelial,1.0,-0.0,D6,pca_knn,predicted
ACCTTTATCTGTCTAT-1-HCAHeart7843999,Endothelial,1.0,-0.0,D6,pca_knn,predicted
AGCGTATAGACCACGA-1-HCAHeart7844000,Lymphoid,1.0,-0.0,D6,pca_knn,predicted
TGGCGCAGTAGATTAG-1-HCAHeart7844001,Endothelial,1.0,-0.0,D6,pca_knn,predicted
TACGGGCAGGAGGTTC-1-HCAHeart7905331,Pericytes,1.0,-0.0,D6,pca_knn,predicted
AGTGAGGGTAGAGGAA-1-HCAHeart7844003,Endothelial,1.0,-0.0,D6,pca_knn,predicted
GTTGCTCGTTCCCAAA-1-HCAHeart7905327,Endothelial,1.0,-0.0,D6,pca_knn,predicted
TACGGATAGATGTAAC-1-HCAHeart7844000,Endothelial,1.0,-0.0,D6,pca_knn,predicted
CGCTATCCACGAAGCA-1-HCAHeart7844004,Endothelial,1.0,-0.0,D6,pca_knn,predicted
GTCGTAACAGTCAGAG-1-HCAHeart7844002,Endothelial,1.0,-0.0,D6,pca_knn,predicted
TTCGAAGAGCCACCTG-1-HCAHeart7843999,Lymphoid,1.0,-0.0,D6,pca_knn,predicted
TCCTTCTAGCTCGACC-1-HCAHeart7905328,Endothelial,1.0,-0.0,D6,pca_knn,predicted
CTAACTTTCGTACCGG-1-HCAHeart7844003,Lymphoid,0.8294254952948068,0.4567959948162188,D6,pca_knn,predicted
GGCGACTGTGCTTCTC-1-HCAHeart7844001,Endothelial,1.0,-0.0,D6,pca_knn,predicted
AGCATCACACAAGGTG-1-HCAHeart7905330,Endothelial,1.0,-0.0,D6,pca_knn,predicted
CGGACGTCACCCATGG-1-HCAHeart7843999,Endothelial,1.0,-0.0,D6,pca_knn,predicted
TTCTTAGGTAAATGTG-1-HCAHeart7844004,Endothelial,1.0,-0.0,D6,pca_knn,predicted
CATATTCGTAGTAGTA-1-HCAHeart7844000,Endothelial,1.0,-0.0,D6,pca_knn,predicted
GCATGATAGCTTCGCG-1-HCAHeart7880861,Ventricular_Cardiomyocyte,1.0,-0.0,D6,pca_knn,predicted
GGAGCAAGTCCAAGTT-1-HCAHeart7844004,Pericytes,1.0,-0.0,D6,pca_knn,predicted
TCCGGGAGTTCGAACT-1-HCAHeart7905327,Endothelial,1.0,-0.0,D6,pca_knn,predicted
GATTCAGGTGATGTCT-1-HCAHeart7844004,Endothelial,1.0,-0.0,D6,pca_knn,predicted
CTGTGCTGTTGGACCC-1-HCAHeart7844002,Endothelial,1.0,-0.0,D6,pca_knn,predicted
TCGAGGCAGCACCGCT-1-HCAHeart7844004,Endothelial,1.0,-0.0,D6,pca_knn,predicted
TTGCCGTGTTGGTAAA-1-HCAHeart7844004,Endothelial,1.0,-0.0,D6,pca_knn,predicted
GTAGTCAAGGGAGTAA-1-HCAHeart7844000,Endothelial,1.0,-0.0,D6,pca_knn,predicted
CATTCGCCATGCCCGA-1-HCAHeart7844003,Lymphoid,0.930935502491705,0.2512123430208256,D6,pca_knn,predicted
CCGGTAGCAAACCTAC-1-HCAHeart7888927,Fibroblast,1.0,-0.0,D6,pca_knn,predicted
TTAGGCACACATTAGC-1-HCAHeart7844004,Smooth_muscle_cells,0.5652232789957666,0.6846147330109464,D6,pca_knn,predicted
ACTTACTCATGCCCGA-1-HCAHeart7844001,Myeloid,1.0,-0.0,D6,pca_knn,predicted
TTCTCAATCTCGGACG-1-HCAHeart7844000,Myeloid,0.8770319630187385,0.4580287295888136,D6,pca_knn,predicted
CCACTACAGCTGTTCA-1-HCAHeart7844004,Endothelial,1.0,-0.0,D6,pca_knn,predicted
CATCAAGGTAGTAGTA-1-HCAHeart7843999,Lymphoid,0.9323170520901192,0.2476037906146559,D6,pca_knn,predicted
CCTACCATCCCGACTT-1-HCAHeart7844001,Lymphoid,1.0,-0.0,D6,pca_knn,predicted
TCAGATGAGAAGATTC-1-HCAHeart7843999,Endothelial,1.0,-0.0,D6,pca_knn,predicted
GGGACCTAGTTAACGA-1-HCAHeart7844004,Endothelial,1.0,-0.0,D6,pca_knn,predicted
CCGGTAGTCGAGCCCA-1-HCAHeart7844004,Endothelial,1.0,-0.0,D6,pca_knn,predicted
TCAGGTAGTGTCTAAC-1-HCAHeart7905327,Endothelial,1.0,-0.0,D6,pca_knn,predicted
AACTTTCGTCACAAGG-1-HCAHeart7844001,Endothelial,1.0,-0.0,D6,pca_knn,predicted
TCATTTGCACTAGTAC-1-HCAHeart7844004,Pericytes,1.0,-0.0,D6,pca_knn,predicted
TCTTTCCTCCCTCTTT-1-HCAHeart7844003,Endothelial,1.0,-0.0,D6,pca_knn,predicted
CCAATGACAACGGGTA-1-HCAHeart7905328,Pericytes,0.3311957627310467,1.4268397323503632,D6,pca_knn,predicted
ATCATCTGTTATCACG-1-HCAHeart7843999,Lymphoid,1.0,-0.0,D6,pca_knn,predicted
TGCCCATTCCGCGTTT-1-HCAHeart7844001,Pericytes,1.0,-0.0,D6,pca_knn,predicted
GCTGCAGAGGTTGTTC-1-HCAHeart7905331,Endothelial,1.0,-0.0,D6,pca_knn,predicted
GAACATCAGCGATTCT-1-HCAHeart7880862,Endothelial,1.0,-0.0,D6,pca_knn,predicted
GCTTTCGAGTCTTGGT-1-HCAHeart7905329,Endothelial,1.0,-0.0,D6,pca_knn,predicted
CTCCTAGCAACACCTA-1-HCAHeart7844001,Endothelial,1.0,-0.0,D6,pca_knn,predicted
CTCAGAATCCATGAAC-1-HCAHeart7844002,Endothelial,1.0,-0.0,D6,pca_knn,predicted
CTCGTACGTCCCTACT-1-HCAHeart7844003,Pericytes,1.0,-0.0,D6,pca_knn,predicted
TACGGTAGTTACCGAT-1-HCAHeart7844004,Endothelial,1.0,-0.0,D6,pca_knn,predicted
CCGTTCAAGACAGAGA-1-HCAHeart7843999,Lymphoid,1.0,-0.0,D6,pca_knn,predicted
CGCGGTATCACGCGGT-1-HCAHeart7888926,Endothelial,1.0,-0.0,D6,pca_knn,predicted
TACGGTACACTCTGTC-1-HCAHeart7843999,Lymphoid,1.0,-0.0,D6,pca_knn,predicted
TAAGCGTAGCTGTTCA-1-HCAHeart7844004,Smooth_muscle_cells,0.6612695575757787,0.6401897942067196,D6,pca_knn,predicted
GTTCTCGTCACGCATA-1-HCAHeart7880863,Atrial_Cardiomyocyte,1.0,-0.0,D6,pca_knn,predicted
GACAGCCCAGCAAGAC-1-HCAHeart7905328,Endothelial,1.0,-0.0,D6,pca_knn,predicted
ACGGTTACACTAACCA-1-HCAHeart7905327,Endothelial,1.0,-0.0,D6,pca_knn,predicted
ACACCGGGTGCACTTA-1-HCAHeart7843999,Endothelial,1.0,-0.0,D6,pca_knn,predicted
TAGATCGGTACGCTAT-1-HCAHeart7905328,Endothelial,1.0,-0.0,D6,pca_knn,predicted
CTCCAACGTATGAAGT-1-HCAHeart7905332,Endothelial,1.0,-0.0,D6,pca_knn,predicted
GACAGAGCACAGGAGT-1-HCAHeart7844004,Pericytes,0.8673105085119626,0.3914675265614947,D6,pca_knn,predicted
CGATGGCGTCTCATCC-1-HCAHeart7844004,Endothelial,1.0,-0.0,D6,pca_knn,predicted
GTCATTTCACCGAAAG-1-HCAHeart7844000,Endothelial,1.0,-0.0,D6,pca_knn,predicted
CGCTTCACATGGTTGT-1-HCAHeart7844001,Myeloid,0.8508564780118544,0.4212205589357138,D6,pca_knn,predicted
AGCGTCGAGGATGCGT-1-HCAHeart7844004,Endothelial,1.0,-0.0,D6,pca_knn,predicted
AGACAGGGTTGGCCGT-1-HCAHeart7905331,Endothelial,1.0,-0.0,D6,pca_knn,predicted
AAAGTAGAGAACTCGG-1-HCAHeart7844001,Pericytes,0.8777311498164758,0.3714212747240314,D6,pca_knn,predicted
GCGCCAATCGTCGTTC-1-HCAHeart7880862,Endothelial,1.0,-0.0,D6,pca_knn,predicted
TAGGCATGTATATGAG-1-HCAHeart7844000,Endothelial,1.0,-0.0,D6,pca_knn,predicted
ATTATCCAGGTCGGAT-1-HCAHeart7843999,Endothelial,1.0,-0.0,D6,pca_knn,predicted
GCTGCAGTCTTTCCTC-1-HCAHeart7844004,Endothelial,1.0,-0.0,D6,pca_knn,predicted
AGCTTCCGTTCAGTAC-1-HCAHeart7905327,Endothelial,1.0,-0.0,D6,pca_knn,predicted
TCAGATGTCACAACGT-1-HCAHeart7843999,Endothelial,1.0,-0.0,D6,pca_knn,predicted
AGCATACCAGCCTTTC-1-HCAHeart7880860,Fibroblast,1.0,-0.0,D6,pca_knn,predicted
AGCTTGAGTGTGCGTC-1-HCAHeart7843999,Endothelial,1.0,-0.0,D6,pca_knn,predicted
CCGTTCAAGGACACCA-1-HCAHeart7844004,Endothelial,1.0,-0.0,D6,pca_knn,predicted
CAGATCACATGTAGTC-1-HCAHeart7844004,Endothelial,1.0,-0.0,D6,pca_knn,predicted
CTTCAATGTGGGACAT-1-HCAHeart7905327,Endothelial,1.0,-0.0,D6,pca_knn,predicted
GGTGCGTAGAGTGAGA-1-HCAHeart7843999,Endothelial,1.0,-0.0,D6,pca_knn,predicted
TACGGTAAGGTCGGAT-1-HCAHeart7880862,Atrial_Cardiomyocyte,1.0,-0.0,D6,pca_knn,predicted
GATCGATAGATCCTGT-1-HCAHeart7843999,Endothelial,1.0,-0.0,D6,pca_knn,predicted
AGTGAGGAGCTAGCCC-1-HCAHeart7844004,Endothelial,1.0,-0.0,D6,pca_knn,predicted
GGAACTTTCAACCAAC-1-HCAHeart7844003,Endothelial,1.0,-0.0,D6,pca_knn,predicted
ACTTGTTCACTTCTGC-1-HCAHeart7844001,Endothelial,0.5058305098774034,0.6930791893281345,D6,pca_knn,predicted
GCAGCCACATGCCACG-1-HCAHeart7844004,Endothelial,1.0,-0.0,D6,pca_knn,predicted
GCAAACTAGAAGGTGA-1-HCAHeart7844000,Endothelial,1.0,-0.0,D6,pca_knn,predicted
ACGGAGAAGATAGCAT-1-HCAHeart7844001,Endothelial,0.9298088693667174,0.25413306215453946,D6,pca_knn,predicted
CTGTTTAGTATTCGTG-1-HCAHeart7844004,Pericytes,1.0,-0.0,D6,pca_knn,predicted
TCAGCAAAGGTGTGGT-1-HCAHeart7880862,Atrial_Cardiomyocyte,1.0,-0.0,D6,pca_knn,predicted
GACACGCGTACCGTAT-1-HCAHeart7844001,Endothelial,1.0,-0.0,D6,pca_knn,predicted
TTGCCGTCAATCGGTT-1-HCAHeart7844003,Endothelial,0.5976955388592702,0.8477921172147762,D6,pca_knn,predicted
CGTTGGGAGTGTTAGA-1-HCAHeart7844004,Myeloid,0.8755097609839071,0.46199233744648716,D6,pca_knn,predicted
ACTGTCCCATCGCTGG-1-HCAHeart7905332,Fibroblast,1.0,-0.0,D6,pca_knn,predicted
GCTCTGTAGAGCTATA-1-HCAHeart7880862,Atrial_Cardiomyocyte,1.0,-0.0,D6,pca_knn,predicted
GTTAAGCGTATATGGA-1-HCAHeart7844004,Endothelial,1.0,-0.0,D6,pca_knn,predicted
GAAACTCCATCGGACC-1-HCAHeart7843999,Lymphoid,1.0,-0.0,D6,pca_knn,predicted
GGCTTGGGTGCGCTCA-1-HCAHeart7905328,Endothelial,1.0,-0.0,D6,pca_knn,predicted
CTCCTAGTCGGTGTTA-1-HCAHeart7844001,Endothelial,1.0,-0.0,D6,pca_knn,predicted
GTTACCCCAGGATGAC-1-HCAHeart7905329,Endothelial,1.0,-0.0,D6,pca_knn,predicted
ACAAGCTAGCTGACTT-1-HCAHeart7905328,Endothelial,1.0,-0.0,D6,pca_knn,predicted
CGAACATTCCTTGGTC-1-HCAHeart7880862,Myeloid,0.7943304429041426,0.5081623500815603,D6,pca_knn,predicted
GATCTAGAGCCTATGT-1-HCAHeart7844001,Endothelial,1.0,-0.0,D6,pca_knn,predicted
CGCAGGTTCTGGACCG-1-HCAHeart7905332,Endothelial,1.0,-0.0,D6,pca_knn,predicted
TCGCGTTAGACAATAC-1-HCAHeart7844004,Endothelial,1.0,-0.0,D6,pca_knn,predicted
TTCGGTCAGTGAACAT-1-HCAHeart7844004,Endothelial,1.0,-0.0,D6,pca_knn,predicted
TTCTCAAGTACGAAAT-1-HCAHeart7843999,Endothelial,1.0,-0.0,D6,pca_knn,predicted
CAGGCCAGTGAGACGT-1-HCAHeart7905328,Endothelial,1.0,-0.0,D6,pca_knn,predicted
TCATTTGCAGCTGGTC-1-HCAHeart7905329,Endothelial,1.0,-0.0,D6,pca_knn,predicted
CTGCGGAAGAAACGCC-1-HCAHeart7843999,Endothelial,1.0,-0.0,D6,pca_knn,predicted
GGGTCTGCACCAGTTA-1-HCAHeart7844001,Myeloid,0.9359208240809417,0.23804703116305737,D6,pca_knn,predicted
GTCCCATGTCTGTGAT-1-HCAHeart7905332,Fibroblast,1.0,-0.0,D6,pca_knn,predicted
GGATGTTCAACAACCT-1-HCAHeart7844001,Pericytes,1.0,-0.0,D6,pca_knn,predicted
TTCGGTCTCTCGCTTG-1-HCAHeart7880862,Atrial_Cardiomyocyte,1.0,-0.0,D6,pca_knn,predicted
TGACTTTAGCTGCCCA-1-HCAHeart7844004,Endothelial,1.0,-0.0,D6,pca_knn,predicted
TTTATGCCAGGCTGAA-1-HCAHeart7844001,Endothelial,1.0,-0.0,D6,pca_knn,predicted
TGCCCATGTACAGTTC-1-HCAHeart7880862,Endothelial,1.0,-0.0,D6,pca_knn,predicted
AACTGGTCATCGGGTC-1-HCAHeart7844001,Myeloid,0.9436095955629297,0.21691784950642684,D6,pca_knn,predicted
TTCACGCGTCTTCATT-1-HCAHeart7905332,Endothelial,1.0,-0.0,D6,pca_knn,predicted
CCTTCCCAGCCCAACC-1-HCAHeart7843999,Endothelial,1.0,-0.0,D6,pca_knn,predicted
GGGAATGTCGTTTAGG-1-HCAHeart7844001,Lymphoid,1.0,-0.0,D6,pca_knn,predicted
TGTTACTTCCCTGTTG-1-HCAHeart7905332,Endothelial,1.0,-0.0,D6,pca_knn,predicted
CCACCTAGTCCCTTGT-1-HCAHeart7888926,Ventricular_Cardiomyocyte,1.0,-0.0,D6,pca_knn,predicted
TGGCCAGTCCTTTCGG-1-HCAHeart7888927,Ventricular_Cardiomyocyte,1.0,-0.0,D6,pca_knn,predicted
TATATCCAGCTCTGTA-1-HCAHeart7905327,Endothelial,1.0,-0.0,D6,pca_knn,predicted
ATCATGGGTGCAACGA-1-HCAHeart7844002,Lymphoid,1.0,-0.0,D6,pca_knn,predicted
TGACTAGGTGCTCTTC-1-HCAHeart7844001,Lymphoid,1.0,-0.0,D6,pca_knn,predicted
CGTGAGCAGGATATAC-1-HCAHeart7880862,Atrial_Cardiomyocyte,1.0,-0.0,D6,pca_knn,predicted
TACGGTAAGACGCAAC-1-HCAHeart7844004,Lymphoid,0.9086283898564963,0.3056997949735157,D6,pca_knn,predicted
CCCTTAGGTCCGACGT-1-HCAHeart7905332,Endothelial,1.0,-0.0,D6,pca_knn,predicted
CTAACTTCATTACCTT-1-HCAHeart7844000,Lymphoid,1.0,-0.0,D6,pca_knn,predicted
TCGAGGCCATTAGCCA-1-HCAHeart7844001,Endothelial,0.7994816514509724,0.5011201681107633,D6,pca_knn,predicted
GTTTACTAGCTGGCTC-1-HCAHeart7905328,Endothelial,1.0,-0.0,D6,pca_knn,predicted
GATCGTACAGACGCTC-1-HCAHeart7844000,Lymphoid,1.0,-0.0,D6,pca_knn,predicted
AGGGATGAGCTATGCT-1-HCAHeart7888926,Fibroblast,1.0,-0.0,D6,pca_knn,predicted
AACCGCGGTAAACGCG-1-HCAHeart7844000,Endothelial,1.0,-0.0,D6,pca_knn,predicted
CGTCACTGTTCTGAAC-1-HCAHeart7844003,Endothelial,1.0,-0.0,D6,pca_knn,predicted
ATTCTACTCAAACCCA-1-HCAHeart7905328,Endothelial,1.0,-0.0,D6,pca_knn,predicted
GAATGAACAAGGCTCC-1-HCAHeart7880861,Ventricular_Cardiomyocyte,1.0,-0.0,D6,pca_knn,predicted
TGCTGCTTCGGCATCG-1-HCAHeart7844004,Lymphoid,0.9358554303031419,0.238222343146055,D6,pca_knn,predicted
AGGGAGTTCTTGTCAT-1-HCAHeart7844001,Pericytes,0.8761404123425581,0.37454506040760716,D6,pca_knn,predicted
AAACCTGCAGTTTACG-1-HCAHeart7844003,Endothelial,1.0,-0.0,D6,pca_knn,predicted
TTGCATTTCAAATAGG-1-HCAHeart7905327,Endothelial,1.0,-0.0,D6,pca_knn,predicted
CGTCACTTCAGGTTCA-1-HCAHeart7844001,Endothelial,1.0,-0.0,D6,pca_knn,predicted
TACCTCGAGTGAACAT-1-HCAHeart7905327,Endothelial,1.0,-0.0,D6,pca_knn,predicted
CTGAAACAGAGGGCTT-1-HCAHeart7844000,Endothelial,1.0,-0.0,D6,pca_knn,predicted
CACATTTTCTGCTTGC-1-HCAHeart7880862,Pericytes,1.0,-0.0,D6,pca_knn,predicted
CAGGGCTGTAGAGATT-1-HCAHeart7905327,Lymphoid,1.0,-0.0,D6,pca_knn,predicted
TGCAGTATCTACCAGA-1-HCAHeart7905331,Endothelial,1.0,-0.0,D6,pca_knn,predicted
CCTAGCTCACATCCGG-1-HCAHeart7843999,Endothelial,1.0,-0.0,D6,pca_knn,predicted
CTCGTCACACGCTTTC-1-HCAHeart7843999,Endothelial,1.0,-0.0,D6,pca_knn,predicted
GGGTCTGGTGACCAAG-1-HCAHeart7844000,Endothelial,1.0,-0.0,D6,pca_knn,predicted
TAGTTGGCAACTGGCC-1-HCAHeart7888926,Ventricular_Cardiomyocyte,1.0,-0.0,D6,pca_knn,predicted
CATGGCGTCCTAGAAC-1-HCAHeart7844003,Pericytes,1.0,-0.0,D6,pca_knn,predicted
CGCGTTTGTGCCTGGT-1-HCAHeart7844001,Endothelial,1.0,-0.0,D6,pca_knn,predicted
CGCCAAGAGACCCACC-1-HCAHeart7844001,Pericytes,1.0,-0.0,D6,pca_knn,predicted
GTCTCGTAGCCCTAAT-1-HCAHeart7844000,Endothelial,1.0,-0.0,D6,pca_knn,predicted
TCTATTGTCCTGCCAT-1-HCAHeart7888926,Ventricular_Cardiomyocyte,1.0,-0.0,D6,pca_knn,predicted
ACATCAGCAACGATGG-1-HCAHeart7888926,Endothelial,1.0,-0.0,D6,pca_knn,predicted
ACGCCAGAGAGATGAG-1-HCAHeart7844001,Lymphoid,0.9226112745910106,0.2723449420423851,D6,pca_knn,predicted
GATGAGGCAGAGTCTT-1-HCAHeart7905331,Endothelial,0.8689765144124095,0.38832768952065133,D6,pca_knn,predicted
GGCAATTTCGGCATCG-1-HCAHeart7844001,Lymphoid,1.0,-0.0,D6,pca_knn,predicted
CAGCATATCCTATGTT-1-HCAHeart7844001,Endothelial,1.0,-0.0,D6,pca_knn,predicted
GCTGCAGGTGTATGGG-1-HCAHeart7843999,Smooth_muscle_cells,0.6604360620457422,0.6407458166742513,D6,pca_knn,predicted
ATTTCACCAATCTCTT-1-HCAHeart7905328,Endothelial,1.0,-0.0,D6,pca_knn,predicted
TACGGATTCTCTTATG-1-HCAHeart7843999,Endothelial,1.0,-0.0,D6,pca_knn,predicted
GTTACAGAGTTTAGGA-1-HCAHeart7880862,Atrial_Cardiomyocyte,1.0,-0.0,D6,pca_knn,predicted
GGCTGGTTCTGTGCAA-1-HCAHeart7844001,Pericytes,0.6118652177439049,0.6679064359660726,D6,pca_knn,predicted
CTTTCAACAGCTGGTC-1-HCAHeart7905331,Endothelial,1.0,-0.0,D6,pca_knn,predicted
CATGGATTCCGCATAA-1-HCAHeart7905328,Lymphoid,1.0,-0.0,D6,pca_knn,predicted
TCAGGTATCTATGTGG-1-HCAHeart7880862,Atrial_Cardiomyocyte,1.0,-0.0,D6,pca_knn,predicted
CTCGGAGGTTCTCATT-1-HCAHeart7844001,Pericytes,0.8066869340014484,0.49099144041990017,D6,pca_knn,predicted
AGTGTCATCTATGTGG-1-HCAHeart7844001,Smooth_muscle_cells,0.3817174734971464,1.0867884957736242,D6,pca_knn,predicted
CAAGAAAAGTTCCACA-1-HCAHeart7844004,Endothelial,1.0,-0.0,D6,pca_knn,predicted
ACTCTCGAGCATGAAT-1-HCAHeart7905328,Endothelial,1.0,-0.0,D6,pca_knn,predicted
ATCACTTCACACCTTC-1-HCAHeart7905332,Endothelial,1.0,-0.0,D6,pca_knn,predicted
CCTACCACACTCAGGC-1-HCAHeart7844003,Endothelial,1.0,-0.0,D6,pca_knn,predicted
CTCCATGGTTTGATCG-1-HCAHeart7905330,Fibroblast,1.0,-0.0,D6,pca_knn,predicted
ATAGACCTCGTAGGTT-1-HCAHeart7844004,Endothelial,1.0,-0.0,D6,pca_knn,predicted
CAGTCCTAGTTATCGC-1-HCAHeart7843999,Endothelial,1.0,-0.0,D6,pca_knn,predicted
TCTCATACAAGTACCT-1-HCAHeart7888926,Pericytes,1.0,-0.0,D6,pca_knn,predicted
CGCCAGATCAGTAGGG-1-HCAHeart7905328,Endothelial,1.0,-0.0,D6,pca_knn,predicted
AAACGGGAGACGACGT-1-HCAHeart7844003,Lymphoid,0.906411305827745,0.3107630497298538,D6,pca_knn,predicted
GTAGAGGTCCGTGGCA-1-HCAHeart7905332,Endothelial,1.0,-0.0,D6,pca_knn,predicted
TAAGAGAGTCTAGCCG-1-HCAHeart7844004,Endothelial,1.0,-0.0,D6,pca_knn,predicted
GCAGTTATCCTGCTTG-1-HCAHeart7844001,Endothelial,1.0,-0.0,D6,pca_knn,predicted
ACCAGTAGTAGTACCT-1-HCAHeart7888927,Ventricular_Cardiomyocyte,1.0,-0.0,D6,pca_knn,predicted
TCGATTTGTTGTTGAC-1-HCAHeart7905328,Endothelial,1.0,-0.0,D6,pca_knn,predicted
CATTATCCACGGTAAG-1-HCAHeart7844001,Lymphoid,0.9423029919264743,0.22058316533944694,D6,pca_knn,predicted
AAGCCGCTCACCATAG-1-HCAHeart7843999,Endothelial,1.0,-0.0,D6,pca_knn,predicted
TCATTACAGCTGTTCA-1-HCAHeart7844003,Endothelial,1.0,-0.0,D6,pca_knn,predicted
CTCTACGGTTAGTGGG-1-HCAHeart7844004,Endothelial,1.0,-0.0,D6,pca_knn,predicted
ATCATCTTCACTCCTG-1-HCAHeart7844001,Pericytes,0.8045220715173484,0.49406923205515907,D6,pca_knn,predicted
CTGCTGTGTGTAACGG-1-HCAHeart7844001,Lymphoid,0.5883809603157796,0.8488403598470919,D6,pca_knn,predicted
CCCATACGTTGATTGC-1-HCAHeart7844001,Lymphoid,1.0,-0.0,D6,pca_knn,predicted
TCTGAGAAGTATTGGA-1-HCAHeart7844001,Endothelial,1.0,-0.0,D6,pca_knn,predicted
AGCATACAGTTCGATC-1-HCAHeart7843999,Endothelial,1.0,-0.0,D6,pca_knn,predicted
CTCTAATAGTGCGATG-1-HCAHeart7844003,Pericytes,0.8718433337443836,0.38286752245326183,D6,pca_knn,predicted
TGCAGGCTCCCGAGAC-1-HCAHeart7905332,Pericytes,1.0,-0.0,D6,pca_knn,predicted
CCGTACTCAGCTGGCT-1-HCAHeart7844004,Smooth_muscle_cells,0.5407615074618882,0.6898204889803401,D6,pca_knn,predicted
TCACGGGTCAGCTGAT-1-HCAHeart7905328,Endothelial,1.0,-0.0,D6,pca_knn,predicted
ATTACTCTCCGAAGAG-1-HCAHeart7844001,Pericytes,0.556137482704935,0.6868310375021875,D6,pca_knn,predicted
TTGACTTGTCCGACGT-1-HCAHeart7844004,Endothelial,1.0,-0.0,D6,pca_knn,predicted
GTCAGCGGTCTGTCAA-1-HCAHeart7905332,Smooth_muscle_cells,0.8708483111734672,0.3847709144290723,D6,pca_knn,predicted
GTTAAGCTCCTGCTTG-1-HCAHeart7888927,Ventricular_Cardiomyocyte,1.0,-0.0,D6,pca_knn,predicted
CCCTCTCCAACGGCCT-1-HCAHeart7905332,Endothelial,1.0,-0.0,D6,pca_knn,predicted
ACCGTAAAGAAACCTA-1-HCAHeart7844004,Endothelial,1.0,-0.0,D6,pca_knn,predicted
GAAGCAGTCACCATAG-1-HCAHeart7844004,Endothelial,1.0,-0.0,D6,pca_knn,predicted
CATTCGCAGGCTCTTA-1-HCAHeart7844001,Endothelial,1.0,-0.0,D6,pca_knn,predicted
CCACTTGGTGGCCTCA-1-HCAHeart7905331,Endothelial,1.0,-0.0,D6,pca_knn,predicted
GTGAAGGGTGTGTGCC-1-HCAHeart7844001,Endothelial,1.0,-0.0,D6,pca_knn,predicted
AGCTCTCAGGACGAAA-1-HCAHeart7844004,Endothelial,1.0,-0.0,D6,pca_knn,predicted
GGGTTGCCATTTGCTT-1-HCAHeart7844003,Endothelial,1.0,-0.0,D6,pca_knn,predicted
CGCGGTAGTCTACCTC-1-HCAHeart7880862,Atrial_Cardiomyocyte,1.0,-0.0,D6,pca_knn,predicted
CCATGTCAGGCAGGTT-1-HCAHeart7843999,Endothelial,1.0,-0.0,D6,pca_knn,predicted
ACTGTCCTCGTTACGA-1-HCAHeart7844000,Endothelial,1.0,-0.0,D6,pca_knn,predicted
CTCGTACTCCACTGGG-1-HCAHeart7880862,Fibroblast,0.7735167492398114,0.5349919713077687,D6,pca_knn,predicted
TCGCGAGTCACGAAGG-1-HCAHeart7844001,Pericytes,0.6661596226877085,0.6368650460851406,D6,pca_knn,predicted
CTGAAACTCGGAATCT-1-HCAHeart7843999,Endothelial,1.0,-0.0,D6,pca_knn,predicted
GACGTTAAGGTAGCTG-1-HCAHeart7844000,Endothelial,1.0,-0.0,D6,pca_knn,predicted
TTTCAGTGTACAGAAT-1-HCAHeart7905332,Endothelial,1.0,-0.0,D6,pca_knn,predicted
GACAGAGAGTTGTCGT-1-HCAHeart7844004,Endothelial,0.8680735273495629,0.39003251261972044,D6,pca_knn,predicted
GCACGTGCATCGATGT-1-HCAHeart7905331,Endothelial,1.0,-0.0,D6,pca_knn,predicted
ATTTCTGTCACTCCTG-1-HCAHeart7844002,Myeloid,1.0,-0.0,D6,pca_knn,predicted
TTGCGTCAGTGTACAA-1-HCAHeart7905331,Endothelial,1.0,-0.0,D6,pca_knn,predicted
CTCGTCAGTCTTGATG-1-HCAHeart7844001,Endothelial,1.0,-0.0,D6,pca_knn,predicted
GTGCATACAAGCGAGT-1-HCAHeart7888926,Ventricular_Cardiomyocyte,1.0,-0.0,D6,pca_knn,predicted
GTTCGGGTCAACCATG-1-HCAHeart7888927,Ventricular_Cardiomyocyte,1.0,-0.0,D6,pca_knn,predicted
AAACGAAAGACTGGGT-1-HCAHeart7905328,Endothelial,1.0,-0.0,D6,pca_knn,predicted
TTTGGTTAGAATCTCC-1-HCAHeart7844001,Endothelial,1.0,-0.0,D6,pca_knn,predicted
GATTTCTAGCACAAAT-1-HCAHeart7905329,Endothelial,1.0,-0.0,D6,pca_knn,predicted
GCTCTGTAGTTCGCGC-1-HCAHeart7843999,Lymphoid,1.0,-0.0,D6,pca_knn,predicted
AACGGGAAGCTGTGCC-1-HCAHeart7905330,Fibroblast,1.0,-0.0,D6,pca_knn,predicted
ACGAGGACACAGGTTT-1-HCAHeart7844004,Endothelial,1.0,-0.0,D6,pca_knn,predicted
CAACGATCAGGCTACC-1-HCAHeart7905328,Myeloid,0.9414089662730489,0.22307297237060028,D6,pca_knn,predicted
GTCCTCAGTCTAACGT-1-HCAHeart7844004,Endothelial,1.0,-0.0,D6,pca_knn,predicted
GATCTAGTCAGCTCTC-1-HCAHeart7880862,Fibroblast,1.0,-0.0,D6,pca_knn,predicted
CCCTCCTTCAGGTAAA-1-HCAHeart7844003,Endothelial,1.0,-0.0,D6,pca_knn,predicted
GAAATGATCTGGCGTG-1-HCAHeart7844001,Pericytes,0.5481654618023566,0.6885001543821148,D6,pca_knn,predicted
GACTGATCATGCACTA-1-HCAHeart7905328,Endothelial,1.0,-0.0,D6,pca_knn,predicted
TGACAACTCGTGGTCG-1-HCAHeart7843999,Endothelial,1.0,-0.0,D6,pca_knn,predicted
ATAGACCTCAGTTGAC-1-HCAHeart7844000,Pericytes,0.5142233338151171,0.692742519523849,D6,pca_knn,predicted
AGTGAGGGTAATAGCA-1-HCAHeart7844001,Myeloid,0.7827785168983045,0.664933691821935,D6,pca_knn,predicted
AAATGCCGTTTGGCGC-1-HCAHeart7844001,Pericytes,0.8740149246586778,0.37868260331586645,D6,pca_knn,predicted
GTGCTGGTCGGAACTT-1-HCAHeart7905330,Endothelial,1.0,-0.0,D6,pca_knn,predicted
GCTTGAATCCTTCAAT-1-HCAHeart7844004,Endothelial,1.0,-0.0,D6,pca_knn,predicted
GACTGCGCAGGTCCAC-1-HCAHeart7844004,Endothelial,1.0,-0.0,D6,pca_knn,predicted
TGAAAGATCTGCAGTA-1-HCAHeart7844001,Endothelial,1.0,-0.0,D6,pca_knn,predicted
TTCTACAAGAAACCGC-1-HCAHeart7880863,Pericytes,1.0,-0.0,D6,pca_knn,predicted
GTGCATATCTCTTGAT-1-HCAHeart7843999,Endothelial,1.0,-0.0,D6,pca_knn,predicted
ATTGGGTAGCTGAAAT-1-HCAHeart7905332,Endothelial,1.0,-0.0,D6,pca_knn,predicted
GACGCGTTCGCGCCAA-1-HCAHeart7844004,Myeloid,0.8802480405115156,0.3664304963947064,D6,pca_knn,predicted
CCTCAGTGTTAGAACA-1-HCAHeart7843999,Endothelial,1.0,-0.0,D6,pca_knn,predicted
CACCACTGTTATCACG-1-HCAHeart7844000,Endothelial,1.0,-0.0,D6,pca_knn,predicted
GTGCTGGGTGTCATTG-1-HCAHeart7905332,Endothelial,1.0,-0.0,D6,pca_knn,predicted
GACGGCTCACAGCCCA-1-HCAHeart7844001,Pericytes,0.935583584282001,0.23895036318181725,D6,pca_knn,predicted
AAAGATGTCGACCAGC-1-HCAHeart7844001,Endothelial,1.0,-0.0,D6,pca_knn,predicted
CTCGGGACACCGAATT-1-HCAHeart7844001,Endothelial,1.0,-0.0,D6,pca_knn,predicted
TCACGAACATTGGTAC-1-HCAHeart7880860,Endothelial,1.0,-0.0,D6,pca_knn,predicted
CTAATGGCAAGTAATG-1-HCAHeart7844001,Pericytes,0.7027574431220519,0.6085097909553265,D6,pca_knn,predicted
CTCTAATCATTTCAGG-1-HCAHeart7880862,Atrial_Cardiomyocyte,1.0,-0.0,D6,pca_knn,predicted
TCTCATAAGACACTAA-1-HCAHeart7844003,Lymphoid,1.0,-0.0,D6,pca_knn,predicted
CGATTGAAGTGGTAAT-1-HCAHeart7844003,Myeloid,0.8094778461448837,0.4869792078999907,D6,pca_knn,predicted
TTCTCTCAGGGCATGT-1-HCAHeart7905331,Endothelial,1.0,-0.0,D6,pca_knn,predicted
CGTGCTTCAATTGCTG-1-HCAHeart7905331,Endothelial,1.0,-0.0,D6,pca_knn,predicted
AGGGATGTCCAATGGT-1-HCAHeart7843999,Smooth_muscle_cells,1.0,-0.0,D6,pca_knn,predicted
TCAACGACAGTGACAG-1-HCAHeart7844001,Pericytes,1.0,-0.0,D6,pca_knn,predicted
GAGTGTTTCATTCCTA-1-HCAHeart7905328,Endothelial,1.0,-0.0,D6,pca_knn,predicted
TGCGCAGTCGTGGACC-1-HCAHeart7880861,Ventricular_Cardiomyocyte,0.9271746592641484,0.2608866634410289,D6,pca_knn,predicted
GCAGTTATCTTTAGGG-1-HCAHeart7844000,Endothelial,0.5297460583287266,0.6913764792129916,D6,pca_knn,predicted
GGAACTTCACGAGAGT-1-HCAHeart7843999,Endothelial,1.0,-0.0,D6,pca_knn,predicted
GATCGCGGTGAAATCA-1-HCAHeart7843999,Endothelial,1.0,-0.0,D6,pca_knn,predicted
CTACCCATCATAACCG-1-HCAHeart7844004,Endothelial,1.0,-0.0,D6,pca_knn,predicted
TGCGGGTGTTCCATGA-1-HCAHeart7843999,Pericytes,0.9381108337518665,0.23213429657381668,D6,pca_knn,predicted
ACCTACCTCCTCTAGC-1-HCAHeart7905332,Endothelial,1.0,-0.0,D6,pca_knn,predicted
GTGACGCTCGGCATTA-1-HCAHeart7905328,Endothelial,1.0,-0.0,D6,pca_knn,predicted
CTCGAGGGTTACGGAG-1-HCAHeart7880861,Myeloid,1.0,-0.0,D6,pca_knn,predicted
AGGGAGTAGATGGGTC-1-HCAHeart7844001,Endothelial,1.0,-0.0,D6,pca_knn,predicted
CTGCAGGAGAGGTCGT-1-HCAHeart7905328,Endothelial,1.0,-0.0,D6,pca_knn,predicted
CGTCACTGTGACAAAT-1-HCAHeart7843999,Endothelial,1.0,-0.0,D6,pca_knn,predicted
AAACGGGTCCACTGGG-1-HCAHeart7843999,Smooth_muscle_cells,1.0,-0.0,D6,pca_knn,predicted
CGGAACCCAACTGCCG-1-HCAHeart7905331,Endothelial,1.0,-0.0,D6,pca_knn,predicted
GCCTGTTAGTGGAAAG-1-HCAHeart7905332,Endothelial,1.0,-0.0,D6,pca_knn,predicted
AACACGTCAGATCTGT-1-HCAHeart7888927,Fibroblast,1.0,-0.0,D6,pca_knn,predicted
TGGCCAGAGGCATGTG-1-HCAHeart7844004,Endothelial,1.0,-0.0,D6,pca_knn,predicted
GGAGATGGTTCAATCG-1-HCAHeart7905332,Endothelial,1.0,-0.0,D6,pca_knn,predicted
GGTGAAGCAACGATCT-1-HCAHeart7844004,Endothelial,1.0,-0.0,D6,pca_knn,predicted
TGACGCGAGACCAGAC-1-HCAHeart7905332,Endothelial,1.0,-0.0,D6,pca_knn,predicted
ACTGTCCTCTCTGCTG-1-HCAHeart7880861,Ventricular_Cardiomyocyte,1.0,-0.0,D6,pca_knn,predicted
AGTGTCATCTCGTATT-1-HCAHeart7844003,Lymphoid,0.941444555693833,0.22297413632638124,D6,pca_knn,predicted
TGGTTAGCAGCCACCA-1-HCAHeart7844001,Endothelial,1.0,-0.0,D6,pca_knn,predicted
CACCACTTCGGCCGAT-1-HCAHeart7844001,Lymphoid,1.0,-0.0,D6,pca_knn,predicted
GTCGTAATCCTTTCTC-1-HCAHeart7844003,Endothelial,1.0,-0.0,D6,pca_knn,predicted
GGCGTGTGTCGGCACT-1-HCAHeart7844004,Endothelial,1.0,-0.0,D6,pca_knn,predicted
CGTCTACCATAACCTG-1-HCAHeart7880860,Ventricular_Cardiomyocyte,1.0,-0.0,D6,pca_knn,predicted
CACTAAGAGGACTGGT-1-HCAHeart7905327,Endothelial,1.0,-0.0,D6,pca_knn,predicted
TCACAAGCAATGTAAG-1-HCAHeart7844001,Myeloid,0.859025776758499,0.5025900804589016,D6,pca_knn,predicted
ACACTGACACCCATGG-1-HCAHeart7844004,Endothelial,1.0,-0.0,D6,pca_knn,predicted
CACTCCATCTTGCATT-1-HCAHeart7844001,Smooth_muscle_cells,0.9409726114319976,0.22428291874341116,D6,pca_knn,predicted
CGTTCTGGTCATCCCT-1-HCAHeart7844003,Pericytes,0.5927649354568357,0.9332186003986138,D6,pca_knn,predicted
GTGCTTCGTACTCGCG-1-HCAHeart7844004,Pericytes,1.0,-0.0,D6,pca_knn,predicted
AATCGACGTACAAGCG-1-HCAHeart7905331,Smooth_muscle_cells,0.8075811527682956,0.48971137056744884,D6,pca_knn,predicted
CCAATTTGTACAAACA-1-HCAHeart7905329,Endothelial,1.0,-0.0,D6,pca_knn,predicted
ATCATGGTCTGCTGTC-1-HCAHeart7880862,Atrial_Cardiomyocyte,1.0,-0.0,D6,pca_knn,predicted
TGATTTCAGCTGTTCA-1-HCAHeart7844002,Lymphoid,0.9385767790902059,0.23086573937864968,D6,pca_knn,predicted
AACTGGTCACGAAATA-1-HCAHeart7844004,Endothelial,1.0,-0.0,D6,pca_knn,predicted
CAACTAGAGTGCCAGA-1-HCAHeart7888926,Ventricular_Cardiomyocyte,1.0,-0.0,D6,pca_knn,predicted
TACAGTGGTCTGGTCG-1-HCAHeart7844004,Endothelial,1.0,-0.0,D6,pca_knn,predicted
TGCACCTAGACACTAA-1-HCAHeart7844002,Myeloid,1.0,-0.0,D6,pca_knn,predicted
GTAGTACCACGTCTCT-1-HCAHeart7905330,Endothelial,1.0,-0.0,D6,pca_knn,predicted
CCTCAGTGTCCTAGCG-1-HCAHeart7888927,Ventricular_Cardiomyocyte,1.0,-0.0,D6,pca_knn,predicted
GATCTAGGTTCAGACT-1-HCAHeart7888926,Pericytes,1.0,-0.0,D6,pca_knn,predicted
GAGTTACGTAGTGTGG-1-HCAHeart7905327,Endothelial,1.0,-0.0,D6,pca_knn,predicted
GATCGCGTCCCGACTT-1-HCAHeart7888926,Lymphoid,1.0,-0.0,D6,pca_knn,predicted
TGGTTCCCAGTCACTA-1-HCAHeart7844004,Pericytes,0.9264121134163404,0.26282234747696626,D6,pca_knn,predicted
GATCGATTCTCCCTGA-1-HCAHeart7844001,Endothelial,1.0,-0.0,D6,pca_knn,predicted
CAGCTAAAGCACAGGT-1-HCAHeart7843999,Endothelial,1.0,-0.0,D6,pca_knn,predicted
GCTGCGAAGTGCGATG-1-HCAHeart7844003,Lymphoid,0.8734387312547542,0.3797971463345222,D6,pca_knn,predicted
AGGTCCGTCCACGAAT-1-HCAHeart7880862,Atrial_Cardiomyocyte,1.0,-0.0,D6,pca_knn,predicted
TGAGAGGCATTAGGCT-1-HCAHeart7844004,Endothelial,1.0,-0.0,D6,pca_knn,predicted
CGATGTATCCAAACTG-1-HCAHeart7844003,Endothelial,1.0,-0.0,D6,pca_knn,predicted
GAAATGAGTTCGTTGA-1-HCAHeart7844004,Endothelial,1.0,-0.0,D6,pca_knn,predicted
GTGTGCGGTGGTGTAG-1-HCAHeart7844001,Endothelial,1.0,-0.0,D6,pca_knn,predicted
ACTGCTCCACCTTGTC-1-HCAHeart7844003,Pericytes,0.6860641495511485,0.6222136873454316,D6,pca_knn,predicted
TGGAGAGAGCACTCTA-1-HCAHeart7905327,Endothelial,1.0,-0.0,D6,pca_knn,predicted
CGAATGTAGATAGGAG-1-HCAHeart7844003,Myeloid,1.0,-0.0,D6,pca_knn,predicted
GTAGTCAAGGTCATCT-1-HCAHeart7880862,Atrial_Cardiomyocyte,1.0,-0.0,D6,pca_knn,predicted
AAGTCTGTCGTCCGTT-1-HCAHeart7844004,Endothelial,1.0,-0.0,D6,pca_knn,predicted
GGGCCATAGGCATCTT-1-HCAHeart7905328,Endothelial,1.0,-0.0,D6,pca_knn,predicted
CGGACTGCAAACCCAT-1-HCAHeart7844004,Endothelial,0.793214602530388,0.5096663000948979,D6,pca_knn,predicted
TGGGAAGAGAGTAAGG-1-HCAHeart7888927,Ventricular_Cardiomyocyte,1.0,-0.0,D6,pca_knn,predicted
TCTGGAACACCAGTTA-1-HCAHeart7844004,Endothelial,1.0,-0.0,D6,pca_knn,predicted
CAAGATCCATAAAGGT-1-HCAHeart7844001,Endothelial,1.0,-0.0,D6,pca_knn,predicted
CCACCTAGTAGTACCT-1-HCAHeart7844003,Myeloid,1.0,-0.0,D6,pca_knn,predicted
CCGGTAGCAACCGATT-1-HCAHeart7905328,Endothelial,1.0,-0.0,D6,pca_knn,predicted
AACAGGGTCTCACCCA-1-HCAHeart7905328,Endothelial,1.0,-0.0,D6,pca_knn,predicted
CAGATCAGTCTAAACC-1-HCAHeart7844004,Endothelial,1.0,-0.0,D6,pca_knn,predicted
GTAACTGGTTGGTGGA-1-HCAHeart7844001,Endothelial,0.5210501805016353,0.692260698380446,D6,pca_knn,predicted
GTGATGTAGTGCTACT-1-HCAHeart7905328,Endothelial,1.0,-0.0,D6,pca_knn,predicted
AGCTCCTTCGCCAAAT-1-HCAHeart7844004,Lymphoid,0.6503874541012279,0.8001571407995858,D6,pca_knn,predicted
TGTCCACCACTGAGTT-1-HCAHeart7905332,Fibroblast,1.0,-0.0,D6,pca_knn,predicted
TTTACTGTCTATGTGG-1-HCAHeart7844004,Lymphoid,0.9263518257184775,0.26297501984390736,D6,pca_knn,predicted
CGTCTACCAAGTTAAG-1-HCAHeart7844004,Endothelial,1.0,-0.0,D6,pca_knn,predicted
TGCGTGGAGTTCGATC-1-HCAHeart7843999,Endothelial,1.0,-0.0,D6,pca_knn,predicted
ATTCCCGGTGTTTACG-1-HCAHeart7905332,Endothelial,1.0,-0.0,D6,pca_knn,predicted
CCTTACGTCTTTCCTC-1-HCAHeart7888927,Ventricular_Cardiomyocyte,1.0,-0.0,D6,pca_knn,predicted
GGTGAAGAGGTGATAT-1-HCAHeart7844001,Pericytes,1.0,-0.0,D6,pca_knn,predicted
TCCTTTCCAGAAGTTA-1-HCAHeart7905331,Endothelial,1.0,-0.0,D6,pca_knn,predicted
ACTTTCACACCCTATC-1-HCAHeart7844000,Endothelial,1.0,-0.0,D6,pca_knn,predicted
TATTACCCAGGAACGT-1-HCAHeart7843999,Endothelial,1.0,-0.0,D6,pca_knn,predicted
CAGTGCGTCGCTCTCA-1-HCAHeart7905328,Pericytes,0.6093264386399987,0.6690484257551638,D6,pca_knn,predicted
TCTGCCATCTACAGGT-1-HCAHeart7905327,Endothelial,1.0,-0.0,D6,pca_knn,predicted
TTGGCAAGTGTGCCTG-1-HCAHeart7844001,Pericytes,1.0,-0.0,D6,pca_knn,predicted
AGCTCTCGTCAATGTC-1-HCAHeart7888926,Pericytes,0.6207317818366126,0.6637047473117605,D6,pca_knn,predicted
GACTGCGAGCTCTCGG-1-HCAHeart7844003,Pericytes,0.8675291206219852,0.39105689966358953,D6,pca_knn,predicted
GGATGTTAGAGCCCAA-1-HCAHeart7880861,Ventricular_Cardiomyocyte,1.0,-0.0,D6,pca_knn,predicted
CATCGGGTCACTCCTG-1-HCAHeart7844001,Myeloid,1.0,-0.0,D6,pca_knn,predicted
CATATTCTCTGGAGCC-1-HCAHeart7844001,Pericytes,0.9233792202178936,0.27043754859922237,D6,pca_knn,predicted
CTTCTCTAGGATGTAT-1-HCAHeart7844001,Pericytes,0.5272988127397628,0.6916559888408591,D6,pca_knn,predicted
GTCTCGTGTAAATGTG-1-HCAHeart7843999,Smooth_muscle_cells,0.862087725454112,0.40115548159449144,D6,pca_knn,predicted
CTCGAAATCATCTGTT-1-HCAHeart7844003,Pericytes,0.8103751412241984,0.6085854180387624,D6,pca_knn,predicted
GTGCTTCGTGTCCTCT-1-HCAHeart7880862,Fibroblast,1.0,-0.0,D6,pca_knn,predicted
CTTCTCTAGTTGCAGG-1-HCAHeart7844004,Endothelial,1.0,-0.0,D6,pca_knn,predicted
CATCAGAGTTAGATGA-1-HCAHeart7844004,Endothelial,1.0,-0.0,D6,pca_knn,predicted
TGTGGTACACAGACTT-1-HCAHeart7844001,Pericytes,1.0,-0.0,D6,pca_knn,predicted
CAAGGGAGTAGTAAGT-1-HCAHeart7905332,Fibroblast,1.0,-0.0,D6,pca_knn,predicted
CTCGTCACAAACAACA-1-HCAHeart7843999,Endothelial,1.0,-0.0,D6,pca_knn,predicted
CCACCTAGTACGACCC-1-HCAHeart7844001,Endothelial,1.0,-0.0,D6,pca_knn,predicted
CGATTGAAGTGTCCCG-1-HCAHeart7844001,Lymphoid,0.5955381623089329,0.6747793622580942,D6,pca_knn,predicted
ATGCGATTCCGTTGCT-1-HCAHeart7880862,Atrial_Cardiomyocyte,1.0,-0.0,D6,pca_knn,predicted
GCGCAACAGGTGATTA-1-HCAHeart7888927,Pericytes,0.9362988510501107,0.2370321917287327,D6,pca_knn,predicted
AGTTGGTAGTTATCGC-1-HCAHeart7844003,Endothelial,1.0,-0.0,D6,pca_knn,predicted
TGTGTTTAGCACCGTC-1-HCAHeart7844003,Endothelial,1.0,-0.0,D6,pca_knn,predicted
TTATGCTAGGAATCGC-1-HCAHeart7880862,Pericytes,1.0,-0.0,D6,pca_knn,predicted
GGGATCCCATGGGTCC-1-HCAHeart7905330,Endothelial,1.0,-0.0,D6,pca_knn,predicted
GTAACTGTCCTTGGTC-1-HCAHeart7880861,Pericytes,1.0,-0.0,D6,pca_knn,predicted
TCATTTGTCGCATGGC-1-HCAHeart7880862,Pericytes,1.0,-0.0,D6,pca_knn,predicted
CAGGTGCGTTCCGTCT-1-HCAHeart7888927,Ventricular_Cardiomyocyte,1.0,-0.0,D6,pca_knn,predicted
GCACTCTAGTTACGGG-1-HCAHeart7844004,Endothelial,1.0,-0.0,D6,pca_knn,predicted
GTGCAGCTCTTCGGTC-1-HCAHeart7844004,Pericytes,1.0,-0.0,D6,pca_knn,predicted
TAGGGTTCAGGCTCTG-1-HCAHeart7905332,Fibroblast,1.0,-0.0,D6,pca_knn,predicted
TTCTCCTAGAGGGCTT-1-HCAHeart7843999,Endothelial,1.0,-0.0,D6,pca_knn,predicted
CTACGGGGTTGCAAGG-1-HCAHeart7905330,Endothelial,1.0,-0.0,D6,pca_knn,predicted
TATTCCATCGAGTCTA-1-HCAHeart7905328,Pericytes,0.8054743939080448,0.49271899851825274,D6,pca_knn,predicted
GACACGCTCGAACGGA-1-HCAHeart7843999,Pericytes,0.7319562923189179,0.5813033443120299,D6,pca_knn,predicted
GTTTCTACACCAGTTA-1-HCAHeart7888926,Ventricular_Cardiomyocyte,1.0,-0.0,D6,pca_knn,predicted
GCTGGGTTCATAGCAC-1-HCAHeart7880863,Atrial_Cardiomyocyte,1.0,-0.0,D6,pca_knn,predicted
CCATGTCAGCTAAGAT-1-HCAHeart7888927,Ventricular_Cardiomyocyte,1.0,-0.0,D6,pca_knn,predicted
TACGGGCTCAGTGTCA-1-HCAHeart7905331,Endothelial,1.0,-0.0,D6,pca_knn,predicted
CAGAGAGTCACTATTC-1-HCAHeart7844001,Lymphoid,1.0,-0.0,D6,pca_knn,predicted
GCGCAACAGCAGCGTA-1-HCAHeart7844000,Smooth_muscle_cells,0.7389775813462494,0.5741236206180474,D6,pca_knn,predicted
AAGACCTAGAAGGCCT-1-HCAHeart7888926,Pericytes,1.0,-0.0,D6,pca_knn,predicted
GGCCGATTCAGTACGT-1-HCAHeart7888926,Ventricular_Cardiomyocyte,1.0,-0.0,D6,pca_knn,predicted
GACTAACTCACCGTAA-1-HCAHeart7844004,Endothelial,1.0,-0.0,D6,pca_knn,predicted
TGCTGCTTCGCACTCT-1-HCAHeart7880860,Ventricular_Cardiomyocyte,1.0,-0.0,D6,pca_knn,predicted
CACATTTGTCCAGTAT-1-HCAHeart7844004,Endothelial,1.0,-0.0,D6,pca_knn,predicted
GAGATGGGTTATAGCC-1-HCAHeart7905329,Endothelial,1.0,-0.0,D6,pca_knn,predicted
TTGAACGCAAATACAG-1-HCAHeart7888926,Lymphoid,1.0,-0.0,D6,pca_knn,predicted
ACCGTAAAGCCAGTTT-1-HCAHeart7844004,Lymphoid,1.0,-0.0,D6,pca_knn,predicted
CGATGGCAGGGAGTAA-1-HCAHeart7880861,Ventricular_Cardiomyocyte,1.0,-0.0,D6,pca_knn,predicted
AAATGCCGTCAGAAGC-1-HCAHeart7880862,Atrial_Cardiomyocyte,1.0,-0.0,D6,pca_knn,predicted
CCATGTCTCTCTGCTG-1-HCAHeart7844004,Pericytes,0.8074771752118696,0.6111121940606129,D6,pca_knn,predicted
TGAGCCGAGCGTGTCC-1-HCAHeart7844001,Endothelial,0.46107238026475705,1.0038113413321375,D6,pca_knn,predicted
CGTAGCGGTCTCTTAT-1-HCAHeart7844001,Endothelial,1.0,-0.0,D6,pca_knn,predicted
GCTCTGTGTAGATTAG-1-HCAHeart7888927,Ventricular_Cardiomyocyte,1.0,-0.0,D6,pca_knn,predicted
TGTTCCGCACTCCACT-1-HCAHeart7905331,Endothelial,1.0,-0.0,D6,pca_knn,predicted
CACAAACGTTCATGGT-1-HCAHeart7844001,Pericytes,0.8045967713931347,0.4939635288591879,D6,pca_knn,predicted
GTACTTTAGATGGCGT-1-HCAHeart7880862,Atrial_Cardiomyocyte,1.0,-0.0,D6,pca_knn,predicted
GGATTACTCAGGCGAA-1-HCAHeart7844004,Endothelial,1.0,-0.0,D6,pca_knn,predicted
TGGCGTGCAACAAGAT-1-HCAHeart7905329,Endothelial,1.0,-0.0,D6,pca_knn,predicted
CTATCTAGTGTGCCTG-1-HCAHeart7905331,Endothelial,1.0,-0.0,D6,pca_knn,predicted
CAACAGTGTTTGAACC-1-HCAHeart7905332,Endothelial,1.0,-0.0,D6,pca_knn,predicted
CTACATTCACCAACCG-1-HCAHeart7844003,Pericytes,0.9417878661311823,0.22201954073394423,D6,pca_knn,predicted
ATCTCTAGTGAATATG-1-HCAHeart7905330,Endothelial,1.0,-0.0,D6,pca_knn,predicted
TAAGCACTCGAGAATA-1-HCAHeart7905328,Endothelial,1.0,-0.0,D6,pca_knn,predicted
CTCACACGTACGACCC-1-HCAHeart7888926,Ventricular_Cardiomyocyte,1.0,-0.0,D6,pca_knn,predicted
TGTAGACTCTTCTGGC-1-HCAHeart7905328,Smooth_muscle_cells,1.0,-0.0,D6,pca_knn,predicted
GATGATCAGCTGTCCG-1-HCAHeart7905332,Endothelial,1.0,-0.0,D6,pca_knn,predicted
TTAACTCAGGTTCCTA-1-HCAHeart7844001,Myeloid,0.9219916908203621,0.27387781621546103,D6,pca_knn,predicted
CTCAGAAGTTCCCTTG-1-HCAHeart7844001,Endothelial,1.0,-0.0,D6,pca_knn,predicted
ACTGCTCCAAGTAGTA-1-HCAHeart7880862,Atrial_Cardiomyocyte,1.0,-0.0,D6,pca_knn,predicted
AACGTTGGTGAGCGAT-1-HCAHeart7844001,Endothelial,0.6064673408025687,0.6703020879222028,D6,pca_knn,predicted
CTGTGAACAACATCGT-1-HCAHeart7905332,Endothelial,1.0,-0.0,D6,pca_knn,predicted
CTGGTCTAGCAATATG-1-HCAHeart7843999,Lymphoid,1.0,-0.0,D6,pca_knn,predicted
TTCCGGTGTATAGCTC-1-HCAHeart7905328,Smooth_muscle_cells,1.0,-0.0,D6,pca_knn,predicted
ATAGAGAGTTCAGGTT-1-HCAHeart7905327,Endothelial,1.0,-0.0,D6,pca_knn,predicted
CGCTGGACAGTGGAGT-1-HCAHeart7844004,Endothelial,1.0,-0.0,D6,pca_knn,predicted
CCAATCCGTCCTCCAT-1-HCAHeart7844001,Pericytes,0.8705657046700426,0.38530990851687646,D6,pca_knn,predicted
CACCAGGGTGCCTGGT-1-HCAHeart7843999,Smooth_muscle_cells,0.6821932811110218,0.6252051571841861,D6,pca_knn,predicted
GGTATTGGTCAAAGCG-1-HCAHeart7844003,Endothelial,1.0,-0.0,D6,pca_knn,predicted
ACATGGTGTCAGCTAT-1-HCAHeart7844001,Myeloid,1.0,-0.0,D6,pca_knn,predicted
CCTTCAGGTCGAGCAA-1-HCAHeart7905328,Pericytes,0.5408721145531635,0.6898023901898696,D6,pca_knn,predicted
AACCGCGGTCTAGTGT-1-HCAHeart7844000,Lymphoid,1.0,-0.0,D6,pca_knn,predicted
CACACTCTCATACGGT-1-HCAHeart7844001,Endothelial,1.0,-0.0,D6,pca_knn,predicted
TGCACGGTCTCTGACC-1-HCAHeart7905332,Fibroblast,1.0,-0.0,D6,pca_knn,predicted
CCTCACAAGTGGATAT-1-HCAHeart7905332,Endothelial,1.0,-0.0,D6,pca_knn,predicted
CAAGGCCTCCTCCTAG-1-HCAHeart7844001,Endothelial,1.0,-0.0,D6,pca_knn,predicted
CGTCAGGGTCGAAAGC-1-HCAHeart7844001,Endothelial,1.0,-0.0,D6,pca_knn,predicted
CTGCCTAAGAAACGAG-1-HCAHeart7843999,Endothelial,1.0,-0.0,D6,pca_knn,predicted
GGAGCAATCTCGCATC-1-HCAHeart7844003,Endothelial,1.0,-0.0,D6,pca_knn,predicted
CTGTGAAGTGCGGATA-1-HCAHeart7905327,Endothelial,1.0,-0.0,D6,pca_knn,predicted
TGGGCGTGTCGCGTGT-1-HCAHeart7888926,Ventricular_Cardiomyocyte,1.0,-0.0,D6,pca_knn,predicted
AGATGCTTCCAAGCAT-1-HCAHeart7905331,Fibroblast,1.0,-0.0,D6,pca_knn,predicted
CATCGAAGTAAGAGGA-1-HCAHeart7843999,Endothelial,1.0,-0.0,D6,pca_knn,predicted
TCCATCGAGCCGAACA-1-HCAHeart7905327,Endothelial,1.0,-0.0,D6,pca_knn,predicted
AAGGCAGAGTGACTCT-1-HCAHeart7888926,Ventricular_Cardiomyocyte,1.0,-0.0,D6,pca_knn,predicted
CCTTCCCTCACCGGGT-1-HCAHeart7844003,Pericytes,0.7314222576921648,0.5818390933760402,D6,pca_knn,predicted
CCCATTGGTGTTAACC-1-HCAHeart7905327,Endothelial,1.0,-0.0,D6,pca_knn,predicted
GGAACTTGTCTTGATG-1-HCAHeart7844003,Endothelial,1.0,-0.0,D6,pca_knn,predicted
CGCCAAGTCGGAGGTA-1-HCAHeart7844002,Endothelial,1.0,-0.0,D6,pca_knn,predicted
AGACTCACAGTCCCGA-1-HCAHeart7905327,Lymphoid,1.0,-0.0,D6,pca_knn,predicted
CATTCGCTCAGCTCGG-1-HCAHeart7880861,Lymphoid,1.0,-0.0,D6,pca_knn,predicted
AGATAGATCGTAGCTA-1-HCAHeart7905328,Endothelial,1.0,-0.0,D6,pca_knn,predicted
GTCACTCGTTTCCAAG-1-HCAHeart7905328,Smooth_muscle_cells,0.8005714311112385,0.4996092306636728,D6,pca_knn,predicted
GATTGGTGTCCACATA-1-HCAHeart7905331,Endothelial,1.0,-0.0,D6,pca_knn,predicted
GCCTCTATCGGAATCT-1-HCAHeart7844004,Lymphoid,1.0,-0.0,D6,pca_knn,predicted
CTCGTCAGTGGAAAGA-1-HCAHeart7843999,Endothelial,1.0,-0.0,D6,pca_knn,predicted
TCTGGAATCTTTACGT-1-HCAHeart7844002,Lymphoid,1.0,-0.0,D6,pca_knn,predicted
TAGTGGTCAAGCCATT-1-HCAHeart7888927,Pericytes,1.0,-0.0,D6,pca_knn,predicted
AGAGCTTGTCAATGTC-1-HCAHeart7888926,Ventricular_Cardiomyocyte,1.0,-0.0,D6,pca_knn,predicted
AAAGTCCCATCGCCTT-1-HCAHeart7905332,Endothelial,1.0,-0.0,D6,pca_knn,predicted
GGTGATTTCGCATTAG-1-HCAHeart7905327,Endothelial,1.0,-0.0,D6,pca_knn,predicted
GTAGGCCTCGGAGGTA-1-HCAHeart7880861,Endothelial,1.0,-0.0,D6,pca_knn,predicted
GTCCACTAGACGGATC-1-HCAHeart7905328,Endothelial,1.0,-0.0,D6,pca_knn,predicted
TTGAACGAGCAATCTC-1-HCAHeart7844004,Endothelial,1.0,-0.0,D6,pca_knn,predicted
ATTCTACGTCTCACCT-1-HCAHeart7844000,Lymphoid,1.0,-0.0,D6,pca_knn,predicted
CTACCCAGTTCTGGTA-1-HCAHeart7844000,Endothelial,1.0,-0.0,D6,pca_knn,predicted
GGAATCTGTTTACGTG-1-HCAHeart7905328,Endothelial,1.0,-0.0,D6,pca_knn,predicted
ATGTCCCCAGCCCACA-1-HCAHeart7905327,Endothelial,1.0,-0.0,D6,pca_knn,predicted
CCGTTCAGTATCACCA-1-HCAHeart7844001,Pericytes,0.945562163628686,0.21138043730043068,D6,pca_knn,predicted
CCACGGAAGTTATCGC-1-HCAHeart7888927,Ventricular_Cardiomyocyte,1.0,-0.0,D6,pca_knn,predicted
CACGGGTGTAGGCTCC-1-HCAHeart7905332,Endothelial,1.0,-0.0,D6,pca_knn,predicted
CTCGTACAGCGTTTAC-1-HCAHeart7888927,Ventricular_Cardiomyocyte,1.0,-0.0,D6,pca_knn,predicted
CAGCGACCACTAGTAC-1-HCAHeart7844000,Endothelial,1.0,-0.0,D6,pca_knn,predicted
GAGGTGACAGCTGTGC-1-HCAHeart7844002,Pericytes,1.0,-0.0,D6,pca_knn,predicted
TTGCCTGAGGGTATAT-1-HCAHeart7905331,Endothelial,1.0,-0.0,D6,pca_knn,predicted
TCATTGTGTTTGGCTA-1-HCAHeart7905327,Endothelial,1.0,-0.0,D6,pca_knn,predicted
CGAATGTTCAAACGGG-1-HCAHeart7844004,Endothelial,1.0,-0.0,D6,pca_knn,predicted
GTCTCGTTCTTATCTG-1-HCAHeart7880862,Atrial_Cardiomyocyte,1.0,-0.0,D6,pca_knn,predicted
CATATGGCATCGACGC-1-HCAHeart7843999,Endothelial,1.0,-0.0,D6,pca_knn,predicted
TCTCTAAGTCATATGC-1-HCAHeart7844003,Pericytes,0.7160063703510069,0.5966857049994022,D6,pca_knn,predicted
ACTGAGTCAGCGTAAG-1-HCAHeart7880861,Pericytes,1.0,-0.0,D6,pca_knn,predicted
GCAGCCAAGCCTTTCC-1-HCAHeart7905332,Endothelial,1.0,-0.0,D6,pca_knn,predicted
TTTACTGGTTCGCGTG-1-HCAHeart7905331,Endothelial,1.0,-0.0,D6,pca_knn,predicted
CACCAGGAGTCATGCT-1-HCAHeart7888927,Ventricular_Cardiomyocyte,1.0,-0.0,D6,pca_knn,predicted
ATGAGGGGTGTGACGA-1-HCAHeart7844001,Endothelial,0.5403685617956742,0.6898843888470029,D6,pca_knn,predicted
CCAGCGAAGTGAACGC-1-HCAHeart7880861,Adipocytes,1.0,-0.0,D6,pca_knn,predicted
GTAGATCGTCAGTTTG-1-HCAHeart7905331,Endothelial,1.0,-0.0,D6,pca_knn,predicted
AGGGAGTAGTTGAGTA-1-HCAHeart7844001,Endothelial,1.0,-0.0,D6,pca_knn,predicted
CAATTTCTCAGTAGGG-1-HCAHeart7905330,Fibroblast,0.6720866674976159,0.6326910317548848,D6,pca_knn,predicted
CCTCTAGAGAGTGAAG-1-HCAHeart7905331,Endothelial,1.0,-0.0,D6,pca_knn,predicted
GTCGGGTTCATAACCG-1-HCAHeart7844003,Pericytes,0.5486261772043354,0.8698952070979964,D6,pca_knn,predicted
AAAGTCCGTGTCCACG-1-HCAHeart7905328,Endothelial,1.0,-0.0,D6,pca_knn,predicted
GATCGTATCTGCGACG-1-HCAHeart7844004,Endothelial,1.0,-0.0,D6,pca_knn,predicted
CCCTTAGTCGAGAGCA-1-HCAHeart7905331,Pericytes,1.0,-0.0,D6,pca_knn,predicted
AGCGTCGTCTCTTATG-1-HCAHeart7843999,Endothelial,1.0,-0.0,D6,pca_knn,predicted
GGAGCAAAGGTGCACA-1-HCAHeart7844004,Endothelial,1.0,-0.0,D6,pca_knn,predicted
ACGGAGATCTCGAGTA-1-HCAHeart7880862,Endothelial,1.0,-0.0,D6,pca_knn,predicted
TAGACCAGTATCCCTC-1-HCAHeart7905331,Endothelial,1.0,-0.0,D6,pca_knn,predicted
GGACGTCGTGTGTGCC-1-HCAHeart7844000,Pericytes,1.0,-0.0,D6,pca_knn,predicted
ATAAGAGTCTTGCAAG-1-HCAHeart7844004,Pericytes,0.6586510982286823,0.6419261449929128,D6,pca_knn,predicted
ACGGCCAGTGGCCCTA-1-HCAHeart7844001,Endothelial,1.0,-0.0,D6,pca_knn,predicted
ACATCAGCAGATGGCA-1-HCAHeart7844004,Endothelial,1.0,-0.0,D6,pca_knn,predicted
ACATTTCGTAGATTAG-1-HCAHeart7905328,Smooth_muscle_cells,0.8680049148709706,0.39016176015232096,D6,pca_knn,predicted
GTAATGCCAATTCTTC-1-HCAHeart7905330,Endothelial,1.0,-0.0,D6,pca_knn,predicted
GCGCCAAAGAGCTATA-1-HCAHeart7844004,Endothelial,1.0,-0.0,D6,pca_knn,predicted
AAGTCTGAGGATATAC-1-HCAHeart7844001,Pericytes,0.938273235582992,0.23169257614726818,D6,pca_knn,predicted
AGTGTCACATTACCTT-1-HCAHeart7880861,Ventricular_Cardiomyocyte,1.0,-0.0,D6,pca_knn,predicted
GTTGCTCAGTAGTGCG-1-HCAHeart7905330,Endothelial,1.0,-0.0,D6,pca_knn,predicted
GTCAAGTAGACTAAGT-1-HCAHeart7905327,Endothelial,1.0,-0.0,D6,pca_knn,predicted
GGCGTGTTCCGCAAGC-1-HCAHeart7844004,Endothelial,1.0,-0.0,D6,pca_knn,predicted
ATGTGTGTCCTAGGGC-1-HCAHeart7844004,Endothelial,1.0,-0.0,D6,pca_knn,predicted
TACCTATCATGCCTTC-1-HCAHeart7844004,Endothelial,1.0,-0.0,D6,pca_knn,predicted
TACTTACCAAGAGTTA-1-HCAHeart7905328,Endothelial,1.0,-0.0,D6,pca_knn,predicted
CTCGGGATCATTATCC-1-HCAHeart7844004,Pericytes,1.0,-0.0,D6,pca_knn,predicted
AGGGATGTCTGTACGA-1-HCAHeart7844004,Endothelial,1.0,-0.0,D6,pca_knn,predicted
GTATTCTTCTAACTCT-1-HCAHeart7844003,Endothelial,1.0,-0.0,D6,pca_knn,predicted
AGAGCTTAGCGATTCT-1-HCAHeart7880860,Ventricular_Cardiomyocyte,1.0,-0.0,D6,pca_knn,predicted
GGGACCTTCAGAAATG-1-HCAHeart7844001,Endothelial,0.6630652625191458,0.6389813408000049,D6,pca_knn,predicted
AACTGGTAGAAGATTC-1-HCAHeart7880862,Endothelial,1.0,-0.0,D6,pca_knn,predicted
TCTACCGCAACGACAG-1-HCAHeart7905329,Endothelial,1.0,-0.0,D6,pca_knn,predicted
ATTACCTGTTGACTAC-1-HCAHeart7905328,Endothelial,1.0,-0.0,D6,pca_knn,predicted
GGGTATTAGCATTTCG-1-HCAHeart7905330,Fibroblast,1.0,-0.0,D6,pca_knn,predicted
TATCTCATCAACGAAA-1-HCAHeart7844001,Endothelial,1.0,-0.0,D6,pca_knn,predicted
AGAGCGATCGTATCAG-1-HCAHeart7844001,Pericytes,0.8163334297883589,0.476907978995192,D6,pca_knn,predicted
TGAGTCAAGAGATCGC-1-HCAHeart7905331,Endothelial,1.0,-0.0,D6,pca_knn,predicted
ATCCTATAGTAATACG-1-HCAHeart7905332,Pericytes,0.8699585535370239,0.38646548671199954,D6,pca_knn,predicted
GTTCATTAGAGTACCG-1-HCAHeart7880862,Fibroblast,1.0,-0.0,D6,pca_knn,predicted
GATCGTAAGGTACTCT-1-HCAHeart7888926,Ventricular_Cardiomyocyte,1.0,-0.0,D6,pca_knn,predicted
CAAGATCCATTGCGGC-1-HCAHeart7844001,Lymphoid,1.0,-0.0,D6,pca_knn,predicted
CATTATCTCCTGTAGA-1-HCAHeart7844004,Myeloid,1.0,-0.0,D6,pca_knn,predicted
TGGACGCTCAGTCAGT-1-HCAHeart7844003,Endothelial,1.0,-0.0,D6,pca_knn,predicted
TTCCCAGGTTCGTCTC-1-HCAHeart7844004,Myeloid,0.9388805025838877,0.23003681267603188,D6,pca_knn,predicted
AGGCCACGTGGACGAT-1-HCAHeart7888927,Ventricular_Cardiomyocyte,1.0,-0.0,D6,pca_knn,predicted
AGAGCTTAGTGTCCAT-1-HCAHeart7844004,Endothelial,1.0,-0.0,D6,pca_knn,predicted
TCGGATACAAGAGATT-1-HCAHeart7905327,Endothelial,1.0,-0.0,D6,pca_knn,predicted
ATCTGCCGTTAAGGGC-1-HCAHeart7880862,Endothelial,1.0,-0.0,D6,pca_knn,predicted
GGCCGATTCCGTAGTA-1-HCAHeart7880862,Atrial_Cardiomyocyte,1.0,-0.0,D6,pca_knn,predicted
CCTAGCTTCAGTCCCT-1-HCAHeart7880861,Ventricular_Cardiomyocyte,1.0,-0.0,D6,pca_knn,predicted
CATATTCCAGGAACGT-1-HCAHeart7844003,Endothelial,0.7874744916799162,0.5172836139784405,D6,pca_knn,predicted
AGAATAGCAACCGCCA-1-HCAHeart7844002,Lymphoid,1.0,-0.0,D6,pca_knn,predicted
CAGCCGAAGTAAGTAC-1-HCAHeart7844004,Endothelial,1.0,-0.0,D6,pca_knn,predicted
GACTACACAGCTTCGG-1-HCAHeart7844000,Lymphoid,0.8487493441129847,0.4248723569232835,D6,pca_knn,predicted
CCTTCGAAGGGTTCCC-1-HCAHeart7880861,Ventricular_Cardiomyocyte,1.0,-0.0,D6,pca_knn,predicted
CAACTAGAGAGCCTAG-1-HCAHeart7844001,Endothelial,1.0,-0.0,D6,pca_knn,predicted
CCGGTAGCACACCGAC-1-HCAHeart7844001,Endothelial,1.0,-0.0,D6,pca_knn,predicted
TTCCCAGGTCGAAAGC-1-HCAHeart7844004,Endothelial,1.0,-0.0,D6,pca_knn,predicted
AACTCTTCACATGTGT-1-HCAHeart7844003,Endothelial,1.0,-0.0,D6,pca_knn,predicted
TGACTTTTCTTCATGT-1-HCAHeart7843999,Pericytes,0.8590342702818722,0.4067126988968126,D6,pca_knn,predicted
CCTATTAGTTTGTTTC-1-HCAHeart7844000,Pericytes,1.0,-0.0,D6,pca_knn,predicted
CGCGTTTTCAGCTCGG-1-HCAHeart7844003,Endothelial,1.0,-0.0,D6,pca_knn,predicted
CCACTACTCATAGCAC-1-HCAHeart7880862,Atrial_Cardiomyocyte,1.0,-0.0,D6,pca_knn,predicted
GAACTGTGTGAAAGTT-1-HCAHeart7905328,Pericytes,1.0,-0.0,D6,pca_knn,predicted
AGGTCATGTACAGACG-1-HCAHeart7844001,Endothelial,1.0,-0.0,D6,pca_knn,predicted
CTAGAGTAGTGGACGT-1-HCAHeart7888927,Ventricular_Cardiomyocyte,1.0,-0.0,D6,pca_knn,predicted
CGTGTCTGTGCGGTAA-1-HCAHeart7843999,Smooth_muscle_cells,0.6005268904065104,0.672797452887382,D6,pca_knn,predicted
CATGCCTGTGGCTACC-1-HCAHeart7905331,Endothelial,1.0,-0.0,D6,pca_knn,predicted
GGACATTAGACGCAAC-1-HCAHeart7844004,Endothelial,1.0,-0.0,D6,pca_knn,predicted
CATCGAATCTCAACTT-1-HCAHeart7880861,Endothelial,1.0,-0.0,D6,pca_knn,predicted
GCATACACAAGGTTCT-1-HCAHeart7880860,Ventricular_Cardiomyocyte,1.0,-0.0,D6,pca_knn,predicted
CCTAGCTCATTTCACT-1-HCAHeart7844003,Endothelial,1.0,-0.0,D6,pca_knn,predicted
AAATGCCTCTGATACG-1-HCAHeart7844004,Smooth_muscle_cells,0.723576939017816,0.5895432202562343,D6,pca_knn,predicted
ACTTTCAAGGACAGAA-1-HCAHeart7880862,Atrial_Cardiomyocyte,1.0,-0.0,D6,pca_knn,predicted
TCCCACATCGGTGCAC-1-HCAHeart7905328,Endothelial,1.0,-0.0,D6,pca_knn,predicted
AGCATCATCATCGCAA-1-HCAHeart7905327,Endothelial,1.0,-0.0,D6,pca_knn,predicted
GTCAAGTCAAGAGGCT-1-HCAHeart7844001,Lymphoid,1.0,-0.0,D6,pca_knn,predicted
AAAGTGATCGCTTAAG-1-HCAHeart7905328,Endothelial,1.0,-0.0,D6,pca_knn,predicted
CCGTTCATCGTTGTAG-1-HCAHeart7905327,Endothelial,1.0,-0.0,D6,pca_knn,predicted
GTACTCCGTTATCGGT-1-HCAHeart7880861,Ventricular_Cardiomyocyte,1.0,-0.0,D6,pca_knn,predicted
TCTATTGTCACAATGC-1-HCAHeart7888927,Pericytes,0.9333533314470767,0.24487724741200467,D6,pca_knn,predicted
CAGTCCTTCAAAGACA-1-HCAHeart7844004,Pericytes,1.0,-0.0,D6,pca_knn,predicted
CTAACTTGTCGAATCT-1-HCAHeart7843999,Endothelial,1.0,-0.0,D6,pca_knn,predicted
TCAGCAAAGATGGGTC-1-HCAHeart7844003,Endothelial,1.0,-0.0,D6,pca_knn,predicted
CACCACTCAACCGCCA-1-HCAHeart7843999,Lymphoid,1.0,-0.0,D6,pca_knn,predicted
AAGGCAGCAAGACACG-1-HCAHeart7880862,Endothelial,0.9357383791034499,0.23853596394853757,D6,pca_knn,predicted
GACCAATCACCAGTTA-1-HCAHeart7844004,Smooth_muscle_cells,0.575124481849758,0.6818169485430781,D6,pca_knn,predicted
CAAGGCCTCCAGTATG-1-HCAHeart7844000,Endothelial,1.0,-0.0,D6,pca_knn,predicted
TGCACCTGTCCAGTGC-1-HCAHeart7844001,Myeloid,1.0,-0.0,D6,pca_knn,predicted
CGACTTCAGAGGTAGA-1-HCAHeart7880860,Ventricular_Cardiomyocyte,1.0,-0.0,D6,pca_knn,predicted
CGAGCCAAGACATAAC-1-HCAHeart7844004,Endothelial,1.0,-0.0,D6,pca_knn,predicted
AGGCCACCACGCGTCA-1-HCAHeart7905328,Endothelial,1.0,-0.0,D6,pca_knn,predicted
CTACACCGTGCAACTT-1-HCAHeart7888927,Ventricular_Cardiomyocyte,1.0,-0.0,D6,pca_knn,predicted
TTACTGTTCCAACTAG-1-HCAHeart7905332,Smooth_muscle_cells,0.8676690595568877,0.39079382912321436,D6,pca_knn,predicted
AGGGTGACACGTCATA-1-HCAHeart7905328,Endothelial,1.0,-0.0,D6,pca_knn,predicted
CGTCACTGTCACCCAG-1-HCAHeart7888926,Ventricular_Cardiomyocyte,1.0,-0.0,D6,pca_knn,predicted
AGGGCCTTCCGCAACG-1-HCAHeart7905328,Endothelial,1.0,-0.0,D6,pca_knn,predicted
CGTAGGCTCTCCCTGA-1-HCAHeart7888927,Fibroblast,1.0,-0.0,D6,pca_knn,predicted
TGCCCTATCCAAACTG-1-HCAHeart7888926,Ventricular_Cardiomyocyte,1.0,-0.0,D6,pca_knn,predicted
CAAGAAATCGGCATCG-1-HCAHeart7880861,Fibroblast,1.0,-0.0,D6,pca_knn,predicted
CTGAAGTCATGTCTCC-1-HCAHeart7844001,Myeloid,0.747873832913219,0.7075227646433558,D6,pca_knn,predicted
TTGCATTAGGGAGGGT-1-HCAHeart7905328,Endothelial,1.0,-0.0,D6,pca_knn,predicted
CAGCCGAAGCCAGTAG-1-HCAHeart7843999,Endothelial,1.0,-0.0,D6,pca_knn,predicted
ACTTTCACAAGCCTAT-1-HCAHeart7844004,Endothelial,1.0,-0.0,D6,pca_knn,predicted
AGTGTTGAGATGCTGG-1-HCAHeart7905327,Endothelial,1.0,-0.0,D6,pca_knn,predicted
GTGCGTGGTATCGATC-1-HCAHeart7905332,Endothelial,1.0,-0.0,D6,pca_knn,predicted
TCATTACTCGCCACTT-1-HCAHeart7905327,Endothelial,1.0,-0.0,D6,pca_knn,predicted
ACGATACAGACAGACC-1-HCAHeart7844004,Myeloid,0.9364048220719866,0.23674727581985439,D6,pca_knn,predicted
CTCGTCATCCTCAACC-1-HCAHeart7844004,Endothelial,1.0,-0.0,D6,pca_knn,predicted
CTCGGAGAGAAGGTTT-1-HCAHeart7880861,Fibroblast,1.0,-0.0,D6,pca_knn,predicted
GTGAAGGCAAGAGTCG-1-HCAHeart7844001,Endothelial,1.0,-0.0,D6,pca_knn,predicted
TTTCATGTCGTTCTCG-1-HCAHeart7905327,Endothelial,1.0,-0.0,D6,pca_knn,predicted
TCTGGAATCGTTACAG-1-HCAHeart7843999,Endothelial,1.0,-0.0,D6,pca_knn,predicted
GTCATTTCACCCTATC-1-HCAHeart7844000,Endothelial,1.0,-0.0,D6,pca_knn,predicted
TCACAAGAGTGTACCT-1-HCAHeart7844001,Pericytes,0.809910154946392,0.4863532146816506,D6,pca_knn,predicted
TCAACGATCAAGGCTT-1-HCAHeart7843999,Endothelial,1.0,-0.0,D6,pca_knn,predicted
ACGGTCGGTACTCCGG-1-HCAHeart7905329,Lymphoid,1.0,-0.0,D6,pca_knn,predicted
CAGCATAAGAAGGTTT-1-HCAHeart7844001,Endothelial,1.0,-0.0,D6,pca_knn,predicted
GAACCTACATCGACGC-1-HCAHeart7843999,Endothelial,1.0,-0.0,D6,pca_knn,predicted
CAAGATCAGATAGTCA-1-HCAHeart7844004,Endothelial,1.0,-0.0,D6,pca_knn,predicted
CAGTAACTCTACGAGT-1-HCAHeart7843999,Endothelial,1.0,-0.0,D6,pca_knn,predicted
ACACCAACAGTTTACG-1-HCAHeart7880862,Myeloid,0.9317888973172828,0.24898685039655075,D6,pca_knn,predicted
CCTCCTCTCTGGTGGC-1-HCAHeart7905332,Endothelial,1.0,-0.0,D6,pca_knn,predicted
ATTGGACGTACAAGTA-1-HCAHeart7888926,Fibroblast,1.0,-0.0,D6,pca_knn,predicted
AAGGAGCGTAGCTGCC-1-HCAHeart7880862,Endothelial,1.0,-0.0,D6,pca_knn,predicted
CTCAGGGAGAGACAAG-1-HCAHeart7905327,Endothelial,1.0,-0.0,D6,pca_knn,predicted
GACGCGTGTACCAGTT-1-HCAHeart7880861,Ventricular_Cardiomyocyte,1.0,-0.0,D6,pca_knn,predicted
AGGGTGACAGCCACCA-1-HCAHeart7880861,Fibroblast,0.9319134288794354,0.24866114069187234,D6,pca_knn,predicted
CGACCTTCATGCAACT-1-HCAHeart7844004,Pericytes,1.0,-0.0,D6,pca_knn,predicted
CGGAGCTCAGCATACT-1-HCAHeart7843999,Pericytes,1.0,-0.0,D6,pca_knn,predicted
GAGTTGTAGTATTCCG-1-HCAHeart7905327,Endothelial,1.0,-0.0,D6,pca_knn,predicted
CAACCAAGTAAACGCG-1-HCAHeart7844001,Smooth_muscle_cells,0.5843691326967101,0.678842540670607,D6,pca_knn,predicted
CAAGATCGTTGAGTTC-1-HCAHeart7880861,Fibroblast,1.0,-0.0,D6,pca_knn,predicted
CTTTGCGAGCAATATG-1-HCAHeart7844001,Myeloid,1.0,-0.0,D6,pca_knn,predicted
GACGTTATCGCAGTTA-1-HCAHeart7905327,Endothelial,1.0,-0.0,D6,pca_knn,predicted
CGGAGTCGTATAGGGC-1-HCAHeart7888927,Ventricular_Cardiomyocyte,1.0,-0.0,D6,pca_knn,predicted
TCCACACTCATGTAGC-1-HCAHeart7888926,Ventricular_Cardiomyocyte,1.0,-0.0,D6,pca_knn,predicted
TGGCGCACAAACAACA-1-HCAHeart7888926,Pericytes,1.0,-0.0,D6,pca_knn,predicted
AATCGTGAGTACTGTC-1-HCAHeart7905332,Endothelial,1.0,-0.0,D6,pca_knn,predicted
GATTCAGGTACAGTGG-1-HCAHeart7844004,Pericytes,0.9399689884613935,0.2270528433197197,D6,pca_knn,predicted
TGGTTAGGTTGCGCAC-1-HCAHeart7843999,Endothelial,1.0,-0.0,D6,pca_knn,predicted
CTGAAGTAGATCCTGT-1-HCAHeart7844001,Endothelial,1.0,-0.0,D6,pca_knn,predicted
TCTGAGATCGCATGAT-1-HCAHeart7844004,Endothelial,1.0,-0.0,D6,pca_knn,predicted
CTTCCGACAATCACGT-1-HCAHeart7905330,Endothelial,1.0,-0.0,D6,pca_knn,predicted
ACCAACAGTATCACGT-1-HCAHeart7905332,Endothelial,1.0,-0.0,D6,pca_knn,predicted
GCGTGCATCTACACAG-1-HCAHeart7905327,Endothelial,1.0,-0.0,D6,pca_knn,predicted
TAGTGGTCATTAGGCT-1-HCAHeart7844001,Pericytes,0.8711824053728182,0.3841328056863894,D6,pca_knn,predicted
ATGGGAGAGTGGGTTG-1-HCAHeart7843999,Myeloid,0.8688506767291294,0.3885656972847752,D6,pca_knn,predicted
TGCACCTTCCCTTGCA-1-HCAHeart7844004,Endothelial,1.0,-0.0,D6,pca_knn,predicted
TCATTGTTCTGTGCGG-1-HCAHeart7905327,Endothelial,1.0,-0.0,D6,pca_knn,predicted
GGTGCGTTCTTACCGC-1-HCAHeart7844004,Endothelial,1.0,-0.0,D6,pca_knn,predicted
TACTTACCACATCCAA-1-HCAHeart7844001,Endothelial,1.0,-0.0,D6,pca_knn,predicted
CGTGAATTCCATTTCA-1-HCAHeart7905331,Endothelial,1.0,-0.0,D6,pca_knn,predicted
TGAGGAGTCAGTGTGT-1-HCAHeart7905328,Endothelial,1.0,-0.0,D6,pca_knn,predicted
CAACCTCGTCATACTG-1-HCAHeart7844004,Myeloid,0.9379590085228877,0.23254683858268888,D6,pca_knn,predicted
CTACATTCACCTGGTG-1-HCAHeart7888926,Ventricular_Cardiomyocyte,0.3931069152126368,1.2344155074327454,D6,pca_knn,predicted
CTATAGGAGGGCAGTT-1-HCAHeart7905331,Endothelial,1.0,-0.0,D6,pca_knn,predicted
GGTGTTAGTGTGACCC-1-HCAHeart7844002,Endothelial,1.0,-0.0,D6,pca_knn,predicted
GAAACTCCACGGCGTT-1-HCAHeart7844004,Endothelial,1.0,-0.0,D6,pca_knn,predicted
AGAACAAGTCTTACTT-1-HCAHeart7905331,Endothelial,1.0,-0.0,D6,pca_knn,predicted
CGAGAAGTCGTTGCCT-1-HCAHeart7844003,Endothelial,1.0,-0.0,D6,pca_knn,predicted
ACGGGTCAGGCAAAGA-1-HCAHeart7880860,Endothelial,1.0,-0.0,D6,pca_knn,predicted
CTAGAGTAGCTGTCTA-1-HCAHeart7844004,Endothelial,0.734216156490186,0.7236775852287345,D6,pca_knn,predicted
GACCAATTCTGCTGCT-1-HCAHeart7844003,Endothelial,1.0,-0.0,D6,pca_knn,predicted
AATCGGTAGAGTCTGG-1-HCAHeart7844001,Endothelial,1.0,-0.0,D6,pca_knn,predicted
CCGTTCATCAGTGCAT-1-HCAHeart7843999,Endothelial,1.0,-0.0,D6,pca_knn,predicted
CTACGTCTCTTGCAAG-1-HCAHeart7844003,Endothelial,1.0,-0.0,D6,pca_knn,predicted
GAGTTTGCAAGGCAAC-1-HCAHeart7905332,Endothelial,1.0,-0.0,D6,pca_knn,predicted
GACAGAGGTGTGGTTT-1-HCAHeart7880863,Myeloid,0.9341557721862226,0.24275410722449162,D6,pca_knn,predicted
AAAGTAGAGTGGAGAA-1-HCAHeart7844001,Endothelial,1.0,-0.0,D6,pca_knn,predicted
ATCTACTAGCTGATAA-1-HCAHeart7844001,Myeloid,0.9335867464758324,0.2442607383359135,D6,pca_knn,predicted
GTCGTAAAGTACACCT-1-HCAHeart7844000,Endothelial,1.0,-0.0,D6,pca_knn,predicted
TGAGGGAAGTGAATTG-1-HCAHeart7844002,Endothelial,1.0,-0.0,D6,pca_knn,predicted
ACTGCTCGTATTAGCC-1-HCAHeart7888926,Ventricular_Cardiomyocyte,1.0,-0.0,D6,pca_knn,predicted
GAGTCATGTACAGAAT-1-HCAHeart7905327,Endothelial,1.0,-0.0,D6,pca_knn,predicted
TGCGCAGGTGCCTTGG-1-HCAHeart7880861,Pericytes,1.0,-0.0,D6,pca_knn,predicted
GGGCGTTTCGGCATCG-1-HCAHeart7905332,Endothelial,1.0,-0.0,D6,pca_knn,predicted
CTGGTCTTCATAAAGG-1-HCAHeart7843999,Endothelial,1.0,-0.0,D6,pca_knn,predicted
TTTATGCCACGGTAGA-1-HCAHeart7843999,Endothelial,1.0,-0.0,D6,pca_knn,predicted
TCTTTCCCAGCGTCCA-1-HCAHeart7843999,Endothelial,1.0,-0.0,D6,pca_knn,predicted
ATCAGGTTCACCTCTG-1-HCAHeart7905331,Endothelial,1.0,-0.0,D6,pca_knn,predicted
GTATTCTTCAACACCA-1-HCAHeart7844002,Lymphoid,1.0,-0.0,D6,pca_knn,predicted
TGGCTGGAGTGCCATT-1-HCAHeart7844000,Endothelial,1.0,-0.0,D6,pca_knn,predicted
CGTTAGAAGTGTTTGC-1-HCAHeart7844003,Pericytes,1.0,-0.0,D6,pca_knn,predicted
GGTTAACTCACAGAGG-1-HCAHeart7905329,Endothelial,1.0,-0.0,D6,pca_knn,predicted
GGTGTCGTCGAGAAAT-1-HCAHeart7905332,Endothelial,1.0,-0.0,D6,pca_knn,predicted
GAACATCAGACACTAA-1-HCAHeart7844003,Lymphoid,0.9092309145353398,0.3043136042558979,D6,pca_knn,predicted
CATCAAGAGGGTGTTG-1-HCAHeart7844004,Myeloid,0.8616613635144809,0.49782391523543035,D6,pca_knn,predicted
TCGCTTGAGGATCATA-1-HCAHeart7905327,Endothelial,1.0,-0.0,D6,pca_knn,predicted
TCTCATACATCACAAC-1-HCAHeart7844001,Endothelial,1.0,-0.0,D6,pca_knn,predicted
ACGAGGAGTACGACCC-1-HCAHeart7844004,Endothelial,1.0,-0.0,D6,pca_knn,predicted
CGTGAGCTCTGCGGCA-1-HCAHeart7888926,Endothelial,1.0,-0.0,D6,pca_knn,predicted
GGATCTAAGGTTGAGC-1-HCAHeart7905330,Endothelial,1.0,-0.0,D6,pca_knn,predicted
CAGGTGCTCTTCGGTC-1-HCAHeart7844001,Pericytes,0.5366071106722868,0.6904646198864792,D6,pca_knn,predicted
ACGCAGCCAATGCCAT-1-HCAHeart7880861,Ventricular_Cardiomyocyte,1.0,-0.0,D6,pca_knn,predicted
CGTAGTAGTACGATTC-1-HCAHeart7905328,Endothelial,1.0,-0.0,D6,pca_knn,predicted
GGGCATCCAGACGTAG-1-HCAHeart7888926,Ventricular_Cardiomyocyte,1.0,-0.0,D6,pca_knn,predicted
AGCAGCCGTGTATGGG-1-HCAHeart7844004,Endothelial,0.45451650184993553,1.4783723758396794,D6,pca_knn,predicted
CCACCTACAAGCTGAG-1-HCAHeart7844004,Endothelial,1.0,-0.0,D6,pca_knn,predicted
CGGACTGCAATCACAC-1-HCAHeart7888926,Ventricular_Cardiomyocyte,1.0,-0.0,D6,pca_knn,predicted
ACTGAACAGAGTAAGG-1-HCAHeart7844004,Endothelial,1.0,-0.0,D6,pca_knn,predicted
TCGAACAGTACCAATC-1-HCAHeart7905327,Endothelial,0.9367018162158472,0.23594776536249212,D6,pca_knn,predicted
CTCTGGTCACAAGACG-1-HCAHeart7844003,Endothelial,1.0,-0.0,D6,pca_knn,predicted
TAAGAGAAGTGGGTTG-1-HCAHeart7844004,Pericytes,1.0,-0.0,D6,pca_knn,predicted
ATGAGGGGTGTCAATC-1-HCAHeart7843999,Smooth_muscle_cells,1.0,-0.0,D6,pca_knn,predicted
TGCAGATGTGAATATG-1-HCAHeart7905329,Endothelial,1.0,-0.0,D6,pca_knn,predicted
ACGTAGTTCTCGTGGG-1-HCAHeart7905330,Endothelial,1.0,-0.0,D6,pca_knn,predicted
CGTCCATTCGGTGTCG-1-HCAHeart7844002,Lymphoid,1.0,-0.0,D6,pca_knn,predicted
TCTTTCCAGCAATATG-1-HCAHeart7844001,Endothelial,1.0,-0.0,D6,pca_knn,predicted
TCATTACGTTGTACAC-1-HCAHeart7843999,Myeloid,0.8636218190516054,0.39833395968992175,D6,pca_knn,predicted
GTGATGTTCTCGGCTT-1-HCAHeart7905327,Endothelial,1.0,-0.0,D6,pca_knn,predicted
AAAGATGAGCTAACTC-1-HCAHeart7843999,Endothelial,1.0,-0.0,D6,pca_knn,predicted
GGACAAGTCCTATTCA-1-HCAHeart7843999,Pericytes,0.9325484011136065,0.24699657490624832,D6,pca_knn,predicted
AGCAGCCAGAATGTTG-1-HCAHeart7844004,Endothelial,1.0,-0.0,D6,pca_knn,predicted
GCAATCATCAGTACGT-1-HCAHeart7844004,Endothelial,1.0,-0.0,D6,pca_knn,predicted
CAAGAAACAGATAATG-1-HCAHeart7843999,Endothelial,1.0,-0.0,D6,pca_knn,predicted
CGAACATTCTTCCTTC-1-HCAHeart7844004,Myeloid,0.8693117498151787,0.47823836936205133,D6,pca_knn,predicted
ATTTCTGCACCTCGGA-1-HCAHeart7843999,Endothelial,1.0,-0.0,D6,pca_knn,predicted
ACACCCTAGTGCTGCC-1-HCAHeart7844004,Endothelial,1.0,-0.0,D6,pca_knn,predicted
ACTGTCCAGTGTCCCG-1-HCAHeart7844004,Endothelial,1.0,-0.0,D6,pca_knn,predicted
CTCCTTTTCCTTTGAT-1-HCAHeart7905331,Endothelial,1.0,-0.0,D6,pca_knn,predicted
CACAGGCGTCCATGAT-1-HCAHeart7844000,Endothelial,1.0,-0.0,D6,pca_knn,predicted
GTGCATATCTTGGGTA-1-HCAHeart7844001,Endothelial,1.0,-0.0,D6,pca_knn,predicted
GATGAAACAATGGTCT-1-HCAHeart7844003,Endothelial,0.9234765069973826,0.2701953181875224,D6,pca_knn,predicted
CGCGGTAAGCAACGGT-1-HCAHeart7844000,Endothelial,1.0,-0.0,D6,pca_knn,predicted
CTCGAGGGTTTACTCT-1-HCAHeart7844003,Endothelial,0.7436570212633953,0.5691969260861838,D6,pca_knn,predicted
TTGTGTTGTGAATGTA-1-HCAHeart7905327,Endothelial,1.0,-0.0,D6,pca_knn,predicted
AGTACTGCAGGCCCTA-1-HCAHeart7905332,Endothelial,1.0,-0.0,D6,pca_knn,predicted
TGCGGGTAGGATATAC-1-HCAHeart7844003,Lymphoid,1.0,-0.0,D6,pca_knn,predicted
TAGACCATCGGAAATA-1-HCAHeart7844001,Pericytes,0.8163909409834774,0.4768221784632518,D6,pca_knn,predicted
TCAATCTTCAGCTCGG-1-HCAHeart7843999,Endothelial,1.0,-0.0,D6,pca_knn,predicted
TTCCTCTTCGCGTCGA-1-HCAHeart7905328,Endothelial,1.0,-0.0,D6,pca_knn,predicted
CTCAGAATCTCAAGTG-1-HCAHeart7844004,Endothelial,1.0,-0.0,D6,pca_knn,predicted
CGTGAGCGTGCTGTAT-1-HCAHeart7844004,Endothelial,1.0,-0.0,D6,pca_knn,predicted
TCAGATGAGAAACGCC-1-HCAHeart7888926,Ventricular_Cardiomyocyte,0.9338868259846511,0.24346685982937422,D6,pca_knn,predicted
TCAGGTAAGGACATTA-1-HCAHeart7880861,Fibroblast,1.0,-0.0,D6,pca_knn,predicted
TTAGGACGTCTTGCGG-1-HCAHeart7843999,Myeloid,0.8293003541224527,0.4569938578930707,D6,pca_knn,predicted
TTCCACGCAGAGGGTT-1-HCAHeart7905328,Endothelial,1.0,-0.0,D6,pca_knn,predicted
CGCGGTACACAAGACG-1-HCAHeart7844004,Pericytes,0.6929858151915103,0.7671133211277672,D6,pca_knn,predicted
AAATGCCGTCTCTTTA-1-HCAHeart7880863,Adipocytes,1.0,-0.0,D6,pca_knn,predicted
ACCCACTTCCTCTAGC-1-HCAHeart7844004,Endothelial,1.0,-0.0,D6,pca_knn,predicted
TGGCCAGCAACACCCG-1-HCAHeart7880862,Atrial_Cardiomyocyte,1.0,-0.0,D6,pca_knn,predicted
ACACTGACAGTACACT-1-HCAHeart7843999,Endothelial,1.0,-0.0,D6,pca_knn,predicted
CATATTCGTTGCCTCT-1-HCAHeart7844001,Lymphoid,1.0,-0.0,D6,pca_knn,predicted
CGTCACTAGGTGATTA-1-HCAHeart7844003,Endothelial,1.0,-0.0,D6,pca_knn,predicted
TTGATGGGTGACCTGC-1-HCAHeart7905327,Endothelial,1.0,-0.0,D6,pca_knn,predicted
CACACAAGTCAGCGTC-1-HCAHeart7905331,Endothelial,1.0,-0.0,D6,pca_knn,predicted
GCAGCCAGTCGAGCTC-1-HCAHeart7905327,Endothelial,1.0,-0.0,D6,pca_knn,predicted
GACGTTATCCGCGTTT-1-HCAHeart7844001,Pericytes,0.730203512140829,0.5830563172759285,D6,pca_knn,predicted
ATCATCTTCACCTTAT-1-HCAHeart7844003,Endothelial,1.0,-0.0,D6,pca_knn,predicted
CTATCCGTCTCCGAGG-1-HCAHeart7905327,Endothelial,1.0,-0.0,D6,pca_knn,predicted
TAAGCGTAGTGTACTC-1-HCAHeart7843999,Endothelial,1.0,-0.0,D6,pca_knn,predicted
TGCCCTATCTGTGCAA-1-HCAHeart7843999,Endothelial,1.0,-0.0,D6,pca_knn,predicted
TCCACACAGAACAATC-1-HCAHeart7843999,Endothelial,1.0,-0.0,D6,pca_knn,predicted
CGCGGTATCGCGTTTC-1-HCAHeart7880862,Endothelial,1.0,-0.0,D6,pca_knn,predicted
CGATGTACAAGCGTAG-1-HCAHeart7844001,Endothelial,1.0,-0.0,D6,pca_knn,predicted
CCTACACGTAAAGGAG-1-HCAHeart7843999,Endothelial,1.0,-0.0,D6,pca_knn,predicted
AGTGAGGGTCGGCACT-1-HCAHeart7844001,Pericytes,0.6150839089676116,0.6664195845192211,D6,pca_knn,predicted
CTACGTCAGCCCGAAA-1-HCAHeart7843999,Myeloid,1.0,-0.0,D6,pca_knn,predicted
CGGAGTCGTACCTACA-1-HCAHeart7844004,Endothelial,1.0,-0.0,D6,pca_knn,predicted
CATCCACCACTGTTAG-1-HCAHeart7844000,Endothelial,1.0,-0.0,D6,pca_knn,predicted
GATGAAAAGGACAGAA-1-HCAHeart7844001,Endothelial,1.0,-0.0,D6,pca_knn,predicted
GCATGTATCGCAGGCT-1-HCAHeart7844004,Lymphoid,1.0,-0.0,D6,pca_knn,predicted
CGTCCATCAATACCTG-1-HCAHeart7905328,Endothelial,1.0,-0.0,D6,pca_knn,predicted
GATGAGGTCGCGTAGC-1-HCAHeart7844001,Smooth_muscle_cells,0.542683361168679,0.689499003356997,D6,pca_knn,predicted
GTTACAGCAGTCGATT-1-HCAHeart7844003,Lymphoid,1.0,-0.0,D6,pca_knn,predicted
GCATACACACCCATTC-1-HCAHeart7888927,Myeloid,1.0,-0.0,D6,pca_knn,predicted
TCGTACCCAAGACACG-1-HCAHeart7844001,Myeloid,1.0,-0.0,D6,pca_knn,predicted
AAGTCTGAGGTTACCT-1-HCAHeart7844001,Endothelial,1.0,-0.0,D6,pca_knn,predicted
TTCGAAGTCGCCAAAT-1-HCAHeart7844001,Endothelial,1.0,-0.0,D6,pca_knn,predicted
TCTCATATCACCATAG-1-HCAHeart7880860,Pericytes,1.0,-0.0,D6,pca_knn,predicted
CGGGTCAAGAGTAAGG-1-HCAHeart7888926,Endothelial,1.0,-0.0,D6,pca_knn,predicted
GCCTCTACAAGGTTCT-1-HCAHeart7880862,Atrial_Cardiomyocyte,1.0,-0.0,D6,pca_knn,predicted
ACTATCTTCTGGGCCA-1-HCAHeart7844003,Endothelial,1.0,-0.0,D6,pca_knn,predicted
ACACTGAAGGTACTCT-1-HCAHeart7880862,Endothelial,1.0,-0.0,D6,pca_knn,predicted
TTGTAGGCAAGGACTG-1-HCAHeart7888926,Pericytes,1.0,-0.0,D6,pca_knn,predicted
ACTACGAGTGCAGGAT-1-HCAHeart7905327,Endothelial,1.0,-0.0,D6,pca_knn,predicted
ACGGCCACATTATCTC-1-HCAHeart7843999,Pericytes,1.0,-0.0,D6,pca_knn,predicted
AGCCTAACACCCTATC-1-HCAHeart7888927,Ventricular_Cardiomyocyte,1.0,-0.0,D6,pca_knn,predicted
TATCTCAAGCGAAGGG-1-HCAHeart7880860,Ventricular_Cardiomyocyte,1.0,-0.0,D6,pca_knn,predicted
TGGTTAGCAGATTGCT-1-HCAHeart7888927,Ventricular_Cardiomyocyte,1.0,-0.0,D6,pca_knn,predicted
GTACTCCCAACTGCGC-1-HCAHeart7880861,Ventricular_Cardiomyocyte,1.0,-0.0,D6,pca_knn,predicted
ATCCACCGTGTGGTTT-1-HCAHeart7844004,Endothelial,1.0,-0.0,D6,pca_knn,predicted
CGCTATCCATCCGGGT-1-HCAHeart7888926,Ventricular_Cardiomyocyte,1.0,-0.0,D6,pca_knn,predicted
GTCAAGTCAGGGCATA-1-HCAHeart7844004,Endothelial,1.0,-0.0,D6,pca_knn,predicted
TTCTAGTTCTGAATCG-1-HCAHeart7905328,Endothelial,1.0,-0.0,D6,pca_knn,predicted
TTTCCTCTCCGTTGTC-1-HCAHeart7844001,Lymphoid,1.0,-0.0,D6,pca_knn,predicted
CTGATAGTCTATCCTA-1-HCAHeart7844003,Endothelial,1.0,-0.0,D6,pca_knn,predicted
AGTAGTCAGTGCCCGT-1-HCAHeart7905332,Endothelial,1.0,-0.0,D6,pca_knn,predicted
AGTGTCAAGACTTGAA-1-HCAHeart7844004,Pericytes,0.6957420960205165,0.6144289645342457,D6,pca_knn,predicted
TCATTACAGGCCCGTT-1-HCAHeart7880861,Pericytes,0.9369907570827498,0.23516850674240072,D6,pca_knn,predicted
CCCATTGCATGAGATA-1-HCAHeart7905332,Endothelial,1.0,-0.0,D6,pca_knn,predicted
ATGCATGTCAACGAGG-1-HCAHeart7905332,Endothelial,1.0,-0.0,D6,pca_knn,predicted
TGCCCTAGTGTTAAGA-1-HCAHeart7844001,Pericytes,0.8947251665136663,0.33652074339835913,D6,pca_knn,predicted
ACTTTCACAAACTGCT-1-HCAHeart7844001,Endothelial,1.0,-0.0,D6,pca_knn,predicted
TTTACTGCAAAGTGCG-1-HCAHeart7844000,Pericytes,0.9443865515522821,0.21472314616278904,D6,pca_knn,predicted
TGACCCTTCACCTGTC-1-HCAHeart7905331,Endothelial,1.0,-0.0,D6,pca_knn,predicted
AGTCTTTTCAGGCAAG-1-HCAHeart7880861,Ventricular_Cardiomyocyte,1.0,-0.0,D6,pca_knn,predicted
GAAACTCAGGGAACGG-1-HCAHeart7844004,Lymphoid,1.0,-0.0,D6,pca_knn,predicted
CGCTGGAAGCCAGTAG-1-HCAHeart7844004,Endothelial,1.0,-0.0,D6,pca_knn,predicted
CATGAGTAGGTAGGCT-1-HCAHeart7905330,Endothelial,0.8729914562755149,0.3806602485765385,D6,pca_knn,predicted
CAGGTGCTCTCGGACG-1-HCAHeart7844004,Endothelial,1.0,-0.0,D6,pca_knn,predicted
ACTGAGTTCATATCGG-1-HCAHeart7844003,Endothelial,1.0,-0.0,D6,pca_knn,predicted
TCTGAGATCAAGAAGT-1-HCAHeart7843999,Endothelial,1.0,-0.0,D6,pca_knn,predicted
ATGCGATAGCTGCAAG-1-HCAHeart7844004,Smooth_muscle_cells,1.0,-0.0,D6,pca_knn,predicted
CTTCTCTTCGACAGCC-1-HCAHeart7844001,Pericytes,1.0,-0.0,D6,pca_knn,predicted
CTAGCCTTCCAAACTG-1-HCAHeart7844003,Endothelial,1.0,-0.0,D6,pca_knn,predicted
TAGTTGGGTTGTGGCC-1-HCAHeart7844004,Myeloid,0.5262729788292339,0.8953837094416208,D6,pca_knn,predicted
AACTGGTTCATACGGT-1-HCAHeart7844003,Endothelial,1.0,-0.0,D6,pca_knn,predicted
ACACCAACACTCGACG-1-HCAHeart7844003,Endothelial,1.0,-0.0,D6,pca_knn,predicted
GTCCTCAGTTGGTAAA-1-HCAHeart7844004,Endothelial,1.0,-0.0,D6,pca_knn,predicted
TCACACCCAAGCGGAT-1-HCAHeart7905328,Endothelial,1.0,-0.0,D6,pca_knn,predicted
TGACTAGCAATCGGTT-1-HCAHeart7844004,Lymphoid,1.0,-0.0,D6,pca_knn,predicted
CTCCATGGTTCGGTCG-1-HCAHeart7905327,Endothelial,1.0,-0.0,D6,pca_knn,predicted
TCATTACGTACGCTGC-1-HCAHeart7880860,Ventricular_Cardiomyocyte,1.0,-0.0,D6,pca_knn,predicted
ACGTACATCGATTCCC-1-HCAHeart7905327,Endothelial,1.0,-0.0,D6,pca_knn,predicted
TCGATTTAGGATACCG-1-HCAHeart7905327,Myeloid,0.9363911385258797,0.23678407628518733,D6,pca_knn,predicted
GGCTCGAGTGAGTATA-1-HCAHeart7844002,Lymphoid,0.9363954875412899,0.2367723804041603,D6,pca_knn,predicted
GTGAAGGCAATCAGAA-1-HCAHeart7844003,Endothelial,1.0,-0.0,D6,pca_knn,predicted
CCCATTGTCATGCCAA-1-HCAHeart7905329,Endothelial,1.0,-0.0,D6,pca_knn,predicted
CAAGATCTCCTGCAGG-1-HCAHeart7844002,Lymphoid,0.9462904067028679,0.20929633381408974,D6,pca_knn,predicted
GGAACTTCACGTGAGA-1-HCAHeart7844000,Endothelial,1.0,-0.0,D6,pca_knn,predicted
CTCCGATCAATAGGAT-1-HCAHeart7905331,Endothelial,1.0,-0.0,D6,pca_knn,predicted
GACTAACAGAGGACGG-1-HCAHeart7843999,Endothelial,1.0,-0.0,D6,pca_knn,predicted
GCTTCCACATGTAGTC-1-HCAHeart7844003,Endothelial,1.0,-0.0,D6,pca_knn,predicted
GTTTCTATCATTGCGA-1-HCAHeart7844001,Endothelial,1.0,-0.0,D6,pca_knn,predicted
GTGAGGAGTCACTAGT-1-HCAHeart7905332,Endothelial,1.0,-0.0,D6,pca_knn,predicted
ACGGGTCCAATGGAGC-1-HCAHeart7844000,Endothelial,1.0,-0.0,D6,pca_knn,predicted
TCGCGTTGTTATCACG-1-HCAHeart7844001,Endothelial,1.0,-0.0,D6,pca_knn,predicted
CTCGGAGAGTCAAGGC-1-HCAHeart7844001,Endothelial,0.6771678231777336,0.6289858700825252,D6,pca_knn,predicted
GAGTTTGGTGATGGCA-1-HCAHeart7905331,Endothelial,1.0,-0.0,D6,pca_knn,predicted
TGATTTCCAAGCGAGT-1-HCAHeart7844004,Endothelial,1.0,-0.0,D6,pca_knn,predicted
ACTGAGTTCAGGCAAG-1-HCAHeart7888927,Ventricular_Cardiomyocyte,1.0,-0.0,D6,pca_knn,predicted
AGAATAGCAATAGCAA-1-HCAHeart7844004,Endothelial,1.0,-0.0,D6,pca_knn,predicted
AGTCTCCAGTGATTCC-1-HCAHeart7905331,Endothelial,1.0,-0.0,D6,pca_knn,predicted
AGCGTCGTCACCTCGT-1-HCAHeart7844001,Endothelial,1.0,-0.0,D6,pca_knn,predicted
CCACAAAAGCCTCTCT-1-HCAHeart7905331,Endothelial,1.0,-0.0,D6,pca_knn,predicted
TCGTGGGTCTGCCTCA-1-HCAHeart7905332,Endothelial,1.0,-0.0,D6,pca_knn,predicted
CGGACTGCATCAGTAC-1-HCAHeart7843999,Endothelial,1.0,-0.0,D6,pca_knn,predicted
ATCTGCCCACAGTCGC-1-HCAHeart7844001,Lymphoid,1.0,-0.0,D6,pca_knn,predicted
CGATCGGGTAGGGACT-1-HCAHeart7844001,Pericytes,0.5420157652311887,0.6896123645621772,D6,pca_knn,predicted
CAAGATCCAGCTGTTA-1-HCAHeart7843999,Endothelial,1.0,-0.0,D6,pca_knn,predicted
ATGAGGGAGGAATTAC-1-HCAHeart7844001,Pericytes,0.8080006261416482,0.48910912445919064,D6,pca_knn,predicted
GCGCAGTAGCCGTCGT-1-HCAHeart7844001,Endothelial,1.0,-0.0,D6,pca_knn,predicted
TTTGCGCTCGACGGAA-1-HCAHeart7844001,Myeloid,0.94256652078973,0.21984645759832663,D6,pca_knn,predicted
GTACGTAGTGAGTATA-1-HCAHeart7880862,Atrial_Cardiomyocyte,1.0,-0.0,D6,pca_knn,predicted
ATGCATGAGCTTCGTA-1-HCAHeart7905329,Myeloid,0.6435473034012825,0.8792188452392674,D6,pca_knn,predicted
TAGATCGCAGCTACAT-1-HCAHeart7905328,Endothelial,1.0,-0.0,D6,pca_knn,predicted
GCATCGGGTAACTGCT-1-HCAHeart7905328,Endothelial,1.0,-0.0,D6,pca_knn,predicted
GGCTGTGCATGTGCCG-1-HCAHeart7905328,Endothelial,1.0,-0.0,D6,pca_knn,predicted
AAGGCAGGTCTAGAGG-1-HCAHeart7843999,Endothelial,1.0,-0.0,D6,pca_knn,predicted
CCACTTGTCGGTTCAA-1-HCAHeart7905332,Pericytes,1.0,-0.0,D6,pca_knn,predicted
ACAGCCGGTCCGAATT-1-HCAHeart7843999,Endothelial,1.0,-0.0,D6,pca_knn,predicted
CAGAATCTCTCAAGTG-1-HCAHeart7844002,Endothelial,1.0,-0.0,D6,pca_knn,predicted
TGACAACAGGTAGCCA-1-HCAHeart7880860,Fibroblast,1.0,-0.0,D6,pca_knn,predicted
TGATGCAGTCCAGCAC-1-HCAHeart7905328,Endothelial,1.0,-0.0,D6,pca_knn,predicted
GCGCAGTGTCTAGTCA-1-HCAHeart7844001,Myeloid,0.9407500276219563,0.22489878836671967,D6,pca_knn,predicted
TATCAGGCAGCATGAG-1-HCAHeart7880860,Ventricular_Cardiomyocyte,1.0,-0.0,D6,pca_knn,predicted
CAGTAACGTGTCGCTG-1-HCAHeart7844004,Lymphoid,1.0,-0.0,D6,pca_knn,predicted
CAGTCCTAGATGCCTT-1-HCAHeart7844001,Pericytes,0.9375865052675958,0.23355733421532435,D6,pca_knn,predicted
TCAGGTACATGTCCTC-1-HCAHeart7844004,Endothelial,1.0,-0.0,D6,pca_knn,predicted
GTCATTTCACTCTGTC-1-HCAHeart7880861,Fibroblast,1.0,-0.0,D6,pca_knn,predicted
GTCAAGTTCGTAGGTT-1-HCAHeart7844004,Pericytes,1.0,-0.0,D6,pca_knn,predicted
TAGGCATGTCGCGTGT-1-HCAHeart7844003,Pericytes,0.7988250722399759,0.6387178006388391,D6,pca_knn,predicted
TACGCTCGTCTCCCTA-1-HCAHeart7905327,Endothelial,1.0,-0.0,D6,pca_knn,predicted
AACAACCCAATATCCG-1-HCAHeart7905328,Endothelial,1.0,-0.0,D6,pca_knn,predicted
TTTCCTCGTCAATACC-1-HCAHeart7844001,Pericytes,1.0,-0.0,D6,pca_knn,predicted
ACTGTCCGTCACAAGG-1-HCAHeart7880862,Atrial_Cardiomyocyte,1.0,-0.0,D6,pca_knn,predicted
CACAAACGTTGGAGGT-1-HCAHeart7880862,Fibroblast,1.0,-0.0,D6,pca_knn,predicted
TGACAACCAAGCCGTC-1-HCAHeart7844002,Lymphoid,1.0,-0.0,D6,pca_knn,predicted
AAGGCAGCATAGTAAG-1-HCAHeart7844001,Myeloid,1.0,-0.0,D6,pca_knn,predicted
TGCGTGGGTCTAGTGT-1-HCAHeart7844001,Pericytes,1.0,-0.0,D6,pca_knn,predicted
CTTAGGAAGGGTTTCT-1-HCAHeart7843999,Smooth_muscle_cells,0.9398845131005927,0.22728517061566636,D6,pca_knn,predicted
TCTCTAAAGTTGTCGT-1-HCAHeart7843999,Myeloid,1.0,-0.0,D6,pca_knn,predicted
CTGAAACAGGCTAGGT-1-HCAHeart7844000,Endothelial,1.0,-0.0,D6,pca_knn,predicted
CCGGGATGTAGGCATG-1-HCAHeart7880862,Fibroblast,1.0,-0.0,D6,pca_knn,predicted
AGGTGTTCACAGTACT-1-HCAHeart7905328,Endothelial,1.0,-0.0,D6,pca_knn,predicted
ACGCCGAGTGGCCCTA-1-HCAHeart7888927,Ventricular_Cardiomyocyte,1.0,-0.0,D6,pca_knn,predicted
ACATGGTGTACCGTAT-1-HCAHeart7844002,Endothelial,1.0,-0.0,D6,pca_knn,predicted
CCCTCTCCACAGCTTA-1-HCAHeart7905331,Endothelial,1.0,-0.0,D6,pca_knn,predicted
GAAACTCTCCATGAAC-1-HCAHeart7844001,Myeloid,1.0,-0.0,D6,pca_knn,predicted
GGACAAGTCACTTACT-1-HCAHeart7844003,Pericytes,0.7458217543335965,0.5668790339195723,D6,pca_knn,predicted
GACTGCGAGTAATCCC-1-HCAHeart7844001,Lymphoid,1.0,-0.0,D6,pca_knn,predicted
AAACCTGCATCCGCGA-1-HCAHeart7844003,Endothelial,1.0,-0.0,D6,pca_knn,predicted
TGGCTGGTCACCTTAT-1-HCAHeart7880862,Atrial_Cardiomyocyte,1.0,-0.0,D6,pca_knn,predicted
GGGCCATCAACCGTGC-1-HCAHeart7905327,Endothelial,1.0,-0.0,D6,pca_knn,predicted
CGACCTTGTCACAAGG-1-HCAHeart7844004,Endothelial,1.0,-0.0,D6,pca_knn,predicted
CCCTCCTGTGACCAAG-1-HCAHeart7843999,Endothelial,1.0,-0.0,D6,pca_knn,predicted
TCGGGACTCGTTTACT-1-HCAHeart7905327,Smooth_muscle_cells,1.0,-0.0,D6,pca_knn,predicted
GTGTTAGCAGATCCAT-1-HCAHeart7888926,Ventricular_Cardiomyocyte,1.0,-0.0,D6,pca_knn,predicted
AAGACCTGTCCAAGTT-1-HCAHeart7888927,Myeloid,0.9303404780010778,0.25275734440316566,D6,pca_knn,predicted
CCTCAGTAGTTGCATC-1-HCAHeart7905329,Endothelial,1.0,-0.0,D6,pca_knn,predicted
AAGCCGCGTCTGGAGA-1-HCAHeart7844004,Endothelial,1.0,-0.0,D6,pca_knn,predicted
AACTGGTTCGCGGATC-1-HCAHeart7844001,Endothelial,1.0,-0.0,D6,pca_knn,predicted
CTGCAGGTCGCCGATG-1-HCAHeart7905330,Smooth_muscle_cells,1.0,-0.0,D6,pca_knn,predicted
CTCACACTCGTGGGAA-1-HCAHeart7844001,Lymphoid,1.0,-0.0,D6,pca_knn,predicted
TCTACATCAGAAACCG-1-HCAHeart7905327,Endothelial,1.0,-0.0,D6,pca_knn,predicted
AAAGTAGTCAGCTCTC-1-HCAHeart7880861,Ventricular_Cardiomyocyte,1.0,-0.0,D6,pca_knn,predicted
GTGCTTCTCATAAAGG-1-HCAHeart7844002,Lymphoid,1.0,-0.0,D6,pca_knn,predicted
TAGAGCTAGTCAAGCG-1-HCAHeart7844003,Endothelial,1.0,-0.0,D6,pca_knn,predicted
CTCTAATGTCTAGCGC-1-HCAHeart7844002,Lymphoid,0.9358688842502881,0.23818628073353665,D6,pca_knn,predicted
ACCCACTAGATAGTCA-1-HCAHeart7844003,Lymphoid,0.8550476789299936,0.4138525212664722,D6,pca_knn,predicted
TGCGTGGTCGCCAGCA-1-HCAHeart7844001,Endothelial,1.0,-0.0,D6,pca_knn,predicted
TCTATTGAGAGTACAT-1-HCAHeart7888927,Ventricular_Cardiomyocyte,1.0,-0.0,D6,pca_knn,predicted
ATAGACCCAGTAAGAT-1-HCAHeart7844003,Endothelial,1.0,-0.0,D6,pca_knn,predicted
TTAGGACCACATCCGG-1-HCAHeart7844001,Endothelial,1.0,-0.0,D6,pca_knn,predicted
ACTATCTTCGGCGGTT-1-HCAHeart7844000,Endothelial,1.0,-0.0,D6,pca_knn,predicted
CGACCTTAGAGGTTGC-1-HCAHeart7888927,Ventricular_Cardiomyocyte,1.0,-0.0,D6,pca_knn,predicted
CGCATAAAGCGACTAG-1-HCAHeart7905327,Endothelial,1.0,-0.0,D6,pca_knn,predicted
TTCCGGTTCTCTATAC-1-HCAHeart7905328,Smooth_muscle_cells,0.8188626566264795,0.47311371981402506,D6,pca_knn,predicted
CAGCTGGGTCTGCGGT-1-HCAHeart7844004,Endothelial,1.0,-0.0,D6,pca_knn,predicted
GTGCAGCTCTTCTGGC-1-HCAHeart7880861,Lymphoid,1.0,-0.0,D6,pca_knn,predicted
GCATGATGTCTAGCCG-1-HCAHeart7843999,Endothelial,1.0,-0.0,D6,pca_knn,predicted
TAGCCGGCATGATCCA-1-HCAHeart7844001,Endothelial,1.0,-0.0,D6,pca_knn,predicted
TTAGGACGTAAAGGAG-1-HCAHeart7888926,Fibroblast,1.0,-0.0,D6,pca_knn,predicted
GCAGCTGAGGGATCGT-1-HCAHeart7905328,Pericytes,1.0,-0.0,D6,pca_knn,predicted
ACTGATGGTAAACCTC-1-HCAHeart7880862,Endothelial,1.0,-0.0,D6,pca_knn,predicted
ATACCTTTCCAAGGGA-1-HCAHeart7905328,Pericytes,1.0,-0.0,D6,pca_knn,predicted
CTACACCGTCCCGACA-1-HCAHeart7844004,Endothelial,1.0,-0.0,D6,pca_knn,predicted
GAGGGATCAGGGCTTC-1-HCAHeart7905328,Endothelial,1.0,-0.0,D6,pca_knn,predicted
TTGAACGAGCTTATCG-1-HCAHeart7880862,Atrial_Cardiomyocyte,1.0,-0.0,D6,pca_knn,predicted
AGAATAGTCCGGCACA-1-HCAHeart7844001,Pericytes,0.9329938689006145,0.2458249683452985,D6,pca_knn,predicted
CTACCTGCACTACACA-1-HCAHeart7905328,Endothelial,1.0,-0.0,D6,pca_knn,predicted
AGCATACAGAAACGAG-1-HCAHeart7844001,Myeloid,0.941726469485662,0.2221904153633506,D6,pca_knn,predicted
CTCTGGTTCAACACTG-1-HCAHeart7844002,Lymphoid,0.930489825597403,0.2523700735060759,D6,pca_knn,predicted
GCTGAATTCGTAGAGG-1-HCAHeart7905327,Endothelial,1.0,-0.0,D6,pca_knn,predicted
CACATTTGTACCATCA-1-HCAHeart7844001,Endothelial,1.0,-0.0,D6,pca_knn,predicted
TGGTAGTGTAACCCGC-1-HCAHeart7905331,Endothelial,1.0,-0.0,D6,pca_knn,predicted
TCGGTAAGTAGCGTGA-1-HCAHeart7844003,Endothelial,1.0,-0.0,D6,pca_knn,predicted
ACTTCCGGTACCTGTA-1-HCAHeart7905328,Smooth_muscle_cells,1.0,-0.0,D6,pca_knn,predicted
CAGCAGCTCGGTTAAC-1-HCAHeart7844004,Endothelial,1.0,-0.0,D6,pca_knn,predicted
GTTTCTACACCGATAT-1-HCAHeart7844004,Pericytes,1.0,-0.0,D6,pca_knn,predicted
AGCGTCGAGCGCCTCA-1-HCAHeart7880862,Atrial_Cardiomyocyte,1.0,-0.0,D6,pca_knn,predicted
GTACTCCAGGAGTACC-1-HCAHeart7844004,Myeloid,0.9373273323314494,0.23425899722551174,D6,pca_knn,predicted
ATCTGCCTCGGCATCG-1-HCAHeart7844001,Endothelial,1.0,-0.0,D6,pca_knn,predicted
ATGGGTTGTATAATGG-1-HCAHeart7905328,Endothelial,1.0,-0.0,D6,pca_knn,predicted
GGAGCAACATTCTCAT-1-HCAHeart7844001,Pericytes,1.0,-0.0,D6,pca_knn,predicted
CGGGTGTCAGTGTGCC-1-HCAHeart7905328,Endothelial,1.0,-0.0,D6,pca_knn,predicted
ATCACGAAGGTAAACT-1-HCAHeart7844001,Endothelial,1.0,-0.0,D6,pca_knn,predicted
CACAAACTCCGAAGAG-1-HCAHeart7844001,Pericytes,0.8041875743160483,0.4945421234297058,D6,pca_knn,predicted
CGCTATCAGCTGTTCA-1-HCAHeart7844001,Endothelial,1.0,-0.0,D6,pca_knn,predicted
CGGAGCTAGTTGTCGT-1-HCAHeart7844004,Endothelial,1.0,-0.0,D6,pca_knn,predicted
TCATTTGTCCCTTGTG-1-HCAHeart7880861,Fibroblast,1.0,-0.0,D6,pca_knn,predicted
AGCTCCTTCAACACTG-1-HCAHeart7888926,Myeloid,1.0,-0.0,D6,pca_knn,predicted
CTAGGTAGTTAGCGGA-1-HCAHeart7905328,Endothelial,1.0,-0.0,D6,pca_knn,predicted
TGGGAAGAGGTTCCTA-1-HCAHeart7844004,Pericytes,1.0,-0.0,D6,pca_knn,predicted
CAAGATCCACAGACTT-1-HCAHeart7844004,Endothelial,1.0,-0.0,D6,pca_knn,predicted
CCTCCTCGTAAGATAC-1-HCAHeart7905331,Endothelial,1.0,-0.0,D6,pca_knn,predicted
TAGCACAAGCCATATC-1-HCAHeart7905332,Endothelial,1.0,-0.0,D6,pca_knn,predicted
TCAGCAACAGCCTTGG-1-HCAHeart7844004,Endothelial,1.0,-0.0,D6,pca_knn,predicted
GAAATGAGTCAGAGGT-1-HCAHeart7843999,Endothelial,1.0,-0.0,D6,pca_knn,predicted
GTTCATTAGACAATAC-1-HCAHeart7880862,Atrial_Cardiomyocyte,1.0,-0.0,D6,pca_knn,predicted
CTCGGAGGTAGTACCT-1-HCAHeart7844004,Endothelial,1.0,-0.0,D6,pca_knn,predicted
TGCAGATGTCTTCAAG-1-HCAHeart7905327,Fibroblast,1.0,-0.0,D6,pca_knn,predicted
TCGTAGAAGGTGCAAC-1-HCAHeart7844004,Lymphoid,0.9331590025118854,0.24538985180887823,D6,pca_knn,predicted
CCTAAAGCAAGAGGCT-1-HCAHeart7844001,Myeloid,0.7911017980079875,0.5124932070166257,D6,pca_knn,predicted
GACGGCTTCTGTCTCG-1-HCAHeart7844001,Endothelial,1.0,-0.0,D6,pca_knn,predicted
AGCGATTTCTCGTGGG-1-HCAHeart7905331,Pericytes,0.872865946868222,0.380902118456657,D6,pca_knn,predicted
CGAACATTCCACTCCA-1-HCAHeart7844004,Pericytes,0.603933511454361,0.6713844953351864,D6,pca_knn,predicted
AATCCAGTCTATCCTA-1-HCAHeart7844001,Pericytes,0.46278990019194255,1.18339645819602,D6,pca_knn,predicted
GGATCTAGTAGCTGCC-1-HCAHeart7905329,Pericytes,1.0,-0.0,D6,pca_knn,predicted
TCAGATGGTCCAGTTA-1-HCAHeart7844000,Pericytes,1.0,-0.0,D6,pca_knn,predicted
AAGCCGCCAGATCGGA-1-HCAHeart7844001,Endothelial,1.0,-0.0,D6,pca_knn,predicted
GCGCAGTAGCCAGAAC-1-HCAHeart7844001,Endothelial,0.9357079685291694,0.23861740713162707,D6,pca_knn,predicted
TATTTCGGTCTGCCTT-1-HCAHeart7905327,Endothelial,1.0,-0.0,D6,pca_knn,predicted
AACTCCCCACCGAATT-1-HCAHeart7844003,Pericytes,0.6785139446060959,0.79004725418232,D6,pca_knn,predicted
TTATGCTTCGTTGACA-1-HCAHeart7844002,Endothelial,1.0,-0.0,D6,pca_knn,predicted
AAGACCTAGTGTACCT-1-HCAHeart7844002,Myeloid,1.0,-0.0,D6,pca_knn,predicted
GTGCATATCTTCCTTC-1-HCAHeart7844003,Endothelial,1.0,-0.0,D6,pca_knn,predicted
GACACGCAGTGGCACA-1-HCAHeart7843999,Endothelial,1.0,-0.0,D6,pca_knn,predicted
GCGCGATAGGCATTGG-1-HCAHeart7880860,Ventricular_Cardiomyocyte,1.0,-0.0,D6,pca_knn,predicted
AGCTTGATCTGTCTAT-1-HCAHeart7844003,Endothelial,1.0,-0.0,D6,pca_knn,predicted
ATCATGGAGCGACGTA-1-HCAHeart7844000,Endothelial,1.0,-0.0,D6,pca_knn,predicted
GAGGTGAAGTGTTTGC-1-HCAHeart7843999,Endothelial,1.0,-0.0,D6,pca_knn,predicted
CCTCTCCCACTAACGT-1-HCAHeart7905328,Smooth_muscle_cells,1.0,-0.0,D6,pca_knn,predicted
ATAGACCAGAGAGCTC-1-HCAHeart7844001,Endothelial,1.0,-0.0,D6,pca_knn,predicted
TGGGCGTAGGCCGAAT-1-HCAHeart7844003,Myeloid,1.0,-0.0,D6,pca_knn,predicted
GCCCGAACATTGTAGC-1-HCAHeart7905332,Endothelial,1.0,-0.0,D6,pca_knn,predicted
CGAAGTTAGGTACAGC-1-HCAHeart7905332,Endothelial,1.0,-0.0,D6,pca_knn,predicted
GCTCTGTCAATCTACG-1-HCAHeart7843999,Endothelial,1.0,-0.0,D6,pca_knn,predicted
CTAACCCGTGATTCTG-1-HCAHeart7905332,Endothelial,1.0,-0.0,D6,pca_knn,predicted
ACGCAGCTCCAAATGC-1-HCAHeart7888926,Ventricular_Cardiomyocyte,1.0,-0.0,D6,pca_knn,predicted
CGACTTCCAATGAAAC-1-HCAHeart7888926,Ventricular_Cardiomyocyte,1.0,-0.0,D6,pca_knn,predicted
CACATAGCATAGACTC-1-HCAHeart7843999,Lymphoid,1.0,-0.0,D6,pca_knn,predicted
CTGCCTATCAGATAAG-1-HCAHeart7888927,Fibroblast,1.0,-0.0,D6,pca_knn,predicted
TAGAGCTAGGGTATCG-1-HCAHeart7888926,Ventricular_Cardiomyocyte,1.0,-0.0,D6,pca_knn,predicted
CGTCAGGAGGGATGGG-1-HCAHeart7844004,Endothelial,1.0,-0.0,D6,pca_knn,predicted
CGCGGTATCAGCGACC-1-HCAHeart7844001,Myeloid,1.0,-0.0,D6,pca_knn,predicted
GGATTACTCTCGTTTA-1-HCAHeart7844004,Endothelial,1.0,-0.0,D6,pca_knn,predicted
AAATGCCGTTGACGTT-1-HCAHeart7844000,Endothelial,1.0,-0.0,D6,pca_knn,predicted
ATGGGAGTCCTAGTGA-1-HCAHeart7844004,Pericytes,0.9349646527914883,0.24060333256389416,D6,pca_knn,predicted
GACGTTACACGGTTTA-1-HCAHeart7880862,Atrial_Cardiomyocyte,1.0,-0.0,D6,pca_knn,predicted
TCCTCGAGTCGGTGTC-1-HCAHeart7905328,Smooth_muscle_cells,1.0,-0.0,D6,pca_knn,predicted
GACAGAGTCCGTCAAA-1-HCAHeart7844004,Endothelial,1.0,-0.0,D6,pca_knn,predicted
CGTTGGGAGTATGACA-1-HCAHeart7888926,Ventricular_Cardiomyocyte,1.0,-0.0,D6,pca_knn,predicted
GTACTCCTCGGAGGTA-1-HCAHeart7888927,Ventricular_Cardiomyocyte,1.0,-0.0,D6,pca_knn,predicted
GTTAAGCCAATCCAAC-1-HCAHeart7844001,Myeloid,1.0,-0.0,D6,pca_knn,predicted
TGCGATAAGTAACAGT-1-HCAHeart7905331,Endothelial,1.0,-0.0,D6,pca_knn,predicted
TACTGCCTCGAATGCT-1-HCAHeart7905329,Smooth_muscle_cells,1.0,-0.0,D6,pca_knn,predicted
GATTCAGCAGCATGAG-1-HCAHeart7844004,Endothelial,1.0,-0.0,D6,pca_knn,predicted
AACGTTGTCAAACGGG-1-HCAHeart7844003,Endothelial,1.0,-0.0,D6,pca_knn,predicted
GTTGTAGGTGAACGGT-1-HCAHeart7905327,Endothelial,1.0,-0.0,D6,pca_knn,predicted
CTACCCAGTACCGTTA-1-HCAHeart7844001,Pericytes,0.9427875866547777,0.21922746800936896,D6,pca_knn,predicted
AGTAGTCAGAATGTTG-1-HCAHeart7844001,Endothelial,1.0,-0.0,D6,pca_knn,predicted
TCACGAACATGGTAGG-1-HCAHeart7844004,Endothelial,1.0,-0.0,D6,pca_knn,predicted
TCGTAGAAGCCAGTAG-1-HCAHeart7844004,Endothelial,1.0,-0.0,D6,pca_knn,predicted
GGTGCGTTCAACGAAA-1-HCAHeart7844001,Myeloid,0.9103381722805385,0.3017547169361975,D6,pca_knn,predicted
ATCTTCACATGTTACG-1-HCAHeart7905332,Endothelial,1.0,-0.0,D6,pca_knn,predicted
CATCGGGTCAGTTTGG-1-HCAHeart7844001,Endothelial,1.0,-0.0,D6,pca_knn,predicted
CACACAATCGCGTTTC-1-HCAHeart7844003,Endothelial,0.8047411450666534,0.493759133965763,D6,pca_knn,predicted
ATAAGAGAGCTTCGCG-1-HCAHeart7844001,Pericytes,0.9288633059678699,0.2565693467744925,D6,pca_knn,predicted
GAAGAATCATGAGAAT-1-HCAHeart7905332,Endothelial,1.0,-0.0,D6,pca_knn,predicted
TCAGCAAGTATATGAG-1-HCAHeart7844002,Endothelial,1.0,-0.0,D6,pca_knn,predicted
AGGTCCGTCTCCAGGG-1-HCAHeart7844004,Endothelial,1.0,-0.0,D6,pca_knn,predicted
CGTTAGACATCGGACC-1-HCAHeart7844000,Endothelial,1.0,-0.0,D6,pca_knn,predicted
AAGGCAGAGTGTTGAA-1-HCAHeart7844002,Lymphoid,1.0,-0.0,D6,pca_knn,predicted
ACACCGGTCCTATGTT-1-HCAHeart7880862,Atrial_Cardiomyocyte,1.0,-0.0,D6,pca_knn,predicted
CACTGGGAGTAAGAGG-1-HCAHeart7905332,Endothelial,1.0,-0.0,D6,pca_knn,predicted
CACAGGCCATTGTGCA-1-HCAHeart7844003,Lymphoid,1.0,-0.0,D6,pca_knn,predicted
CGGACTGTCACATGCA-1-HCAHeart7844000,Endothelial,1.0,-0.0,D6,pca_knn,predicted
GGGACCTTCTCCGGTT-1-HCAHeart7880863,Endothelial,0.9273302567823601,0.2604906318237285,D6,pca_knn,predicted
CACTCCAAGAGCCCAA-1-HCAHeart7880862,Adipocytes,1.0,-0.0,D6,pca_knn,predicted
AATTTCCGTCTACGTA-1-HCAHeart7905332,Endothelial,1.0,-0.0,D6,pca_knn,predicted
CGTCAGGGTAAGGATT-1-HCAHeart7844004,Endothelial,1.0,-0.0,D6,pca_knn,predicted
GTTCTCGGTAGCTCCG-1-HCAHeart7844001,Pericytes,0.8070546315989535,0.49046570485310714,D6,pca_knn,predicted
GATAGAACAAACAGGC-1-HCAHeart7905327,Endothelial,1.0,-0.0,D6,pca_knn,predicted
GTAATGCCACAAGTGG-1-HCAHeart7905328,Endothelial,1.0,-0.0,D6,pca_knn,predicted
AGGCCGTTCGGAAACG-1-HCAHeart7844001,Myeloid,1.0,-0.0,D6,pca_knn,predicted
AGCCTAAGTTTGTTGG-1-HCAHeart7888926,Ventricular_Cardiomyocyte,1.0,-0.0,D6,pca_knn,predicted
TCGCGTTAGAAGGTTT-1-HCAHeart7880862,Fibroblast,0.5194742892327768,1.0162013691867073,D6,pca_knn,predicted
AGCCAGCCATGGATCT-1-HCAHeart7905328,Endothelial,1.0,-0.0,D6,pca_knn,predicted
GCACTCTAGATCGGGT-1-HCAHeart7880860,Ventricular_Cardiomyocyte,1.0,-0.0,D6,pca_knn,predicted
TGTCCCACATGTTGAC-1-HCAHeart7843999,Myeloid,0.9327320257365861,0.246514014610225,D6,pca_knn,predicted
CAGCTGGCAAGCCTAT-1-HCAHeart7844001,Endothelial,1.0,-0.0,D6,pca_knn,predicted
CTGCGGATCTACTTAC-1-HCAHeart7844003,Smooth_muscle_cells,0.8529764742314575,0.41751115850151377,D6,pca_knn,predicted
GTCTTCGTCTGTACGA-1-HCAHeart7843999,Lymphoid,1.0,-0.0,D6,pca_knn,predicted
TTTATGCAGGTCATAA-1-HCAHeart7905328,Endothelial,0.9377477865741498,0.23312011564579158,D6,pca_knn,predicted
ACGGCCAAGCGAAGGG-1-HCAHeart7844002,Smooth_muscle_cells,0.9411903258609243,0.2236796593591887,D6,pca_knn,predicted
CTCTAATTCGGTGTTA-1-HCAHeart7880862,Fibroblast,1.0,-0.0,D6,pca_knn,predicted
CGGCTAGGTCGTTGTA-1-HCAHeart7880860,Ventricular_Cardiomyocyte,1.0,-0.0,D6,pca_knn,predicted
TACGGTACAATCTACG-1-HCAHeart7844001,Pericytes,0.9396466659661791,0.22793862881849059,D6,pca_knn,predicted
CTCTGGTGTGTGCCTG-1-HCAHeart7844001,Endothelial,1.0,-0.0,D6,pca_knn,predicted
TTTATGCTCCTCAACC-1-HCAHeart7844000,Endothelial,1.0,-0.0,D6,pca_knn,predicted
CGCTTCAAGGGAACGG-1-HCAHeart7844002,Lymphoid,0.6869352762408777,0.7614021860876108,D6,pca_knn,predicted
TAACCAGCAAGGCCTC-1-HCAHeart7905330,Endothelial,1.0,-0.0,D6,pca_knn,predicted
CGTGAGCCAACGATCT-1-HCAHeart7843999,Lymphoid,1.0,-0.0,D6,pca_knn,predicted
AGCGTATAGCACAGGT-1-HCAHeart7888926,Ventricular_Cardiomyocyte,1.0,-0.0,D6,pca_knn,predicted
CGTAAGTTCATTCGGA-1-HCAHeart7905328,Endothelial,1.0,-0.0,D6,pca_knn,predicted
GCACTCTAGTGCCAGA-1-HCAHeart7880861,Myeloid,1.0,-0.0,D6,pca_knn,predicted
CGGACACTCACCACCT-1-HCAHeart7888927,Ventricular_Cardiomyocyte,1.0,-0.0,D6,pca_knn,predicted
ACTGATGCACTGCCAG-1-HCAHeart7844004,Endothelial,1.0,-0.0,D6,pca_knn,predicted
AAGCCGCGTCTCTCGT-1-HCAHeart7844004,Endothelial,1.0,-0.0,D6,pca_knn,predicted
GACCAATTCCACTCCA-1-HCAHeart7844004,Lymphoid,1.0,-0.0,D6,pca_knn,predicted
GGAACTTTCCCGGATG-1-HCAHeart7844003,Pericytes,0.9404492287158119,0.22572966056545685,D6,pca_knn,predicted
TCAGCAACACTAAGTC-1-HCAHeart7844003,Endothelial,1.0,-0.0,D6,pca_knn,predicted
GACATCACATGACCCG-1-HCAHeart7905327,Endothelial,1.0,-0.0,D6,pca_knn,predicted
GCGAGAACAATGGATA-1-HCAHeart7844001,Endothelial,1.0,-0.0,D6,pca_knn,predicted
CTCATTAAGTGTTAGA-1-HCAHeart7844001,Endothelial,1.0,-0.0,D6,pca_knn,predicted
AACTCTTAGGTACTCT-1-HCAHeart7844001,Endothelial,1.0,-0.0,D6,pca_knn,predicted
AACTCTTAGCGCTCCA-1-HCAHeart7844004,Endothelial,1.0,-0.0,D6,pca_knn,predicted
AGACGTTGTAAAGTCA-1-HCAHeart7844003,Endothelial,0.7467205904546341,0.5659093484708035,D6,pca_knn,predicted
CAGCGTGGTACAGCGA-1-HCAHeart7905331,Endothelial,1.0,-0.0,D6,pca_knn,predicted
CTGCGGAAGGTCGGAT-1-HCAHeart7880860,Endothelial,1.0,-0.0,D6,pca_knn,predicted
GCTGCGAAGCAACGGT-1-HCAHeart7844001,Endothelial,1.0,-0.0,D6,pca_knn,predicted
TGACGGCTCTACGAGT-1-HCAHeart7843999,Endothelial,1.0,-0.0,D6,pca_knn,predicted
CGAGCACAGAGACGAA-1-HCAHeart7844001,Lymphoid,1.0,-0.0,D6,pca_knn,predicted
TTGGAACAGATCCCGC-1-HCAHeart7844004,Endothelial,1.0,-0.0,D6,pca_knn,predicted
CACATAGGTCGTGGCT-1-HCAHeart7844001,Lymphoid,1.0,-0.0,D6,pca_knn,predicted
TCGAAGTCATGGCCCA-1-HCAHeart7905332,Fibroblast,1.0,-0.0,D6,pca_knn,predicted
CAAGATCCATGGTCTA-1-HCAHeart7844001,Endothelial,1.0,-0.0,D6,pca_knn,predicted
CTTCGGTCACTAACGT-1-HCAHeart7905329,Endothelial,0.725258344630121,0.5879181705153278,D6,pca_knn,predicted
GCATGTATCTTGCCGT-1-HCAHeart7844004,Endothelial,1.0,-0.0,D6,pca_knn,predicted
GAGGCAACACGCTTAA-1-HCAHeart7905332,Pericytes,0.9264355438923763,0.2627629978323819,D6,pca_knn,predicted
ACTATCTTCGTCTGCT-1-HCAHeart7880861,Pericytes,1.0,-0.0,D6,pca_knn,predicted
GTTGTGACAGAGGACT-1-HCAHeart7905332,Endothelial,1.0,-0.0,D6,pca_knn,predicted
ATTGGTGGTAAACACA-1-HCAHeart7888926,Fibroblast,1.0,-0.0,D6,pca_knn,predicted
CGCGTTTTCACCACCT-1-HCAHeart7844001,Pericytes,0.6756675890020118,0.6300920797787822,D6,pca_knn,predicted
GCATGTAAGACGACGT-1-HCAHeart7844004,Endothelial,1.0,-0.0,D6,pca_knn,predicted
TGCACCTTCCAGAAGG-1-HCAHeart7844001,Endothelial,1.0,-0.0,D6,pca_knn,predicted
CGAGCCACATGTCCTC-1-HCAHeart7844004,Endothelial,1.0,-0.0,D6,pca_knn,predicted
GCTTCCATCCACGTTC-1-HCAHeart7844001,Pericytes,1.0,-0.0,D6,pca_knn,predicted
CGTTGGGGTTCTGTTT-1-HCAHeart7844004,Endothelial,1.0,-0.0,D6,pca_knn,predicted
CAGTCCTGTCTTGTCC-1-HCAHeart7844001,Endothelial,1.0,-0.0,D6,pca_knn,predicted
ACGAGCCCAGTCGATT-1-HCAHeart7844004,Endothelial,1.0,-0.0,D6,pca_knn,predicted
CGTCACTTCATGCAAC-1-HCAHeart7844004,Endothelial,1.0,-0.0,D6,pca_knn,predicted
AGAGAGCCATCGGAAG-1-HCAHeart7905331,Endothelial,1.0,-0.0,D6,pca_knn,predicted
GTCACGGGTGACACAG-1-HCAHeart7905332,Endothelial,1.0,-0.0,D6,pca_knn,predicted
TCTTGCGCAACTTCTT-1-HCAHeart7905332,Endothelial,1.0,-0.0,D6,pca_knn,predicted
CTCAACCCAACCCTAA-1-HCAHeart7905327,Endothelial,1.0,-0.0,D6,pca_knn,predicted
GAGTTGTAGGCTGGAT-1-HCAHeart7905328,Endothelial,1.0,-0.0,D6,pca_knn,predicted
TTGGGTACAAGCACCC-1-HCAHeart7905332,Endothelial,1.0,-0.0,D6,pca_knn,predicted
TGATTTCGTCTCCCTA-1-HCAHeart7844004,Endothelial,1.0,-0.0,D6,pca_knn,predicted
CTGAAGTCAGGGCATA-1-HCAHeart7843999,Endothelial,1.0,-0.0,D6,pca_knn,predicted
ACTTGTTTCTATCGCC-1-HCAHeart7844004,Pericytes,0.6551336223900528,0.6442106721689338,D6,pca_knn,predicted
GACTACAGTTGGTAAA-1-HCAHeart7844001,Pericytes,0.5406187730645114,0.6898437720013986,D6,pca_knn,predicted
TGAAAGAGTTCGTCTC-1-HCAHeart7880862,Atrial_Cardiomyocyte,1.0,-0.0,D6,pca_knn,predicted
CTATCCGCAAATGGAT-1-HCAHeart7905332,Endothelial,1.0,-0.0,D6,pca_knn,predicted
TGAGGTTAGCAACAAT-1-HCAHeart7905328,Endothelial,1.0,-0.0,D6,pca_knn,predicted
CAGTTAGTCCTGTACC-1-HCAHeart7905328,Pericytes,1.0,-0.0,D6,pca_knn,predicted
AGGCCACAGGTGATTA-1-HCAHeart7880861,Myeloid,1.0,-0.0,D6,pca_knn,predicted
CCTTACGGTGTTGGGA-1-HCAHeart7880862,Pericytes,1.0,-0.0,D6,pca_knn,predicted
TACGGTACAACACCTA-1-HCAHeart7843999,Smooth_muscle_cells,1.0,-0.0,D6,pca_knn,predicted
TCTATTGTCAGGCGAA-1-HCAHeart7844004,Endothelial,1.0,-0.0,D6,pca_knn,predicted
CGTTGGGAGGTCGGAT-1-HCAHeart7844004,Endothelial,1.0,-0.0,D6,pca_knn,predicted
TACGGGCGTTTGTGTG-1-HCAHeart7888926,Pericytes,1.0,-0.0,D6,pca_knn,predicted
AATAGAGAGTAATCCC-1-HCAHeart7905328,Endothelial,1.0,-0.0,D6,pca_knn,predicted
TGGTTAGGTACAGCAG-1-HCAHeart7880860,Ventricular_Cardiomyocyte,1.0,-0.0,D6,pca_knn,predicted
CAGTCCTTCTATCCCG-1-HCAHeart7880861,Ventricular_Cardiomyocyte,1.0,-0.0,D6,pca_knn,predicted
CTGCGGACAATGAATG-1-HCAHeart7844001,Endothelial,1.0,-0.0,D6,pca_knn,predicted
TTACCATGTGAGGATC-1-HCAHeart7905331,Pericytes,1.0,-0.0,D6,pca_knn,predicted
GGCTGGTCATTGGTAC-1-HCAHeart7844000,Endothelial,1.0,-0.0,D6,pca_knn,predicted
ATCCGAAGTTCGGGCT-1-HCAHeart7844004,Endothelial,1.0,-0.0,D6,pca_knn,predicted
AGGGTGAGTGACGGTA-1-HCAHeart7844001,Myeloid,0.9373909727175813,0.23408680868024864,D6,pca_knn,predicted
AGATCTGTCACGATGT-1-HCAHeart7844001,Pericytes,0.5986361254726766,0.9393075864025286,D6,pca_knn,predicted
CATGCCTGTCAAACTC-1-HCAHeart7880863,Atrial_Cardiomyocyte,1.0,-0.0,D6,pca_knn,predicted
CGGAATTCAGAATCGG-1-HCAHeart7905328,Endothelial,1.0,-0.0,D6,pca_knn,predicted
AGTGAGGGTGAACCTT-1-HCAHeart7844000,Endothelial,1.0,-0.0,D6,pca_knn,predicted
CGTAGGCTCTGCTGTC-1-HCAHeart7844003,Endothelial,1.0,-0.0,D6,pca_knn,predicted
TCTCATAGTTTAGGAA-1-HCAHeart7844004,Endothelial,1.0,-0.0,D6,pca_knn,predicted
CACAGGCAGCACTCTA-1-HCAHeart7905329,Endothelial,1.0,-0.0,D6,pca_knn,predicted
CCCATACGTGACCAAG-1-HCAHeart7880862,Fibroblast,1.0,-0.0,D6,pca_knn,predicted
CTCGTCAGTTTGTGTG-1-HCAHeart7843999,Endothelial,1.0,-0.0,D6,pca_knn,predicted
AACACGTAGTCTCCTC-1-HCAHeart7844004,Endothelial,1.0,-0.0,D6,pca_knn,predicted
TGTTCCGTCGCAAGCC-1-HCAHeart7844003,Endothelial,1.0,-0.0,D6,pca_knn,predicted
CGCCAAGCAAGCTGTT-1-HCAHeart7844001,Pericytes,0.4031093042891142,1.3744794274833145,D6,pca_knn,predicted
ATCATGGGTTCCGGCA-1-HCAHeart7888926,Ventricular_Cardiomyocyte,0.91067806379885,0.3009662177302244,D6,pca_knn,predicted
TATGCCCAGCGTTCCG-1-HCAHeart7844000,Pericytes,0.5268031600849181,0.6917096728372498,D6,pca_knn,predicted
CTTCTCTTCGACCAGC-1-HCAHeart7843999,Endothelial,0.6478207551415578,0.6487852493941381,D6,pca_knn,predicted
GCGCCAATCGTCTGAA-1-HCAHeart7844001,Endothelial,1.0,-0.0,D6,pca_knn,predicted
CTGATCCTCGAGGTAG-1-HCAHeart7844004,Endothelial,0.9408815300545673,0.22453504046340067,D6,pca_knn,predicted
ACTTGTTGTCTTCTCG-1-HCAHeart7844003,Pericytes,0.6736592368663997,0.9399970174274449,D6,pca_knn,predicted
TTCCCAGCAGCCTTTC-1-HCAHeart7880862,Atrial_Cardiomyocyte,1.0,-0.0,D6,pca_knn,predicted
TCAATCTTCGAATGCT-1-HCAHeart7843999,Lymphoid,1.0,-0.0,D6,pca_knn,predicted
CGTTAGAGTAACGATA-1-HCAHeart7905331,Endothelial,1.0,-0.0,D6,pca_knn,predicted
TGTTGGAGTAGCTTGT-1-HCAHeart7905328,Endothelial,1.0,-0.0,D6,pca_knn,predicted
GGTGCGTAGACCGGAT-1-HCAHeart7844004,Endothelial,1.0,-0.0,D6,pca_knn,predicted
CACAAACCATTATCTC-1-HCAHeart7880861,Myeloid,1.0,-0.0,D6,pca_knn,predicted
GTAGTCATCAGGCAAG-1-HCAHeart7844001,Pericytes,0.9395237182206634,0.22827602256587692,D6,pca_knn,predicted
CCGTTCAGTATAGTAG-1-HCAHeart7844001,Pericytes,0.8712837183217629,0.47315807945132715,D6,pca_knn,predicted
CCACCTAAGTACGCGA-1-HCAHeart7880862,Fibroblast,0.5569876602134088,0.9540017648048078,D6,pca_knn,predicted
GACCTGGTCCCACTTG-1-HCAHeart7844001,Endothelial,1.0,-0.0,D6,pca_knn,predicted
AGCGTATAGGGCTCTC-1-HCAHeart7844001,Endothelial,1.0,-0.0,D6,pca_knn,predicted
GACACGCAGGGTTTCT-1-HCAHeart7844001,Endothelial,1.0,-0.0,D6,pca_knn,predicted
CCCAATCTCTGAGTGT-1-HCAHeart7844004,Endothelial,1.0,-0.0,D6,pca_knn,predicted
TCTCATATCCATGCTC-1-HCAHeart7844001,Pericytes,0.9385970981541412,0.23081033431105308,D6,pca_knn,predicted
CTGATCCAGGCATTGG-1-HCAHeart7843999,Endothelial,1.0,-0.0,D6,pca_knn,predicted
ACCTTTATCAGTGCAT-1-HCAHeart7843999,Endothelial,1.0,-0.0,D6,pca_knn,predicted
AAGCCGCTCGCGGATC-1-HCAHeart7843999,Endothelial,1.0,-0.0,D6,pca_knn,predicted
TGATCTTTCGGAGATG-1-HCAHeart7905331,Endothelial,1.0,-0.0,D6,pca_knn,predicted
CACATAGGTGCATCTA-1-HCAHeart7888927,Ventricular_Cardiomyocyte,1.0,-0.0,D6,pca_knn,predicted
GACGCGTGTGAGCGAT-1-HCAHeart7843999,Pericytes,0.6156599979403701,0.6661488513970882,D6,pca_knn,predicted
CTCAACCAGGAGATAG-1-HCAHeart7905332,Pericytes,1.0,-0.0,D6,pca_knn,predicted
TTTGTCAAGCGTAGTG-1-HCAHeart7844004,Endothelial,1.0,-0.0,D6,pca_knn,predicted
AGGCCACGTGCTCCGA-1-HCAHeart7905332,Endothelial,1.0,-0.0,D6,pca_knn,predicted
CGATTGACATCAGTCA-1-HCAHeart7888926,Pericytes,1.0,-0.0,D6,pca_knn,predicted
AAAGTAGAGGATGTAT-1-HCAHeart7880860,Ventricular_Cardiomyocyte,1.0,-0.0,D6,pca_knn,predicted
ATTCATCGTGAGGCAT-1-HCAHeart7905327,Pericytes,0.9369805486924411,0.23519606230690587,D6,pca_knn,predicted
GTTACAGGTAAGCACG-1-HCAHeart7844004,Endothelial,1.0,-0.0,D6,pca_knn,predicted
GGCGTGTAGGTGATAT-1-HCAHeart7843999,Pericytes,0.9435153054389162,0.21718342027711146,D6,pca_knn,predicted
AAGGTTCTCTTACCGC-1-HCAHeart7880861,Fibroblast,1.0,-0.0,D6,pca_knn,predicted
CAGCAGCCACTTAAGC-1-HCAHeart7880862,Fibroblast,1.0,-0.0,D6,pca_knn,predicted
AGGGAGTCATAAGACA-1-HCAHeart7844004,Myeloid,0.9277654020006183,0.2593811772088774,D6,pca_knn,predicted
TCTCATATCCATGAAC-1-HCAHeart7888926,Endothelial,1.0,-0.0,D6,pca_knn,predicted
TCAACGAGTGGTCCGT-1-HCAHeart7843999,Myeloid,1.0,-0.0,D6,pca_knn,predicted
ACTTAGGGTGGCTCTG-1-HCAHeart7905327,Endothelial,1.0,-0.0,D6,pca_knn,predicted
TGGTTAGGTGGTACAG-1-HCAHeart7844001,Endothelial,0.46723017066212535,1.2683971896944939,D6,pca_knn,predicted
GCGAGAAAGCGACGTA-1-HCAHeart7880862,Fibroblast,1.0,-0.0,D6,pca_knn,predicted
TAGCCGGCAGTCAGCC-1-HCAHeart7844003,Endothelial,1.0,-0.0,D6,pca_knn,predicted
ATCCATTTCTTCGACC-1-HCAHeart7905332,Endothelial,1.0,-0.0,D6,pca_knn,predicted
TCGCGAGCACAGCGTC-1-HCAHeart7844004,Endothelial,1.0,-0.0,D6,pca_knn,predicted
GGGAGATTCACTTATC-1-HCAHeart7844003,Endothelial,1.0,-0.0,D6,pca_knn,predicted
CAACCTCTCCACGACG-1-HCAHeart7843999,Endothelial,1.0,-0.0,D6,pca_knn,predicted
AGTTCGATCACGGAGA-1-HCAHeart7905328,Pericytes,0.8715086713065454,0.3835086887575772,D6,pca_knn,predicted
AGTGAGGAGTACGTAA-1-HCAHeart7888927,Pericytes,1.0,-0.0,D6,pca_knn,predicted
TCCACCAAGGGTTAAT-1-HCAHeart7905328,Pericytes,0.8780248255623675,0.3708420030718973,D6,pca_knn,predicted
TCCCGATTCTGAGGGA-1-HCAHeart7844004,Lymphoid,0.8104757503356483,0.48553238602131266,D6,pca_knn,predicted
GTGCATATCTCCTATA-1-HCAHeart7844004,Pericytes,1.0,-0.0,D6,pca_knn,predicted
AGCTCTCGTAGTGAAT-1-HCAHeart7844001,Endothelial,1.0,-0.0,D6,pca_knn,predicted
GACAGAGAGGTAAACT-1-HCAHeart7888926,Ventricular_Cardiomyocyte,1.0,-0.0,D6,pca_knn,predicted
CGTAGGCAGTTCGCGC-1-HCAHeart7880862,Atrial_Cardiomyocyte,1.0,-0.0,D6,pca_knn,predicted
GTAGGCCTCCGAATGT-1-HCAHeart7844001,Pericytes,0.9289708133088475,0.25629303439745554,D6,pca_knn,predicted
CCTAAGATCGAGAGAC-1-HCAHeart7905332,Endothelial,1.0,-0.0,D6,pca_knn,predicted
GACCAATTCCGCTAGG-1-HCAHeart7905327,Endothelial,1.0,-0.0,D6,pca_knn,predicted
TTAACTCCATATACCG-1-HCAHeart7844001,Myeloid,1.0,-0.0,D6,pca_knn,predicted
CCACCTAGTTCATGGT-1-HCAHeart7844001,Endothelial,1.0,-0.0,D6,pca_knn,predicted
CAGAATCTCGCGCCAA-1-HCAHeart7844001,Endothelial,1.0,-0.0,D6,pca_knn,predicted
TGGCGCAAGTACTTGC-1-HCAHeart7888927,Myeloid,0.9347270927531778,0.24123610379481075,D6,pca_knn,predicted
TGGGCGTTCCTCCTAG-1-HCAHeart7880862,Atrial_Cardiomyocyte,1.0,-0.0,D6,pca_knn,predicted
ATCGGCGCACACAGAG-1-HCAHeart7905327,Endothelial,1.0,-0.0,D6,pca_knn,predicted
TGACTAGGTTGACGTT-1-HCAHeart7843999,Lymphoid,1.0,-0.0,D6,pca_knn,predicted
CAACCAATCCCAGGTG-1-HCAHeart7844001,Endothelial,0.7977781538092872,0.6286090673823836,D6,pca_knn,predicted
GTGGGTCCAGCTTCGG-1-HCAHeart7844001,Lymphoid,0.9200907600774636,0.2785476481825899,D6,pca_knn,predicted
ACTTACTCAGGTCCAC-1-HCAHeart7844001,Myeloid,0.7428248574279888,0.5700814184795172,D6,pca_knn,predicted
CGCTTCATCTCCCTGA-1-HCAHeart7880863,Endothelial,1.0,-0.0,D6,pca_knn,predicted
CCAGCGAAGAGAACAG-1-HCAHeart7888926,Endothelial,1.0,-0.0,D6,pca_knn,predicted
GTCACGGCAACAACCT-1-HCAHeart7844001,Endothelial,1.0,-0.0,D6,pca_knn,predicted
ACCCTTGGTGTCTTAG-1-HCAHeart7905328,Endothelial,1.0,-0.0,D6,pca_knn,predicted
GGACGTCTCAAGATCC-1-HCAHeart7844001,Endothelial,1.0,-0.0,D6,pca_knn,predicted
CCTTGTGAGGTTAGTA-1-HCAHeart7905330,Endothelial,1.0,-0.0,D6,pca_knn,predicted
AACCTGACACGCGTCA-1-HCAHeart7905329,Lymphoid,1.0,-0.0,D6,pca_knn,predicted
CTCTACGGTCACACGC-1-HCAHeart7843999,Endothelial,1.0,-0.0,D6,pca_knn,predicted
CCGTTCATCCTTAATC-1-HCAHeart7888926,Ventricular_Cardiomyocyte,1.0,-0.0,D6,pca_knn,predicted
CCCTCCTGTGACTCAT-1-HCAHeart7844004,Myeloid,0.8749356571050447,0.46344973989030025,D6,pca_knn,predicted
TAGACTGAGCGTCGAA-1-HCAHeart7905332,Fibroblast,1.0,-0.0,D6,pca_knn,predicted
CCTAACCTCGGCTGTG-1-HCAHeart7905331,Endothelial,1.0,-0.0,D6,pca_knn,predicted
GCTGCGATCTGGCGAC-1-HCAHeart7844001,Pericytes,1.0,-0.0,D6,pca_knn,predicted
GGAGGATCACGGCTAC-1-HCAHeart7905331,Endothelial,1.0,-0.0,D6,pca_knn,predicted
CAACCTCTCTGGCGTG-1-HCAHeart7844003,Endothelial,0.6512130787830532,0.6466924597775225,D6,pca_knn,predicted
ACTGATGTCACCATAG-1-HCAHeart7905328,Endothelial,0.9357795710996041,0.2384256222921925,D6,pca_knn,predicted
TTAGTTCAGACGCACA-1-HCAHeart7844001,Endothelial,1.0,-0.0,D6,pca_knn,predicted
CCTATTATCTATCGCC-1-HCAHeart7880860,Ventricular_Cardiomyocyte,1.0,-0.0,D6,pca_knn,predicted
ACGAGCCTCAAACGGG-1-HCAHeart7880862,Fibroblast,1.0,-0.0,D6,pca_knn,predicted
GCACGGTTCTGCTTAT-1-HCAHeart7905332,Endothelial,1.0,-0.0,D6,pca_knn,predicted
CGTGAGCCATAAGACA-1-HCAHeart7844000,Endothelial,1.0,-0.0,D6,pca_knn,predicted
GGCAATTGTGTTGGGA-1-HCAHeart7844001,Myeloid,1.0,-0.0,D6,pca_knn,predicted
CGATGGCAGGGTCTTT-1-HCAHeart7905327,Endothelial,1.0,-0.0,D6,pca_knn,predicted
AGTTGGTTCCGTTGCT-1-HCAHeart7880862,Atrial_Cardiomyocyte,1.0,-0.0,D6,pca_knn,predicted
GTTACGACAGTAGTGG-1-HCAHeart7905332,Endothelial,1.0,-0.0,D6,pca_knn,predicted
TTAGGACGTGGAAAGA-1-HCAHeart7888927,Neuronal,0.877810332909022,0.37126516628553785,D6,pca_knn,predicted
CTCTCGACAGCTCATA-1-HCAHeart7905328,Endothelial,1.0,-0.0,D6,pca_knn,predicted
GACCTGGCAAACAACA-1-HCAHeart7844001,Pericytes,0.6815324762384388,0.777756039632119,D6,pca_knn,predicted
CTAACTTTCACCCTGT-1-HCAHeart7905328,Pericytes,1.0,-0.0,D6,pca_knn,predicted
ATGAGTCCACGCGCTA-1-HCAHeart7905331,Endothelial,1.0,-0.0,D6,pca_knn,predicted
CGAGAAGCAATGGACG-1-HCAHeart7843999,Endothelial,1.0,-0.0,D6,pca_knn,predicted
AGGGAGTGTGTCAATC-1-HCAHeart7880861,Fibroblast,0.9264886595152007,0.26262842556354066,D6,pca_knn,predicted
CATGACAGTGCCTGCA-1-HCAHeart7880861,Myeloid,1.0,-0.0,D6,pca_knn,predicted
ATAGACCAGACCCACC-1-HCAHeart7844003,Pericytes,1.0,-0.0,D6,pca_knn,predicted
GATCGTATCGTTGCCT-1-HCAHeart7888926,Ventricular_Cardiomyocyte,1.0,-0.0,D6,pca_knn,predicted
CTTCCGAGTGCAGGAT-1-HCAHeart7905329,Fibroblast,1.0,-0.0,D6,pca_knn,predicted
GGACGTCGTGACCGAA-1-HCAHeart7905332,Endothelial,1.0,-0.0,D6,pca_knn,predicted
TGGACGCTCTACCAGA-1-HCAHeart7844001,Pericytes,0.9319615702633243,0.24853516242339616,D6,pca_knn,predicted
GTACAACGTTCGGTCG-1-HCAHeart7905332,Endothelial,1.0,-0.0,D6,pca_knn,predicted
CCCTGATTCTCCGAAA-1-HCAHeart7905332,Endothelial,1.0,-0.0,D6,pca_knn,predicted
GGCAATTTCGCTGATA-1-HCAHeart7844001,Endothelial,1.0,-0.0,D6,pca_knn,predicted
CGCTATCCAAGGCTCC-1-HCAHeart7844001,Endothelial,1.0,-0.0,D6,pca_knn,predicted
GAACACTCAGACGCTC-1-HCAHeart7905331,Endothelial,1.0,-0.0,D6,pca_knn,predicted
AAGGTTCGTCGGCACT-1-HCAHeart7844000,Smooth_muscle_cells,1.0,-0.0,D6,pca_knn,predicted
CCTCCAAAGAGAGCGG-1-HCAHeart7905328,Endothelial,1.0,-0.0,D6,pca_knn,predicted
GCGAGAACATATGGTC-1-HCAHeart7888926,Ventricular_Cardiomyocyte,1.0,-0.0,D6,pca_knn,predicted
GGTAGAGTCTGTCGCT-1-HCAHeart7905331,Endothelial,1.0,-0.0,D6,pca_knn,predicted
TCGAAGTTCGTTATCT-1-HCAHeart7905331,Endothelial,1.0,-0.0,D6,pca_knn,predicted
CATTCGCTCACGATGT-1-HCAHeart7880862,Myeloid,1.0,-0.0,D6,pca_knn,predicted
TTCTCCTAGCGTAGTG-1-HCAHeart7880860,Ventricular_Cardiomyocyte,1.0,-0.0,D6,pca_knn,predicted
CCCTCTCAGGAGAGGC-1-HCAHeart7905332,Endothelial,1.0,-0.0,D6,pca_knn,predicted
CGGCTAGGTCCGTGAC-1-HCAHeart7844004,Myeloid,1.0,-0.0,D6,pca_knn,predicted
TTTGGTTAGTGTCTCA-1-HCAHeart7844001,Endothelial,1.0,-0.0,D6,pca_knn,predicted
TTTCCTCCAGGACATG-1-HCAHeart7905331,Smooth_muscle_cells,0.9359752092123561,0.237901177584038,D6,pca_knn,predicted
TATCTGTTCGCAGTGC-1-HCAHeart7905332,Endothelial,1.0,-0.0,D6,pca_knn,predicted
AACTGGTGTATAAACG-1-HCAHeart7888927,Ventricular_Cardiomyocyte,1.0,-0.0,D6,pca_knn,predicted
AGTGAGGAGCCAGTAG-1-HCAHeart7844000,Endothelial,1.0,-0.0,D6,pca_knn,predicted
GTGCTTCAGTTTGCGT-1-HCAHeart7844001,Endothelial,0.6761711259884123,0.6297219390699639,D6,pca_knn,predicted
GCGGAAAAGGATACCG-1-HCAHeart7905332,Endothelial,1.0,-0.0,D6,pca_knn,predicted
CCACAAAAGACTGGGT-1-HCAHeart7905330,Endothelial,1.0,-0.0,D6,pca_knn,predicted
GCCCGAACATCCTTCG-1-HCAHeart7905328,Endothelial,1.0,-0.0,D6,pca_knn,predicted
CAACTAGAGGAGTCTG-1-HCAHeart7844001,Endothelial,1.0,-0.0,D6,pca_knn,predicted
CCTTTCTTCAGAAATG-1-HCAHeart7844001,Myeloid,0.9236799353965803,0.26968837704328386,D6,pca_knn,predicted
CTCATTACATTACGGT-1-HCAHeart7905328,Endothelial,1.0,-0.0,D6,pca_knn,predicted
TTGGAACGTAGAGGAA-1-HCAHeart7844001,Myeloid,0.934054023644726,0.2430238959980919,D6,pca_knn,predicted
CCACTACGTTCGTTGA-1-HCAHeart7844001,Endothelial,0.7901491291084631,0.5137590186328953,D6,pca_knn,predicted
TCGGGACTCGAACTGT-1-HCAHeart7843999,Endothelial,1.0,-0.0,D6,pca_knn,predicted
ACGGAGAAGAAGGTTT-1-HCAHeart7844003,Endothelial,1.0,-0.0,D6,pca_knn,predicted
TCAGCTCGTTCGCTAA-1-HCAHeart7844002,Endothelial,1.0,-0.0,D6,pca_knn,predicted
TGATTTCCAGCATGAG-1-HCAHeart7880863,Fibroblast,1.0,-0.0,D6,pca_knn,predicted
TCAGTCCAGTAATCCC-1-HCAHeart7905328,Endothelial,1.0,-0.0,D6,pca_knn,predicted
AGGGAGTGTCACACGC-1-HCAHeart7844001,Myeloid,1.0,-0.0,D6,pca_knn,predicted
TCAGTCCCACCACATA-1-HCAHeart7905327,Lymphoid,1.0,-0.0,D6,pca_knn,predicted
GCTGCGAAGACAAGCC-1-HCAHeart7844004,Endothelial,1.0,-0.0,D6,pca_knn,predicted
ACCTACCAGGCCGCTT-1-HCAHeart7905328,Endothelial,1.0,-0.0,D6,pca_knn,predicted
GAGTTTGAGGAAGTAG-1-HCAHeart7905328,Endothelial,1.0,-0.0,D6,pca_knn,predicted
CAAGAAACAGCTGTGC-1-HCAHeart7844003,Endothelial,1.0,-0.0,D6,pca_knn,predicted
CCTATTAGTGATGTGG-1-HCAHeart7880860,Ventricular_Cardiomyocyte,1.0,-0.0,D6,pca_knn,predicted
CTGCTGTCATGCTGGC-1-HCAHeart7880861,Endothelial,1.0,-0.0,D6,pca_knn,predicted
CAGCATAGTTCACCTC-1-HCAHeart7843999,Endothelial,1.0,-0.0,D6,pca_knn,predicted
CGTTAGATCCTACAGA-1-HCAHeart7844002,Lymphoid,0.9268144169854596,0.26180218836395164,D6,pca_knn,predicted
CGTTCTGGTCGAGTTT-1-HCAHeart7844004,Endothelial,1.0,-0.0,D6,pca_knn,predicted
CAGGTATGTAGACACG-1-HCAHeart7905328,Endothelial,1.0,-0.0,D6,pca_knn,predicted
AAACGGGCACATCCAA-1-HCAHeart7844001,Endothelial,0.8726160347158765,0.4696582169014578,D6,pca_knn,predicted
AACTTTCAGCACCGTC-1-HCAHeart7844001,Smooth_muscle_cells,1.0,-0.0,D6,pca_knn,predicted
CACACAATCTTAGCCC-1-HCAHeart7844001,Myeloid,1.0,-0.0,D6,pca_knn,predicted
AGTCTTTTCTTGTACT-1-HCAHeart7888926,Fibroblast,0.9348611484366999,0.2408791434243011,D6,pca_knn,predicted
AGTGAGGAGGCTAGCA-1-HCAHeart7844002,Myeloid,0.9238424190180112,0.2692830481729796,D6,pca_knn,predicted
TCGTGGGAGTACAACA-1-HCAHeart7905332,Endothelial,1.0,-0.0,D6,pca_knn,predicted
CGATTGAGTGGCCCTA-1-HCAHeart7844000,Lymphoid,1.0,-0.0,D6,pca_knn,predicted
TAGTTGGGTACTCGCG-1-HCAHeart7844004,Lymphoid,0.9260501467470899,0.26373819119087316,D6,pca_knn,predicted
CAAGTTGAGGTGCACA-1-HCAHeart7844004,Endothelial,1.0,-0.0,D6,pca_knn,predicted
GTTACAGGTACTCTCC-1-HCAHeart7844004,Pericytes,0.9388655481149945,0.23007766420243156,D6,pca_knn,predicted
CGATCGGCACATCCGG-1-HCAHeart7844003,Myeloid,0.9399522208281962,0.22709896834605217,D6,pca_knn,predicted
AGCGTATCACACTGCG-1-HCAHeart7888926,Ventricular_Cardiomyocyte,1.0,-0.0,D6,pca_knn,predicted
TCACAAGCATCCCATC-1-HCAHeart7888927,Fibroblast,1.0,-0.0,D6,pca_knn,predicted
CCTACACTCTGGTATG-1-HCAHeart7844004,Endothelial,1.0,-0.0,D6,pca_knn,predicted
TCACAAGCAGGGTACA-1-HCAHeart7888926,Ventricular_Cardiomyocyte,1.0,-0.0,D6,pca_knn,predicted
CCCTTAGCATATACCG-1-HCAHeart7905328,Endothelial,1.0,-0.0,D6,pca_knn,predicted
GTTCATTCATAGTCAC-1-HCAHeart7905331,Endothelial,1.0,-0.0,D6,pca_knn,predicted
CATCCACCATCACAAC-1-HCAHeart7844001,Myeloid,1.0,-0.0,D6,pca_knn,predicted
AGTGAGGGTTACTGAC-1-HCAHeart7844004,Pericytes,0.6777653455865249,0.8444019857499766,D6,pca_knn,predicted
AATGCCAAGAAACTCA-1-HCAHeart7905328,Endothelial,1.0,-0.0,D6,pca_knn,predicted
TATCTGTGTAATCAGA-1-HCAHeart7905328,Endothelial,1.0,-0.0,D6,pca_knn,predicted
GTGCATAAGTTGTAGA-1-HCAHeart7843999,Lymphoid,1.0,-0.0,D6,pca_knn,predicted
CTCGGGAAGCCACTAT-1-HCAHeart7844004,Endothelial,1.0,-0.0,D6,pca_knn,predicted
GGACAGAAGCACACAG-1-HCAHeart7844001,Endothelial,1.0,-0.0,D6,pca_knn,predicted
CGTCCATAGTACACCT-1-HCAHeart7843999,Endothelial,1.0,-0.0,D6,pca_knn,predicted
ACAGCTAAGTGGACGT-1-HCAHeart7844001,Endothelial,1.0,-0.0,D6,pca_knn,predicted
AAAGTCCAGCCGTTGC-1-HCAHeart7905327,Endothelial,1.0,-0.0,D6,pca_knn,predicted
CCGTACTTCAAGCCTA-1-HCAHeart7844001,Pericytes,0.8714771664704997,0.3835689960624539,D6,pca_knn,predicted
GGCCGATTCTGTGCAA-1-HCAHeart7844001,Endothelial,1.0,-0.0,D6,pca_knn,predicted
CTTCTAAAGGCGTTGA-1-HCAHeart7905330,Endothelial,1.0,-0.0,D6,pca_knn,predicted
ATGCGATAGTGGTAAT-1-HCAHeart7843999,Endothelial,1.0,-0.0,D6,pca_knn,predicted
TCGTCCAAGGTTCATC-1-HCAHeart7905329,Endothelial,1.0,-0.0,D6,pca_knn,predicted
TACGGATGTCTACCTC-1-HCAHeart7844001,Myeloid,1.0,-0.0,D6,pca_knn,predicted
CATTATCGTTGAGTTC-1-HCAHeart7844001,Pericytes,1.0,-0.0,D6,pca_knn,predicted
GACGGCTTCCCGGATG-1-HCAHeart7880860,Ventricular_Cardiomyocyte,1.0,-0.0,D6,pca_knn,predicted
CGTTGGGAGCTGCGAA-1-HCAHeart7888927,Ventricular_Cardiomyocyte,1.0,-0.0,D6,pca_knn,predicted
CCTATTAGTATAGGTA-1-HCAHeart7844003,Endothelial,1.0,-0.0,D6,pca_knn,predicted
ATGAGGGCACCCATGG-1-HCAHeart7880862,Atrial_Cardiomyocyte,1.0,-0.0,D6,pca_knn,predicted
TCCACGTAGTCCTGCG-1-HCAHeart7905330,Endothelial,1.0,-0.0,D6,pca_knn,predicted
CATCGTCAGGCTAGCA-1-HCAHeart7905328,Endothelial,1.0,-0.0,D6,pca_knn,predicted
AAGGAGCCAAGCCGTC-1-HCAHeart7880862,Endothelial,1.0,-0.0,D6,pca_knn,predicted
ACAGCTAGTCAACTGT-1-HCAHeart7844001,Endothelial,1.0,-0.0,D6,pca_knn,predicted
TTTGGTTCATGGTTGT-1-HCAHeart7844003,Pericytes,0.7595135247386519,0.6854920784364595,D6,pca_knn,predicted
CAAGGGATCAAAGAAC-1-HCAHeart7905327,Endothelial,1.0,-0.0,D6,pca_knn,predicted
GGGATGATCTAGAGTC-1-HCAHeart7844001,Endothelial,1.0,-0.0,D6,pca_knn,predicted
GCTCCTAGTTGGTAAA-1-HCAHeart7844002,Lymphoid,1.0,-0.0,D6,pca_knn,predicted
TAGCCGGCATGCTAGT-1-HCAHeart7844001,Pericytes,0.6783481763089013,0.6281082918029184,D6,pca_knn,predicted
TGCCCATAGTCCCACG-1-HCAHeart7844000,Smooth_muscle_cells,0.8640826515679675,0.3974824972399938,D6,pca_knn,predicted
CAAGTTGAGTTTCCTT-1-HCAHeart7888926,Ventricular_Cardiomyocyte,1.0,-0.0,D6,pca_knn,predicted
GCAGCCAAGGATATAC-1-HCAHeart7880862,Atrial_Cardiomyocyte,1.0,-0.0,D6,pca_knn,predicted
TCCTAATGTAAGGTCG-1-HCAHeart7905328,Endothelial,1.0,-0.0,D6,pca_knn,predicted
GACTGCGTCAACGAAA-1-HCAHeart7880862,Fibroblast,0.7567959527180874,0.5547451115459939,D6,pca_knn,predicted
TGTGCGGAGCCTGGAA-1-HCAHeart7905332,Endothelial,1.0,-0.0,D6,pca_knn,predicted
GCACTCTAGGATGTAT-1-HCAHeart7888926,Lymphoid,1.0,-0.0,D6,pca_knn,predicted
TGAGACTGTGGAACCA-1-HCAHeart7905330,Pericytes,0.9334422295618768,0.24464254806569002,D6,pca_knn,predicted
GGCGACTTCGAACTGT-1-HCAHeart7844001,Lymphoid,0.5809620469801128,0.8706235896242267,D6,pca_knn,predicted
TGGCCAGTCACTCCTG-1-HCAHeart7843999,Endothelial,1.0,-0.0,D6,pca_knn,predicted
TGGATGTAGGTACCTT-1-HCAHeart7905327,Endothelial,1.0,-0.0,D6,pca_knn,predicted
CGCTTCAGTTCGAATC-1-HCAHeart7844001,Endothelial,1.0,-0.0,D6,pca_knn,predicted
GCGAGAACATGTCCTC-1-HCAHeart7843999,Smooth_muscle_cells,0.9404466926805387,0.22573665876943977,D6,pca_knn,predicted
TGTATTCAGATGTAAC-1-HCAHeart7844004,Lymphoid,1.0,-0.0,D6,pca_knn,predicted
AACCTGATCCGCGATG-1-HCAHeart7905332,Endothelial,1.0,-0.0,D6,pca_knn,predicted
AACCGCGGTCCGAGTC-1-HCAHeart7844003,Endothelial,1.0,-0.0,D6,pca_knn,predicted
AAGACAAGTGCTCTCT-1-HCAHeart7905328,Endothelial,1.0,-0.0,D6,pca_knn,predicted
AACTCAGAGGACTGGT-1-HCAHeart7844000,Myeloid,1.0,-0.0,D6,pca_knn,predicted
TGTCCACAGTATAGGT-1-HCAHeart7905328,Pericytes,0.9362503099256365,0.2371626375196198,D6,pca_knn,predicted
GGAACCCTCCAGTACA-1-HCAHeart7905327,Endothelial,1.0,-0.0,D6,pca_knn,predicted
GAGTCATAGCATTGTC-1-HCAHeart7905328,Endothelial,1.0,-0.0,D6,pca_knn,predicted
CCCAACTCAGCGCTTG-1-HCAHeart7905331,Endothelial,1.0,-0.0,D6,pca_knn,predicted
TACTCATGTCTTCAAG-1-HCAHeart7844001,Endothelial,1.0,-0.0,D6,pca_knn,predicted
TTAGGCAGTCTCGTTC-1-HCAHeart7844000,Pericytes,0.9389954432993416,0.22972269586331878,D6,pca_knn,predicted
TTCATGTTCATCCCGT-1-HCAHeart7905327,Endothelial,1.0,-0.0,D6,pca_knn,predicted
TTCGAAGTCGTTACAG-1-HCAHeart7844000,Endothelial,1.0,-0.0,D6,pca_knn,predicted
GCGCCAATCTGACCTC-1-HCAHeart7888926,Ventricular_Cardiomyocyte,1.0,-0.0,D6,pca_knn,predicted
CGATCGGCAAAGCAAT-1-HCAHeart7843999,Endothelial,1.0,-0.0,D6,pca_knn,predicted
GGTGAAGAGCAACGGT-1-HCAHeart7844004,Endothelial,0.9397039651949616,0.22778129699353172,D6,pca_knn,predicted
CAGCAGCCAGACGTAG-1-HCAHeart7844004,Endothelial,1.0,-0.0,D6,pca_knn,predicted
GATGAGGTCCTGCTTG-1-HCAHeart7844004,Smooth_muscle_cells,1.0,-0.0,D6,pca_knn,predicted
GTAACTGAGAGGGATA-1-HCAHeart7888927,Ventricular_Cardiomyocyte,1.0,-0.0,D6,pca_knn,predicted
ACGATGTAGACGCAAC-1-HCAHeart7843999,Endothelial,1.0,-0.0,D6,pca_knn,predicted
GTGCTTCGTTACGTCA-1-HCAHeart7844003,Pericytes,0.932928771608468,0.24599637563591814,D6,pca_knn,predicted
TACGGTAGTCGGCATC-1-HCAHeart7844001,Endothelial,1.0,-0.0,D6,pca_knn,predicted
TACCTATAGCAATATG-1-HCAHeart7844001,Endothelial,1.0,-0.0,D6,pca_knn,predicted
ATGGGTTGTCTAGTGT-1-HCAHeart7905329,Endothelial,1.0,-0.0,D6,pca_knn,predicted
AGGTCATCAAATAGCA-1-HCAHeart7905331,Smooth_muscle_cells,0.9422141103217704,0.22083134984766434,D6,pca_knn,predicted
GACGGCTCAGTCGTGC-1-HCAHeart7844004,Endothelial,1.0,-0.0,D6,pca_knn,predicted
TCGTCCAAGCGAATGC-1-HCAHeart7905327,Endothelial,1.0,-0.0,D6,pca_knn,predicted
TCGAGGCGTAGCTCCG-1-HCAHeart7843999,Lymphoid,1.0,-0.0,D6,pca_knn,predicted
ATAGACCAGAGTACCG-1-HCAHeart7843999,Endothelial,1.0,-0.0,D6,pca_knn,predicted
CATATGGGTGGTAACG-1-HCAHeart7844001,Myeloid,1.0,-0.0,D6,pca_knn,predicted
TGTGTTTCACTCTGTC-1-HCAHeart7880862,Pericytes,1.0,-0.0,D6,pca_knn,predicted
ACGATCAAGACCAGAC-1-HCAHeart7905327,Endothelial,0.6530881390956992,0.6455139716299436,D6,pca_knn,predicted
CTGATCCGTCTCAACA-1-HCAHeart7844001,Endothelial,1.0,-0.0,D6,pca_knn,predicted
GACGTTATCGTAGGTT-1-HCAHeart7888927,Fibroblast,1.0,-0.0,D6,pca_knn,predicted
GACGGCTGTCGCCATG-1-HCAHeart7844003,Lymphoid,1.0,-0.0,D6,pca_knn,predicted
ACGATACTCACAAACC-1-HCAHeart7844004,Endothelial,1.0,-0.0,D6,pca_knn,predicted
GTGTTAGTCAACTCTT-1-HCAHeart7844004,Myeloid,0.9368901389654817,0.23544002878479192,D6,pca_knn,predicted
GGTGCGTCATTAACCG-1-HCAHeart7844003,Myeloid,0.8977111838991352,0.33008310772146277,D6,pca_knn,predicted
CACCTTGCATCCTAGA-1-HCAHeart7844003,Endothelial,1.0,-0.0,D6,pca_knn,predicted
CATCAAGCAGATCACT-1-HCAHeart7905331,Endothelial,1.0,-0.0,D6,pca_knn,predicted
TTGACTTAGCACCGTC-1-HCAHeart7844000,Endothelial,1.0,-0.0,D6,pca_knn,predicted
AGTTAGCGTTGAGAGC-1-HCAHeart7905327,Endothelial,1.0,-0.0,D6,pca_knn,predicted
GGAATAACATGTAAGA-1-HCAHeart7844001,Endothelial,1.0,-0.0,D6,pca_knn,predicted
GGGACCTCACATTTCT-1-HCAHeart7888926,Ventricular_Cardiomyocyte,1.0,-0.0,D6,pca_knn,predicted
CTGATAGTCACATGCA-1-HCAHeart7844001,Endothelial,1.0,-0.0,D6,pca_knn,predicted
GACGTTACAAGCGTAG-1-HCAHeart7880862,Pericytes,1.0,-0.0,D6,pca_knn,predicted
AGTCAACCACGCACCA-1-HCAHeart7905327,Endothelial,1.0,-0.0,D6,pca_knn,predicted
GACCCTTAGTCCGCCA-1-HCAHeart7905328,Endothelial,1.0,-0.0,D6,pca_knn,predicted
GTGTGCGCACGCTTTC-1-HCAHeart7844004,Endothelial,1.0,-0.0,D6,pca_knn,predicted
GCTGGGTTCGTACCGG-1-HCAHeart7880862,Atrial_Cardiomyocyte,1.0,-0.0,D6,pca_knn,predicted
CAAGAAAAGTCCAGGA-1-HCAHeart7843999,Lymphoid,1.0,-0.0,D6,pca_knn,predicted
TGTATTCTCCCATTTA-1-HCAHeart7843999,Pericytes,0.6649331469620531,0.7969472616348107,D6,pca_knn,predicted
CACAGGCTCAACTCTT-1-HCAHeart7844004,Myeloid,1.0,-0.0,D6,pca_knn,predicted
GGAACTTTCCAAGTAC-1-HCAHeart7880860,Endothelial,1.0,-0.0,D6,pca_knn,predicted
TTGGAACTCAACCAAC-1-HCAHeart7888927,Ventricular_Cardiomyocyte,1.0,-0.0,D6,pca_knn,predicted
GATGCTAGTGAGGGTT-1-HCAHeart7844004,Endothelial,1.0,-0.0,D6,pca_knn,predicted
AAACGGGAGTCTCGGC-1-HCAHeart7844002,Endothelial,1.0,-0.0,D6,pca_knn,predicted
TTCCGGTGTAACGCGA-1-HCAHeart7905328,Endothelial,0.806174094146007,0.4917232533874559,D6,pca_knn,predicted
AGAATAGCACAGCCCA-1-HCAHeart7888927,Fibroblast,1.0,-0.0,D6,pca_knn,predicted
TCAACGAGTACCTACA-1-HCAHeart7844000,Endothelial,1.0,-0.0,D6,pca_knn,predicted
AATCCAGGTGCGCTTG-1-HCAHeart7844004,Pericytes,0.8130752675311596,0.481732942077542,D6,pca_knn,predicted
TTGCGTCAGGCGTACA-1-HCAHeart7844004,Endothelial,1.0,-0.0,D6,pca_knn,predicted
TTCCGGTAGTAACGTA-1-HCAHeart7905327,Pericytes,1.0,-0.0,D6,pca_knn,predicted
GACACGCAGTATGACA-1-HCAHeart7844003,Lymphoid,0.8677943582605843,0.39055813596603006,D6,pca_knn,predicted
GAAGCGAGTTGTGGCC-1-HCAHeart7905328,Endothelial,1.0,-0.0,D6,pca_knn,predicted
CGGGTCAAGAGTACCG-1-HCAHeart7844001,Endothelial,1.0,-0.0,D6,pca_knn,predicted
CCCAGTTTCTCAACTT-1-HCAHeart7888927,Pericytes,1.0,-0.0,D6,pca_knn,predicted
TCAGGTACATACTCTT-1-HCAHeart7880862,Atrial_Cardiomyocyte,1.0,-0.0,D6,pca_knn,predicted
TCCTCTTGTCTTCCGT-1-HCAHeart7905328,Endothelial,1.0,-0.0,D6,pca_knn,predicted
CTGATCCAGAATTCCC-1-HCAHeart7844001,Endothelial,1.0,-0.0,D6,pca_knn,predicted
AGGTTACCAAGTACCT-1-HCAHeart7905332,Endothelial,1.0,-0.0,D6,pca_knn,predicted
TTAGTTCTCCTGCTTG-1-HCAHeart7844003,Myeloid,0.7944028870259194,0.640689677581835,D6,pca_knn,predicted
GGTGAAGAGTTCGCGC-1-HCAHeart7844001,Endothelial,1.0,-0.0,D6,pca_knn,predicted
TGACTTTGTACCGAGA-1-HCAHeart7843999,Lymphoid,1.0,-0.0,D6,pca_knn,predicted
CCTTCAGAGCACTGGA-1-HCAHeart7905332,Endothelial,1.0,-0.0,D6,pca_knn,predicted
AGGGATGAGAAGGACA-1-HCAHeart7880861,Fibroblast,1.0,-0.0,D6,pca_knn,predicted
TACACGAGTCAGGACA-1-HCAHeart7844002,Endothelial,1.0,-0.0,D6,pca_knn,predicted
TGACTTTTCAGTCAGT-1-HCAHeart7844003,Endothelial,1.0,-0.0,D6,pca_knn,predicted
CCCATACGTCTCCACT-1-HCAHeart7880862,Atrial_Cardiomyocyte,1.0,-0.0,D6,pca_knn,predicted
CGTAGTACACGAGAAC-1-HCAHeart7905328,Endothelial,1.0,-0.0,D6,pca_knn,predicted
CCTACCAGTCTTTCAT-1-HCAHeart7888927,Fibroblast,1.0,-0.0,D6,pca_knn,predicted
GAAGCAGAGTTGAGAT-1-HCAHeart7880861,Fibroblast,1.0,-0.0,D6,pca_knn,predicted
TTCCGGTGTCTACGAT-1-HCAHeart7905329,Endothelial,1.0,-0.0,D6,pca_knn,predicted
TTGTTCACACTAACCA-1-HCAHeart7905332,Endothelial,1.0,-0.0,D6,pca_knn,predicted
TGCGCAGCAATAGCAA-1-HCAHeart7843999,Endothelial,1.0,-0.0,D6,pca_knn,predicted
GTTTCTACAACTGCTA-1-HCAHeart7844000,Pericytes,0.5452116214449667,0.6890534097561127,D6,pca_knn,predicted
CCTACCAGTTTAGGAA-1-HCAHeart7888926,Ventricular_Cardiomyocyte,1.0,-0.0,D6,pca_knn,predicted
ATACTTCAGGTAAACT-1-HCAHeart7905327,Endothelial,1.0,-0.0,D6,pca_knn,predicted
AACCATGTCCATACTT-1-HCAHeart7905332,Endothelial,1.0,-0.0,D6,pca_knn,predicted
CTGAAACCAAACTGCT-1-HCAHeart7844001,Endothelial,1.0,-0.0,D6,pca_knn,predicted
AAACGCTCACAGCTTA-1-HCAHeart7905328,Endothelial,1.0,-0.0,D6,pca_knn,predicted
TTCTACAGTCCTCCAT-1-HCAHeart7880862,Pericytes,0.9335002555745904,0.2444892853572448,D6,pca_knn,predicted
TCAAGCACAATTGCGT-1-HCAHeart7905328,Endothelial,1.0,-0.0,D6,pca_knn,predicted
CCATGTCCATGATCCA-1-HCAHeart7844001,Endothelial,1.0,-0.0,D6,pca_knn,predicted
GATCTAGGTTGAGTTC-1-HCAHeart7844003,Endothelial,1.0,-0.0,D6,pca_knn,predicted
AAATGCCCATATACGC-1-HCAHeart7888926,Ventricular_Cardiomyocyte,1.0,-0.0,D6,pca_knn,predicted
ATGAGGGAGAACTGTA-1-HCAHeart7844004,Endothelial,1.0,-0.0,D6,pca_knn,predicted
TGTTCCGTCACTATTC-1-HCAHeart7843999,Endothelial,1.0,-0.0,D6,pca_knn,predicted
CGTAGCGGTGACTCAT-1-HCAHeart7880860,Ventricular_Cardiomyocyte,1.0,-0.0,D6,pca_knn,predicted
TCACGAACATGAAGTA-1-HCAHeart7844001,Endothelial,0.9266711232451249,0.26216582478198325,D6,pca_knn,predicted
CTGAGGCGTCACTCGG-1-HCAHeart7905332,Endothelial,1.0,-0.0,D6,pca_knn,predicted
TACCGGGGTGGTGATG-1-HCAHeart7905327,Pericytes,1.0,-0.0,D6,pca_knn,predicted
AACCTTTCATACAGCT-1-HCAHeart7905332,Endothelial,1.0,-0.0,D6,pca_knn,predicted
TCACAAGCACGCTTTC-1-HCAHeart7880862,Endothelial,1.0,-0.0,D6,pca_knn,predicted
ATGGTTGGTTTCGACA-1-HCAHeart7905328,Endothelial,1.0,-0.0,D6,pca_knn,predicted
GCGCAGTAGTGTTGAA-1-HCAHeart7844002,Myeloid,1.0,-0.0,D6,pca_knn,predicted
CGCTTCAAGAGTCGGT-1-HCAHeart7844001,Myeloid,1.0,-0.0,D6,pca_knn,predicted
TACGGATTCGCGCCAA-1-HCAHeart7888927,Ventricular_Cardiomyocyte,1.0,-0.0,D6,pca_knn,predicted
TATCTCATCTGGTGTA-1-HCAHeart7844004,Endothelial,1.0,-0.0,D6,pca_knn,predicted
AAACGAATCATTTGCT-1-HCAHeart7905331,Endothelial,1.0,-0.0,D6,pca_knn,predicted
CAAGAAACACCAGGTC-1-HCAHeart7888926,Fibroblast,1.0,-0.0,D6,pca_knn,predicted
CTAACTTCATCGTCGG-1-HCAHeart7844001,Endothelial,1.0,-0.0,D6,pca_knn,predicted
GATCAGTTCTCCAACC-1-HCAHeart7843999,Lymphoid,1.0,-0.0,D6,pca_knn,predicted
CGGCTAGGTCGGGTCT-1-HCAHeart7844004,Endothelial,1.0,-0.0,D6,pca_knn,predicted
TTTGTCATCGTTGCCT-1-HCAHeart7844001,Endothelial,1.0,-0.0,D6,pca_knn,predicted
GGGATGAGTCTTGTCC-1-HCAHeart7880861,Ventricular_Cardiomyocyte,1.0,-0.0,D6,pca_knn,predicted
CGTCACTCACATGGGA-1-HCAHeart7844001,Endothelial,1.0,-0.0,D6,pca_knn,predicted
CCGTACTCATGTAGTC-1-HCAHeart7888926,Ventricular_Cardiomyocyte,1.0,-0.0,D6,pca_knn,predicted
TGAGAGGGTAGATTAG-1-HCAHeart7844001,Pericytes,1.0,-0.0,D6,pca_knn,predicted
CATCAAGTCCTGTTGC-1-HCAHeart7905327,Endothelial,1.0,-0.0,D6,pca_knn,predicted
CCACTACAGAATAGGG-1-HCAHeart7844004,Endothelial,1.0,-0.0,D6,pca_knn,predicted
AGATTGCTCTCGCATC-1-HCAHeart7844004,Endothelial,1.0,-0.0,D6,pca_knn,predicted
ACACCGGCATTGTGCA-1-HCAHeart7844004,Pericytes,1.0,-0.0,D6,pca_knn,predicted
AGTGGGACAATGACCT-1-HCAHeart7843999,Myeloid,1.0,-0.0,D6,pca_knn,predicted
GCTGCGAAGGTGCTTT-1-HCAHeart7888926,Ventricular_Cardiomyocyte,1.0,-0.0,D6,pca_knn,predicted
GGCAATTTCTCTAAGG-1-HCAHeart7843999,Myeloid,0.9422366981680356,0.22076829146169932,D6,pca_knn,predicted
AGAGCTTAGGCATGGT-1-HCAHeart7888927,Pericytes,1.0,-0.0,D6,pca_knn,predicted
CGTAGGCGTGGGTATG-1-HCAHeart7844004,Endothelial,1.0,-0.0,D6,pca_knn,predicted
GTCACGGAGTATGACA-1-HCAHeart7844001,Endothelial,1.0,-0.0,D6,pca_knn,predicted
GCAAACTGTACCGAGA-1-HCAHeart7844004,Endothelial,1.0,-0.0,D6,pca_knn,predicted
TATCTCACACACCGCA-1-HCAHeart7844001,Pericytes,1.0,-0.0,D6,pca_knn,predicted
TAAACCGCAAGAAGAG-1-HCAHeart7880862,Atrial_Cardiomyocyte,1.0,-0.0,D6,pca_knn,predicted
AGCGTATGTGCTCCGA-1-HCAHeart7905329,Endothelial,1.0,-0.0,D6,pca_knn,predicted
ACGTCAATCTGGTGTA-1-HCAHeart7844000,Endothelial,1.0,-0.0,D6,pca_knn,predicted
CATCAGAAGAATGTGT-1-HCAHeart7844003,Pericytes,0.7567798893613781,0.5547633458531795,D6,pca_knn,predicted
AACCCAATCGACATAC-1-HCAHeart7905327,Endothelial,1.0,-0.0,D6,pca_knn,predicted
TGAGCATTCACCATAG-1-HCAHeart7880860,Ventricular_Cardiomyocyte,1.0,-0.0,D6,pca_knn,predicted
AACTCCCGTCATGCCG-1-HCAHeart7844001,Endothelial,0.6595478557104429,0.6413349271581541,D6,pca_knn,predicted
TTCCCAGTCGGTTAAC-1-HCAHeart7844004,Endothelial,1.0,-0.0,D6,pca_knn,predicted
CGAGCCAAGAAGGACA-1-HCAHeart7843999,Endothelial,1.0,-0.0,D6,pca_knn,predicted
GCTTCCACATTCTCAT-1-HCAHeart7880862,Fibroblast,1.0,-0.0,D6,pca_knn,predicted
GATCGCGGTGATGTGG-1-HCAHeart7880861,Ventricular_Cardiomyocyte,1.0,-0.0,D6,pca_knn,predicted
TACTTGTAGCGTAGTG-1-HCAHeart7844003,Endothelial,1.0,-0.0,D6,pca_knn,predicted
TGCGTGGGTTATGCGT-1-HCAHeart7844002,Lymphoid,1.0,-0.0,D6,pca_knn,predicted
TGCGCAGTCTTCATGT-1-HCAHeart7880862,Atrial_Cardiomyocyte,1.0,-0.0,D6,pca_knn,predicted
GCTCCTATCAACCAAC-1-HCAHeart7844004,Pericytes,0.9293818800815647,0.2552349045775893,D6,pca_knn,predicted
CATTATCAGCGATGAC-1-HCAHeart7880863,Fibroblast,1.0,-0.0,D6,pca_knn,predicted
TAATCTCCAAGGTTGG-1-HCAHeart7905331,Endothelial,1.0,-0.0,D6,pca_knn,predicted
TGTTCCGCATCCCATC-1-HCAHeart7844001,Endothelial,1.0,-0.0,D6,pca_knn,predicted
AAGTACCGTTTCACTT-1-HCAHeart7905332,Endothelial,1.0,-0.0,D6,pca_knn,predicted
CTCCTAGAGTGGACGT-1-HCAHeart7843999,Endothelial,1.0,-0.0,D6,pca_knn,predicted
GCGGGTTTCTCGCTTG-1-HCAHeart7844000,Endothelial,1.0,-0.0,D6,pca_knn,predicted
ATACTTCGTCCCTCAT-1-HCAHeart7905328,Endothelial,1.0,-0.0,D6,pca_knn,predicted
CGGACACGTTGAGTTC-1-HCAHeart7844000,Pericytes,0.8736173566669875,0.3794519492022611,D6,pca_knn,predicted
CGAGCCATCCGCTGTT-1-HCAHeart7844004,Lymphoid,1.0,-0.0,D6,pca_knn,predicted
GTATTCTGTTGGTGGA-1-HCAHeart7844001,Endothelial,0.6003169532682672,0.6728829442092668,D6,pca_knn,predicted
CTGTGCTAGACAAAGG-1-HCAHeart7844003,Endothelial,1.0,-0.0,D6,pca_knn,predicted
TCATTACCACATGTGT-1-HCAHeart7880862,Endothelial,0.9320499781206324,0.24830371805329904,D6,pca_knn,predicted
GTACGTATCATCGATG-1-HCAHeart7880861,Fibroblast,1.0,-0.0,D6,pca_knn,predicted
TGAAAGATCGCAAACT-1-HCAHeart7843999,Endothelial,1.0,-0.0,D6,pca_knn,predicted
GAAACTCCAAAGCGGT-1-HCAHeart7844003,Endothelial,1.0,-0.0,D6,pca_knn,predicted
CAGCTGGCAAGGTGTG-1-HCAHeart7880862,Atrial_Cardiomyocyte,1.0,-0.0,D6,pca_knn,predicted
TGGGCGTCATCCGAGC-1-HCAHeart7905328,Endothelial,1.0,-0.0,D6,pca_knn,predicted
TGGTTAGCACGGCTAC-1-HCAHeart7844003,Endothelial,1.0,-0.0,D6,pca_knn,predicted
TAAGAGAAGTGTACGG-1-HCAHeart7844001,Pericytes,1.0,-0.0,D6,pca_knn,predicted
GTGCTTCCATGTAGTC-1-HCAHeart7844004,Lymphoid,1.0,-0.0,D6,pca_knn,predicted
TACGGTAGTTTACTCT-1-HCAHeart7844002,Lymphoid,1.0,-0.0,D6,pca_knn,predicted
TCTTTCCAGATCCCGC-1-HCAHeart7844004,Endothelial,1.0,-0.0,D6,pca_knn,predicted
AAGCCGCGTAAGTGGC-1-HCAHeart7844004,Endothelial,1.0,-0.0,D6,pca_knn,predicted
ACGTCCTCAACTACGT-1-HCAHeart7905327,Endothelial,1.0,-0.0,D6,pca_knn,predicted
CCACGAGCAAATGGTA-1-HCAHeart7905330,Endothelial,1.0,-0.0,D6,pca_knn,predicted
GCGACCATCCGTTGTC-1-HCAHeart7844004,Endothelial,1.0,-0.0,D6,pca_knn,predicted
AGTGGGACAGGATCGA-1-HCAHeart7844004,Endothelial,1.0,-0.0,D6,pca_knn,predicted
GGAAAGCCAGTATGCT-1-HCAHeart7844004,Pericytes,1.0,-0.0,D6,pca_knn,predicted
CTCTACGAGTATGACA-1-HCAHeart7880862,Fibroblast,1.0,-0.0,D6,pca_knn,predicted
TACAGTGTCATTCACT-1-HCAHeart7844000,Endothelial,1.0,-0.0,D6,pca_knn,predicted
TGTCCCACATTGTACG-1-HCAHeart7905328,Endothelial,1.0,-0.0,D6,pca_knn,predicted
ACGGAGATCGACGGAA-1-HCAHeart7880861,Pericytes,1.0,-0.0,D6,pca_knn,predicted
ATAAGAGGTCTACCTC-1-HCAHeart7844001,Endothelial,1.0,-0.0,D6,pca_knn,predicted
AAACCTGCATACGCTA-1-HCAHeart7844001,Pericytes,0.9361481055147609,0.23743716498368247,D6,pca_knn,predicted
GAAACTCCAGCCAATT-1-HCAHeart7844004,Pericytes,0.9379980867688168,0.23244069242364163,D6,pca_knn,predicted
ACACCAATCTATCGCC-1-HCAHeart7844001,Endothelial,1.0,-0.0,D6,pca_knn,predicted
ATTTCTGCATGTAAGA-1-HCAHeart7844001,Smooth_muscle_cells,1.0,-0.0,D6,pca_knn,predicted
GTCGTAAGTGAAATCA-1-HCAHeart7844000,Smooth_muscle_cells,0.9409175366217293,0.22443538877587402,D6,pca_knn,predicted
GCAGTTACAGGCGATA-1-HCAHeart7844004,Endothelial,1.0,-0.0,D6,pca_knn,predicted
TACGGTAGTTTGACTG-1-HCAHeart7844000,Endothelial,1.0,-0.0,D6,pca_knn,predicted
CCTCAGTCAGACGTAG-1-HCAHeart7844001,Fibroblast,1.0,-0.0,D6,pca_knn,predicted
CCTACACAGAATGTGT-1-HCAHeart7888927,Pericytes,1.0,-0.0,D6,pca_knn,predicted
ATTATCCCAGGAATCG-1-HCAHeart7843999,Pericytes,1.0,-0.0,D6,pca_knn,predicted
CAGATACTCCGAGGCT-1-HCAHeart7905331,Endothelial,1.0,-0.0,D6,pca_knn,predicted
TACGGGCCACCAGATT-1-HCAHeart7844001,Myeloid,0.8179650931051036,0.4744651265252165,D6,pca_knn,predicted
GTTCATTAGCCCAATT-1-HCAHeart7844004,Endothelial,0.9309226674455072,0.25124572760970465,D6,pca_knn,predicted
TGTGGTATCCGTCAAA-1-HCAHeart7843999,Lymphoid,0.7746615134892834,0.6653015247068095,D6,pca_knn,predicted
CATTGTTAGAGTCGAC-1-HCAHeart7905331,Endothelial,1.0,-0.0,D6,pca_knn,predicted
TCTGGAAGTTATCACG-1-HCAHeart7844003,Endothelial,1.0,-0.0,D6,pca_knn,predicted
TTGGAACTCCAAATGC-1-HCAHeart7888926,Myeloid,1.0,-0.0,D6,pca_knn,predicted
TGTATTCGTACAGTGG-1-HCAHeart7843999,Lymphoid,1.0,-0.0,D6,pca_knn,predicted
GAAACTCCATCTCGCT-1-HCAHeart7844001,Myeloid,1.0,-0.0,D6,pca_knn,predicted
ACTTTCATCGGGAGTA-1-HCAHeart7843999,Endothelial,1.0,-0.0,D6,pca_knn,predicted
AACCCAAGTAGGAGTC-1-HCAHeart7905332,Fibroblast,1.0,-0.0,D6,pca_knn,predicted
GACTGCGCACCAGCAC-1-HCAHeart7844004,Endothelial,1.0,-0.0,D6,pca_knn,predicted
CCGTTCACATCCTAGA-1-HCAHeart7888927,Myeloid,0.8624413852541163,0.4005067890203239,D6,pca_knn,predicted
TACTTACCACGGCCAT-1-HCAHeart7843999,Endothelial,1.0,-0.0,D6,pca_knn,predicted
GACAGAGGTTACAGAA-1-HCAHeart7880861,Ventricular_Cardiomyocyte,1.0,-0.0,D6,pca_knn,predicted
TGTGGTATCGTGGTCG-1-HCAHeart7888926,Endothelial,1.0,-0.0,D6,pca_knn,predicted
CCTTCGACATGCAACT-1-HCAHeart7844001,Endothelial,1.0,-0.0,D6,pca_knn,predicted
CAAGGCCGTAAGTGGC-1-HCAHeart7843999,Endothelial,1.0,-0.0,D6,pca_knn,predicted
CTTTCAACACCCTAGG-1-HCAHeart7905332,Endothelial,1.0,-0.0,D6,pca_knn,predicted
TTGGGCGCAAGCGATG-1-HCAHeart7905328,Endothelial,1.0,-0.0,D6,pca_knn,predicted
GACCTGGCAATGAATG-1-HCAHeart7844004,Endothelial,1.0,-0.0,D6,pca_knn,predicted
AGAGTGGCACCTATCC-1-HCAHeart7844002,Lymphoid,1.0,-0.0,D6,pca_knn,predicted
TGAGGGACATCACGAT-1-HCAHeart7844001,Pericytes,0.8636049621319145,0.39836507135418187,D6,pca_knn,predicted
CTGAAGTCAATAGAGT-1-HCAHeart7843999,Endothelial,1.0,-0.0,D6,pca_knn,predicted
TAGTTGGGTTTAGCTG-1-HCAHeart7844001,Lymphoid,1.0,-0.0,D6,pca_knn,predicted
CTGTATTCAAGATCCT-1-HCAHeart7905331,Endothelial,1.0,-0.0,D6,pca_knn,predicted
AACCTTTTCCCAACTC-1-HCAHeart7905327,Endothelial,1.0,-0.0,D6,pca_knn,predicted
CATCCCACACATACTG-1-HCAHeart7905328,Endothelial,1.0,-0.0,D6,pca_knn,predicted
ACGATGTGTACAGTGG-1-HCAHeart7888927,Pericytes,1.0,-0.0,D6,pca_knn,predicted
CGAGTTAGTGACATCT-1-HCAHeart7905332,Endothelial,1.0,-0.0,D6,pca_knn,predicted
AAACCTGTCTCGGACG-1-HCAHeart7844001,Endothelial,1.0,-0.0,D6,pca_knn,predicted
AGCTTCCTCGGTGTTA-1-HCAHeart7905328,Smooth_muscle_cells,1.0,-0.0,D6,pca_knn,predicted
TCGCGTTAGCTCCCAG-1-HCAHeart7844001,Myeloid,1.0,-0.0,D6,pca_knn,predicted
CTGAAACAGGACGAAA-1-HCAHeart7880861,Ventricular_Cardiomyocyte,1.0,-0.0,D6,pca_knn,predicted
GTCGTAAGTGATGCCC-1-HCAHeart7844003,Endothelial,1.0,-0.0,D6,pca_knn,predicted
AAGCGAGGTCCCAAAT-1-HCAHeart7905331,Endothelial,1.0,-0.0,D6,pca_knn,predicted
ATTCTACTCTGTCTAT-1-HCAHeart7880862,Atrial_Cardiomyocyte,1.0,-0.0,D6,pca_knn,predicted
AGCCTAATCTGGGCCA-1-HCAHeart7843999,Endothelial,1.0,-0.0,D6,pca_knn,predicted
ACAGCCGCACTCGACG-1-HCAHeart7880861,Pericytes,0.8022263919326846,0.49730045552017116,D6,pca_knn,predicted
ACACCCTGTGTGTGCC-1-HCAHeart7844001,Endothelial,0.9248607261377423,0.26673422205508557,D6,pca_knn,predicted
TCAGCTCGTAGCGTGA-1-HCAHeart7880862,Pericytes,1.0,-0.0,D6,pca_knn,predicted
AAGACCTGTGCCTGTG-1-HCAHeart7844001,Endothelial,1.0,-0.0,D6,pca_knn,predicted
TACTCGCAGAGCAATT-1-HCAHeart7844004,Endothelial,1.0,-0.0,D6,pca_knn,predicted
GAATAAGGTACCATCA-1-HCAHeart7844004,Endothelial,1.0,-0.0,D6,pca_knn,predicted
AAGGTTCAGACCTTTG-1-HCAHeart7844004,Endothelial,1.0,-0.0,D6,pca_knn,predicted
GAGATGGCAAAGCTCT-1-HCAHeart7905332,Endothelial,1.0,-0.0,D6,pca_knn,predicted
AGTCACATCACTGATG-1-HCAHeart7905328,Endothelial,1.0,-0.0,D6,pca_knn,predicted
ATGAGGGCATGTCGAT-1-HCAHeart7844004,Endothelial,1.0,-0.0,D6,pca_knn,predicted
TTGCCGTAGGTGACCA-1-HCAHeart7844003,Pericytes,0.9359483668636989,0.23797317130486814,D6,pca_knn,predicted
TTCGAAGGTCTTCTCG-1-HCAHeart7888926,Endothelial,0.6111003417717026,0.6682533450017376,D6,pca_knn,predicted
CACACCTGTCTTGTCC-1-HCAHeart7880861,Ventricular_Cardiomyocyte,1.0,-0.0,D6,pca_knn,predicted
AAAGTAGCATCAGTAC-1-HCAHeart7843999,Endothelial,1.0,-0.0,D6,pca_knn,predicted
GGATGTTAGTGCGATG-1-HCAHeart7888927,Ventricular_Cardiomyocyte,1.0,-0.0,D6,pca_knn,predicted
TCCCAGTAGAGGGTAA-1-HCAHeart7905328,Endothelial,1.0,-0.0,D6,pca_knn,predicted
TTATGCTTCAGGATCT-1-HCAHeart7880862,Pericytes,1.0,-0.0,D6,pca_knn,predicted
CATCCACGTCAAAGAT-1-HCAHeart7844001,Endothelial,0.9365113304826375,0.2364607250628265,D6,pca_knn,predicted
TAAGTGCAGTCTTGCA-1-HCAHeart7888926,Ventricular_Cardiomyocyte,1.0,-0.0,D6,pca_knn,predicted
CCTTCGAAGTGCTGCC-1-HCAHeart7844004,Myeloid,1.0,-0.0,D6,pca_knn,predicted
TCTTTCCTCCCACTTG-1-HCAHeart7844001,Lymphoid,1.0,-0.0,D6,pca_knn,predicted
CGGACTGGTCTTGATG-1-HCAHeart7844001,Endothelial,1.0,-0.0,D6,pca_knn,predicted
AGTCTTTCAAGAAGAG-1-HCAHeart7844004,Myeloid,0.839687626086603,0.4401875037745931,D6,pca_knn,predicted
TCTTCGGGTAAACCTC-1-HCAHeart7844001,Endothelial,1.0,-0.0,D6,pca_knn,predicted
ACAGCTAGTTGACGTT-1-HCAHeart7880861,Fibroblast,1.0,-0.0,D6,pca_knn,predicted
TCTTCGGGTACTTAGC-1-HCAHeart7843999,Endothelial,1.0,-0.0,D6,pca_knn,predicted
ACGGGCTTCCCATTTA-1-HCAHeart7844001,Smooth_muscle_cells,0.7386728464110582,0.5744405058116238,D6,pca_knn,predicted
CGCGTTTCAGGACGTA-1-HCAHeart7844004,Endothelial,1.0,-0.0,D6,pca_knn,predicted
ATCACGATCTATACGG-1-HCAHeart7905327,Endothelial,1.0,-0.0,D6,pca_knn,predicted
GGACATTAGTATGACA-1-HCAHeart7844000,Lymphoid,1.0,-0.0,D6,pca_knn,predicted
CCACGGAGTGTCGCTG-1-HCAHeart7844001,Myeloid,1.0,-0.0,D6,pca_knn,predicted
GACTGCGGTCATCCCT-1-HCAHeart7844004,Endothelial,1.0,-0.0,D6,pca_knn,predicted
CGACAGCAGCGCTGAA-1-HCAHeart7905329,Endothelial,1.0,-0.0,D6,pca_knn,predicted
TAAGAGAAGTGTCTCA-1-HCAHeart7844004,Pericytes,1.0,-0.0,D6,pca_knn,predicted
GTACGTATCGTAGATC-1-HCAHeart7888927,Fibroblast,1.0,-0.0,D6,pca_knn,predicted
CTCTACGAGAATCTCC-1-HCAHeart7844001,Fibroblast,1.0,-0.0,D6,pca_knn,predicted
CTAACTTTCAATCACG-1-HCAHeart7844003,Endothelial,0.5297228190203915,0.8876660528221938,D6,pca_knn,predicted
TTTCCTCAGTGCCAGA-1-HCAHeart7880860,Ventricular_Cardiomyocyte,1.0,-0.0,D6,pca_knn,predicted
CCGGGATTCACTTATC-1-HCAHeart7844000,Lymphoid,1.0,-0.0,D6,pca_knn,predicted
AAAGGGCTCCCGATCT-1-HCAHeart7905331,Endothelial,1.0,-0.0,D6,pca_knn,predicted
TGACAGTCACCAAAGG-1-HCAHeart7905328,Endothelial,1.0,-0.0,D6,pca_knn,predicted
GTCTCGTTCGGTTCGG-1-HCAHeart7888926,Ventricular_Cardiomyocyte,1.0,-0.0,D6,pca_knn,predicted
AGATTGCCAGTAAGAT-1-HCAHeart7844004,Pericytes,1.0,-0.0,D6,pca_knn,predicted
AGCGCCAAGAGAATCT-1-HCAHeart7905332,Endothelial,1.0,-0.0,D6,pca_knn,predicted
TAGAGCTGTAACGTTC-1-HCAHeart7844004,Endothelial,1.0,-0.0,D6,pca_knn,predicted
GCACGGTTCAGTCCGG-1-HCAHeart7905327,Endothelial,1.0,-0.0,D6,pca_knn,predicted
AGCAGCCAGCGGCTTC-1-HCAHeart7844001,Pericytes,0.8800841329510368,0.3667573287215216,D6,pca_knn,predicted
GGAAGTGAGTGACACG-1-HCAHeart7905331,Endothelial,1.0,-0.0,D6,pca_knn,predicted
GACTAACAGAGTCGGT-1-HCAHeart7844001,Myeloid,0.8164401146013625,0.5923206139862516,D6,pca_knn,predicted
TCAACGAGTCCATCCT-1-HCAHeart7843999,Endothelial,1.0,-0.0,D6,pca_knn,predicted
ACGATACGTCAAGCGA-1-HCAHeart7888927,Endothelial,1.0,-0.0,D6,pca_knn,predicted
AAGACCTCATACAGCT-1-HCAHeart7844004,Lymphoid,1.0,-0.0,D6,pca_knn,predicted
GCGAGAATCATCGCTC-1-HCAHeart7844004,Lymphoid,1.0,-0.0,D6,pca_knn,predicted
GACCAATGTAAGTTCC-1-HCAHeart7844004,Pericytes,0.7458475865941265,0.5668512250004097,D6,pca_knn,predicted
CATCCACAGAGGGATA-1-HCAHeart7843999,Endothelial,1.0,-0.0,D6,pca_knn,predicted
TGCACCTAGGCGCTCT-1-HCAHeart7844004,Endothelial,1.0,-0.0,D6,pca_knn,predicted
CTCGGAGAGGACATTA-1-HCAHeart7844001,Pericytes,0.6124666687008834,0.6676319181745067,D6,pca_knn,predicted
CAGAGCCGTACTGCGC-1-HCAHeart7905332,Endothelial,1.0,-0.0,D6,pca_knn,predicted
GGAGGATCACACACGC-1-HCAHeart7905328,Pericytes,0.788362807404304,0.5161177656841527,D6,pca_knn,predicted
CTCCACATCAAGTCGT-1-HCAHeart7905328,Endothelial,1.0,-0.0,D6,pca_knn,predicted
GAAACCTGTTTGGCTA-1-HCAHeart7905330,Endothelial,1.0,-0.0,D6,pca_knn,predicted
GGTCACGAGTTTCGAC-1-HCAHeart7905328,Fibroblast,1.0,-0.0,D6,pca_knn,predicted
CGTAGGCCAAGCGCTC-1-HCAHeart7844000,Endothelial,1.0,-0.0,D6,pca_knn,predicted
CATCAAGCATCAGTCA-1-HCAHeart7844001,Myeloid,1.0,-0.0,D6,pca_knn,predicted
GCATACAAGAGCTGGT-1-HCAHeart7844002,Myeloid,1.0,-0.0,D6,pca_knn,predicted
TCATCCGTCTATACGG-1-HCAHeart7905328,Endothelial,1.0,-0.0,D6,pca_knn,predicted
GAAATGAGTAAATACG-1-HCAHeart7844004,Endothelial,1.0,-0.0,D6,pca_knn,predicted
CTCCGATAGAGCAACC-1-HCAHeart7905328,Endothelial,1.0,-0.0,D6,pca_knn,predicted
ATGAGGGTCCGTAGGC-1-HCAHeart7880860,Ventricular_Cardiomyocyte,1.0,-0.0,D6,pca_knn,predicted
GTACTTTAGAGTGAGA-1-HCAHeart7843999,Smooth_muscle_cells,0.8185000333848746,0.4736603522598437,D6,pca_knn,predicted
ATTACTCCATTGGCGC-1-HCAHeart7844004,Pericytes,1.0,-0.0,D6,pca_knn,predicted
CCTACCAGTTACAGAA-1-HCAHeart7844004,Endothelial,1.0,-0.0,D6,pca_knn,predicted
ATTCTACGTATTCGTG-1-HCAHeart7844001,Fibroblast,1.0,-0.0,D6,pca_knn,predicted
CTAGAGTAGAAGGGTA-1-HCAHeart7844004,Pericytes,0.7945860283376627,0.6346533059240809,D6,pca_knn,predicted
GAGTCCGTCTCTGCTG-1-HCAHeart7888927,Ventricular_Cardiomyocyte,1.0,-0.0,D6,pca_knn,predicted
GAATGAACATGGTTGT-1-HCAHeart7844002,Endothelial,1.0,-0.0,D6,pca_knn,predicted
ACAGCCGGTGAAAGAG-1-HCAHeart7888926,Ventricular_Cardiomyocyte,1.0,-0.0,D6,pca_knn,predicted
AACGTCACAAGAATAC-1-HCAHeart7905332,Endothelial,1.0,-0.0,D6,pca_knn,predicted
CATGGCGGTTACAGAA-1-HCAHeart7844000,Endothelial,1.0,-0.0,D6,pca_knn,predicted
ACGATACCAATTCCTT-1-HCAHeart7843999,Endothelial,1.0,-0.0,D6,pca_knn,predicted
CCCTCCTCAAGAAAGG-1-HCAHeart7843999,Endothelial,1.0,-0.0,D6,pca_knn,predicted
CTGCCTACACAACTGT-1-HCAHeart7888927,Pericytes,1.0,-0.0,D6,pca_knn,predicted
GGGCATCAGTTGAGTA-1-HCAHeart7880862,Endothelial,1.0,-0.0,D6,pca_knn,predicted
CTCCTAGCACCGTTGG-1-HCAHeart7844004,Pericytes,0.7414997644379893,0.5714823580166424,D6,pca_knn,predicted
TATCAGGCATGGTCTA-1-HCAHeart7843999,Endothelial,1.0,-0.0,D6,pca_knn,predicted
AGCCTAAGTGTCCTCT-1-HCAHeart7844004,Endothelial,1.0,-0.0,D6,pca_knn,predicted
GGTGTCGGTGCAACAG-1-HCAHeart7905329,Endothelial,1.0,-0.0,D6,pca_knn,predicted
AGGTAGGTCCAATGCA-1-HCAHeart7905331,Endothelial,1.0,-0.0,D6,pca_knn,predicted
CGGAGTCCAGCCTTTC-1-HCAHeart7844003,Pericytes,1.0,-0.0,D6,pca_knn,predicted
GCATGATAGATGTAAC-1-HCAHeart7843999,Endothelial,1.0,-0.0,D6,pca_knn,predicted
TGGTTCCAGCTTATCG-1-HCAHeart7844002,Lymphoid,1.0,-0.0,D6,pca_knn,predicted
GTTTCTACATAGACTC-1-HCAHeart7844001,Myeloid,1.0,-0.0,D6,pca_knn,predicted
TGACGGCCAAAGGAAG-1-HCAHeart7844001,Pericytes,0.9316403758931642,0.24937498608813377,D6,pca_knn,predicted
TACGGATGTCAGAGGT-1-HCAHeart7843999,Myeloid,0.5034042552279453,0.6931240024735562,D6,pca_knn,predicted
ATTCTACCACCTTGTC-1-HCAHeart7844001,Pericytes,1.0,-0.0,D6,pca_knn,predicted
TGATCAGCATAGAAAC-1-HCAHeart7905328,Endothelial,1.0,-0.0,D6,pca_knn,predicted
AGCTCAAGTGGCTTGC-1-HCAHeart7905330,Endothelial,1.0,-0.0,D6,pca_knn,predicted
CTGTGGGGTACCTGTA-1-HCAHeart7905327,Endothelial,1.0,-0.0,D6,pca_knn,predicted
ATTGGTGAGGCCGAAT-1-HCAHeart7880862,Atrial_Cardiomyocyte,1.0,-0.0,D6,pca_knn,predicted
TTCTCAAAGTTCGCGC-1-HCAHeart7888927,Ventricular_Cardiomyocyte,1.0,-0.0,D6,pca_knn,predicted
AAAGTCCTCTCAATCT-1-HCAHeart7905328,Pericytes,0.8833730474547463,0.3601501169984325,D6,pca_knn,predicted
GCGCAGTGTGCGCTTG-1-HCAHeart7880862,Atrial_Cardiomyocyte,1.0,-0.0,D6,pca_knn,predicted
TGAGCCGTCATGCATG-1-HCAHeart7844004,Smooth_muscle_cells,1.0,-0.0,D6,pca_knn,predicted
GTGCTGGAGGAGCTGT-1-HCAHeart7905332,Endothelial,1.0,-0.0,D6,pca_knn,predicted
GTGCTTCTCCCAAGAT-1-HCAHeart7843999,Endothelial,1.0,-0.0,D6,pca_knn,predicted
TTTACCATCACACGAT-1-HCAHeart7905329,Endothelial,1.0,-0.0,D6,pca_knn,predicted
TACCTATGTTACAGAA-1-HCAHeart7880860,Endothelial,1.0,-0.0,D6,pca_knn,predicted
GCTTCCACAGCCTGTG-1-HCAHeart7844004,Endothelial,1.0,-0.0,D6,pca_knn,predicted
GGGAGATTCCGCGTTT-1-HCAHeart7844001,Endothelial,0.7246970329657269,0.5884622436265492,D6,pca_knn,predicted
AGGGTTTTCATGAAAG-1-HCAHeart7905328,Endothelial,0.9334221446027832,0.2446955853556624,D6,pca_knn,predicted
GCTGCTTCAAACGCGA-1-HCAHeart7880862,Atrial_Cardiomyocyte,1.0,-0.0,D6,pca_knn,predicted
GCCAAATCACGGCTAC-1-HCAHeart7844003,Endothelial,1.0,-0.0,D6,pca_knn,predicted
CTAGCCTGTCACCTAA-1-HCAHeart7880862,Atrial_Cardiomyocyte,1.0,-0.0,D6,pca_knn,predicted
GATGCTAAGGGAGTAA-1-HCAHeart7844004,Endothelial,1.0,-0.0,D6,pca_knn,predicted
AAAGCAAAGCTAGTCT-1-HCAHeart7880860,Ventricular_Cardiomyocyte,1.0,-0.0,D6,pca_knn,predicted
CTGTTTAGTTACTGAC-1-HCAHeart7843999,Endothelial,1.0,-0.0,D6,pca_knn,predicted
GGTAACTAGAGCCCAA-1-HCAHeart7905328,Endothelial,1.0,-0.0,D6,pca_knn,predicted
CATGCTCAGATACTGA-1-HCAHeart7905332,Endothelial,1.0,-0.0,D6,pca_knn,predicted
CGAACATCAGGTGCCT-1-HCAHeart7880861,Myeloid,1.0,-0.0,D6,pca_knn,predicted
TCAGCTCAGGGTTTCT-1-HCAHeart7888927,Ventricular_Cardiomyocyte,1.0,-0.0,D6,pca_knn,predicted
GGAACTTTCAGGCAAG-1-HCAHeart7844003,Endothelial,1.0,-0.0,D6,pca_knn,predicted
TGTGTTTAGGCTCTTA-1-HCAHeart7844001,Lymphoid,1.0,-0.0,D6,pca_knn,predicted
TACTCGCAGAATTGTG-1-HCAHeart7888926,Ventricular_Cardiomyocyte,1.0,-0.0,D6,pca_knn,predicted
GTTGCGGAGCATTTGC-1-HCAHeart7905332,Endothelial,1.0,-0.0,D6,pca_knn,predicted
AAGAACAGTGTTTCTT-1-HCAHeart7905328,Endothelial,1.0,-0.0,D6,pca_knn,predicted
CAGCATAGTCGAATCT-1-HCAHeart7844004,Endothelial,1.0,-0.0,D6,pca_knn,predicted
ACGCCGAGTTCTGTTT-1-HCAHeart7844001,Myeloid,1.0,-0.0,D6,pca_knn,predicted
CTTAACTAGCACCGTC-1-HCAHeart7844003,Pericytes,0.6953639770423079,0.9229746297367385,D6,pca_knn,predicted
TCAGATGTCGACCAGC-1-HCAHeart7844004,Endothelial,1.0,-0.0,D6,pca_knn,predicted
GCACGGTCAAAGGCAC-1-HCAHeart7905327,Endothelial,1.0,-0.0,D6,pca_knn,predicted
TGTGGTATCTTGCAAG-1-HCAHeart7880860,Pericytes,1.0,-0.0,D6,pca_knn,predicted
AAGGCAGTCATAAAGG-1-HCAHeart7844001,Endothelial,1.0,-0.0,D6,pca_knn,predicted
ACACCCTCAATACGCT-1-HCAHeart7880862,Endothelial,1.0,-0.0,D6,pca_knn,predicted
TTCCTCTCATATCTGG-1-HCAHeart7905331,Endothelial,1.0,-0.0,D6,pca_knn,predicted
CTCGAGGGTCTCCCTA-1-HCAHeart7844002,Endothelial,1.0,-0.0,D6,pca_knn,predicted
TGATGCATCCAAGCCG-1-HCAHeart7905327,Endothelial,1.0,-0.0,D6,pca_knn,predicted
TACCTTACACAGGTTT-1-HCAHeart7888927,Ventricular_Cardiomyocyte,1.0,-0.0,D6,pca_knn,predicted
ATTATCCGTCTCTCTG-1-HCAHeart7844001,Myeloid,1.0,-0.0,D6,pca_knn,predicted
AGCAGCCAGTCATCCA-1-HCAHeart7888926,Ventricular_Cardiomyocyte,1.0,-0.0,D6,pca_knn,predicted
CTAAGTGGTTAAGACA-1-HCAHeart7905331,Endothelial,1.0,-0.0,D6,pca_knn,predicted
CCACTACTCCTAGGGC-1-HCAHeart7843999,Endothelial,1.0,-0.0,D6,pca_knn,predicted
TAAACCGAGCCAGTAG-1-HCAHeart7844004,Smooth_muscle_cells,1.0,-0.0,D6,pca_knn,predicted
CAGCAGCGTGATGTGG-1-HCAHeart7844000,Endothelial,1.0,-0.0,D6,pca_knn,predicted
GCACTCTAGCCAGTTT-1-HCAHeart7844001,Endothelial,1.0,-0.0,D6,pca_knn,predicted
AGCCTAACAAGTTAAG-1-HCAHeart7844001,Lymphoid,1.0,-0.0,D6,pca_knn,predicted
TGGACGCAGCCGTCGT-1-HCAHeart7844004,Endothelial,1.0,-0.0,D6,pca_knn,predicted
AATCGGTGTTCGCGAC-1-HCAHeart7844001,Pericytes,1.0,-0.0,D6,pca_knn,predicted
GATGAGGGTCGAACAG-1-HCAHeart7888926,Ventricular_Cardiomyocyte,1.0,-0.0,D6,pca_knn,predicted
CTAACTTCAAGACACG-1-HCAHeart7880862,Atrial_Cardiomyocyte,1.0,-0.0,D6,pca_knn,predicted
CGGAGTCAGGGATGGG-1-HCAHeart7880862,Atrial_Cardiomyocyte,1.0,-0.0,D6,pca_knn,predicted
ATGTGTGAGGACATTA-1-HCAHeart7844004,Endothelial,1.0,-0.0,D6,pca_knn,predicted
GGTGAAGGTCCGTGAC-1-HCAHeart7844002,Fibroblast,1.0,-0.0,D6,pca_knn,predicted
CGATGGCCACAACGTT-1-HCAHeart7880863,Atrial_Cardiomyocyte,1.0,-0.0,D6,pca_knn,predicted
CAAGATCGTACTTCTT-1-HCAHeart7844004,Pericytes,0.8703865758207345,0.3856511803793433,D6,pca_knn,predicted
AGTACCAAGAATACAC-1-HCAHeart7905332,Endothelial,1.0,-0.0,D6,pca_knn,predicted
CACTCCACATGTCGAT-1-HCAHeart7844004,Endothelial,0.5103633633906827,0.8747060400969489,D6,pca_knn,predicted
AGGCCACCAAAGGCGT-1-HCAHeart7844002,Lymphoid,0.9344994912041776,0.24184148166276803,D6,pca_knn,predicted
ACGGAGAAGTTCGCAT-1-HCAHeart7844003,Endothelial,1.0,-0.0,D6,pca_knn,predicted
CCCAGTTGTTTGTTTC-1-HCAHeart7880860,Pericytes,1.0,-0.0,D6,pca_knn,predicted
AATCGGTCAGCCTATA-1-HCAHeart7880862,Atrial_Cardiomyocyte,1.0,-0.0,D6,pca_knn,predicted
GGTGAAGGTTCCACAA-1-HCAHeart7844001,Lymphoid,1.0,-0.0,D6,pca_knn,predicted
