cell_id,Adipocytes,Atrial_Cardiomyocyte,Endothelial,Fibroblast,Lymphoid,Mesothelial,Myeloid,Neuronal,Pericytes,Smooth_muscle_cells,Ventricular_Cardiomyocyte
AACTCCCCACGAGAGT-1-HCAHeart7844001,2.9188852e-05,1.4957781e-05,7.493723e-06,1.3802131e-06,0.00013465791,2.5577756e-05,0.999777,9.5214403e-07,3.8873136e-06,3.3783328e-06,1.5446454e-06
AGAATAGAGTACGATA-1-HCAHeart7844003,2.6228643e-05,6.7878036e-06,0.99983585,1.0987033e-05,3.6659874e-06,5.5902083e-06,3.0125653e-05,6.345601e-06,6.244443e-05,1.1654367e-06,1.07263695e-05
ATCCACCCATACTACG-1-HCAHeart7844004,9.601279e-05,1.7706901e-05,0.99955076,7.4261484e-06,9.535983e-06,1.0348407e-05,0.00013775946,1.293345e-05,0.00012977255,3.100167e-06,2.468311e-05
TTGATGGCAGGACATG-1-HCAHeart7905327,6.7706155e-06,3.1431264e-06,0.9998543,4.0764644e-05,4.4905196e-06,8.99801e-06,1.1328076e-05,4.306444e-06,5.7852056e-05,6.4675476e-07,7.3319807e-06
CATTCGCTCTTGGGTA-1-HCAHeart7844003,4.70553e-05,1.1944258e-05,0.00028640943,0.00015087478,0.0003124985,6.7202316e-05,4.4481607e-05,0.00018667773,0.9754764,0.023404656,1.1880729e-05
TGCATGAAGGTTCTAC-1-HCAHeart7905332,7.0458277e-06,4.2824086e-06,0.9998678,5.85729e-06,5.059596e-06,6.509586e-06,1.7755372e-05,2.7151214e-06,6.471614e-05,7.389152e-07,1.7514978e-05
CATATTCCAGGGCATA-1-HCAHeart7844003,5.159174e-06,2.965825e-06,0.9998227,1.5285268e-05,4.7764956e-06,9.43262e-06,1.1590697e-05,2.9391938e-06,0.00011841502,8.860209e-07,5.9998392e-06
CATCGGGGTCATGCCG-1-HCAHeart7844004,0.000113329625,1.6792977e-05,0.9993812,1.4816528e-05,1.4622488e-05,1.3582427e-05,0.00030999992,1.47442315e-05,9.4756935e-05,2.9495354e-06,2.3276527e-05
TCTGAGATCCTAAGTG-1-HCAHeart7844004,6.756488e-05,2.198719e-05,2.712985e-05,2.4517796e-05,6.170037e-05,3.1039926e-05,1.8545219e-05,4.8306334e-05,0.008837404,0.9908501,1.1693657e-05
TCCTCGATCGGCTGTG-1-HCAHeart7905332,0.00017415722,9.4340074e-05,0.07867436,0.00055160513,0.0007774066,0.0005514137,0.00068909884,0.00026330003,0.83481586,0.08332436,8.401069e-05
TATCAGGCAAGGCTTT-1-HCAHeart7905327,5.97524e-06,3.1825487e-06,0.9998437,7.2160647e-06,5.184249e-06,5.116263e-06,1.7007726e-05,2.5389345e-06,0.00010112079,6.67896e-07,8.180242e-06
ACGATGTAGTTCGCGC-1-HCAHeart7880861,1.2802282e-06,2.7019885e-05,1.09948505e-05,9.242765e-06,8.368406e-06,7.8048415e-06,8.007804e-07,2.663361e-06,4.004187e-05,1.862705e-06,0.99988997
GTAGATCAGAGTTGTA-1-HCAHeart7905327,3.729693e-05,4.348682e-06,1.264041e-05,0.9998832,1.6824724e-05,7.226431e-06,3.0290382e-06,2.0068348e-05,4.8605903e-06,5.210655e-06,5.361487e-06
CTGCTGTTCCTAGTGA-1-HCAHeart7844001,2.9228784e-05,1.7957462e-05,1.1442566e-05,1.5089336e-06,0.00018774255,2.0312871e-05,0.9997203,1.1352982e-06,4.593269e-06,3.6717317e-06,2.065558e-06
CACACCTTCATTCACT-1-HCAHeart7844002,7.0122614e-06,3.0259735e-06,0.99989986,1.5189881e-05,4.7272047e-06,9.653941e-06,9.2632945e-06,3.746148e-06,3.725802e-05,8.43943e-07,9.429669e-06
CGATGTAAGTGAACGC-1-HCAHeart7844004,7.2557536e-06,2.6545317e-06,0.9998852,2.0490137e-05,2.8117288e-06,7.708147e-06,9.839492e-06,2.773628e-06,5.4837587e-05,6.9635803e-07,5.5781397e-06
ACTGCTCAGGGATACC-1-HCAHeart7844001,9.3222385e-05,1.6781381e-05,0.011725358,6.8781024e-05,0.00016691639,0.00012037577,0.00016962015,9.8030716e-05,0.97745436,0.010063747,2.2901757e-05
GGTATTGCATTCGACA-1-HCAHeart7844001,0.00011296684,1.8733508e-05,0.99879324,1.2392063e-05,2.2233886e-05,3.3803477e-05,0.00074718165,1.8119928e-05,0.0002112218,4.3067507e-06,2.588784e-05
CGGACACGTAGCGTAG-1-HCAHeart7844001,1.0073542e-05,4.1330536e-06,0.99986446,7.835524e-06,3.8217827e-06,5.569822e-06,1.6703785e-05,3.8548405e-06,7.592854e-05,7.0644984e-07,6.9520065e-06
CGATCGGCACCGAATT-1-HCAHeart7843999,4.7284175e-06,3.2441426e-06,0.9998741,2.2056001e-05,6.05628e-06,1.2660842e-05,1.0048864e-05,2.995904e-06,5.431173e-05,7.4172914e-07,9.054977e-06
ACACCCTAGCCACTAT-1-HCAHeart7844001,6.409975e-05,1.156301e-05,0.9996227,1.16430465e-05,6.1311143e-06,1.9832896e-05,0.00010340673,1.1526271e-05,0.0001245082,2.084209e-06,2.2478052e-05
AACACGTAGAAACGCC-1-HCAHeart7843999,1.0363243e-05,5.3069616e-06,0.998741,4.5995406e-05,2.2513701e-05,2.914501e-05,2.2819204e-05,7.913642e-06,0.0010983535,4.8652255e-06,1.1797804e-05
CTTTCGGTCGCCTATC-1-HCAHeart7905327,6.315498e-06,4.1044773e-06,0.9998653,2.6231743e-05,6.926712e-06,8.251398e-06,1.1320468e-05,4.778417e-06,5.908585e-05,8.3492154e-07,6.936562e-06
TGCGGCAAGGGAGTTC-1-HCAHeart7905328,8.504874e-06,3.4014383e-06,0.99980575,1.804179e-05,5.300671e-06,1.6799278e-05,1.1822665e-05,3.1536563e-06,8.803342e-05,6.865131e-07,3.8791986e-05
CGTTAGAGTAACATGA-1-HCAHeart7905330,0.00023146176,1.0415983e-05,0.00014459196,0.0004847177,7.825917e-05,0.0001681027,2.6580723e-05,6.286664e-05,0.9903667,0.008411158,1.5103007e-05
CCACTACAGAGCCTAG-1-HCAHeart7844004,7.8902856e-05,1.8476436e-05,7.732078e-06,1.3476904e-06,0.00019389279,2.3029761e-05,0.99966455,1.1599395e-06,4.8373004e-06,3.8133337e-06,2.2128768e-06
TCATTCACAACTTGCA-1-HCAHeart7905327,1.4295585e-05,2.4076135e-06,0.9996031,3.529244e-05,1.0536864e-05,0.000100987665,1.9464926e-05,2.7424785e-06,0.00019051004,1.6821159e-06,1.9186446e-05
CTAGAGTGTCTCCATC-1-HCAHeart7843999,7.240559e-06,4.268538e-06,0.99960285,3.9785155e-05,1.1084972e-05,1.106098e-05,2.5369156e-05,4.659576e-06,0.00028090324,1.4018993e-06,1.1342738e-05
CTGCCTACAGCCTATA-1-HCAHeart7844000,1.1775895e-05,4.1614358e-06,0.9998883,1.8560053e-05,3.1918885e-06,7.7374025e-06,1.1864837e-05,4.876485e-06,4.147681e-05,1.2479569e-06,6.686202e-06
GTGGGAATCAAGATAG-1-HCAHeart7905327,1.18402595e-05,7.949319e-06,0.99975175,5.8516075e-06,9.73229e-06,4.9991677e-06,6.1198094e-05,4.5473557e-06,0.0001279691,1.4217115e-06,1.2721718e-05
CGCCAAGGTCGAATCT-1-HCAHeart7880862,4.189353e-06,0.9997472,6.211689e-06,3.8682807e-05,2.0698584e-05,2.517472e-05,6.900439e-06,3.0963307e-05,4.0756527e-06,1.1820068e-05,0.0001040477
ACCAGTAAGACTAGAT-1-HCAHeart7880862,4.5345637e-06,0.9993001,5.8634237e-06,1.9623523e-05,2.0771153e-05,6.1260536e-05,8.1310145e-06,5.8991154e-05,5.0706744e-06,1.0049208e-05,0.0005056899
GAGACTTCAACGCCCA-1-HCAHeart7905332,2.3672008e-05,3.8135554e-06,9.352497e-06,0.99991333,1.4125593e-05,4.983348e-06,2.2270167e-06,1.2682076e-05,5.8815367e-06,3.4508964e-06,6.4194164e-06
GATCTAGTCGCATGAT-1-HCAHeart7880862,2.5151114e-06,0.9997795,4.9434575e-06,1.1862709e-05,1.8145278e-05,2.6791422e-05,6.487916e-06,3.8883638e-05,3.0837016e-06,9.318715e-06,9.855041e-05
CGTTCTGTCGAGAGCA-1-HCAHeart7844001,3.511181e-05,1.1151037e-05,7.863359e-06,1.5204386e-06,0.00014271108,4.7307934e-05,0.9997447,1.0042654e-06,4.0878967e-06,2.932268e-06,1.5980154e-06
CAGCAGCAGGACCACA-1-HCAHeart7844004,1.1730559e-05,6.2841873e-06,0.9998228,6.9130283e-06,5.689865e-06,1.182519e-05,4.317821e-05,4.042996e-06,7.168979e-05,1.0677826e-06,1.4793065e-05
CAGTCCTCACTTAACG-1-HCAHeart7844004,1.09732855e-05,4.970598e-06,0.9996977,5.916804e-06,1.0638037e-05,7.1899804e-06,5.0399813e-05,3.7084903e-06,0.00019087234,1.3523353e-06,1.6364747e-05
ACTGAACCAGTCGTGC-1-HCAHeart7880860,2.4434985e-05,5.1027e-06,7.363609e-06,0.99991393,7.943969e-06,4.4987814e-06,2.074774e-06,1.5225425e-05,5.908402e-06,2.931162e-06,1.0559225e-05
GTACAGTTCGACCATA-1-HCAHeart7905331,1.06025345e-05,5.049807e-06,0.9992895,6.73711e-05,2.257635e-05,2.5636917e-05,2.0593105e-05,6.590475e-06,0.00053630717,1.6755148e-06,1.38836795e-05
CTTGATTCAAGTGGGT-1-HCAHeart7905328,7.902757e-06,2.9624712e-06,0.9998185,9.701488e-06,5.995553e-06,1.7853112e-05,1.7797387e-05,2.5367963e-06,9.983948e-05,7.115683e-07,1.6280095e-05
CCCATACGTTCAGGCC-1-HCAHeart7843999,4.9339287e-06,9.432049e-06,8.608429e-06,3.8072838e-05,0.9997203,2.508978e-06,0.00017558524,9.297152e-06,1.3457458e-05,7.4884465e-06,1.03170205e-05
CCTACCATCGGCATCG-1-HCAHeart7844003,8.042506e-06,1.0939585e-06,2.560558e-05,1.02412705e-05,1.8525541e-05,6.4449114e-06,3.5434725e-06,1.5313124e-05,0.99970275,0.00020335357,5.157576e-06
GCGGGTTCACGGCTAC-1-HCAHeart7844000,4.780207e-06,1.0108103e-05,6.9236576e-06,3.347473e-05,0.99973613,2.5908657e-06,0.00016526853,1.0197501e-05,1.1911835e-05,7.730104e-06,1.070183e-05
CACCTTGGTCAGCTAT-1-HCAHeart7844001,5.019164e-05,5.1282937e-06,0.007265281,5.9476686e-05,0.00016553554,7.2871386e-05,5.2157215e-05,0.0003954397,0.9910405,0.00087973475,1.3810233e-05
CCTTCGATCCTTCAAT-1-HCAHeart7844001,1.4468637e-05,3.229433e-06,0.9996327,1.4863625e-05,5.908193e-06,2.3545825e-05,2.211472e-05,3.9382735e-06,0.00026438857,1.1373573e-06,1.3509603e-05
GGGAGATGTTCACGGC-1-HCAHeart7880862,2.9097218e-05,1.46601915e-05,0.9983735,0.0006317507,1.075695e-05,3.3423494e-05,3.6161236e-05,8.0346894e-05,0.0007719384,3.100014e-06,1.5220494e-05
AAAGATGGTTAGTGGG-1-HCAHeart7844001,2.04559e-05,4.8829734e-06,0.9997379,1.4540391e-05,5.971811e-06,2.268364e-05,2.8661492e-05,6.5036033e-06,0.0001361247,1.1116277e-06,2.1263733e-05
TGGACGCCAAGACGTG-1-HCAHeart7880862,4.899715e-06,0.9994271,7.501044e-06,6.40191e-05,2.9949742e-05,7.057356e-05,9.0171225e-06,5.5286262e-05,7.062469e-06,1.0905318e-05,0.00031380224
AAGACCTGTATATGGA-1-HCAHeart7844000,1.0788959e-05,3.6478725e-06,0.9998871,1.0372771e-05,2.9210155e-06,8.157575e-06,1.3114287e-05,3.355412e-06,4.8774582e-05,6.0916847e-07,1.1185666e-05
CTTACCGAGTATCGAA-1-HCAHeart7844004,0.00016337627,1.44632895e-05,0.9993938,1.3805087e-05,1.1717689e-05,2.2631113e-05,9.904992e-05,1.5599131e-05,0.0001751141,2.929439e-06,8.758748e-05
TATCAGGAGCCGGTAA-1-HCAHeart7844001,7.6208244e-06,9.3129546e-07,3.220894e-05,7.4331997e-06,2.2138083e-05,7.2378216e-06,4.028331e-06,1.8184988e-05,0.9996519,0.00024301908,5.2026926e-06
CAAGTTGCAGGGATTG-1-HCAHeart7844003,9.568196e-06,3.575285e-06,0.99990857,1.3741721e-05,2.2439249e-06,7.5445273e-06,7.6057163e-06,3.7859427e-06,3.657787e-05,4.912355e-07,6.3518205e-06
ACCCAAAGTTAGGGAC-1-HCAHeart7905328,9.881625e-06,1.4805048e-05,9.767749e-06,1.0355628e-05,2.0642092e-05,9.661035e-06,5.550919e-06,9.339145e-06,0.00010200715,0.9998037,4.26863e-06
ACGCCGACACGTCTCT-1-HCAHeart7844001,0.00010611123,1.5961046e-05,0.00017582712,6.816599e-05,0.0004660544,0.00010004302,7.15334e-05,0.0023926871,0.9669262,0.029641833,3.5627105e-05
TAGTGGTGTTGTCGCG-1-HCAHeart7844004,7.1623817e-06,3.367233e-06,0.9998839,1.1110243e-05,3.2683747e-06,4.4105664e-06,1.1267975e-05,2.9652485e-06,6.545814e-05,5.6643785e-07,6.539708e-06
GATCGTACAAAGTATG-1-HCAHeart7905332,6.195833e-06,3.005731e-06,0.9998969,1.39625e-05,3.0189487e-06,4.5044317e-06,1.1335021e-05,3.0989522e-06,5.2182684e-05,6.770164e-07,5.1045354e-06
ATGCCTCTCGCCAACG-1-HCAHeart7905329,0.00027952105,2.7474023e-05,3.9069244e-05,1.4945581e-06,0.00027722862,4.059143e-05,0.99931085,1.5863734e-06,8.950415e-06,8.3504565e-06,4.977477e-06
CACCAGGGTGTGACGA-1-HCAHeart7888927,2.1443097e-06,4.53351e-05,1.0149845e-05,1.3523173e-05,8.963334e-06,6.6524267e-06,1.317112e-06,5.199442e-06,0.00011479328,3.09743e-06,0.9997888
AAGGCAGTCCAAACTG-1-HCAHeart7844001,1.149882e-05,1.0656421e-06,2.6360978e-05,1.02815575e-05,2.1234631e-05,8.489257e-06,3.8280245e-06,2.0782392e-05,0.99964345,0.0002487698,4.4206176e-06
TTAATCCAGGTCGCCT-1-HCAHeart7905329,9.27326e-06,1.3550839e-05,9.342525e-06,9.471792e-06,2.3284467e-05,8.715302e-06,5.720041e-06,9.2310665e-06,0.00020174457,0.99970585,3.8976423e-06
GGACGTCGTTGCGTTA-1-HCAHeart7844004,3.144692e-05,1.4355686e-05,0.99961567,9.622835e-06,8.0544005e-06,1.7546434e-05,0.00014238585,8.608235e-06,0.00013257716,2.2945342e-06,1.7426531e-05
TGCACCTAGGGTTCCC-1-HCAHeart7844003,1.24251865e-05,4.2312804e-06,0.9998522,7.1715726e-06,3.7137602e-06,6.7251103e-06,1.8540595e-05,4.303463e-06,7.746769e-05,7.923863e-07,1.25076485e-05
GTAACCACATGACCCG-1-HCAHeart7905327,5.3569474e-06,2.7987764e-06,0.9998266,1.8178021e-05,4.819007e-06,6.9826597e-06,1.1077709e-05,3.044578e-06,0.00011394152,7.299938e-07,6.3205744e-06
AGCCTAACAGTTCATG-1-HCAHeart7844000,3.8854996e-05,6.6868733e-06,0.9998466,1.2161552e-05,3.7959535e-06,6.240119e-06,1.8900168e-05,8.520264e-06,4.1608077e-05,9.115042e-07,1.5775544e-05
TACGGTATCCATGAGT-1-HCAHeart7844000,1.6454756e-05,3.834333e-06,0.9998822,2.3048971e-05,2.3721789e-06,6.4747114e-06,9.516248e-06,5.9662857e-06,4.1266816e-05,6.168531e-07,8.25027e-06
CATGCCTCATGAACCT-1-HCAHeart7844004,1.1695965e-05,3.8103972e-06,0.9998783,6.3067628e-06,3.3278325e-06,5.697544e-06,1.6697057e-05,3.459811e-06,6.036697e-05,9.65323e-07,9.262714e-06
CTGAAACCATCCGGGT-1-HCAHeart7888926,1.9972045e-05,1.5780575e-05,7.54394e-06,0.9998851,1.3663711e-05,5.750989e-06,2.5983838e-06,1.696516e-05,6.9275297e-06,4.4393096e-06,2.1308157e-05
GACTAACCACGGCTAC-1-HCAHeart7844004,2.8174814e-05,2.1229713e-05,5.505592e-05,2.333256e-05,9.84335e-05,2.7138409e-05,2.4998211e-05,3.130232e-05,0.01236741,0.98730975,1.3359158e-05
TAAGTCGGTGGTAATA-1-HCAHeart7905332,7.458016e-06,2.4855276e-06,0.99989974,9.752072e-06,2.766008e-06,5.368729e-06,7.3168903e-06,2.9266484e-06,5.3817526e-05,4.5601567e-07,7.890836e-06
CGTCCATCAACGAGGT-1-HCAHeart7905327,6.9894513e-06,2.8718237e-06,0.9996315,2.2789007e-05,2.0975405e-05,2.7691574e-05,2.451006e-05,3.0012902e-06,0.00024331723,1.3000564e-06,1.5030184e-05
ATTCACTAGTAAGACT-1-HCAHeart7905328,5.5526775e-06,2.5793183e-06,0.9999088,9.069224e-06,3.3683061e-06,8.819717e-06,1.35099845e-05,2.466271e-06,3.4942255e-05,4.8806305e-07,1.049595e-05
TCTGGAAGTCAAAGAT-1-HCAHeart7888926,1.4003754e-06,2.2515354e-05,7.5731086e-06,1.2150248e-05,8.130651e-06,5.9385347e-06,8.3419906e-07,3.1899565e-06,5.0420822e-05,2.2394652e-06,0.99988556
GCAATCATCTTGCCGT-1-HCAHeart7844001,2.0614263e-05,6.711333e-06,0.9998318,9.737303e-06,4.1089693e-06,1.15490175e-05,3.4052224e-05,5.4528623e-06,5.600829e-05,9.3355914e-07,1.9010375e-05
TTGTTTGGTACAGAAT-1-HCAHeart7905327,6.096704e-06,4.947787e-06,0.99988914,1.07790565e-05,3.4974685e-06,3.2236758e-06,1.0738251e-05,4.704918e-06,6.084678e-05,6.401138e-07,5.516987e-06
GATCGCGAGAAAGTGG-1-HCAHeart7843999,8.160878e-06,4.552451e-06,0.9998779,5.8189544e-06,4.1867975e-06,5.886699e-06,1.9350491e-05,3.280021e-06,5.623798e-05,7.737886e-07,1.3865436e-05
TCAGCAACATTACCTT-1-HCAHeart7844003,6.633603e-05,9.70544e-06,0.99974614,1.0330323e-05,4.6829164e-06,8.687207e-06,4.7314592e-05,1.1019163e-05,7.709739e-05,1.5679553e-06,1.7161641e-05
CGCGGTATCAGCGACC-1-HCAHeart7880862,5.5660334e-05,5.73731e-05,1.8228031e-05,0.9996996,2.1099822e-05,1.6660419e-05,3.7093887e-06,8.139273e-05,1.1472584e-05,1.553215e-05,1.932342e-05
TACGGATCAAAGTCAA-1-HCAHeart7844002,1.0302085e-05,3.1341417e-06,0.99990046,9.077333e-06,2.7526685e-06,7.115842e-06,1.2567019e-05,3.6529098e-06,4.1740444e-05,5.2471756e-07,8.71266e-06
TACTTGTTCCACTGGG-1-HCAHeart7844001,1.2116228e-05,1.4776475e-06,4.146602e-05,7.843488e-06,2.6119766e-05,1.0446595e-05,7.1198633e-06,1.7529794e-05,0.99898773,0.0008811248,6.952783e-06
CCTCATGCAAGAGTTA-1-HCAHeart7905332,4.2430158e-05,1.3557019e-05,0.9666786,8.172148e-05,8.9055015e-05,5.577903e-05,7.719059e-05,2.305093e-05,0.032877054,3.3355656e-05,2.8155942e-05
GTTACAGCACCAGTTA-1-HCAHeart7880862,2.7698798e-06,0.99976975,5.574842e-06,1.2481546e-05,1.465265e-05,2.2829096e-05,6.607642e-06,3.4254488e-05,2.8794666e-06,8.580069e-06,0.000119741344
TATCAGGGTTTGTTTC-1-HCAHeart7880862,2.6501368e-05,8.524454e-06,1.3483203e-05,0.99984324,1.4978285e-05,1.2659582e-05,3.643825e-06,5.4566783e-05,8.299759e-06,4.613467e-06,9.379029e-06
ATACCGATCAGTGTCA-1-HCAHeart7905329,1.3069365e-05,3.3009442e-06,0.9998318,7.1069576e-06,3.79067e-06,5.112271e-06,1.0784257e-05,4.3785403e-06,0.00010881768,6.582726e-07,1.1093349e-05
TGCACCTGTTCTGAAC-1-HCAHeart7888926,6.877307e-05,4.2019532e-05,4.9666603e-05,3.9222654e-05,0.0062949946,2.2461618e-05,0.9934141,5.1846705e-06,3.759135e-05,1.2832857e-05,1.3113596e-05
GATCAGTTCGCATGGC-1-HCAHeart7844000,2.9732464e-05,1.0062474e-05,0.99981993,2.5645853e-05,5.0808167e-06,2.1702135e-05,1.5866435e-05,1.7285069e-05,3.1584128e-05,8.54931e-07,2.2254088e-05
ATAAGAGTCAGTTAGC-1-HCAHeart7844003,5.642808e-06,1.0134974e-05,6.3083367e-06,1.851457e-05,0.99972063,2.3223613e-06,0.00019917799,1.0170072e-05,1.2073965e-05,8.3844425e-06,6.755019e-06
TACACGATCCCGACTT-1-HCAHeart7844001,4.0056522e-05,5.4341153e-06,0.99301153,9.635047e-05,2.3417588e-05,0.00010257179,2.4107267e-05,1.4772668e-05,0.006626336,6.4478195e-06,4.889039e-05
GAATGAACAGGATCGA-1-HCAHeart7844004,0.0001240119,2.0315985e-05,0.9995838,9.156818e-06,7.5809016e-06,7.964358e-06,0.0001069125,1.0908215e-05,9.8703684e-05,3.2393955e-06,2.723188e-05
CCTAGCTAGGCACATG-1-HCAHeart7843999,4.439268e-05,2.0022884e-05,4.229956e-05,3.553854e-05,9.289468e-05,3.8221067e-05,2.5141615e-05,3.688473e-05,0.02028277,0.979364,1.7802487e-05
TTGACTTGTCATATGC-1-HCAHeart7844000,4.2327996e-05,1.6217275e-05,2.1503176e-05,2.2698716e-05,5.05484e-05,2.9802148e-05,1.7915521e-05,3.0555762e-05,0.007871118,0.99188566,1.1774647e-05
CAACCTCAGTCGTACT-1-HCAHeart7843999,0.00013247994,3.2312215e-05,0.0411215,0.00018929898,0.00036487184,0.00034891852,0.00026002337,0.00012803273,0.92359346,0.0337465,8.25396e-05
TCTGAGAAGAAGGACA-1-HCAHeart7844004,8.690655e-05,2.2804526e-05,4.3506123e-05,3.7535432e-05,0.00010704705,7.0728885e-05,3.0837167e-05,4.055851e-05,0.040151514,0.9593743,3.4210247e-05
TTGTAGGTCCTAGAAC-1-HCAHeart7844001,5.92286e-05,1.6215456e-05,0.009525169,0.00010024978,0.0002514424,0.00016482275,0.00013940847,0.00015820962,0.97778666,0.011778289,2.0332123e-05
GCAGCTGTCCACAAGT-1-HCAHeart7905328,5.9780627e-06,3.0272126e-06,0.99978286,3.0491592e-05,7.2096273e-06,1.6541479e-05,1.0339238e-05,3.2916225e-06,0.00012535996,7.325708e-07,1.4122282e-05
GTTAAGCTCCTGCAGG-1-HCAHeart7888926,1.7693787e-06,2.262346e-05,1.33173e-05,1.3689877e-05,1.1371148e-05,7.0495057e-06,1.5003767e-06,3.5595176e-06,0.00013818494,2.8063093e-06,0.99978405
GAGTCTAGTCTTGGTA-1-HCAHeart7905330,0.00010723974,7.26568e-06,1.3470292e-05,0.9997799,1.5908283e-05,1.2920238e-05,3.4784168e-06,2.4130932e-05,1.3161027e-05,1.7113647e-05,5.6234257e-06
TGAGGGATCGTTGCCT-1-HCAHeart7844000,5.03364e-06,5.7741795e-06,0.999905,1.6719174e-05,2.8893885e-06,6.5040326e-06,1.2260166e-05,2.563973e-06,3.7106445e-05,5.6166334e-07,5.4271595e-06
CTCGTCAAGCTAGTGG-1-HCAHeart7844001,8.0964724e-05,2.7735286e-05,1.1022345e-05,9.447184e-07,0.00011436906,3.803668e-05,0.9997124,1.2115013e-06,5.0473013e-06,5.9288946e-06,2.2856007e-06
TTTATGCGTTCCTCCA-1-HCAHeart7888926,5.4289403e-06,1.9858031e-05,6.8446593e-06,4.4673372e-05,0.99967897,4.2178012e-06,0.00014726986,5.1140665e-05,1.6618958e-05,6.762343e-06,1.8269197e-05
GGACAAGCACTCAGGC-1-HCAHeart7844001,9.488204e-05,3.6963724e-05,0.00046865834,8.0056656e-05,0.0003687716,0.0001163867,0.00012657208,0.00013471639,0.40146193,0.59706604,4.506091e-05
CACCGTTGTCAGTTTG-1-HCAHeart7905328,2.797867e-05,4.825052e-06,0.0063735386,7.971977e-05,6.42686e-05,5.1862327e-05,2.4556999e-05,2.2650362e-05,0.99314636,0.00018688635,1.753054e-05
TGCCCTATCGAGCCCA-1-HCAHeart7844001,1.5421281e-05,4.671638e-06,0.999843,8.68346e-06,4.1477088e-06,1.0892235e-05,3.0961433e-05,4.8341567e-06,6.616826e-05,8.4763275e-07,1.0291164e-05
CGATGGCTCTATCCCG-1-HCAHeart7844004,1.0300895e-05,6.056416e-06,0.9998746,7.6286087e-06,3.875463e-06,6.718395e-06,2.1957416e-05,3.747118e-06,4.699928e-05,7.3772605e-07,1.743758e-05
CATGGCGAGTGTTAGA-1-HCAHeart7888926,0.00019614263,0.010688083,0.00024041435,0.00809952,0.0010969257,0.0003648397,0.00014346927,0.0034478465,0.96837527,0.001193352,0.0061541614
AAGACCTCATCTACGA-1-HCAHeart7843999,1.4966876e-05,4.4582616e-06,0.9995152,9.081713e-06,1.0982588e-05,1.2121978e-05,2.5788822e-05,6.547454e-06,0.000379016,1.4890912e-06,2.043522e-05
CGACCTTGTGGCGAAT-1-HCAHeart7880862,3.0324034e-06,0.99976045,4.80417e-06,1.189445e-05,1.6371114e-05,3.6517802e-05,7.0237516e-06,2.8742725e-05,3.004739e-06,8.894763e-06,0.00011929184
TACCGAACAACTGCCG-1-HCAHeart7905328,2.697507e-05,4.153883e-06,0.99977976,8.055953e-06,4.470969e-06,5.120094e-06,1.8152103e-05,5.888294e-06,0.00013674624,9.974682e-07,9.602741e-06
TGCGTGGGTTATTCTC-1-HCAHeart7888926,4.1594294e-06,9.5136267e-07,5.5815726e-05,8.807091e-06,1.7166674e-05,4.7003996e-06,4.239546e-06,1.4178623e-05,0.9997552,0.00012549332,9.218554e-06
AGCAGCCGTCTACCTC-1-HCAHeart7844003,7.0636175e-05,6.7042274e-06,0.028938467,3.140685e-05,0.000108249675,5.5163437e-05,9.1145106e-05,2.132809e-05,0.97044295,0.00018793535,4.606973e-05
TTTGATCTCCCGTAAA-1-HCAHeart7905328,9.144637e-05,2.5075788e-05,3.726954e-05,7.8305704e-05,5.9222504e-05,8.67301e-05,2.2618036e-05,3.334807e-05,0.012836937,0.98671013,1.8916542e-05
TTGTAGGAGTCAATAG-1-HCAHeart7888926,2.4502017e-06,8.234023e-05,7.058085e-06,1.6866437e-05,1.0233993e-05,8.475383e-06,1.1116465e-06,8.448123e-06,8.4005325e-05,4.110511e-06,0.9997749
GGAATAATCTAGCACA-1-HCAHeart7844004,1.6312842e-05,4.711923e-06,0.9998215,5.1250838e-05,3.084178e-06,1.2457148e-05,1.0964257e-05,4.8830884e-06,6.436497e-05,7.6128066e-07,9.656848e-06
GGAGCAACATATGCTG-1-HCAHeart7844000,5.124081e-05,2.0362739e-05,0.9996555,9.012011e-06,7.488026e-06,7.956516e-06,0.00012434187,9.82479e-06,8.610724e-05,2.1450014e-06,2.6144005e-05
GGGATGAGTCGGTAAG-1-HCAHeart7905332,1.1006111e-05,8.3731675e-06,0.9995499,0.00026747785,2.106273e-05,2.6992413e-05,1.8882005e-05,1.5244127e-05,6.771514e-05,1.9868241e-06,1.1206245e-05
CACATTTCATCGATGT-1-HCAHeart7888927,2.6651364e-06,0.00015922851,6.956792e-06,2.1318867e-05,1.4046782e-05,1.00311645e-05,1.199037e-06,1.0459588e-05,6.1259576e-05,3.2823223e-06,0.99970955
AGAGCGACAATGTAAG-1-HCAHeart7844001,1.3706703e-05,3.0968567e-06,0.9998117,9.754534e-06,4.142124e-06,1.34629645e-05,1.9232975e-05,3.976234e-06,0.00010779676,8.7559613e-07,1.2268578e-05
TGAGCATTCTTAGAGC-1-HCAHeart7844004,6.2082627e-06,6.7738642e-06,0.9996418,4.655074e-05,1.4073948e-05,0.00012874504,1.309018e-05,3.8987982e-06,9.506063e-05,9.563377e-07,4.280414e-05
TTAGTTCGTAAAGTCA-1-HCAHeart7844001,1.2401212e-05,1.4793815e-06,0.0001218382,1.28080055e-05,2.2628192e-05,1.1950254e-05,8.054376e-06,2.6733358e-05,0.999627,0.00015021955,4.9888904e-06
TTGACTTAGCCCTAAT-1-HCAHeart7880863,5.233513e-06,0.9993339,7.4135005e-06,1.3187075e-05,3.6294397e-05,4.232616e-05,1.24527005e-05,4.713339e-05,5.164231e-06,9.532559e-06,0.0004872557
CCCAACTGTCAAAGAT-1-HCAHeart7905332,1.3008233e-05,4.326571e-06,0.99976677,6.7168507e-06,6.0098055e-06,4.7572858e-06,3.1417287e-05,4.5692377e-06,0.00015186795,1.0869112e-06,9.48251e-06
AAGTCTGGTTAGGGTG-1-HCAHeart7844004,2.7042093e-05,1.1331554e-05,0.99966633,6.5641634e-06,1.0271179e-05,9.269427e-06,0.00014748122,6.3765774e-06,9.1414186e-05,1.7962443e-06,2.2092783e-05
CTCGGAGGTGCCTGTG-1-HCAHeart7843999,6.130396e-06,3.1669176e-06,0.99986494,7.194716e-06,4.753168e-06,5.661881e-06,1.2523228e-05,2.5158972e-06,8.0389145e-05,5.9758025e-07,1.2195423e-05
GTGAAGGAGTGCGATG-1-HCAHeart7844004,2.1205098e-05,2.1680487e-05,1.9759123e-05,1.2579808e-06,0.00037675217,1.4280527e-05,0.99953055,1.1594832e-06,6.1814253e-06,4.893605e-06,2.3044172e-06
CACAGGCTCACAACGT-1-HCAHeart7844004,7.1016407e-06,4.7180883e-06,0.99988925,3.6829075e-05,2.8779496e-06,1.3970971e-05,8.346785e-06,2.8695138e-06,2.8108918e-05,5.3788176e-07,5.4317916e-06
AGGCCGTGTCATATGC-1-HCAHeart7844004,4.5862816e-06,5.1853335e-06,0.99987924,2.3905184e-05,6.7452625e-06,8.948249e-06,1.7797212e-05,3.0432288e-06,4.3784246e-05,6.6597096e-07,5.9695344e-06
GACTAACTCAGCTCTC-1-HCAHeart7844003,9.023084e-06,3.7672326e-06,0.999882,8.705381e-06,3.60254e-06,6.482655e-06,1.2891402e-05,3.432801e-06,5.6381643e-05,5.62426e-07,1.3204779e-05
TCGGGACAGAGCTATA-1-HCAHeart7844002,6.0352477e-06,2.1391515e-06,0.9998628,2.5901676e-05,4.2683732e-06,2.7303538e-05,9.399359e-06,2.6215782e-06,4.43815e-05,6.801682e-07,1.4377447e-05
GAGGCAAAGAGAGTGA-1-HCAHeart7905327,5.5178325e-06,3.4893817e-06,0.9999021,1.4043433e-05,3.1845987e-06,4.349478e-06,1.1668113e-05,3.166806e-06,4.6517103e-05,6.786787e-07,5.124238e-06
TCGGATACAGCCGTCA-1-HCAHeart7905328,4.829517e-05,1.107061e-05,0.051065043,0.00010753888,0.00014909919,8.020594e-05,8.399901e-05,4.216648e-05,0.9479989,0.00038916557,2.4536872e-05
CTGCCTACATGTAAGA-1-HCAHeart7888927,2.0087991e-06,7.1091454e-05,6.1832957e-06,1.6555392e-05,9.9814315e-06,6.712307e-06,9.712279e-07,5.1287675e-06,3.570863e-05,2.138678e-06,0.9998435
CTCTAATCACCATGTA-1-HCAHeart7844004,1.2722846e-05,4.3375285e-06,0.9998547,9.440409e-06,3.3365914e-06,7.2096364e-06,2.0240124e-05,4.1218186e-06,7.294604e-05,8.100351e-07,1.01428695e-05
GTATTCTCAAAGGTGC-1-HCAHeart7844004,1.2936933e-05,4.322681e-06,0.9998266,4.7549966e-05,7.0267424e-06,4.168024e-05,1.4128247e-05,4.936854e-06,2.7432658e-05,1.6016128e-06,1.1780773e-05
ACGAGCCCACCTCGGA-1-HCAHeart7844001,5.8298824e-06,2.3807545e-06,0.9999031,1.5629512e-05,3.553151e-06,1.3230206e-05,1.2550368e-05,2.08977e-06,3.4490367e-05,4.5247145e-07,6.716389e-06
TCGCAGGGTTGTGGCC-1-HCAHeart7905330,9.425651e-06,5.028318e-06,0.99972934,0.000111638845,1.60491e-05,3.788816e-05,1.1508343e-05,9.931642e-06,5.060036e-05,1.5598811e-06,1.6917702e-05
ACCAACAAGTCTGGAG-1-HCAHeart7905328,0.0010765961,0.00014064707,0.6397791,0.014695303,0.0016967338,0.0009138704,0.00027632367,0.32216328,0.018792365,0.00023631688,0.00022948849
GACTAACCAACACCCG-1-HCAHeart7844001,7.859817e-05,8.556068e-06,0.9911163,3.2352527e-05,2.1672477e-05,4.241804e-05,7.643691e-05,4.1214415e-05,0.0085395975,1.3068673e-05,2.9752604e-05
CATCCGTCACTGTGTA-1-HCAHeart7905328,1.1969156e-05,1.3875542e-05,0.9992631,0.00012933533,0.00012310724,2.876201e-05,6.9977155e-05,3.7089805e-05,0.00029792136,8.847261e-06,1.6250706e-05
GTACGTAGTGCACGAA-1-HCAHeart7844001,0.00018058809,1.5184992e-05,0.45005724,9.419872e-05,0.00013998912,0.00026169603,0.0002630881,7.798764e-05,0.54853064,0.00027526534,0.00010408785
CACAGGCTCACCGTAA-1-HCAHeart7844002,6.56325e-05,2.1963702e-05,2.7585986e-05,3.2810225e-05,0.9916604,7.142276e-06,0.0080894595,1.2320462e-05,4.691899e-05,2.37841e-05,1.2048e-05
AGGCCACAGAACCGCA-1-HCAHeart7905329,3.5840603e-05,3.913866e-06,7.714408e-06,0.9999027,1.2226756e-05,5.282316e-06,2.3039433e-06,1.342283e-05,5.0051754e-06,4.532351e-06,6.9848634e-06
TTGCCGTTCATCTGTT-1-HCAHeart7888926,1.8621665e-06,5.584811e-05,6.324212e-06,1.0721559e-05,8.774338e-06,5.968169e-06,8.429476e-07,4.074497e-06,2.8195413e-05,1.7721904e-06,0.99987555
TGCGGGTCAGGAATGC-1-HCAHeart7888927,2.447486e-06,7.441396e-05,5.4642755e-06,3.089432e-05,1.5484233e-05,7.515959e-06,1.1667659e-06,7.667341e-06,4.814847e-05,2.2816428e-06,0.99980456
TAGGCATGTCTCCCTA-1-HCAHeart7844004,2.8535293e-05,1.9764952e-05,0.9996643,8.290325e-06,1.0600404e-05,1.28433685e-05,0.00015936607,7.193279e-06,6.346627e-05,1.7126972e-06,2.3898358e-05
TTCTCCTAGTGACTCT-1-HCAHeart7844003,0.002773998,0.00017340647,0.9885993,2.4933704e-05,6.009427e-05,0.00017226076,0.0074902666,6.341477e-05,0.0004506172,3.1803527e-05,0.0001597902
TAACTTCTCAGGACGA-1-HCAHeart7905327,1.0582208e-05,4.337892e-06,0.99953616,6.2798163e-06,1.0130591e-05,7.792494e-06,3.8235186e-05,3.8747717e-06,0.00036049658,2.0429986e-06,2.0064386e-05
GACGTGCGTGAAAGAG-1-HCAHeart7888926,1.7743723e-06,2.3579214e-05,1.0077279e-05,1.1209984e-05,8.79438e-06,5.6979266e-06,1.1725257e-06,3.580897e-06,9.27087e-05,2.6750022e-06,0.9998386
GCTGCAGCACTCTGTC-1-HCAHeart7844000,1.0547845e-05,1.1069917e-06,3.0340832e-05,7.87517e-06,1.5171596e-05,8.451161e-06,4.422169e-06,1.1926119e-05,0.99956423,0.00034032043,5.691335e-06
CATCGGGCATTGAGGG-1-HCAHeart7905331,6.166902e-06,3.2361181e-06,0.9998752,2.826877e-05,4.2055985e-06,7.3633378e-06,8.245257e-06,4.743413e-06,5.3394095e-05,5.468746e-07,8.654902e-06
CTAAGACAGAGACGAA-1-HCAHeart7888927,7.8114135e-06,6.000945e-06,0.9987251,2.6321519e-05,1.0301228e-05,1.7245027e-05,3.6292702e-05,5.1866637e-06,0.0011470461,2.5936918e-06,1.592111e-05
TGTCCTGAGCCAGAGT-1-HCAHeart7905327,0.0001696653,5.541446e-05,0.23140156,0.00034568374,0.00033548172,0.00034092407,0.0003947608,0.00017647095,0.7592528,0.0074596265,6.750396e-05
TCGACGGAGTGGCGAT-1-HCAHeart7905328,1.2293197e-05,1.8605968e-05,0.9969535,8.4550404e-05,3.6338883e-05,2.3136341e-05,5.6983416e-05,2.3397502e-05,0.002762229,2.2140062e-05,6.863107e-06
TCGGGCATCTCAATCT-1-HCAHeart7905331,7.3182878e-06,2.3276452e-06,0.99988186,1.13e-05,3.2578248e-06,8.447899e-06,9.6367685e-06,2.6755492e-06,6.202317e-05,5.172123e-07,1.0620481e-05
AGGCCGTTCATAACCG-1-HCAHeart7844004,4.0944287e-05,2.1503527e-05,0.99959177,1.3061568e-05,1.138327e-05,2.0207168e-05,0.0002026631,8.659679e-06,6.721355e-05,3.991337e-06,1.8340463e-05
CTCAGAAGTCTTCAAG-1-HCAHeart7844000,1.4757412e-05,1.3115204e-05,0.9998349,3.783886e-05,6.5018153e-06,7.817223e-06,1.8675462e-05,9.575752e-06,5.034567e-05,1.3638609e-06,4.9930986e-06
CGGGTCATCGGCTTGG-1-HCAHeart7844004,3.19149e-05,1.6608345e-05,6.947278e-06,1.524494e-06,0.00026529015,2.3441788e-05,0.99964476,1.1424413e-06,3.5919263e-06,3.1187592e-06,1.6639013e-06
CCATGTCTCAAACAAG-1-HCAHeart7843999,5.7113657e-06,2.798712e-06,0.9998865,7.446397e-06,3.7121774e-06,5.6596928e-06,9.845296e-06,2.262829e-06,6.53276e-05,5.095677e-07,1.0306364e-05
CCTCTCCGTCGGCCTA-1-HCAHeart7905327,6.5751883e-06,2.6836976e-06,0.9998691,8.663024e-06,3.5274957e-06,6.146374e-06,9.825868e-06,2.652973e-06,7.9555575e-05,5.5236495e-07,1.0614887e-05
AGCTCCTTCTGCGGCA-1-HCAHeart7844004,2.007917e-05,7.5659964e-06,0.9998567,8.180504e-06,3.768262e-06,6.907608e-06,2.8929091e-05,5.764564e-06,4.704606e-05,9.666077e-07,1.3932597e-05
AGACAAATCTAGTGTG-1-HCAHeart7905327,6.8434956e-06,3.0868946e-06,0.9998894,9.046225e-06,3.1057755e-06,4.5114057e-06,8.237986e-06,3.2283654e-06,6.113524e-05,5.048664e-07,1.0980708e-05
CAGATCAAGTTGAGAT-1-HCAHeart7888927,2.50722e-06,3.4480476e-05,7.5496987e-06,2.2394035e-05,8.833582e-06,5.997554e-06,1.1574261e-06,4.1505114e-06,6.352088e-05,2.3337566e-06,0.99984705
ACCGTAAAGGCAGTCA-1-HCAHeart7844004,0.00035816463,3.1813695e-05,1.3919731e-05,1.5551278e-06,0.00025879513,4.4895147e-05,0.9992679,1.6188978e-06,7.532987e-06,8.964808e-06,4.8139905e-06
GGACATTTCTTAGCCC-1-HCAHeart7888926,6.4285614e-06,5.2038486e-06,0.99979955,1.2105012e-05,5.0083595e-06,9.474928e-06,1.9628931e-05,3.954532e-06,0.00011832829,7.998578e-07,1.9528052e-05
TGGTAGTCAGACCTGC-1-HCAHeart7905329,9.130048e-06,5.967241e-06,0.999845,3.2198514e-05,8.756617e-06,1.5244178e-05,1.4553145e-05,6.3843745e-06,4.5441404e-05,3.0218107e-06,1.4259513e-05
TCTACATTCGAGAACG-1-HCAHeart7905328,2.8910186e-05,5.033668e-06,0.014159199,6.654986e-05,7.7185636e-05,5.829707e-05,3.6419566e-05,3.230918e-05,0.98520297,0.00031402442,1.9214089e-05
GTCTTCGCAGAGCCAA-1-HCAHeart7880862,2.7330063e-05,0.0001622444,0.0001362468,0.00013326539,8.790527e-06,0.99927956,0.00012997734,1.3696207e-05,6.0656428e-05,1.2498958e-05,3.5751033e-05
CAACCAACACTAGTAC-1-HCAHeart7880862,2.662312e-06,0.9998374,5.9166946e-06,1.3868788e-05,1.7855118e-05,2.009472e-05,6.9234084e-06,2.3063683e-05,2.6309287e-06,1.0241546e-05,5.9236532e-05
GTCAGCGGTGTCGATT-1-HCAHeart7905328,1.2313024e-05,3.5789058e-06,0.9998965,7.292874e-06,2.7327342e-06,4.2147863e-06,1.2760331e-05,4.144732e-06,4.6553458e-05,6.194688e-07,9.33491e-06
CACACCTAGATGGGTC-1-HCAHeart7843999,3.8294056e-06,8.965144e-06,8.399619e-06,3.3796598e-05,0.99980956,2.3991843e-06,9.001131e-05,9.206114e-06,1.4215084e-05,1.0581116e-05,9.169322e-06
GGGATGAGTAGATTAG-1-HCAHeart7905332,8.403929e-06,2.8056772e-06,0.99975425,7.3842175e-06,5.762473e-06,6.3772172e-06,1.7485985e-05,3.1064753e-06,0.00018628074,8.7183054e-07,7.213114e-06
CTGTTTAAGCGATAGC-1-HCAHeart7844001,1.8106122e-05,1.2910216e-05,2.1728858e-05,1.43577345e-05,5.432611e-05,1.8673105e-05,1.4350753e-05,2.0061882e-05,0.00324998,0.9965655,9.983865e-06
AACCATGTCTTAGAGC-1-HCAHeart7888927,2.534489e-05,9.792147e-06,0.9994814,1.6177257e-05,1.0446635e-05,1.8133744e-05,4.258897e-05,1.3660266e-05,0.0002668325,2.007815e-06,0.00011368242
ATAACGCTCCTCTAGC-1-HCAHeart7844001,1.1778436e-05,1.3434038e-05,1.5969175e-05,3.3997178e-05,0.99913555,3.29214e-06,0.0007210166,2.5716536e-05,1.9925448e-05,9.9227145e-06,9.266953e-06
CTGCCATTCAGGACGA-1-HCAHeart7905331,9.765945e-06,1.2925418e-05,1.2204741e-05,1.0362891e-05,3.3875982e-05,1.0042373e-05,7.549611e-06,1.0275366e-05,0.00043450936,0.9994531,5.5217542e-06
CATCAAGCACAGACAG-1-HCAHeart7844004,6.7276646e-06,3.1561294e-06,0.9998839,1.7485301e-05,3.1331335e-06,1.1621591e-05,8.272274e-06,2.5523746e-06,5.515451e-05,4.7343318e-07,7.520155e-06
TGCACCTCAATTCCTT-1-HCAHeart7844004,1.2257551e-05,1.1027132e-05,1.0893394e-05,1.1065805e-05,2.323968e-05,1.0657124e-05,7.562988e-06,1.3340437e-05,0.00028314372,0.9996126,4.241044e-06
CCACCTACACATTTCT-1-HCAHeart7844003,5.7745115e-06,3.758055e-06,0.99992144,1.615562e-05,2.5619597e-06,6.137534e-06,6.8907375e-06,3.6165998e-06,2.650076e-05,4.6135222e-07,6.7960673e-06
GTATTTCAGGTTTGAA-1-HCAHeart7905328,1.604184e-05,3.495351e-06,0.9998518,4.9046008e-05,4.161859e-06,7.434913e-06,1.0030564e-05,1.0542833e-05,3.806884e-05,8.3322004e-07,8.66589e-06
AATCCAGTCGAACGGA-1-HCAHeart7844003,6.6203156e-06,4.1995654e-06,0.9999093,7.629521e-06,4.1570684e-06,9.4772795e-06,1.1845051e-05,2.4631202e-06,3.3101864e-05,5.846524e-07,1.0620216e-05
GAACATCTCTACTCAT-1-HCAHeart7844004,2.5196234e-05,1.1147181e-05,0.9997403,8.111162e-06,7.710559e-06,6.8339714e-06,0.00010297318,6.64416e-06,7.042992e-05,1.4975508e-06,1.913163e-05
AGATTGCGTACCGTTA-1-HCAHeart7843999,1.7928263e-05,5.1799507e-06,0.9990852,2.2000359e-05,2.0595236e-05,1.2167808e-05,4.4112505e-05,6.733179e-06,0.000775815,2.309206e-06,7.970822e-06
ATTACTCCACATTCGA-1-HCAHeart7844003,0.00015142164,2.0798876e-05,0.00010163701,5.9559297e-05,0.0001649291,9.212382e-05,4.0547333e-05,8.825325e-05,0.8420462,0.1571856,4.907856e-05
AGCATACAGGTGACCA-1-HCAHeart7888926,1.924399e-05,6.8855297e-06,0.99951553,1.6460132e-05,7.452179e-06,1.7471359e-05,2.4404852e-05,9.846524e-06,0.00032462346,1.5721495e-06,5.633078e-05
AGTTGGTAGATATGCA-1-HCAHeart7844001,7.248242e-06,4.532777e-06,0.999908,1.6515236e-05,2.6803743e-06,5.6078648e-06,1.0163677e-05,3.4919854e-06,3.6572754e-05,5.6151987e-07,4.726319e-06
GGGAGATCACCAGCCA-1-HCAHeart7905330,9.651871e-06,2.8901843e-06,0.99979895,1.5453033e-05,4.7377393e-06,1.2312164e-05,9.978037e-06,5.64941e-06,0.00013170677,6.129702e-07,8.1453045e-06
GGGTTGCGTTAAAGAC-1-HCAHeart7880862,2.2930483e-06,0.99985087,5.323947e-06,1.0305348e-05,1.0610544e-05,1.9306099e-05,5.732323e-06,1.9486151e-05,2.423922e-06,1.0736427e-05,6.301933e-05
GTGCAGCAGGCAATTA-1-HCAHeart7844001,9.724524e-06,2.590461e-06,0.9998355,8.661105e-06,4.4218796e-06,1.3025241e-05,1.4489469e-05,3.5923993e-06,9.406855e-05,6.553535e-07,1.3230384e-05
CAGCAGCGTGGTTTCA-1-HCAHeart7888927,2.345148e-06,6.291909e-05,4.9890696e-06,1.5668209e-05,1.0569791e-05,6.5302484e-06,9.405436e-07,6.710115e-06,5.045937e-05,2.4735211e-06,0.9998363
TATGCCCTCATGTAGC-1-HCAHeart7843999,1.1854034e-05,7.3209308e-06,0.99987006,1.0044771e-05,3.932516e-06,3.1028972e-06,2.5055604e-05,4.5684637e-06,5.4844444e-05,9.5330125e-07,8.390007e-06
GATCTAGGTTATTCTC-1-HCAHeart7888927,2.3541452e-06,2.669058e-05,6.792037e-06,1.4397335e-05,9.302056e-06,4.531018e-06,1.098339e-06,3.4781428e-06,6.782099e-05,2.1462536e-06,0.99986136
TTCTAGTGTTAGAAAC-1-HCAHeart7905328,9.421994e-06,3.7112684e-06,0.999634,1.3826062e-05,6.98727e-06,5.619759e-06,2.8096785e-05,4.668235e-06,0.0002864536,1.5046735e-06,5.646017e-06
GCGCGATTCAAAGACA-1-HCAHeart7844001,1.6353026e-05,4.8418806e-06,0.99767905,1.991738e-05,2.0085217e-05,2.215797e-05,3.381914e-05,6.2808217e-06,0.0021786585,3.577684e-06,1.5328776e-05
GATGAGGAGAGACTTA-1-HCAHeart7880861,6.1900173e-06,3.9166143e-06,0.9998418,1.0319328e-05,4.137235e-06,9.1662505e-06,1.6284823e-05,3.6739436e-06,9.546508e-05,6.405226e-07,8.265624e-06
ATTATCCTCACTCCGT-1-HCAHeart7905328,0.0002330113,0.00016998217,0.0017185119,0.0004003729,0.76604193,0.0004620348,0.001822854,0.00013749333,0.21848251,0.0073670265,0.003164211
CGTCAGGCAGCAGTTT-1-HCAHeart7844003,3.904116e-05,2.1370584e-05,5.6043737e-05,2.8915651e-06,0.00040458693,2.1733675e-05,0.99943274,1.6671728e-06,8.581269e-06,5.240394e-06,6.0970724e-06
GGGAATGGTGTGAATA-1-HCAHeart7888926,1.6356422e-05,6.381284e-05,5.2430925e-05,0.00043631083,3.3113625e-05,4.5069843e-05,1.2070975e-05,3.290538e-05,0.005395769,2.997338e-05,0.9938822
GGTTCTCCATCCGCGA-1-HCAHeart7905328,1.1354111e-05,3.1664706e-06,0.99989355,2.7162727e-05,2.5029026e-06,7.656654e-06,8.209198e-06,6.679335e-06,3.089477e-05,5.2443477e-07,8.374488e-06
AAAGTAGCACGAAAGC-1-HCAHeart7888927,2.7699339e-06,5.6642857e-05,5.8165083e-06,2.5333968e-05,1.12869875e-05,6.2226886e-06,1.3737953e-06,5.983845e-06,9.046877e-05,2.78761e-06,0.9997912
GCATGCGCAGTCACTA-1-HCAHeart7844001,0.000107794476,9.6287695e-06,0.9996923,1.5369218e-05,4.440376e-06,9.000817e-06,2.7372007e-05,1.1498274e-05,0.00010210206,1.5965973e-06,1.896584e-05
CTTGGCTTCAGTTCGA-1-HCAHeart7880862,1.3099816e-05,1.5385731e-06,7.2788585e-05,1.941737e-05,1.6365108e-05,2.7485103e-05,1.0397852e-05,1.2110336e-05,0.99950314,0.00031814707,5.5318083e-06
TGTGGTAAGTACACCT-1-HCAHeart7844001,2.0947302e-05,6.7606205e-05,2.683911e-05,4.498359e-05,0.9981817,1.3113987e-05,0.00025017388,0.0012704725,4.2353106e-05,4.1093863e-05,4.0852265e-05
GCAATCACATCTCCCA-1-HCAHeart7880861,7.4301843e-06,0.002006348,3.8888746e-05,3.749583e-05,2.5388737e-05,3.23115e-05,8.7044955e-06,1.7281265e-05,8.798879e-05,7.881162e-06,0.99773043
AGATTGCAGCGTTTAC-1-HCAHeart7844003,0.030377634,0.0010135345,0.6993045,0.00021816585,0.0015018097,0.0018398573,0.25931537,0.0021866513,0.0036901715,0.00031680445,0.00023552823
TATCTCATCTTTAGGG-1-HCAHeart7844004,8.496687e-06,1.4796799e-06,5.4246324e-05,1.028056e-05,5.5472872e-05,7.12371e-06,5.2983164e-06,2.3170183e-05,0.9994998,0.0003287551,5.920645e-06
AGGCTGCAGACCGTTT-1-HCAHeart7905328,9.203197e-06,2.8562126e-06,0.99971205,9.4837e-06,6.033405e-06,8.605699e-06,1.5275606e-05,3.2361856e-06,0.00021865514,9.455311e-07,1.3618823e-05
TTTGCGCTCAGTACGT-1-HCAHeart7844004,6.164467e-05,1.0343006e-05,0.99975723,8.739564e-06,5.9140484e-06,5.8033397e-06,4.0448962e-05,1.0352362e-05,6.860812e-05,1.5270389e-06,2.9288127e-05
CGTAGCGAGACTAGGC-1-HCAHeart7844003,0.00065371435,1.8427898e-05,0.24816507,0.00055797107,0.0001438262,0.00030042266,0.00027575062,0.00033781194,0.7492303,0.00027096402,4.5843313e-05
ATTTACCTCACCTCTG-1-HCAHeart7905327,5.3801017e-05,1.1118636e-05,0.053436827,8.891792e-05,0.00016707796,6.2421874e-05,7.691881e-05,3.999544e-05,0.9457703,0.00026015742,3.2369808e-05
TCACGAAAGACCCACC-1-HCAHeart7888926,1.8283713e-06,3.5770216e-05,7.097672e-06,1.1388666e-05,8.304875e-06,4.9396826e-06,9.704861e-07,3.6647634e-06,6.029944e-05,2.2108106e-06,0.9998634
GACGCGTCAAACGTGG-1-HCAHeart7880861,1.4986074e-05,4.8134657e-06,7.820735e-06,0.9999082,1.2120421e-05,5.918417e-06,2.6891237e-06,2.0247637e-05,6.113117e-06,2.786987e-06,1.414562e-05
TTCTTAGCAGCTGTGC-1-HCAHeart7888926,1.8907858e-06,2.5049954e-05,1.4094093e-05,1.1933688e-05,8.975855e-06,5.627788e-06,1.3506241e-06,2.8808752e-06,6.347004e-05,1.9052774e-06,0.9998629
AGGGAGTCATGCAACT-1-HCAHeart7844004,2.7495851e-05,2.8357086e-05,2.3678707e-05,1.6260012e-06,0.00037324717,1.3238845e-05,0.99951744,1.2297427e-06,6.1543806e-06,4.6696046e-06,2.8637592e-06
GACGGCTGTGTCCTCT-1-HCAHeart7880861,2.1605604e-06,3.275953e-05,2.2592641e-05,3.4913697e-05,8.930975e-06,1.4442972e-05,1.9816227e-06,2.9711475e-06,0.00012349531,4.3263594e-06,0.99975127
AATCGGTTCTACCAGA-1-HCAHeart7843999,0.0019930669,4.91852e-05,0.0004405354,0.13514693,0.0016415251,0.00023745507,0.00011324724,0.85897505,0.0010950839,0.00022474056,8.3140534e-05
GCACATATCGGCGGTT-1-HCAHeart7844002,4.869143e-06,1.1277068e-05,7.952862e-06,4.2521802e-05,0.9996958,2.9230423e-06,0.00019139693,1.5851292e-05,9.718584e-06,7.2933085e-06,1.037318e-05
GCATGTATCCAGTATG-1-HCAHeart7843999,5.374917e-06,3.1088473e-06,0.9998766,2.5658022e-05,3.828655e-06,8.603029e-06,8.251782e-06,3.1546228e-06,5.5586002e-05,5.092711e-07,9.46836e-06
GTCTCGTCACAGGAGT-1-HCAHeart7844001,4.5843477e-05,1.025302e-05,1.8593231e-05,4.986103e-06,0.0003112544,6.259598e-05,0.9995334,1.6598901e-06,4.9794216e-06,3.52904e-06,2.8629775e-06
ACACCGGCAAGCCATT-1-HCAHeart7844003,5.598678e-06,2.289737e-06,0.999863,1.4557029e-05,3.9735987e-06,1.425323e-05,7.783328e-06,3.0403248e-06,7.7021454e-05,6.2990296e-07,7.791943e-06
CTCATGCCAGTATTCG-1-HCAHeart7905331,1.0185068e-05,3.673257e-06,0.99989045,2.0365154e-05,2.973829e-06,4.160199e-06,1.02763715e-05,5.736723e-06,4.6606612e-05,7.182973e-07,4.9154078e-06
CGTCCATGTCGCGAAA-1-HCAHeart7888927,1.9306137e-06,2.5536372e-05,8.926335e-06,1.45681815e-05,8.973468e-06,5.1157854e-06,1.2800313e-06,3.5899361e-06,0.00012897287,3.0034428e-06,0.9997981
ATTGGACCATCACCCT-1-HCAHeart7880860,1.4178437e-06,2.7757902e-05,6.9026714e-06,6.66941e-06,7.383526e-06,4.631871e-06,7.122835e-07,2.6842436e-06,2.8509865e-05,1.8148598e-06,0.9999114
CATATGGAGCCCAACC-1-HCAHeart7844000,2.858606e-05,2.2411323e-05,1.0612773e-05,1.3540657e-06,0.00016206864,1.7781085e-05,0.99974614,9.983901e-07,4.3229347e-06,4.026979e-06,1.69004e-06
TCAGGTACATCACGAT-1-HCAHeart7880862,3.6735873e-06,0.9996086,6.7426517e-06,2.2035092e-05,2.226957e-05,3.80643e-05,8.480441e-06,3.1912194e-05,4.461796e-06,8.670519e-06,0.00024511613
GATCGTAAGCCCTAAT-1-HCAHeart7844001,0.0001223501,1.5373202e-05,0.9993042,1.0067724e-05,1.2653095e-05,4.3588716e-05,0.0003217347,1.1337012e-05,0.00011780812,3.1534994e-06,3.7696278e-05
GTGAGTTGTGTTGATC-1-HCAHeart7905332,1.0342871e-05,2.0333484e-06,0.9997918,1.05160725e-05,4.515842e-06,1.3732467e-05,1.0410351e-05,2.8820768e-06,0.00013950978,7.050377e-07,1.3709711e-05
GAGTCCGTCCATGAGT-1-HCAHeart7844001,5.9427703e-06,2.6371465e-06,0.9998909,2.005999e-05,3.0089566e-06,9.0922695e-06,6.384649e-06,2.8194002e-06,5.0579347e-05,4.3779372e-07,8.047611e-06
CAGGTGCTCTTTAGGG-1-HCAHeart7844001,2.0389758e-05,2.0235666e-06,8.059985e-05,1.6990412e-05,8.09854e-05,2.4695219e-05,1.621889e-05,9.3480696e-05,0.99771583,0.0019421786,6.7305136e-06
CAGTAACCAGTCCTTC-1-HCAHeart7844003,0.00034158182,3.7138252e-05,0.00016809952,0.00033989374,0.00018667904,0.00045990423,7.327899e-05,0.000119955344,0.40237993,0.59582907,6.449418e-05
TGACTAGAGCGTCAAG-1-HCAHeart7880861,5.136367e-06,7.750306e-06,6.4651954e-06,2.2967277e-05,0.99977523,2.352237e-06,0.000120745615,1.7771854e-05,2.520043e-05,1.0186411e-05,6.2019603e-06
CGTTAGAGTAGGGACT-1-HCAHeart7844004,1.0138602e-05,6.0522407e-06,0.99989164,1.1635367e-05,2.6856987e-06,7.6000915e-06,1.5666283e-05,3.2566297e-06,4.241356e-05,6.3454434e-07,8.273702e-06
AGTGCCGGTAAGCTCT-1-HCAHeart7905328,6.751628e-06,3.5522842e-06,0.9999213,1.3081559e-05,2.3063892e-06,4.9368555e-06,8.5807815e-06,3.2816338e-06,3.0336798e-05,4.8234335e-07,5.4198003e-06
ACACTGACAAACCTAC-1-HCAHeart7844004,1.0746713e-05,3.1596874e-06,0.9998147,9.016061e-06,4.135939e-06,8.217684e-06,1.7984385e-05,3.6108654e-06,0.000118615135,8.5320875e-07,8.931831e-06
ACTTACTTCTTTAGGG-1-HCAHeart7844001,2.2289802e-05,6.3042567e-06,0.99986994,1.1378873e-05,3.5558978e-06,6.851166e-06,1.7654475e-05,1.20229215e-05,4.1160463e-05,9.588905e-07,8.007511e-06
TACTTGTGTTACGCCG-1-HCAHeart7905330,1.3350151e-05,2.109623e-06,0.99980444,2.3159726e-05,4.395197e-06,1.5097393e-05,8.710271e-06,3.0587826e-06,0.00011289555,6.708113e-07,1.2071431e-05
TCTATACTCCTTCTTC-1-HCAHeart7905328,7.818388e-06,3.1098452e-06,0.99989235,6.8391905e-06,2.9901012e-06,4.1870853e-06,1.10496e-05,3.082009e-06,6.0747887e-05,5.4607045e-07,7.227952e-06
ATTATCCCAACACGCC-1-HCAHeart7844003,6.170633e-05,1.1508162e-05,0.9997155,1.3266572e-05,6.0735547e-06,1.2602533e-05,7.256796e-05,9.022941e-06,7.106474e-05,1.6740421e-06,2.4892906e-05
CGTCAGGAGCGTTGCC-1-HCAHeart7844001,6.0163307e-05,5.716879e-06,0.024951296,3.3014247e-05,8.7629305e-05,8.132793e-05,9.4417475e-05,8.7295244e-05,0.97395116,0.00062148675,2.6679973e-05
TAGGCATAGATATGGT-1-HCAHeart7844002,5.122554e-06,8.810765e-06,1.489963e-05,3.2973185e-05,0.99961925,3.1406887e-06,0.0002514857,7.9615875e-06,3.212763e-05,1.3865537e-05,1.0373544e-05
TTCTCCTAGGCTATCT-1-HCAHeart7843999,0.00026480673,1.8904797e-05,2.5841593e-05,1.3024744e-06,0.00016942571,8.0412414e-05,0.9994184,1.3237767e-06,7.2586213e-06,7.289797e-06,5.0955673e-06
AACTTTCAGTCTCGGC-1-HCAHeart7844003,7.2661524e-06,3.5313824e-06,0.99988306,1.5995289e-05,3.7819057e-06,6.4672863e-06,8.722219e-06,6.0858797e-06,5.5283275e-05,4.9784205e-07,9.33174e-06
TGACAACAGCTAGTCT-1-HCAHeart7844000,0.00012519344,4.2976353e-05,2.6819946e-05,1.0796641e-06,0.00019312312,4.1671592e-05,0.9995505,2.2230602e-06,6.503426e-06,7.0416913e-06,2.8176612e-06
GACGGCTGTGCGGTAA-1-HCAHeart7844001,3.544282e-05,1.6047188e-05,5.733447e-06,1.0842027e-06,0.00012757839,4.2713807e-05,0.9997627,1.0484888e-06,3.3662534e-06,2.9090795e-06,1.2955112e-06
TTCTCCTTCATGCATG-1-HCAHeart7880863,8.977838e-05,6.617448e-06,0.99950373,4.0785617e-05,5.7035413e-06,0.000121409124,6.456143e-05,8.260198e-06,0.00013873451,2.3341884e-06,1.815365e-05
CTACGTCTCATCTGCC-1-HCAHeart7843999,5.6260233e-06,2.958385e-06,0.999905,1.5477417e-05,3.0008318e-06,6.355203e-06,7.859447e-06,2.6131545e-06,4.1959465e-05,4.7417112e-07,8.7593635e-06
GAGATGGAGAGAGCAA-1-HCAHeart7905331,8.309786e-06,3.9130355e-06,0.999908,8.942424e-06,2.700928e-06,4.00682e-06,1.1397596e-05,5.0394956e-06,4.1603646e-05,5.5694926e-07,5.4762504e-06
GAAACTCTCCTTGCCA-1-HCAHeart7844001,2.9043505e-05,1.387014e-05,1.578079e-05,1.3663531e-05,4.1272415e-05,1.874639e-05,1.3763081e-05,2.4316589e-05,0.0015398575,0.9982817,7.819131e-06
ATGTCCCGTCGCAACC-1-HCAHeart7905327,7.729055e-06,7.0856568e-06,0.9999,1.8131394e-05,3.6934691e-06,5.43696e-06,1.21024295e-05,8.1131075e-06,3.04874e-05,7.5991215e-07,6.4253577e-06
TGGTTAGAGGGAGTAA-1-HCAHeart7844004,9.229162e-06,3.79988e-06,0.99975604,7.1260597e-06,7.3634574e-06,8.118557e-06,2.5776766e-05,3.1607376e-06,0.00016691092,9.568492e-07,1.14599015e-05
GAGTTTGGTCGTTATG-1-HCAHeart7905328,8.574853e-06,5.0485364e-06,0.99953175,7.404149e-06,1.55644e-05,9.210897e-06,4.147547e-05,3.3349827e-06,0.0003646305,1.5565683e-06,1.1440855e-05
AGTTGGTTCCGTAGGC-1-HCAHeart7880861,3.4640702e-06,5.2609037e-05,1.4318134e-05,1.0988213e-05,1.0653798e-05,8.87808e-06,1.4592077e-06,6.2809895e-06,7.391958e-05,3.0985077e-06,0.99981445
GCTGGGTTCTGCCAGG-1-HCAHeart7844000,1.6567728e-05,6.248747e-06,0.999813,9.40811e-06,5.2239875e-06,1.0403982e-05,4.187961e-05,4.8368474e-06,7.2472045e-05,1.0128446e-06,1.893612e-05
GGTAACTCAAATGAAC-1-HCAHeart7905330,6.226255e-06,2.2801394e-06,0.9997795,4.3323387e-05,5.6361323e-06,4.8571976e-05,1.0168779e-05,2.766918e-06,8.598031e-05,9.78179e-07,1.4594317e-05
TAGTTGGGTCGAACAG-1-HCAHeart7880863,4.5700626e-06,0.999645,7.3945157e-06,1.8730503e-05,1.2891764e-05,3.2114523e-05,1.1316981e-05,2.3480277e-05,4.4645635e-06,1.2389626e-05,0.00022772055
TAAGAGATCATAACCG-1-HCAHeart7880862,3.0416038e-06,0.9997228,5.0378367e-06,1.2362086e-05,1.808008e-05,4.5625642e-05,7.6203755e-06,3.3806005e-05,3.2286923e-06,8.311179e-06,0.0001399085
TTAGGCAAGGCGTTAG-1-HCAHeart7905328,7.9883785e-06,2.314323e-06,0.9998745,1.2970451e-05,2.945694e-06,7.41843e-06,7.664259e-06,2.7705055e-06,7.159368e-05,5.3243286e-07,9.333182e-06
TGGGAAGTCCCGACTT-1-HCAHeart7843999,6.2902814e-06,2.845814e-06,0.9999013,8.18385e-06,2.8220927e-06,4.9868295e-06,9.142221e-06,2.565458e-06,5.05669e-05,4.9650885e-07,1.0617022e-05
CGAGCACAGCTGTCTA-1-HCAHeart7844001,4.7987956e-05,2.325169e-05,2.1252205e-05,1.2266886e-06,0.00014503149,3.56556e-05,0.9997125,1.4972821e-06,4.9326577e-06,4.196061e-06,2.3859236e-06
ACGGGTCAGCACAGGT-1-HCAHeart7844004,2.1266625e-05,2.5265715e-06,0.99974614,1.7592274e-05,4.542233e-06,2.2216016e-05,1.2207494e-05,4.0589966e-06,0.0001524422,8.242066e-07,1.6163498e-05
CAGCCGACATTGAGCT-1-HCAHeart7844001,0.00011165189,1.3608264e-05,0.99956495,4.4675686e-05,5.4026327e-06,2.6809208e-05,1.807807e-05,8.6389125e-05,0.00011110445,1.9656513e-06,1.5335081e-05
CCTCTGAGTACCGAGA-1-HCAHeart7844004,9.842265e-06,6.1035425e-06,0.9998647,5.998203e-06,5.622139e-06,5.1307356e-06,2.2680373e-05,4.2777215e-06,6.349685e-05,7.718474e-07,1.1497087e-05
AGGAAATAGCTACAAA-1-HCAHeart7905328,7.2524413e-06,3.3360132e-06,0.9999112,1.6791822e-05,3.0486942e-06,7.220248e-06,8.579745e-06,4.7625813e-06,3.1043848e-05,6.209021e-07,6.028568e-06
TACAGGTAGTCGAAAT-1-HCAHeart7905328,6.4304763e-06,2.5417012e-06,0.9998609,1.9167634e-05,3.7393845e-06,8.961459e-06,1.0344354e-05,2.6768098e-06,7.681289e-05,5.743234e-07,7.862856e-06
CGCTGGAGTAGAAAGG-1-HCAHeart7843999,0.00015402753,3.624338e-05,0.00018418074,9.721883e-05,0.00029701434,0.00010989138,6.7885994e-05,0.00012605611,0.44815102,0.5507336,4.2810585e-05
CTGGTCTGTCATGCCG-1-HCAHeart7844004,4.5295987e-05,3.0349647e-05,1.4926152e-05,5.552456e-06,0.0039614243,3.0887797e-05,0.99588627,4.1441986e-06,7.482421e-06,7.4188415e-06,6.276445e-06
ACCCTCAAGGACGCAT-1-HCAHeart7905330,5.7050506e-06,3.4174252e-06,0.99974734,1.2346908e-05,1.0115295e-05,1.2018259e-05,2.1393871e-05,2.8585043e-06,0.00017653698,1.3270176e-06,6.8488694e-06
TCAACGATCTTCTGGC-1-HCAHeart7844004,1.2331214e-05,4.0141326e-06,0.9998192,9.125896e-06,5.6936224e-06,2.0432666e-05,2.5237567e-05,3.8224553e-06,6.747962e-05,8.3317695e-07,3.182876e-05
TAGAGCTTCAAGGCTT-1-HCAHeart7880860,1.4166692e-06,2.4447672e-05,7.1699324e-06,7.026548e-06,8.044116e-06,4.4075045e-06,8.2651474e-07,2.8024915e-06,3.9174498e-05,1.8687251e-06,0.99990284
TAAGAGATCCTTGGTC-1-HCAHeart7844004,2.7638425e-05,1.2657958e-05,0.9998227,9.938472e-06,5.285068e-06,4.92973e-06,3.7449106e-05,9.132701e-06,5.745102e-05,1.1813673e-06,1.17578065e-05
TCAGTGAAGTGGAATT-1-HCAHeart7905332,1.0234164e-05,4.1704843e-06,0.9998946,9.208715e-06,4.039806e-06,4.1743683e-06,1.4342449e-05,5.8833e-06,4.6077355e-05,6.7721305e-07,6.7327755e-06
GATGAAAGTACAGCAG-1-HCAHeart7888926,1.939476e-06,6.18269e-05,5.849755e-06,1.6505428e-05,9.485488e-06,6.8228287e-06,9.938993e-07,5.5633172e-06,5.9537902e-05,2.504264e-06,0.99982893
CGAATGTTCGTGGTCG-1-HCAHeart7888927,6.3949915e-06,2.125512e-06,2.0064144e-05,1.6673655e-05,3.790391e-05,4.6397786e-06,4.530591e-06,3.7211816e-05,0.9996661,0.00017795328,2.6379179e-05
TTTACCACATAAGCGG-1-HCAHeart7905330,6.9427115e-06,2.1634257e-06,0.9997844,1.9345085e-05,5.112575e-06,1.738543e-05,8.764039e-06,3.1492611e-06,0.0001381489,8.3830463e-07,1.375007e-05
GCATGATCATGCATGT-1-HCAHeart7880860,6.8139616e-06,3.7258392e-06,0.99980253,1.1519738e-05,5.2032037e-06,1.1649496e-05,1.98663e-05,4.1763687e-06,0.00011755356,7.58362e-07,1.6048745e-05
TCACACCAGGTAGCCA-1-HCAHeart7905328,1.5147891e-05,8.215071e-06,0.9996561,3.1688072e-05,4.263287e-05,1.1474722e-05,6.348276e-05,2.9008037e-05,0.00013018589,1.5890992e-06,1.0542659e-05
TTCCACGTCTGCTGAA-1-HCAHeart7905332,5.4398047e-06,3.0803678e-06,0.9999033,1.8767996e-05,3.224029e-06,5.2625783e-06,1.020887e-05,3.4708928e-06,4.1673142e-05,5.8016275e-07,4.9811124e-06
ACGTCAATCCACGTTC-1-HCAHeart7888926,6.9584357e-06,1.8203002e-05,0.9998332,3.0048333e-05,3.2262913e-06,1.0979882e-05,1.5056834e-05,8.6081045e-06,6.426023e-05,7.843761e-07,8.720836e-06
GTAGGCCAGGCGACAT-1-HCAHeart7844002,7.117121e-06,2.6487342e-06,0.99968445,5.36753e-05,7.048313e-06,5.5680837e-05,1.0444434e-05,3.4172037e-06,0.00014992134,1.2058206e-06,2.4440258e-05
TTGGCAACAGCCAGAA-1-HCAHeart7844004,2.5853185e-05,1.6890603e-05,1.1325743e-05,1.4944228e-06,0.00030265457,1.8315668e-05,0.9996131,1.1619479e-06,3.9737424e-06,3.3154145e-06,1.8741064e-06
GATCACACAACCAGAG-1-HCAHeart7905328,0.00039531538,0.00010944428,0.069591954,0.00044458586,0.00073414616,0.0009584509,0.00064191665,0.0002650112,0.62070644,0.30593613,0.00021653915
CATTCGCGTATGAATG-1-HCAHeart7880862,2.264813e-06,0.9998492,5.222114e-06,8.225715e-06,1.6185664e-05,2.2911852e-05,6.0447333e-06,2.3209428e-05,2.5130184e-06,1.0246239e-05,5.3927575e-05
CTTAACTGTCTAAAGA-1-HCAHeart7844001,1.2985348e-05,5.572708e-06,0.99981886,1.2453646e-05,3.766966e-06,9.70859e-06,1.3525347e-05,5.375534e-06,0.000106351414,7.8410835e-07,1.0687049e-05
AGAACAATCTACAGGT-1-HCAHeart7905327,5.781036e-06,2.5970294e-06,0.99982244,1.6892385e-05,5.8600017e-06,1.2356175e-05,1.1179333e-05,2.602871e-06,0.000109774344,8.384804e-07,9.6259355e-06
GCAAACTCATGATCCA-1-HCAHeart7843999,5.9373397e-06,3.3096323e-06,0.99990165,7.764308e-06,3.2651897e-06,4.596692e-06,8.940158e-06,2.6073978e-06,5.0027484e-05,5.220503e-07,1.1284586e-05
CAACCAATCCTTTACA-1-HCAHeart7880862,6.8658854e-05,2.3898961e-05,1.421975e-05,0.99968576,2.4158018e-05,8.070136e-06,4.4458593e-06,0.00013239478,1.0925142e-05,7.79868e-06,1.9683626e-05
TTTCCTCCAATCTACG-1-HCAHeart7844004,2.1921542e-05,4.0625096e-06,0.00029240182,1.2517135e-05,0.00010029798,3.2727734e-05,1.9193936e-05,1.5118488e-05,0.9938658,0.0056123463,2.3425577e-05
TTAGGCACAGTTTACG-1-HCAHeart7844001,0.00020906562,1.6326354e-05,0.9838674,0.00014541211,0.00012264083,0.00025382463,0.0012697,3.935816e-05,0.0140180765,3.07065e-05,2.7342356e-05
GACACGCAGAGCTTCT-1-HCAHeart7844000,8.64849e-06,2.7510553e-06,0.99989414,1.1670835e-05,2.7499618e-06,8.27546e-06,7.0881974e-06,3.0157807e-06,4.7427726e-05,5.1194763e-07,1.37979905e-05
CAAGATCTCCCTGACT-1-HCAHeart7844004,1.21931735e-05,4.74787e-06,0.9998665,6.7632695e-06,4.6765354e-06,7.643876e-06,2.572134e-05,3.7217446e-06,5.0894072e-05,7.483484e-07,1.6437967e-05
CGCCAAGTCGTGGACC-1-HCAHeart7844000,1.0401548e-05,3.453542e-06,0.9998938,9.068447e-06,2.8908746e-06,5.569226e-06,1.2509277e-05,3.7215234e-06,5.0796054e-05,5.595372e-07,7.259484e-06
TACCTTAGTGAGGGTT-1-HCAHeart7844004,0.00018518169,4.8753504e-05,0.191301,0.000684798,0.0003933685,0.00045844758,0.00040769647,0.00014956194,0.7964278,0.009874445,6.902677e-05
TTGACTTAGAGTACAT-1-HCAHeart7844004,1.3923615e-05,5.9580475e-06,0.9998252,6.2400272e-06,5.2333507e-06,5.2720325e-06,3.8077775e-05,4.810175e-06,8.080083e-05,1.033348e-06,1.3711124e-05
TTTATGCGTCTAGTGT-1-HCAHeart7905332,4.455293e-06,2.130706e-06,0.9998418,1.5773001e-05,5.5032583e-06,1.6070604e-05,1.352518e-05,1.9948043e-06,8.999472e-05,7.265399e-07,8.047952e-06
ACATACGCAGTTCCCT-1-HCAHeart7880862,3.144582e-05,4.712505e-06,0.99947494,5.2473744e-05,4.918161e-06,0.00024993008,3.1396197e-05,6.7841243e-06,9.822336e-05,2.8866561e-06,4.230941e-05
GCCAAATAGAGCTATA-1-HCAHeart7844002,8.069451e-06,1.958944e-06,0.9998927,1.776735e-05,3.083683e-06,1.2186216e-05,5.442388e-06,4.0221184e-06,4.436163e-05,5.263664e-07,9.758051e-06
CCGTAGGCAACGCCCA-1-HCAHeart7905327,7.486419e-06,2.687352e-06,0.9998461,1.0826054e-05,4.281732e-06,5.2349824e-06,1.2173428e-05,3.2679582e-06,0.000100094505,6.187597e-07,7.23706e-06
CAGAATCTCTGCAGTA-1-HCAHeart7880862,2.6853766e-06,0.9997955,5.528895e-06,1.5100786e-05,1.7378097e-05,2.4444254e-05,6.638617e-06,2.4330224e-05,3.200297e-06,9.282745e-06,9.590121e-05
GTACGTATCTACTCAT-1-HCAHeart7888926,2.2409815e-06,8.484823e-05,6.2843947e-06,2.0779196e-05,1.104927e-05,8.86294e-06,1.0281167e-06,6.7821675e-06,4.0163875e-05,2.1757178e-06,0.99981576
CGTGAGCTCTTTAGGG-1-HCAHeart7880862,3.2227647e-06,0.9996704,6.1769033e-06,1.0041969e-05,2.0250041e-05,2.9815721e-05,7.931604e-06,2.2299873e-05,3.5070898e-06,8.764001e-06,0.00021765096
AAGCGAGTCCCGTTGT-1-HCAHeart7905328,5.9289923e-06,2.2662016e-06,0.9998518,1.07343385e-05,3.6203785e-06,6.692791e-06,1.1325575e-05,2.295891e-06,9.766231e-05,6.319537e-07,7.1652944e-06
TACCGAACACAGAAGC-1-HCAHeart7905327,1.3788693e-05,1.8016823e-05,9.458095e-06,1.3268552e-05,1.8603156e-05,1.1230351e-05,5.1022107e-06,1.1733937e-05,9.785311e-05,0.999798,3.0727088e-06
CTCGTCAGTAAACACA-1-HCAHeart7844003,1.3303142e-05,1.8841757e-06,5.6647557e-05,2.2170982e-05,3.3104967e-05,1.4271602e-05,8.225795e-06,1.5643704e-05,0.9989268,0.00090249383,5.413274e-06
CCGATGGAGCGTGTCC-1-HCAHeart7905330,1.4143911e-05,6.5829263e-06,0.9997187,3.006851e-05,2.9335108e-05,3.728056e-05,2.0200561e-05,2.1862417e-05,0.00010218561,4.540489e-06,1.5118185e-05
TCAGCTCGTTCCCGAG-1-HCAHeart7844000,3.328475e-05,1.6196494e-05,1.0495149e-05,1.1649572e-06,0.00018703837,2.3549743e-05,0.999718,1.182594e-06,3.957337e-06,3.345394e-06,1.6862542e-06
GGTGAAGGTAAAGTCA-1-HCAHeart7888927,2.3246807e-06,3.949062e-05,6.5951344e-06,2.3805707e-05,1.0270442e-05,5.839835e-06,1.1735808e-06,3.9051033e-06,5.7114383e-05,2.1132455e-06,0.9998473
AGCTCTCGTAAACGCG-1-HCAHeart7888926,4.6092355e-06,1.2949049e-06,2.5876398e-05,1.3173385e-05,1.3507047e-05,3.969349e-06,3.614054e-06,9.841967e-06,0.99980575,0.00010122163,1.7094742e-05
TTGGGTATCCACTAGA-1-HCAHeart7905328,5.1870747e-06,3.6425529e-06,0.9998603,1.8984429e-05,5.047432e-06,5.209547e-06,1.0423821e-05,4.776498e-06,8.0493715e-05,6.9834306e-07,5.349587e-06
GCATCTCCAAACGGCA-1-HCAHeart7905328,5.8889036e-06,3.151117e-06,0.999889,7.0020947e-06,3.4965544e-06,3.9112224e-06,1.1624178e-05,2.829874e-06,6.548626e-05,5.623125e-07,6.957822e-06
TCTAACTTCAGTCAGT-1-HCAHeart7905327,9.356537e-06,4.2956517e-06,0.999877,5.6770023e-06,4.2515335e-06,4.812673e-06,1.907978e-05,3.545162e-06,6.091333e-05,6.8194e-07,1.0382473e-05
ATCGAGTCAGTCAGCC-1-HCAHeart7844004,1.39123995e-05,7.777453e-06,0.9998585,9.507277e-06,4.246422e-06,3.293118e-06,2.7184295e-05,6.1461437e-06,5.970404e-05,9.4608725e-07,8.535942e-06
ACGCCGAAGTTCGATC-1-HCAHeart7844000,3.176012e-05,1.4633687e-05,2.0561038e-05,2.0245038e-06,0.00038053436,2.420516e-05,0.99951434,1.4171388e-06,4.395451e-06,3.7116522e-06,2.4154392e-06
ATTATCCTCCCTTTGG-1-HCAHeart7905327,6.1882197e-06,2.712901e-06,0.9998203,3.231147e-05,5.333648e-06,1.0923862e-05,1.1198858e-05,3.5687833e-06,9.924114e-05,7.5185545e-07,7.4359195e-06
TACTTGTAGTGGTAAT-1-HCAHeart7844000,1.237752e-05,5.7382463e-06,0.9998871,2.3500976e-05,2.5180295e-06,1.0789021e-05,1.0925916e-05,3.9338097e-06,3.3153035e-05,6.180644e-07,9.240157e-06
ACTGAGTGTGAAAGAG-1-HCAHeart7844001,2.1301332e-05,3.895361e-06,0.9998184,1.1581399e-05,3.61451e-06,1.3141742e-05,1.8627023e-05,4.823685e-06,8.8420995e-05,8.642421e-07,1.549566e-05
TGACTAGCAGGAATCG-1-HCAHeart7888926,4.34873e-06,0.0005680943,5.9522113e-06,7.217651e-05,2.6036452e-05,2.5219491e-05,1.9124059e-06,3.429471e-05,0.000113570815,8.077324e-06,0.99914026
CATCCACGTAAGAGAG-1-HCAHeart7843999,4.010136e-06,1.0924189e-05,6.268109e-06,2.347453e-05,0.9998111,2.0543569e-06,0.000108638844,7.0065453e-06,1.2002807e-05,7.5950743e-06,6.8255704e-06
TTGCGTCGTAGAGGAA-1-HCAHeart7844004,1.1535093e-05,8.555436e-06,0.99989283,8.886715e-06,3.3011647e-06,4.526194e-06,1.8098717e-05,6.0775237e-06,3.571823e-05,7.378535e-07,9.641802e-06
CAACTAGCAACTGCGC-1-HCAHeart7844002,2.440408e-05,1.8189598e-05,2.016512e-05,1.7052236e-05,7.166782e-05,2.6157073e-05,1.5640104e-05,8.2220075e-05,0.001314676,0.99840075,9.055355e-06
TTATGCTCAGGTCCAC-1-HCAHeart7843999,7.707352e-06,2.7317078e-06,0.9998241,7.656678e-06,5.021142e-06,8.463449e-06,1.2144044e-05,2.8248446e-06,0.00011101472,6.836392e-07,1.7643617e-05
CGCTGGATCCGAAGAG-1-HCAHeart7880862,2.1714363e-06,0.9998468,5.5081637e-06,9.399891e-06,1.4365978e-05,1.7344433e-05,5.5497503e-06,2.326484e-05,2.4161782e-06,9.8265955e-06,6.321531e-05
TACTTACCATAGACTC-1-HCAHeart7844004,1.5330565e-05,1.2015795e-05,1.2614597e-05,1.2050278e-05,2.895123e-05,1.3737159e-05,1.0321127e-05,1.4693236e-05,0.0010260134,0.99884856,5.866987e-06
CAACCTCAGCCAGTAG-1-HCAHeart7844001,0.00018228995,1.2176462e-05,0.99450666,2.2247226e-05,3.5719735e-05,0.00013615206,0.0002332318,9.199682e-05,0.0047290716,1.8593733e-05,3.1851607e-05
ACGCAGCGTACAAGTA-1-HCAHeart7888927,1.2392642e-05,3.6735153e-06,0.99989974,8.295591e-06,2.4165572e-06,5.262399e-06,1.149691e-05,6.1798232e-06,3.951021e-05,6.2224706e-07,1.0442381e-05
GTAACTGGTAGTGAAT-1-HCAHeart7880862,3.4715476e-06,0.9997744,4.847568e-06,8.36428e-06,1.7176191e-05,4.4535678e-05,8.48137e-06,3.0189747e-05,2.557365e-06,8.172921e-06,9.7749406e-05
GTCGGGTAGTGAATTG-1-HCAHeart7844001,2.4672501e-05,1.2400932e-05,9.896025e-06,3.209508e-06,0.0010799017,1.5109034e-05,0.9988392,1.6285761e-06,6.0824086e-06,5.391985e-06,2.4509034e-06
CGGACTGGTGACCAAG-1-HCAHeart7844003,0.00026033662,0.00035310772,0.99470705,4.764961e-05,6.256522e-05,0.00011621298,0.0042434093,2.3444376e-05,0.00012657097,1.1971818e-05,4.7577003e-05
TCTTTCCTCGCCTGAG-1-HCAHeart7880862,1.763802e-05,2.8975837e-05,1.08953045e-05,2.0268484e-05,1.152555e-05,1.2627462e-05,7.2599146e-06,1.4445309e-05,9.317591e-05,0.9997795,3.64021e-06
GTGTGGCAGAGCCGAT-1-HCAHeart7905328,1.033547e-05,3.9175184e-06,0.99985313,2.4161764e-05,6.5174545e-06,1.598813e-05,1.367249e-05,5.387975e-06,5.2604904e-05,2.7546153e-06,1.144997e-05
TCACAAGGTTCAGTAC-1-HCAHeart7844001,6.088568e-05,3.5583375e-06,0.009928994,5.370873e-05,5.104889e-05,0.00010033738,4.024267e-05,7.1428396e-05,0.9891605,0.00051559,1.3797226e-05
AGATCTGGTTCACGGC-1-HCAHeart7888927,1.8690838e-06,2.3554237e-05,7.96608e-06,1.174704e-05,7.634582e-06,4.3771615e-06,9.946045e-07,2.9703774e-06,5.741943e-05,2.1067992e-06,0.99987924
CGAGCACGTTTAGCTG-1-HCAHeart7880861,2.4978146e-05,1.9832478e-05,2.1975884e-05,3.2521505e-06,0.0002831398,2.7720469e-05,0.99960536,1.2890692e-06,5.625743e-06,4.32872e-06,2.446632e-06
CAGCTAAAGAGTGAGA-1-HCAHeart7888926,1.6349403e-06,3.2420034e-05,5.7249918e-06,9.646052e-06,7.9451665e-06,4.8453926e-06,7.196595e-07,3.3027175e-06,2.7406548e-05,1.7941328e-06,0.9999044
ATTATCCTCTCTAGGA-1-HCAHeart7844004,1.7474014e-05,3.5395547e-06,0.9998362,2.7242239e-05,3.1681316e-06,7.843362e-06,8.998456e-06,4.5807774e-06,7.817439e-05,7.1951024e-07,1.2002261e-05
GGAAAGCCAGTCACTA-1-HCAHeart7844000,9.742065e-06,9.097567e-06,0.99989164,1.4800758e-05,4.89952e-06,6.7673045e-06,1.3792615e-05,6.168921e-06,3.502436e-05,7.854543e-07,7.254804e-06
ATGAGGGCAAGAAGAG-1-HCAHeart7844001,4.4904016e-05,7.6173674e-06,8.171365e-05,2.7437185e-05,9.85154e-05,3.6064983e-05,2.2054157e-05,4.3666772e-05,0.9752407,0.024377314,1.9978632e-05
TCGTAGATCCACGTTC-1-HCAHeart7844001,5.506294e-05,5.898162e-06,0.99623424,2.3389923e-05,1.5025287e-05,3.384732e-05,4.4008448e-05,1.981298e-05,0.0035378444,6.4069445e-06,2.4371173e-05
GTCGTAAAGTGTGGCA-1-HCAHeart7888926,7.818994e-06,6.1960136e-06,0.9998554,1.0253125e-05,4.398415e-06,7.4261384e-06,3.4732147e-05,4.709086e-06,5.561133e-05,7.8592103e-07,1.2687245e-05
AGTGGGAAGTACGTTC-1-HCAHeart7844004,6.358104e-06,1.2850645e-05,2.2348448e-05,5.719397e-05,0.99962234,7.699796e-06,0.00012805374,1.4430564e-05,4.8300786e-05,2.1154081e-05,5.9103102e-05
ACCCACTTCCAGATCA-1-HCAHeart7843999,0.00012425876,3.498464e-05,0.00021736675,8.9218665e-05,0.0003459921,0.00010208514,6.6816145e-05,0.00011764662,0.47734144,0.5215074,5.286863e-05
CCTACCAGTACCGGCT-1-HCAHeart7844000,6.326898e-06,3.9999068e-06,0.9998586,2.1185451e-05,7.313108e-06,3.42895e-05,9.421164e-06,2.4806466e-06,2.939343e-05,6.934984e-07,2.6171472e-05
ATCCACCTCAGTTAGC-1-HCAHeart7844004,6.246216e-06,3.109507e-06,0.99983513,1.7929475e-05,4.309106e-06,1.2104229e-05,1.3260393e-05,2.372194e-06,9.91655e-05,1.0586429e-06,5.3752833e-06
CACACTCCAAGGTGTG-1-HCAHeart7844000,1.1202397e-05,3.1051497e-06,0.9997757,2.0555628e-05,4.874527e-06,2.1318327e-05,1.1545022e-05,4.4822987e-06,0.00012785532,6.744245e-07,1.8652465e-05
GACTGCGAGTACTTGC-1-HCAHeart7844004,6.326628e-06,3.7436728e-06,0.99990845,1.5328578e-05,3.4567888e-06,6.857457e-06,1.300891e-05,2.714903e-06,2.89877e-05,5.059181e-07,1.0463306e-05
CATTATCAGTTAACGA-1-HCAHeart7844003,3.3095464e-05,6.7539113e-06,0.9961366,7.603965e-05,1.6667731e-05,2.6171978e-05,4.1753163e-05,1.0739372e-05,0.003634112,7.2398248e-06,1.0867497e-05
TTCTCCTTCAATCTCT-1-HCAHeart7844000,1.9446175e-05,1.3012486e-05,1.6150483e-05,1.3602522e-05,3.726375e-05,1.549487e-05,1.22807005e-05,1.8634442e-05,0.002102654,0.99774444,7.18093e-06
CTCGGAGTCTACCAGA-1-HCAHeart7844001,2.4326657e-05,5.324151e-06,0.9997614,9.281049e-06,4.7446556e-06,1.1602605e-05,3.7034482e-05,6.4753303e-06,0.00012903001,1.4169079e-06,9.4693905e-06
AAACCTGCACAAGTAA-1-HCAHeart7844003,2.2500622e-05,5.3224903e-06,0.9997851,1.3363548e-05,4.578216e-06,1.6196655e-05,3.953293e-05,6.1280534e-06,9.783878e-05,1.0571351e-06,8.473489e-06
ACACCCTAGTTGAGAT-1-HCAHeart7844003,2.3999599e-05,6.725615e-06,0.99947435,1.192142e-05,1.0669255e-05,5.071914e-05,7.335778e-05,6.219394e-06,0.00032931028,2.2373574e-06,1.0421019e-05
TTCTCTCCACGGGCTT-1-HCAHeart7905328,4.9675316e-05,9.248467e-06,0.022812584,0.00020332643,9.590704e-05,8.789945e-05,5.1906543e-05,3.8211412e-05,0.9763491,0.000277883,2.4278832e-05
TATGTTCTCTCGAACA-1-HCAHeart7905328,5.7776188e-06,3.1079703e-06,0.9998958,9.640763e-06,3.5316564e-06,4.561285e-06,1.073863e-05,3.0350275e-06,5.589912e-05,4.921849e-07,7.4331983e-06
TGCGGGTCACTGAGGA-1-HCAHeart7905328,5.0730423e-06,2.8682184e-06,0.99985826,1.0924902e-05,4.664782e-06,6.607395e-06,9.623307e-06,2.8507682e-06,9.020577e-05,5.323709e-07,8.286732e-06
AAAGTGAAGTAATTGG-1-HCAHeart7905327,5.9101e-06,2.8008833e-06,0.99986947,8.087013e-06,4.2494057e-06,5.390946e-06,1.0345707e-05,2.3500484e-06,8.099313e-05,5.8050676e-07,9.817891e-06
GACACGCAGAAAGTGG-1-HCAHeart7844000,7.5848066e-06,3.560882e-06,0.9998192,3.2194614e-05,4.1118415e-06,1.5909061e-05,8.273277e-06,3.46026e-06,8.689073e-05,6.085918e-07,1.8347575e-05
CCACGGACAATCCAAC-1-HCAHeart7844003,4.5759803e-06,6.4397273e-06,7.7051245e-06,2.2577615e-05,0.9997726,2.429293e-06,0.00014160931,8.349983e-06,1.4062546e-05,1.2256591e-05,7.4568397e-06
TGAGCCGGTTCGGGCT-1-HCAHeart7844004,8.914603e-06,4.5018655e-06,0.99988294,8.678682e-06,3.6382335e-06,1.1276963e-05,2.0924192e-05,3.1066913e-06,4.5291956e-05,8.059985e-07,9.828703e-06
GCACGTGCAGGTGGAT-1-HCAHeart7905331,1.1191291e-05,2.6183964e-06,0.9998691,9.508764e-06,3.1664174e-06,8.120969e-06,1.0844396e-05,3.5270114e-06,7.150268e-05,5.604708e-07,9.750323e-06
CGCTATCGTTTCGCTC-1-HCAHeart7844001,1.6442315e-05,3.5213836e-06,0.9998543,1.1796153e-05,2.8423335e-06,7.803878e-06,1.1029923e-05,4.76123e-06,7.499389e-05,6.7124665e-07,1.1760052e-05
GCGCAACTCCGCAAGC-1-HCAHeart7888926,2.8284185e-06,2.5064459e-05,1.5714928e-05,2.234852e-05,1.0809285e-05,8.610774e-06,1.8466388e-06,4.102918e-06,0.00020144728,3.5786047e-06,0.9997037
GAGGCAATCGCTCATC-1-HCAHeart7905328,6.0596967e-06,3.6347415e-06,0.9998926,2.8227048e-05,4.160874e-06,8.386428e-06,8.804858e-06,4.074904e-06,3.51866e-05,6.5931783e-07,8.243277e-06
AGTGAGGTCCTCGCAT-1-HCAHeart7880860,1.8603997e-06,4.7892157e-05,4.500706e-06,9.747807e-06,9.680226e-06,4.6661603e-06,7.411798e-07,5.263188e-06,2.968699e-05,2.1846402e-06,0.9998838
TTGCTGCCAAATGAGT-1-HCAHeart7905327,7.1108793e-06,2.3758525e-06,0.99982363,9.118819e-06,4.7767194e-06,8.161609e-06,1.081152e-05,2.6232312e-06,0.000118234464,6.495182e-07,1.2468657e-05
TGCGATATCACAGAGG-1-HCAHeart7905328,1.1701993e-05,3.681746e-06,0.99986136,9.133846e-06,3.342748e-06,3.964515e-06,1.6216361e-05,3.940756e-06,7.916858e-05,7.790232e-07,6.732828e-06
CAGCTGGCATACCATG-1-HCAHeart7844002,9.10636e-06,3.61125e-06,0.9998859,1.404137e-05,2.5899396e-06,6.278037e-06,9.739269e-06,4.8994266e-06,5.596535e-05,4.949015e-07,7.260438e-06
GAACATCGTCCTAGCG-1-HCAHeart7843999,1.52534385e-05,1.2539205e-05,1.32120485e-05,1.1611876e-05,3.191843e-05,1.2826909e-05,1.0038954e-05,1.4009602e-05,0.0010153038,0.9988575,5.7215293e-06
GGGTCTGCAAGAGTTA-1-HCAHeart7905331,8.603511e-06,2.4680708e-06,0.9998907,6.978946e-06,2.91049e-06,5.7041716e-06,1.2233443e-05,2.3523696e-06,5.6243684e-05,6.2430104e-07,1.1070223e-05
CAGCGACGTCTCCATC-1-HCAHeart7888927,1.796399e-06,3.557649e-05,1.2802261e-05,1.0168242e-05,9.634033e-06,7.715617e-06,1.3463188e-06,4.9111595e-06,0.000116536066,3.2583355e-06,0.99979633
CAGCGACGTGCAACTT-1-HCAHeart7888926,1.936826e-06,3.3736527e-05,5.4563234e-06,1.2469203e-05,9.645474e-06,5.030557e-06,9.426041e-07,6.0736725e-06,7.528473e-05,2.91231e-06,0.99984646
CCCTGATAGAGGTTTA-1-HCAHeart7905332,5.0692925e-06,4.2958154e-06,0.99989986,1.0304536e-05,3.881516e-06,4.391636e-06,1.2121117e-05,3.382346e-06,4.8859423e-05,5.596058e-07,7.3294764e-06
GACCTGGCACTATCTT-1-HCAHeart7880862,2.6649445e-06,0.9998129,5.8418227e-06,1.5797445e-05,2.0375017e-05,1.7901191e-05,6.0917587e-06,2.9918076e-05,3.1886573e-06,9.499855e-06,7.58516e-05
AGTACTGGTCTTCGAA-1-HCAHeart7905330,5.8114024e-06,1.9182219e-06,0.9998629,2.2856058e-05,4.2927654e-06,2.0937347e-05,1.00749285e-05,2.3716605e-06,5.800835e-05,6.8529636e-07,1.0060776e-05
GTTCTCGTCTACCAGA-1-HCAHeart7843999,4.113798e-06,1.0370372e-05,7.258616e-06,2.6056028e-05,0.99979895,2.2682525e-06,0.00011114593,7.3301835e-06,1.4829381e-05,9.618415e-06,7.964271e-06
CCGGTAGTCACCACCT-1-HCAHeart7844003,2.4366509e-05,3.8995563e-06,0.009342785,3.405913e-05,6.5319015e-05,3.0082454e-05,3.5369107e-05,2.1537644e-05,0.9902783,0.00014738366,1.6834882e-05
CGTCACTGTACCGGCT-1-HCAHeart7844001,7.49047e-05,5.164682e-05,1.1991166e-05,1.027534e-06,0.00019228928,3.4941288e-05,0.9996171,1.7853524e-06,5.341619e-06,6.705893e-06,2.2582985e-06
GTGGAAGAGCCTCAAT-1-HCAHeart7905329,1.097616e-05,1.3821139e-05,1.1542125e-05,1.0246433e-05,3.2895634e-05,1.0448076e-05,7.125078e-06,1.0289361e-05,0.00041220846,0.9994753,5.1934016e-06
CTGCCTAGTACTCGCG-1-HCAHeart7844001,1.7090244e-05,5.6410504e-06,0.9998783,1.2751097e-05,3.945535e-06,6.9124494e-06,2.1242678e-05,6.8471863e-06,3.897473e-05,7.884405e-07,7.5711614e-06
ACACTGAAGGTGTTAA-1-HCAHeart7843999,6.4212836e-06,4.2130728e-06,0.99985516,6.3151147e-06,5.3385766e-06,4.7171893e-06,2.3515739e-05,2.5771171e-06,8.221948e-05,7.308422e-07,8.718374e-06
ACATCAGTCGAGGTAG-1-HCAHeart7844001,3.6037723e-05,6.265787e-06,0.9997105,1.0225744e-05,5.620253e-06,1.3535209e-05,3.0504598e-05,1.3549739e-05,0.00016004512,1.3459285e-06,1.2253538e-05
CCACGGAGTAGCTCCG-1-HCAHeart7844001,5.284016e-06,9.656091e-06,7.378066e-06,3.0347734e-05,0.9996562,2.174404e-06,0.0002547468,8.659255e-06,1.1246538e-05,7.0719143e-06,7.226431e-06
AGGCCACCAGGTTTAC-1-HCAHeart7905332,6.6240395e-06,3.266531e-06,0.999866,1.6055046e-05,4.699863e-06,7.0597584e-06,1.0099617e-05,4.654988e-06,7.38261e-05,1.0058461e-06,6.646554e-06
ACACCGGTCTACTTAC-1-HCAHeart7844004,3.572641e-05,1.3356378e-05,7.874749e-06,2.752105e-06,0.0009347636,1.7286762e-05,0.9989753,1.4187511e-06,4.8994107e-06,4.0103237e-06,2.6617217e-06
CAGGTGCGTGACGGTA-1-HCAHeart7844001,0.0002749697,5.4330903e-05,0.007376108,0.00016897843,0.00057187787,0.00065920135,0.00032688698,0.0005677019,0.4895869,0.5003413,7.1763454e-05
CGTCAGGAGCTACCTA-1-HCAHeart7844001,0.00029496977,1.4099611e-05,3.066728e-05,0.99952483,1.7312477e-05,2.7509614e-05,4.853226e-06,3.6204805e-05,1.4837536e-05,2.7216747e-05,7.5346516e-06
ACCTTTATCATCATTC-1-HCAHeart7844003,0.00014033378,8.3491286e-05,0.8457397,0.0015321869,0.0007145779,0.0005827389,0.00093488995,0.00019899054,0.14879867,0.0012452219,2.9166387e-05
TCCTGCACAGGCACTC-1-HCAHeart7905327,3.8842343e-05,1.708399e-05,0.9613308,0.000100630976,0.000109132365,5.058171e-05,9.1226735e-05,2.6491738e-05,0.03816867,3.1789725e-05,3.4862474e-05
GACTACATCAGAGACG-1-HCAHeart7844004,6.1753526e-06,2.4716362e-06,0.99989414,9.649587e-06,3.0692142e-06,7.261855e-06,8.945132e-06,2.0880261e-06,5.5838715e-05,4.6977922e-07,9.782085e-06
GATCGCGAGCGAGAAA-1-HCAHeart7843999,6.9338307e-06,3.0751644e-06,0.9997366,1.9130228e-05,6.039685e-06,1.0628381e-05,9.726519e-06,3.8070498e-06,0.00019280608,7.657683e-07,1.0345091e-05
AGTCACATCGAAGGAC-1-HCAHeart7905330,6.202291e-06,2.2350105e-06,0.99981517,3.515818e-05,4.506182e-06,3.3116365e-05,1.02803515e-05,2.5843706e-06,7.697679e-05,7.854369e-07,1.3015589e-05
TGGAGGAAGTTGTAAG-1-HCAHeart7905328,7.178859e-06,3.1408686e-06,0.9998386,3.611897e-05,4.3855284e-06,8.222326e-06,9.521669e-06,4.648295e-06,8.06691e-05,6.782384e-07,6.77916e-06
TAGAGCTTCCTGCCAT-1-HCAHeart7844001,4.5455545e-06,9.197602e-06,5.738491e-06,3.2901113e-05,0.99978,2.46808e-06,0.00012526567,1.27483845e-05,1.1520205e-05,8.479775e-06,7.0713604e-06
CACGAATAGGTCGTGA-1-HCAHeart7905328,1.3048364e-05,7.929237e-06,0.999496,0.00029541872,2.1427815e-05,2.1411062e-05,3.839896e-05,8.727128e-06,7.833874e-05,1.671545e-06,1.764052e-05
CACACAAGTTCTGAAC-1-HCAHeart7880861,1.7617709e-06,6.65324e-05,6.8452923e-06,9.371167e-06,9.72479e-06,7.248012e-06,8.496049e-07,4.0346727e-06,1.909617e-05,1.9653148e-06,0.99987245
GAGGCAAGTAACACGG-1-HCAHeart7905328,3.164613e-05,4.4590097e-06,5.9448053e-06,0.9998994,1.6993627e-05,4.8561237e-06,2.6974349e-06,1.4581375e-05,7.3979e-06,3.5778617e-06,8.3706245e-06
TCGTACCGTCCGAATT-1-HCAHeart7844003,4.86963e-06,9.375168e-06,9.041541e-06,3.0162191e-05,0.9997682,2.737501e-06,0.00011993922,7.809705e-06,2.2096363e-05,1.3228396e-05,1.2502472e-05
GGACGTCGTAACGCGA-1-HCAHeart7844001,5.4396907e-05,3.853783e-06,0.00078506995,0.00030091134,2.7380538e-05,0.00023527528,3.115864e-05,3.2150543e-05,0.99760735,0.000908508,1.415572e-05
TACTCATAGATAGGAG-1-HCAHeart7843999,5.142826e-06,3.9006454e-06,0.9999124,1.5093682e-05,2.9265684e-06,5.380448e-06,8.263977e-06,2.9476291e-06,3.7525184e-05,5.055034e-07,5.8418077e-06
TACCTTACAGTTAACC-1-HCAHeart7888927,2.7169524e-05,7.2279977e-06,7.350741e-06,0.99986625,7.3270776e-06,8.964566e-06,3.8140122e-06,2.0075322e-05,2.1264941e-05,4.0935397e-06,2.6597458e-05
GCGGGTTGTGCGCTTG-1-HCAHeart7843999,3.9811533e-05,8.675589e-06,0.03841983,5.0677114e-05,0.00012116726,4.1866657e-05,6.820554e-05,3.736425e-05,0.9609255,0.00026156456,2.5431507e-05
CGCGTTTGTCCGAGTC-1-HCAHeart7888927,2.1157116e-06,1.7069451e-05,9.050072e-06,1.4647511e-05,7.801382e-06,4.650153e-06,1.3435576e-06,2.8765771e-06,0.0001263101,3.2756534e-06,0.999811
ACCTGTCGTGGTCTTA-1-HCAHeart7905328,6.9244725e-06,2.9931414e-06,0.999808,1.1248771e-05,4.59347e-06,7.357845e-06,1.2174289e-05,3.2966439e-06,0.00012969435,7.0238343e-07,1.3015322e-05
GTGGGTCCAACTTGAC-1-HCAHeart7880861,3.4190496e-05,2.0184556e-05,2.0828104e-05,4.1044227e-06,0.00020739573,3.5589634e-05,0.99966323,1.3857098e-06,5.8835712e-06,4.7815356e-06,2.3441808e-06
CGATGGCAGGATTCAA-1-HCAHeart7905332,1.24761345e-05,6.3760403e-06,0.99974805,3.4071298e-05,1.4127204e-05,1.7198652e-05,1.8840612e-05,2.1152626e-05,0.00011564929,3.3216033e-06,8.765359e-06
AGGACTTTCACGAGGA-1-HCAHeart7905328,6.352159e-06,2.6357595e-06,0.999876,1.6445369e-05,3.133321e-06,5.9763734e-06,1.0534937e-05,2.9245564e-06,7.051011e-05,6.018036e-07,4.8555517e-06
TCCATCGGTTCTAAGC-1-HCAHeart7905327,1.23041755e-05,6.540547e-06,0.9996784,5.822772e-06,1.4729036e-05,5.7650036e-06,7.8510406e-05,3.8260123e-06,0.00017902718,1.5732726e-06,1.3455072e-05
TCCACACGTTCAGGCC-1-HCAHeart7880861,3.4177996e-05,2.6400332e-05,1.2153751e-05,0.00027330185,0.9990671,5.2270393e-06,0.00041020656,0.00011373115,2.9803157e-05,1.1627568e-05,1.6228903e-05
CGGCTAGTCCGGGTGT-1-HCAHeart7880860,4.675109e-06,0.0013506393,9.426145e-06,2.8800354e-05,4.6331006e-05,3.964833e-05,1.6975307e-06,5.624088e-05,4.3456097e-05,7.55501e-06,0.99841154
ACGAGGACAATGAAAC-1-HCAHeart7880862,4.0033774e-06,0.99971503,7.6084584e-06,5.3984397e-05,3.6793626e-05,3.0405752e-05,7.6573315e-06,5.3319753e-05,5.3522544e-06,1.6319977e-05,6.949957e-05
GACTAACAGGCAGTCA-1-HCAHeart7844001,6.088115e-06,3.0417486e-06,0.99982387,1.1020072e-05,7.295565e-06,3.1307845e-05,1.9927882e-05,2.1991414e-06,7.915693e-05,6.652428e-07,1.5559404e-05
CAGCCGACACACCGCA-1-HCAHeart7844001,2.8211472e-05,4.563282e-06,0.9998299,1.5931899e-05,3.720214e-06,1.1473096e-05,2.2358397e-05,7.3166516e-06,6.347334e-05,8.244077e-07,1.2314129e-05
TGACTTTTCAGTTCGA-1-HCAHeart7844004,6.25977e-06,1.333637e-05,7.787364e-06,3.5536395e-05,0.99961287,2.7349101e-06,0.0002820687,1.0075301e-05,1.1657976e-05,6.3929137e-06,1.1233542e-05
TACACGACATCCTTGC-1-HCAHeart7844004,9.298134e-06,8.820288e-06,0.9998554,1.0577343e-05,5.5287096e-06,4.493493e-06,3.670959e-05,3.919429e-06,5.4592743e-05,8.6515485e-07,9.735444e-06
CAAGAAAGTTCCCTTG-1-HCAHeart7844004,9.319186e-06,4.9936884e-06,0.99986625,5.736409e-06,3.9492515e-06,4.8898964e-06,2.0177702e-05,3.135272e-06,6.945607e-05,8.153893e-07,1.1334004e-05
TACGGTAGTACTAAGA-1-HCAHeart7905328,6.815841e-06,2.3594846e-06,0.99984276,1.0457511e-05,4.187928e-06,7.087644e-06,1.08195045e-05,2.5869497e-06,0.00010163009,6.0059676e-07,1.0664458e-05
GTTAAGCCACCAACCG-1-HCAHeart7844004,1.3291471e-05,9.304657e-06,0.9998186,5.926664e-06,7.293892e-06,5.497576e-06,5.310725e-05,4.668242e-06,6.160114e-05,1.1283524e-06,1.9545454e-05
TTGCCGTCATCTCGCT-1-HCAHeart7844004,6.297699e-06,3.3315828e-06,0.9999088,7.762173e-06,2.9363873e-06,4.710061e-06,1.2057147e-05,2.2171064e-06,4.3911914e-05,5.2601507e-07,7.256603e-06
AGTAGCTTCGACGCTG-1-HCAHeart7905332,5.413072e-06,2.688165e-06,0.99989593,1.2222312e-05,3.127666e-06,5.5295345e-06,1.0134315e-05,2.616889e-06,5.5288256e-05,4.908195e-07,6.5512227e-06
AATTTCCCAGGGTCTC-1-HCAHeart7905327,7.378564e-06,5.1846655e-06,0.99990296,8.857892e-06,3.344909e-06,2.9961818e-06,1.3770979e-05,4.4900057e-06,4.1720054e-05,6.289209e-07,8.585175e-06
CGCTGGACACCGATAT-1-HCAHeart7844004,1.0094434e-05,4.3065397e-06,0.99986494,6.263248e-06,3.9678125e-06,4.3595937e-06,1.3861553e-05,4.4754415e-06,7.8260775e-05,6.648116e-07,8.7357885e-06
GTATTGGCAAAGAACT-1-HCAHeart7905328,5.7825187e-06,2.5440497e-06,0.99985945,1.30934295e-05,4.0101154e-06,8.570993e-06,8.175909e-06,2.6100593e-06,8.40017e-05,5.3706304e-07,1.111011e-05
GTCTGTCAGAGAGTGA-1-HCAHeart7905328,7.727929e-06,1.6939299e-06,4.2902557e-05,1.2007186e-05,4.188938e-05,7.841218e-06,4.639569e-06,1.1776237e-05,0.99945885,0.00039884477,1.1674179e-05
GACAGCCGTTCACCGG-1-HCAHeart7905327,5.6940607e-06,3.0197727e-06,0.9998313,7.317206e-06,6.395591e-06,7.759965e-06,1.3388952e-05,2.799102e-06,0.000106317144,6.963816e-07,1.54011e-05
AGCCTAAAGTGAACAT-1-HCAHeart7844001,8.48956e-06,1.6259828e-05,1.2470957e-05,2.1926237e-05,0.9992092,2.6677587e-06,0.00068141636,1.35687105e-05,1.797689e-05,9.064944e-06,6.9099656e-06
ATGCGATGTTCTCATT-1-HCAHeart7844002,5.058669e-06,1.5405318e-05,9.4861e-06,1.7231234e-05,0.9995989,3.0024435e-06,0.00029399828,2.2231075e-05,1.559604e-05,1.1418079e-05,7.68363e-06
CATGGCGGTAGAGGAA-1-HCAHeart7880861,1.6988973e-06,3.1732605e-05,7.0155716e-06,8.8450915e-06,7.8219655e-06,5.3270514e-06,9.0427346e-07,3.1665236e-06,4.1783664e-05,2.212049e-06,0.99988925
TCTGGAACACGGACAA-1-HCAHeart7844004,9.940348e-06,3.7885713e-06,0.99980825,1.0612764e-05,6.7733126e-06,6.317397e-06,2.316443e-05,3.6024976e-06,0.00012133035,8.5975233e-07,5.5407677e-06
AGTAACCAGGCACCAA-1-HCAHeart7905327,6.6105276e-06,2.7159606e-06,0.99989736,1.0171336e-05,3.1080876e-06,4.1989183e-06,9.552289e-06,2.9732455e-06,5.64566e-05,5.23143e-07,6.4193077e-06
ACGTAGTCACACAGCC-1-HCAHeart7905332,6.647649e-06,2.3531927e-06,0.9998429,9.390696e-06,3.967816e-06,6.9310304e-06,1.0559221e-05,2.6154253e-06,0.00010730419,5.7958965e-07,6.627286e-06
CGAGTGCTCGTTAGAC-1-HCAHeart7905332,6.5021954e-06,1.329055e-05,0.99980277,3.9546412e-05,2.1034492e-05,2.2758766e-05,1.6159234e-05,1.12379685e-05,4.9082948e-05,1.7150594e-06,1.6014854e-05
CAACCAAAGCAATCTC-1-HCAHeart7880861,2.0633338e-06,3.783259e-05,2.7255533e-05,1.2380805e-05,1.1073344e-05,1.1122379e-05,1.8336451e-06,3.3158437e-06,8.1885184e-05,3.0105564e-06,0.99980825
AGTCTTTAGATCTGAA-1-HCAHeart7844000,3.3475997e-05,1.3205153e-05,9.13236e-06,1.2986999e-06,0.00019571726,2.4260607e-05,0.9997129,1.0794494e-06,3.887432e-06,3.2950288e-06,1.7651726e-06
TTGGGATGTACGTACT-1-HCAHeart7905329,7.0376645e-06,2.5232293e-06,0.99984145,5.9694967e-06,4.5105785e-06,5.920416e-06,1.5446913e-05,2.3585994e-06,0.00010490256,7.1053285e-07,9.111862e-06
ACGATACGTCACCCAG-1-HCAHeart7880862,1.808438e-05,8.845494e-06,7.1135014e-06,0.9999157,9.992621e-06,4.080848e-06,2.1204662e-06,1.3246748e-05,6.813797e-06,3.7991751e-06,1.0208383e-05
TTCACGCGTATGCGGA-1-HCAHeart7905332,1.0791326e-05,7.577505e-06,0.9997583,7.7115765e-05,1.15634975e-05,2.837382e-05,1.9751737e-05,8.3997165e-06,6.0323182e-05,5.279589e-06,1.2521595e-05
TGAGCCGGTATGGTTC-1-HCAHeart7888926,7.635303e-06,3.323988e-06,4.9117323e-05,1.0733035e-05,3.201412e-05,1.1943048e-05,7.9644005e-06,1.3072589e-05,0.9979234,0.0018939577,4.69051e-05
GGGATGACAAATCCGT-1-HCAHeart7844003,1.0258959e-05,5.3079025e-06,0.99990547,1.8499617e-05,2.4610351e-06,6.909355e-06,1.05567e-05,4.460224e-06,2.7852615e-05,5.396138e-07,7.6430815e-06
AAAGTAGAGCGATTCT-1-HCAHeart7844001,5.7865764e-05,4.4409107e-06,0.0133087775,4.3770484e-05,6.092906e-05,7.559739e-05,4.244647e-05,0.00012573534,0.9860794,0.00018043576,2.0721687e-05
CTACCCACACGCCACA-1-HCAHeart7905330,3.489603e-05,3.9724814e-06,1.0840215e-05,0.9998983,1.1338421e-05,6.393574e-06,2.6280272e-06,1.2749515e-05,6.4231417e-06,7.0933934e-06,5.2806104e-06
AGTGATCGTGTCGCTG-1-HCAHeart7905330,1.2401633e-05,8.091304e-06,0.9997191,3.0462676e-05,1.9786328e-05,2.4632047e-05,3.0333236e-05,5.828665e-06,0.000110650675,1.4235774e-05,2.4308398e-05
CAAGGCCCATGGGAAC-1-HCAHeart7844000,0.0005589464,8.920233e-06,9.111836e-05,0.00024354442,3.2233682e-05,0.00038412237,3.089727e-05,0.00012902047,0.9909396,0.0075627323,1.8704271e-05
ACGGGTCAGGTGACCA-1-HCAHeart7844004,1.9161793e-05,1.1498441e-05,0.99975735,6.79735e-06,7.652166e-06,6.0289276e-06,8.629499e-05,5.439192e-06,7.865893e-05,1.4431239e-06,1.9650673e-05
TTTCCTCAGACTAAGT-1-HCAHeart7844000,1.7950395e-05,6.0738867e-06,0.9984705,4.0884708e-05,1.4590603e-05,2.1358439e-05,3.2620446e-05,8.456612e-06,0.0013666773,1.11366335e-05,9.921094e-06
TCGTACCTCCGCGTTT-1-HCAHeart7888927,2.6791395e-06,3.6907677e-05,1.197038e-05,2.8615039e-05,1.15774865e-05,9.491266e-06,1.459596e-06,5.6882704e-06,9.484204e-05,2.5118502e-06,0.9997943
CGTCCATCAATGGTCT-1-HCAHeart7844004,6.173306e-06,3.2922003e-06,0.99990404,2.1350788e-05,3.2929822e-06,7.897413e-06,7.161638e-06,3.5486437e-06,3.7115682e-05,5.605311e-07,5.550534e-06
CCGGTAGCAGCCTTGG-1-HCAHeart7880862,2.5398786e-06,0.99983025,4.7689578e-06,7.751155e-06,1.10410665e-05,2.6914964e-05,6.7183155e-06,2.310213e-05,2.2306406e-06,9.582166e-06,7.509285e-05
CGGAGCTGTGGGTATG-1-HCAHeart7843999,1.013591e-05,6.9196954e-06,0.9998598,7.99631e-06,6.797476e-06,5.372653e-06,3.4370438e-05,4.6502737e-06,5.4387874e-05,8.5630006e-07,8.722756e-06
GTTACAGAGCCCGAAA-1-HCAHeart7844004,1.3036877e-05,4.4156654e-06,0.99989593,1.106665e-05,2.7104295e-06,4.2894244e-06,1.243289e-05,4.562256e-06,4.3970984e-05,6.4630876e-07,6.9350217e-06
GGGATGAGTCATTAGC-1-HCAHeart7843999,5.924606e-06,3.2768871e-06,0.9999062,8.665733e-06,3.239442e-06,4.2267743e-06,7.9678985e-06,3.2278438e-06,4.824249e-05,4.8412556e-07,8.630072e-06
TGAATCGCAAAGGCAC-1-HCAHeart7905332,9.117779e-06,3.5581866e-06,0.99987257,3.8525435e-05,3.4089662e-06,5.482719e-06,1.0680003e-05,6.74985e-06,4.3145163e-05,7.606998e-07,5.7812986e-06
CTACTATGTCTTTATC-1-HCAHeart7905328,8.277787e-06,1.1653023e-06,4.1120256e-05,1.09536595e-05,1.668826e-05,8.547176e-06,3.216248e-06,8.311453e-06,0.9996728,0.00022181562,7.08965e-06
ACTGCTCTCGTTACGA-1-HCAHeart7888926,1.4482666e-06,2.8296728e-05,1.0443543e-05,1.0171736e-05,7.1528343e-06,6.843852e-06,9.106844e-07,2.589644e-06,3.926327e-05,1.9655688e-06,0.9998909
GGCCGATAGTCTCCTC-1-HCAHeart7880861,5.5108057e-06,1.0768267e-06,4.680809e-05,1.0818587e-05,1.9894518e-05,5.993881e-06,5.2455703e-06,1.6738459e-05,0.99971896,0.00016350036,5.5565174e-06
TACGGATTCAGTCCCT-1-HCAHeart7844003,4.750645e-05,2.0822767e-05,0.99945194,1.00889465e-05,9.978485e-06,2.343235e-05,0.00027647987,8.686961e-06,0.00012923844,2.9272578e-06,1.8746077e-05
ACGCCGATCTTCAACT-1-HCAHeart7844003,0.002409277,0.0002949658,0.0019185913,0.025724212,0.00046605986,0.0018642999,0.00031081535,0.0013506695,0.25389555,0.7117122,5.332262e-05
GCGCAGTAGTAGGTGC-1-HCAHeart7844004,9.8177925e-06,5.329352e-06,0.99986994,6.86492e-06,4.093742e-06,5.4367706e-06,2.1329548e-05,3.2732669e-06,6.152199e-05,7.303883e-07,1.1668705e-05
GTGCTTCTCTCTTGAT-1-HCAHeart7843999,5.9246872e-06,3.216457e-06,0.99990463,7.6017777e-06,3.154287e-06,4.3900864e-06,9.365776e-06,2.6095474e-06,4.9943734e-05,4.713562e-07,8.580867e-06
CGATTGATCTGCGGCA-1-HCAHeart7843999,5.374269e-06,4.145284e-06,0.9999163,8.752207e-06,3.181238e-06,4.320369e-06,9.810021e-06,2.755851e-06,3.779142e-05,5.137716e-07,7.176295e-06
GGGACCTAGTACGTAA-1-HCAHeart7880860,3.5362347e-05,2.8465514e-05,4.2472955e-05,5.881035e-06,0.00044918517,2.0391266e-05,0.99939716,1.6705606e-06,9.260111e-06,6.0457237e-06,4.0934497e-06
GTCTTCGAGTTAACGA-1-HCAHeart7844001,1.0609399e-05,3.224711e-06,0.99978966,7.892119e-06,5.4519464e-06,1.3180889e-05,2.3278626e-05,3.3811734e-06,0.00012680441,9.074661e-07,1.5573169e-05
TCTCATACAGTCACTA-1-HCAHeart7844001,1.5791462e-05,3.909854e-06,0.99983466,1.2031741e-05,3.653307e-06,1.2859591e-05,1.9702147e-05,4.5633647e-06,7.517451e-05,7.9025034e-07,1.681204e-05
GGTGAAGGTGATAGTA-1-HCAHeart7905328,1.0086786e-05,5.4076004e-06,0.999846,4.275144e-05,7.803932e-06,2.3932696e-05,1.4420488e-05,8.075741e-06,2.9277127e-05,1.5225486e-06,1.0734184e-05
AAAGCAACAATCGAAA-1-HCAHeart7844001,8.100696e-05,1.7696051e-05,0.9993729,1.0421164e-05,1.453974e-05,1.5135312e-05,0.00031126555,1.1788022e-05,0.00013661904,2.8015036e-06,2.585792e-05
AAGTACCTCGCGGACT-1-HCAHeart7905328,6.441174e-06,3.882956e-06,0.9999132,9.526776e-06,3.2425403e-06,5.6972544e-06,9.701602e-06,3.6618471e-06,3.760428e-05,4.5940212e-07,6.519338e-06
TCATGCCTCCCTCGTA-1-HCAHeart7905327,7.0130504e-06,4.5531983e-06,0.9998989,9.555137e-06,3.7210561e-06,6.3107977e-06,1.3195926e-05,3.5960104e-06,4.575016e-05,8.8513747e-07,6.5045015e-06
AAGTTCGAGTCTAGCT-1-HCAHeart7905331,6.3601765e-05,1.18051785e-05,0.99544346,0.0004594993,5.1237756e-05,0.0027613733,0.00019644531,1.1866414e-05,0.000911251,7.159083e-06,8.237182e-05
CGGCTAGTCCAGAAGG-1-HCAHeart7844001,2.5654272e-05,1.7842212e-05,8.3805835e-06,1.5113511e-06,0.0002416918,1.4146343e-05,0.99967897,9.799273e-07,4.719242e-06,4.3668215e-06,1.8373988e-06
GGTTGTAAGAGAGCAA-1-HCAHeart7905331,4.901135e-06,3.476844e-06,0.9998989,1.0857023e-05,3.998077e-06,4.7662165e-06,1.4241635e-05,2.6515243e-06,4.952715e-05,5.667046e-07,6.073528e-06
GTCGTAACATTGGGCC-1-HCAHeart7880861,1.4762384e-06,3.8035418e-05,6.710866e-06,1.7030765e-05,9.7688535e-06,6.980612e-06,8.626685e-07,3.5619798e-06,4.0915078e-05,1.8613713e-06,0.9998728
TACACGATCCTTTACA-1-HCAHeart7844002,6.6444672e-06,2.8568452e-06,0.99987054,2.881852e-05,3.2219807e-06,1.1789125e-05,6.2041786e-06,3.5258695e-06,5.908075e-05,4.7639023e-07,6.7927795e-06
CCACGTTGTGCTCGTG-1-HCAHeart7905328,5.3126387e-06,2.9895596e-06,0.999859,9.103987e-06,4.5755464e-06,6.089716e-06,1.1776414e-05,2.2757342e-06,9.15228e-05,6.0021426e-07,6.8289055e-06
CCTATTATCTCGCATC-1-HCAHeart7843999,6.2604877e-06,3.3859517e-06,0.99986196,7.481413e-06,4.025084e-06,4.3815717e-06,1.17801e-05,2.5814027e-06,8.723529e-05,6.357509e-07,1.0164324e-05
CATGGCGCAAGCGATG-1-HCAHeart7844003,6.1527803e-06,2.6011548e-06,0.99990773,9.003032e-06,2.9174007e-06,6.5718623e-06,9.601223e-06,2.788461e-06,4.2785814e-05,4.1035028e-07,9.46332e-06
CTGTCGTAGTCTGCGC-1-HCAHeart7905327,6.038882e-06,2.4307597e-06,0.99980396,1.1287176e-05,6.1605792e-06,1.1116933e-05,1.0295336e-05,2.4704848e-06,0.00013223817,7.436837e-07,1.323172e-05
TCTACCGCAAGTCCAT-1-HCAHeart7905331,1.11535155e-05,3.317474e-06,0.99988115,7.006522e-06,2.9174678e-06,3.8467338e-06,1.0715087e-05,4.1929325e-06,6.564507e-05,5.926065e-07,9.562104e-06
AGCAGCCGTAAGTGGC-1-HCAHeart7844001,5.114079e-05,2.1148291e-05,8.489782e-06,1.3690058e-06,0.00012408696,3.2877735e-05,0.9997491,1.3402906e-06,4.685365e-06,4.02524e-06,1.7912934e-06
GGCCGATAGCACACAG-1-HCAHeart7880861,2.3065054e-06,4.113479e-05,1.3648472e-05,1.2566488e-05,7.841807e-06,7.428001e-06,1.4225886e-06,3.1283478e-06,7.58345e-05,3.1389689e-06,0.99983156
CAACCAATCGACACCG-1-HCAHeart7905332,1.057774e-05,4.363896e-06,0.99903214,2.5023697e-05,1.6314942e-05,2.471634e-05,2.3385233e-05,4.5816005e-06,0.0008459529,1.8138813e-06,1.1174887e-05
ATCCGAATCAAGGTAA-1-HCAHeart7888926,1.7821989e-06,2.5192701e-05,7.654217e-06,9.593812e-06,6.99889e-06,5.286794e-06,8.6980197e-07,2.9036455e-06,4.2088042e-05,2.1144344e-06,0.9998957
TGAAAGAGTCAGAGGT-1-HCAHeart7844001,0.00022869438,0.00016171054,0.00011099765,0.00023526298,0.2889248,0.00017025053,0.70985,4.4915072e-05,6.0591505e-05,6.4863634e-05,0.00014777861
TCGTACCTCTGAGTGT-1-HCAHeart7844004,7.325102e-05,6.1691694e-06,6.474344e-05,5.7827197e-05,0.00013412288,0.00010098196,2.5766207e-05,3.990992e-05,0.97819567,0.021271285,3.0249294e-05
AGACAAAGTTGATCGT-1-HCAHeart7905330,1.0703382e-05,3.6109327e-06,0.9995988,0.00013019332,8.423644e-06,4.773653e-05,1.2839698e-05,5.2906707e-06,0.00016363793,1.5103136e-06,1.7115313e-05
ACGAGGATCGGCCGAT-1-HCAHeart7844004,7.1366458e-06,4.0151294e-06,0.9998596,1.2422222e-05,3.5300566e-06,9.134092e-06,1.340534e-05,2.9277678e-06,8.075208e-05,6.304693e-07,6.484352e-06
CTGAAACCATTCCTCG-1-HCAHeart7844001,1.3588711e-05,1.1822933e-05,1.2862062e-05,1.1204419e-05,3.5878802e-05,1.391924e-05,8.7517965e-06,1.3987425e-05,0.0006522255,0.9992193,6.5445797e-06
GAACCTAGTTACGGAG-1-HCAHeart7880860,7.314135e-06,8.426816e-06,0.9998417,1.1001137e-05,4.2362913e-06,5.7784746e-06,2.8275239e-05,5.009779e-06,7.7173696e-05,8.6284825e-07,1.0230285e-05
CGGACACTCCTGCAGG-1-HCAHeart7844001,0.0007409911,4.6814283e-05,0.99745697,1.5646585e-05,2.7255954e-05,5.448267e-05,0.0012874377,3.962788e-05,0.00026256993,9.194994e-06,5.9103335e-05
GAACCTATCCTTCAAT-1-HCAHeart7843999,7.2520957e-06,8.662736e-06,0.9995555,5.592792e-05,3.330922e-05,2.8784229e-05,4.9921677e-05,5.90643e-06,0.0002413844,5.2170067e-06,7.995165e-06
GTATCTTGTGAGGGTT-1-HCAHeart7880862,2.7013261e-06,0.9998055,5.001716e-06,1.147578e-05,1.5445223e-05,2.6057316e-05,5.50896e-06,3.7515987e-05,2.5702373e-06,1.2826074e-05,7.5300464e-05
CGATGGCAGGCATTGG-1-HCAHeart7844001,1.6815102e-05,3.8055568e-06,0.99985266,1.4682556e-05,3.695091e-06,1.2786692e-05,1.3269771e-05,7.949166e-06,6.4076354e-05,6.1374016e-07,9.619766e-06
GTGCAGCAGACGCTTT-1-HCAHeart7844003,5.6259946e-06,7.347435e-06,6.2642016e-06,2.1014099e-05,0.99981505,2.6288835e-06,9.3774725e-05,1.5789376e-05,1.47293495e-05,9.754222e-06,8.131675e-06
CAGATCAGTTCAGTAC-1-HCAHeart7844000,5.895763e-05,2.1299671e-05,7.1031236e-06,1.9700383e-05,4.3609863e-05,1.2005427e-05,2.0281175e-06,0.99977285,3.0654097e-05,6.7793158e-06,2.5009005e-05
GATTCAGCAAGACACG-1-HCAHeart7844001,5.1131e-05,9.140761e-06,0.9996749,1.5506223e-05,6.614505e-06,1.906703e-05,5.987136e-05,1.7224018e-05,0.00013432877,1.5843079e-06,1.0580972e-05
CCATGTCCATGCCCGA-1-HCAHeart7843999,5.7133775e-06,2.8862485e-06,0.9998486,1.562121e-05,4.4072112e-06,8.118472e-06,8.646883e-06,2.7560639e-06,9.155424e-05,5.7315964e-07,1.1107467e-05
TCAAGTGTCTGAGATC-1-HCAHeart7905329,4.4619614e-05,2.382942e-05,3.413524e-05,5.3795793e-06,0.0033904146,3.9350616e-05,0.9964347,3.3529784e-06,8.522659e-06,7.426382e-06,8.362408e-06
CGTCACTTCCGCGGTA-1-HCAHeart7844004,5.8495174e-05,2.0694666e-05,4.8491336e-05,2.6188369e-05,0.00010925086,4.384505e-05,3.0143376e-05,5.0680064e-05,0.033884518,0.9656981,2.9719464e-05
AAAGGTAAGCGCCTCA-1-HCAHeart7905330,0.0003007761,1.0563547e-05,2.1165886e-05,0.99958605,1.0833161e-05,1.2715206e-05,3.6828985e-06,1.5720663e-05,1.3589603e-05,1.411596e-05,1.0674947e-05
TGGAGAGAGGGCAATC-1-HCAHeart7905331,1.2140364e-05,3.3696435e-06,0.9993771,1.8457195e-05,9.655521e-06,1.2110309e-05,2.1113605e-05,5.3464614e-06,0.0005289261,1.2574518e-06,1.0579574e-05
GCGCAACTCAGAGGTG-1-HCAHeart7844001,0.00011869328,1.3730876e-05,0.000324919,6.025802e-05,0.00019032434,0.0002450214,6.2590225e-05,4.6914854e-05,0.8672002,0.13168499,5.2402174e-05
CGCGGTACAGCATGAG-1-HCAHeart7844003,6.708043e-06,2.9182613e-06,0.9998889,1.8578323e-05,3.310856e-06,6.914092e-06,7.700746e-06,3.780251e-06,5.4589418e-05,4.5555953e-07,5.946404e-06
GACAGAGTCTTGTATC-1-HCAHeart7844001,7.003257e-05,8.573138e-06,0.99977976,3.0387284e-05,3.7775249e-06,9.474388e-06,1.646189e-05,1.0777477e-05,4.7544472e-05,1.1292635e-06,2.2211847e-05
CCTAAGACAAGACGGT-1-HCAHeart7905332,1.1345878e-05,4.121395e-06,0.99983096,5.487811e-06,5.1723014e-06,6.721037e-06,2.0615053e-05,3.9585466e-06,9.1609916e-05,9.666572e-07,1.9172765e-05
AAAGAACGTAACATAG-1-HCAHeart7905327,8.736226e-06,3.7968723e-06,0.99975294,9.749975e-05,6.012451e-06,1.2620108e-05,1.4513483e-05,6.4301994e-06,8.858332e-05,9.22838e-07,7.991103e-06
TCAGGTATCCGTTGCT-1-HCAHeart7843999,2.5088615e-05,2.4462137e-05,2.3220087e-05,2.3182592e-06,0.000515678,1.1796132e-05,0.99938154,1.1783848e-06,6.393476e-06,5.2352107e-06,3.093125e-06
CAGCATATCGGAGGTA-1-HCAHeart7888926,2.4281137e-06,7.167374e-05,6.4262176e-06,2.3528644e-05,1.0702107e-05,8.715817e-06,1.1935665e-06,7.2467e-06,8.792562e-05,2.8815844e-06,0.99977726
TCGAGGCCATTCCTGC-1-HCAHeart7844004,2.6262354e-05,9.142449e-06,0.9995907,9.595113e-06,1.1134889e-05,1.9649384e-05,0.00018248786,7.030922e-06,0.000119496784,2.143981e-06,2.2375913e-05
TACTTACTCTGCAGCG-1-HCAHeart7905328,7.1737763e-06,4.153697e-06,0.99990094,6.340485e-06,3.5622124e-06,3.9416564e-06,1.4868011e-05,3.405768e-06,4.5965375e-05,5.680542e-07,9.039706e-06
ATTGGACCAGGTCTCG-1-HCAHeart7880863,6.2271506e-06,7.630065e-06,0.99986136,4.035284e-05,4.3136024e-06,7.948803e-06,1.4896631e-05,1.28738375e-05,3.8706305e-05,9.939098e-07,4.6733994e-06
TTTCCTCGTGTGTTTG-1-HCAHeart7905327,8.170657e-06,2.7059073e-06,0.99965465,9.554626e-06,8.186023e-06,1.1352677e-05,1.7581977e-05,2.8536908e-06,0.00027136394,1.0109443e-06,1.2473733e-05
GCACTCTAGTTAGGTA-1-HCAHeart7844001,0.00021505891,1.29561495e-05,0.00018748829,0.00019338154,0.00017082338,0.00056523905,0.00010787122,0.00022677369,0.88736355,0.11092621,3.0588297e-05
GTGTGCGAGTACATGA-1-HCAHeart7844001,7.1822965e-06,1.2999984e-06,3.7862614e-05,1.28512565e-05,2.8210912e-05,8.471971e-06,5.391479e-06,1.1432053e-05,0.9994592,0.00042046508,7.693401e-06
CTGATAGGTAATTGGA-1-HCAHeart7843999,3.2374468e-05,1.784624e-05,1.1608064e-05,1.0902245e-06,0.00030341776,1.7811299e-05,0.9996043,1.0169902e-06,4.5592683e-06,3.949671e-06,2.022237e-06
AGATCTGCACCACGTG-1-HCAHeart7844002,3.2772266e-05,1.3921892e-05,1.0185648e-05,1.6457705e-06,0.000139422,2.758699e-05,0.99976426,1.119452e-06,3.990736e-06,3.4756201e-06,1.7122071e-06
TACAGTGGTCTTCGTC-1-HCAHeart7888926,2.396443e-05,1.7993021e-05,1.17732125e-05,3.3182766e-06,0.0004794953,1.6010834e-05,0.99943274,1.1767269e-06,6.579336e-06,4.576375e-06,2.3137131e-06
GAAATGATCTCTGTCG-1-HCAHeart7843999,5.198958e-06,2.9034832e-06,0.9999075,1.7679198e-05,3.3218416e-06,7.369786e-06,6.65243e-06,3.1884663e-06,3.8346327e-05,4.5323185e-07,7.3795477e-06
AGAACCTGTCTGTAGT-1-HCAHeart7905328,7.475916e-06,2.331056e-06,0.999846,1.1281622e-05,3.6941574e-06,6.830139e-06,9.337616e-06,2.7423312e-06,0.00010245018,5.796169e-07,7.3001597e-06
TCAGCAACAGCGTTTA-1-HCAHeart7905328,6.817045e-06,3.2347948e-06,0.9999201,1.1041311e-05,2.223651e-06,4.491372e-06,7.6283663e-06,3.178736e-06,3.3869288e-05,4.8196165e-07,6.6237285e-06
ATAGACCAGGAGTACC-1-HCAHeart7844001,3.7533748e-05,1.8754e-05,1.232558e-05,1.2495198e-06,0.00018286704,2.9322975e-05,0.9997075,1.380258e-06,3.884898e-06,3.3503618e-06,1.6875654e-06
CTCGTCATCGGATGTT-1-HCAHeart7880861,3.1521467e-05,1.1834933e-05,9.596915e-06,3.7432615e-06,0.0008188165,1.5340433e-05,0.9990951,1.2853627e-06,5.9070494e-06,4.3968857e-06,2.5041065e-06
CGGGTCATCCACGCAG-1-HCAHeart7843999,7.296803e-06,1.2472066e-06,3.6753125e-05,8.6705495e-06,2.3382103e-05,7.6824435e-06,3.7811046e-06,8.1406915e-06,0.9995826,0.00031118363,9.4147545e-06
TAGACCATCAACCAAC-1-HCAHeart7888926,4.3215136e-06,1.1850708e-06,3.6215803e-05,1.8512645e-05,1.3022565e-05,5.0434746e-06,5.60552e-06,1.6310514e-05,0.99978834,8.555419e-05,2.5990108e-05
CCTCAGTAGAGCCCAA-1-HCAHeart7844002,2.9824449e-05,1.547849e-05,9.5657515e-06,1.4110453e-06,0.00022616885,2.1989283e-05,0.9996855,1.1406241e-06,3.843517e-06,3.2157704e-06,1.7974269e-06
GATCGCGAGAAACCGC-1-HCAHeart7844000,0.00018694178,4.060872e-05,0.13238367,0.00032952137,0.0004324287,0.00034416202,0.00033989787,0.00019423323,0.8485422,0.017121637,8.476573e-05
CTGCCTACAACACCCG-1-HCAHeart7844003,1.7956769e-05,5.8861942e-06,0.9998209,1.0538917e-05,4.37575e-06,6.979657e-06,2.5879504e-05,7.5035914e-06,9.0786496e-05,9.180332e-07,8.296053e-06
CCCAGTTAGTAGCGGT-1-HCAHeart7844001,8.295484e-06,1.449807e-06,2.846097e-05,9.966046e-06,3.2128602e-05,7.3905644e-06,5.4765837e-06,1.6875469e-05,0.9993624,0.0005191642,8.180734e-06
CCTCAGTCAATCTGCA-1-HCAHeart7844004,3.9084105e-05,1.4049601e-05,0.9992601,9.172922e-06,1.8622357e-05,2.7018526e-05,0.00042260825,1.0112622e-05,0.00017141597,3.0518418e-06,2.4658077e-05
TGCTGCTTCCGCTGTT-1-HCAHeart7888927,3.0661522e-05,4.6567857e-05,2.0116546e-05,0.99961936,7.194915e-05,3.2585867e-05,4.6150835e-06,0.00013215817,9.744968e-06,1.0408098e-05,2.1829828e-05
AACCAACGTACCCACG-1-HCAHeart7905327,9.481911e-06,2.9318846e-06,0.9997627,2.1987185e-05,4.7251365e-06,7.956695e-06,1.3049308e-05,3.831279e-06,0.0001645983,8.0766813e-07,7.9992715e-06
CAAGATCAGATGGGTC-1-HCAHeart7880861,6.17902e-06,1.177511e-06,4.400747e-05,1.20236655e-05,2.0441263e-05,6.3723915e-06,5.4498264e-06,2.5127794e-05,0.99968874,0.0001845027,5.9555814e-06
AGCAGCCTCTGTACGA-1-HCAHeart7844000,1.1216987e-05,3.1062777e-06,0.9998814,1.1920464e-05,2.819446e-06,8.076736e-06,9.470798e-06,3.3266783e-06,5.090308e-05,5.5113304e-07,1.7129476e-05
CCTTACGTCATCTGCC-1-HCAHeart7844004,1.2202723e-05,6.221246e-06,0.9995757,4.2241987e-05,9.094163e-06,1.9814684e-05,3.9163097e-05,4.6902474e-06,0.00027966793,5.294354e-06,6.0083244e-06
TGCAGGCAGTATAACG-1-HCAHeart7905328,1.3486882e-05,3.5400762e-06,0.99986815,9.715505e-06,3.2814626e-06,3.6157933e-06,1.4811919e-05,4.0985597e-06,7.0944814e-05,8.099935e-07,7.45146e-06
GTTAGTGGTCATACCA-1-HCAHeart7905332,6.7169667e-06,3.254255e-06,0.99990606,7.4025725e-06,2.7268559e-06,3.7801572e-06,1.1291591e-05,3.4311226e-06,4.8223028e-05,5.008728e-07,6.5558643e-06
GAACATCAGTGGCACA-1-HCAHeart7888927,5.3288395e-06,1.2367062e-06,3.1178013e-05,1.3280384e-05,1.6891467e-05,4.4688027e-06,4.53986e-06,2.5395864e-05,0.9997948,8.9725865e-05,1.3245904e-05
AGGATCTTCTGGTTGA-1-HCAHeart7905328,7.3504657e-06,3.2329237e-06,0.99977165,1.907688e-05,5.215592e-06,6.0970524e-06,1.40055445e-05,3.6948552e-06,0.00016057091,8.7657116e-07,8.237361e-06
ATTATCCGTGAAATCA-1-HCAHeart7844004,1.2878796e-05,5.120394e-06,0.99988496,8.874126e-06,3.210785e-06,8.738213e-06,1.50551e-05,3.5354292e-06,3.7406284e-05,6.811719e-07,1.9572679e-05
ATCACGAAGTAGAATC-1-HCAHeart7905328,4.9630158e-05,2.1481837e-05,0.0055451887,0.00013242853,0.0070726145,0.0002978159,0.00021581809,3.5810077e-05,0.985677,0.0008518669,0.00010017912
CCACTACGTGTTGAGG-1-HCAHeart7844004,5.1579964e-06,6.6490347e-06,0.99990535,1.1802742e-05,4.6914406e-06,7.509423e-06,1.7974735e-05,2.6716573e-06,3.0210205e-05,7.211758e-07,7.279847e-06
GAATGAACAAAGGCGT-1-HCAHeart7880862,2.3721238e-06,0.99984753,5.0050376e-06,8.488998e-06,1.4580883e-05,2.1815746e-05,6.068028e-06,1.8625506e-05,2.3329833e-06,8.72378e-06,6.4575695e-05
GAAGCAGCACCATCCT-1-HCAHeart7843999,3.5342719e-06,1.2188732e-05,7.4207555e-06,3.389161e-05,0.99981505,2.5940965e-06,8.25441e-05,1.3875198e-05,1.0478245e-05,8.84916e-06,9.55521e-06
GTGAGCCGTACAAGTA-1-HCAHeart7905332,1.0119655e-05,1.4020263e-05,9.921538e-06,9.926593e-06,2.1660899e-05,1.0266682e-05,5.878031e-06,9.08955e-06,0.000139517,0.99976534,4.2773536e-06
TACTCGCAGAAACCTA-1-HCAHeart7888926,8.553831e-06,3.7995355e-06,0.9998275,9.216804e-06,4.1048743e-06,5.316212e-06,1.395337e-05,4.264313e-06,0.00010454255,7.121395e-07,1.7945416e-05
ACATGGTGTACCAGTT-1-HCAHeart7844004,1.2407384e-05,8.675936e-06,1.1075546e-05,1.9690217e-05,0.9993026,2.5725606e-06,0.00059083325,7.5497337e-06,2.4219542e-05,1.2573972e-05,7.734183e-06
TCGTACCCAAATACAG-1-HCAHeart7843999,1.4242387e-05,6.825802e-06,0.99979156,6.7506035e-06,8.636937e-06,4.808931e-06,5.4141095e-05,4.2094516e-06,9.2541544e-05,1.1140966e-06,1.5220469e-05
GAAATGATCGGCCTTT-1-HCAHeart7905332,0.00025810886,0.00010022786,0.39007157,0.00081029214,0.0005626052,0.00074976945,0.00064831687,0.00015377428,0.59254974,0.01398239,0.000113201284
CACAGGCAGTTGAGTA-1-HCAHeart7880862,3.766128e-05,0.00018211623,0.9989021,4.551386e-05,2.2838363e-05,0.0003982772,0.00021007739,6.416794e-05,8.3572166e-05,4.5604384e-06,4.9100832e-05
ACGAGCCGTAAAGGAG-1-HCAHeart7844003,4.974923e-06,2.624229e-06,0.9998435,1.0764234e-05,5.5838836e-06,1.2304659e-05,9.972384e-06,2.058377e-06,9.656872e-05,6.5234883e-07,1.1055036e-05
ACTTTCACACGGCGTT-1-HCAHeart7880861,2.6287314e-06,0.00018657162,5.537749e-06,1.5085555e-05,1.0286661e-05,1.2872485e-05,8.909858e-07,1.1501741e-05,3.6313755e-05,3.0840326e-06,0.99971527
TTCTCCTCACACGCTG-1-HCAHeart7880861,3.0707764e-05,4.8989764e-06,7.101391e-06,0.9998894,7.400747e-06,5.67389e-06,3.071548e-06,2.049898e-05,1.5905976e-05,3.1322754e-06,1.2195987e-05
AGAACAAGTGAGTCAG-1-HCAHeart7905328,5.1197305e-05,1.172879e-05,0.9973143,0.002078519,3.717412e-05,0.00021967765,4.6055895e-05,1.7135086e-05,0.00012431119,2.5203199e-06,9.733255e-05
CACCAGGTCCAAACAC-1-HCAHeart7844000,0.0001240914,3.897677e-05,0.00016797987,8.619085e-05,0.0002461832,9.921887e-05,5.6065455e-05,0.00010710035,0.23489286,0.7641463,3.4937217e-05
CAGATCAGTCACTTCC-1-HCAHeart7844000,4.5863057e-05,5.579468e-06,5.749713e-05,2.97806e-05,7.3797084e-05,3.182815e-05,1.77035e-05,7.5821124e-05,0.9871678,0.012481908,1.2609274e-05
CTAATGGAGGTGCTAG-1-HCAHeart7843999,1.0507298e-05,1.686548e-05,8.678931e-06,1.0012718e-05,1.995588e-05,9.1298825e-06,5.444672e-06,1.0728298e-05,0.000115238596,0.99978966,3.7251446e-06
TCCACACCACCTCGTT-1-HCAHeart7888927,1.6022688e-06,3.067251e-05,7.406173e-06,1.1757969e-05,8.131081e-06,4.6835357e-06,9.0916916e-07,2.763676e-06,4.325847e-05,1.8182628e-06,0.999887
CGATGGCTCCGCAAGC-1-HCAHeart7844004,7.4818163e-06,9.1976716e-07,3.1653442e-05,5.8902806e-06,1.50097185e-05,6.4275255e-06,3.7943491e-06,9.87679e-06,0.99966705,0.00024377485,8.107118e-06
TCCACACAGCGCTTAT-1-HCAHeart7844004,5.190018e-05,1.5552201e-05,0.99956495,1.1026353e-05,1.0792726e-05,8.765324e-06,0.00017960707,1.1090673e-05,0.00012836944,2.4691874e-06,1.535671e-05
GCTGCGAAGAGGGATA-1-HCAHeart7888926,6.979555e-06,0.0006743467,1.4718281e-05,0.00026642228,2.800582e-05,7.6460805e-05,3.5314545e-06,6.010533e-05,0.00017135058,6.7677397e-06,0.99869126
TGAGGTTCACGCGTCA-1-HCAHeart7905332,7.44161e-06,6.0062425e-06,0.9998547,4.3891705e-05,8.669519e-06,1.0542028e-05,1.2069194e-05,1.0527511e-05,3.8138027e-05,9.587441e-07,7.1010095e-06
GTGCAGCCACTACACA-1-HCAHeart7905327,6.2550253e-06,3.2659714e-06,0.9998216,7.972712e-06,7.331608e-06,8.482271e-06,1.6873275e-05,2.7744015e-06,0.000105928695,6.917949e-07,1.887534e-05
TGAAAGATCGTTGACA-1-HCAHeart7843999,5.561961e-06,2.973324e-06,0.9998779,2.4676947e-05,4.526714e-06,9.7692855e-06,7.8455005e-06,3.4271477e-06,5.3483476e-05,6.704141e-07,9.088614e-06
CAGCTGGCAGACGCTC-1-HCAHeart7844001,1.3513438e-05,3.7142008e-06,0.99987066,1.0316408e-05,3.162638e-06,6.46931e-06,1.0137122e-05,8.0951095e-06,6.653362e-05,6.4810456e-07,6.7175038e-06
CTACGGGAGGCCCACT-1-HCAHeart7905328,4.3885677e-05,4.53348e-05,0.000773953,0.00020226145,3.2454303e-05,0.99800366,0.00048582067,7.976223e-06,0.0003121429,4.8245616e-05,4.4251603e-05
CTCACACCATTTGCCC-1-HCAHeart7844000,1.19757915e-05,1.2622813e-06,3.1214022e-05,6.859296e-06,1.8849209e-05,9.287656e-06,5.3931217e-06,1.50374335e-05,0.99927944,0.00061269436,7.970624e-06
CCTAACCCAGCGTTTA-1-HCAHeart7905328,5.2500895e-06,2.997102e-06,0.9998229,2.7718017e-05,6.6458433e-06,1.0361477e-05,1.4048709e-05,2.9742266e-06,9.861269e-05,7.3176574e-07,7.661226e-06
ACAGCCGGTTGATTCG-1-HCAHeart7880862,3.6002235e-05,1.7446191e-05,0.9984983,0.00042334612,1.0426273e-05,0.00070191943,9.229088e-05,8.67222e-06,0.00012858109,1.6112792e-05,6.6755674e-05
CCTAAAGCATCGGTTA-1-HCAHeart7844000,2.3156548e-05,5.38704e-06,0.9995844,0.00024912524,4.6491964e-06,3.7477836e-05,9.9523295e-06,8.664043e-06,6.643203e-05,1.0216748e-06,9.5711985e-06
TGACTAGGTAAGCACG-1-HCAHeart7844003,7.929017e-06,2.4604094e-06,0.9998267,1.4019372e-05,4.1383523e-06,1.1050508e-05,9.672273e-06,2.535424e-06,0.0001123639,5.6607115e-07,8.455122e-06
GAACATCAGTAGGCCA-1-HCAHeart7888927,6.098654e-06,1.4139035e-06,9.1167116e-05,3.2085944e-05,2.3161452e-05,8.027913e-06,8.432155e-06,3.9363276e-05,0.99967206,0.000105657,1.2784029e-05
GAAGGGTCATGAGAAT-1-HCAHeart7905329,7.846908e-06,2.6978664e-06,0.9998925,7.630673e-06,2.8431873e-06,4.5653824e-06,8.82723e-06,3.0116285e-06,6.1720544e-05,5.2254205e-07,7.835117e-06
GGGCACTTCGGAAACG-1-HCAHeart7844004,1.0237368e-05,1.0846276e-05,0.9998661,1.1915396e-05,4.185794e-06,4.5523284e-06,2.1672093e-05,5.090825e-06,5.9293456e-05,1.022739e-06,4.99729e-06
CGTTGGGGTTATCACG-1-HCAHeart7844000,8.638535e-06,3.53183e-06,0.99986017,4.329574e-05,2.6178313e-06,1.7856613e-05,7.267525e-06,3.2808794e-06,4.5998848e-05,6.1084955e-07,6.6628004e-06
AGAAGCGCAACGGGTA-1-HCAHeart7905330,7.3988185e-06,2.6923028e-06,0.9997279,2.1057462e-05,6.1275628e-06,1.0754751e-05,1.1458946e-05,3.3548904e-06,0.00020000247,7.7607785e-07,8.633332e-06
AACCAACAGGATACGC-1-HCAHeart7905327,5.955922e-06,3.5008923e-06,0.9998871,1.13612305e-05,3.5221774e-06,3.6044244e-06,1.2428986e-05,3.319152e-06,6.3762796e-05,6.4896625e-07,4.8161883e-06
AGTGAGGGTCATTAGC-1-HCAHeart7844001,4.4018427e-05,2.1616155e-05,8.647052e-06,1.7271587e-06,0.0001554414,2.2105187e-05,0.99973553,1.1163058e-06,4.262311e-06,3.598349e-06,1.9245463e-06
TGTTCCGCATCTATGG-1-HCAHeart7844004,7.054017e-06,2.4963065e-06,0.999864,8.134182e-06,3.6417537e-06,6.490512e-06,9.568901e-06,2.6901666e-06,8.520815e-05,5.9551115e-07,1.0174693e-05
TTCCACGCAAATCGGG-1-HCAHeart7905330,6.6766556e-06,2.6447703e-06,0.99978036,3.8289854e-05,6.2761706e-06,2.0511801e-05,1.0911921e-05,3.3896233e-06,0.00011481354,8.823138e-07,1.5264692e-05
AGCGGTCTCTCGTATT-1-HCAHeart7844001,4.6330362e-05,2.2859156e-05,1.1970758e-05,2.0303676e-06,0.00010974164,3.698234e-05,0.9997563,1.4285789e-06,5.1726797e-06,4.4210237e-06,2.7307203e-06
TTGACTTGTTATTCTC-1-HCAHeart7880861,2.4303579e-06,4.7009395e-05,6.580504e-06,1.3273563e-05,8.2302595e-06,6.10033e-06,1.0553102e-06,3.7277234e-06,5.478769e-05,2.6306093e-06,0.9998542
AAACGGGTCCATGAAC-1-HCAHeart7880862,1.5064472e-05,6.7040037e-06,9.046069e-06,0.9999112,1.427654e-05,5.564491e-06,2.3112934e-06,1.8553063e-05,5.3028934e-06,4.340496e-06,7.6371425e-06
CGTTGGGGTCAAGCGA-1-HCAHeart7844001,3.0220097e-05,5.781131e-06,9.528539e-06,0.99989986,1.2138607e-05,5.3367335e-06,2.2154968e-06,1.8694549e-05,4.6131786e-06,4.914681e-06,6.53758e-06
TCTGTCGCAATGAGCG-1-HCAHeart7905328,1.0158422e-05,1.48737845e-05,1.2414919e-05,1.17496475e-05,2.700112e-05,1.0757792e-05,5.54904e-06,1.0085108e-05,8.700098e-05,0.9998056,4.6672335e-06
CATCGGGGTTAGGACG-1-HCAHeart7905328,7.237876e-06,2.9339258e-06,0.99984825,3.404246e-05,3.867113e-06,1.1737325e-05,7.4837862e-06,4.052487e-06,6.923989e-05,5.5642863e-07,1.0615941e-05
CGAGGAATCTCTCTTC-1-HCAHeart7905327,9.261699e-06,8.613954e-06,0.99985075,3.210472e-05,8.875702e-06,7.799059e-06,1.996791e-05,1.5176103e-05,3.9166367e-05,1.244905e-06,7.1308887e-06
TTGGAACCACCACGTG-1-HCAHeart7844001,1.0364963e-05,3.3234292e-06,0.9998627,1.0647974e-05,3.772013e-06,8.392811e-06,1.4983234e-05,4.122095e-06,7.3451185e-05,6.125289e-07,7.678214e-06
TATCAGGTCAGCTTAG-1-HCAHeart7888927,3.0959698e-06,6.49957e-05,1.15064895e-05,3.4646626e-05,1.0941698e-05,7.729763e-06,1.353009e-06,6.076182e-06,4.658422e-05,2.5726897e-06,0.9998104
CTACCCACAATGGATA-1-HCAHeart7844001,1.1162483e-05,1.0005302e-06,2.4926077e-05,1.5599606e-05,1.1871097e-05,1.1417694e-05,3.5231094e-06,1.5371163e-05,0.99974924,0.0001496609,6.0092707e-06
GTTAGTGGTAGCGTTT-1-HCAHeart7905329,6.0556868e-05,8.210125e-06,0.008243364,7.4521246e-05,0.00013360396,0.0001868263,6.192144e-05,5.074672e-05,0.985319,0.0058285985,3.2714463e-05
GAACCTAGTAGTAGTA-1-HCAHeart7844004,9.029022e-06,2.9552823e-06,0.99985504,1.0572297e-05,3.7132113e-06,9.711886e-06,1.0580043e-05,2.8132185e-06,7.908357e-05,5.84196e-07,1.5811525e-05
ACCCAAATCTCTCTAA-1-HCAHeart7905331,9.917149e-06,3.1477541e-06,0.9998493,5.761702e-06,4.4351855e-06,7.863718e-06,1.5272415e-05,3.303197e-06,8.143101e-05,7.91283e-07,1.8803206e-05
TTCTACACAGTCTTCC-1-HCAHeart7880862,3.0728995e-06,0.9997857,5.755986e-06,2.0395439e-05,1.66204e-05,2.7694738e-05,6.2864838e-06,2.9403707e-05,3.2287912e-06,9.866118e-06,9.192283e-05
CCAATCCGTTCCTCCA-1-HCAHeart7844001,3.0819774e-05,2.217121e-05,6.627852e-06,2.6331913e-06,0.00054354995,1.8421766e-05,0.99936014,1.6282295e-06,5.913938e-06,5.674652e-06,2.3551968e-06
GACCAATCATCTTTCA-1-HCAHeart7905327,7.187643e-06,3.0052986e-06,0.9997311,2.4090092e-05,7.5603652e-06,1.1279939e-05,1.3226631e-05,3.7886152e-06,0.00018620718,8.6873456e-07,1.1731418e-05
AAGCGAGTCCAGTGTA-1-HCAHeart7905329,6.809801e-06,2.1575095e-06,0.9998536,9.034393e-06,3.6388692e-06,7.9442925e-06,1.1861042e-05,2.476042e-06,9.403967e-05,6.0125427e-07,7.679339e-06
TCTGAGACAGTCGTGC-1-HCAHeart7844001,0.0026131214,3.485072e-05,0.00022003008,0.99244314,6.193704e-05,0.00064257585,5.983037e-05,0.0029064254,0.00050058874,0.00048422802,3.3143977e-05
GGACAAGTCCACGCAG-1-HCAHeart7844004,1.5226678e-05,5.0927356e-06,0.9993013,1.0830334e-05,1.1700124e-05,1.4815174e-05,3.4045617e-05,6.5523427e-06,0.00058076234,2.0526104e-06,1.7660106e-05
CACAAACTCTAGAGTC-1-HCAHeart7844001,1.0577247e-05,4.8876727e-06,0.9998921,1.1046521e-05,3.7324432e-06,6.3044927e-06,1.281783e-05,7.0315873e-06,4.5074205e-05,6.491843e-07,5.739857e-06
AAGCCATCAGGTCTCG-1-HCAHeart7905332,5.6477006e-06,2.9460182e-06,0.9998492,2.2812888e-05,4.5159463e-06,6.6864955e-06,9.737073e-06,3.6440276e-06,8.751181e-05,6.8289916e-07,6.551804e-06
CTAGGTATCAGCCTCT-1-HCAHeart7905328,5.0970693e-06,6.1397027e-06,0.99978167,2.0766563e-05,1.74394e-05,1.9190717e-05,1.9973788e-05,3.7164461e-06,0.000107477776,1.9411755e-06,1.6629876e-05
GAACGGAGTTACGCGC-1-HCAHeart7844004,3.5889352e-05,0.00010942571,0.99964464,2.4541701e-05,7.276797e-06,1.0255794e-05,6.821841e-05,1.082609e-05,6.7340945e-05,2.111834e-06,1.9531282e-05
ACCAGTACAGTTCCCT-1-HCAHeart7844004,7.288301e-05,2.2485387e-05,6.440355e-05,4.0326056e-05,9.513873e-05,5.423246e-05,3.5235254e-05,5.3501248e-05,0.039997716,0.95954627,1.7603965e-05
CTCGTACCAGACGCTC-1-HCAHeart7888926,1.431872e-06,3.800917e-05,6.6314615e-06,7.813481e-06,8.107451e-06,4.9188106e-06,7.139692e-07,3.2462895e-06,2.6729991e-05,1.7232892e-06,0.9999006
GGACAAGTCATGGTCA-1-HCAHeart7888926,1.5737298e-06,2.299621e-05,6.2251183e-06,7.300389e-06,7.5005737e-06,3.939786e-06,7.193772e-07,3.3327713e-06,3.9262737e-05,2.2236154e-06,0.999905
TGCGACGGTGGAAATT-1-HCAHeart7905328,7.349657e-06,2.6167575e-06,0.9998523,1.8970557e-05,3.4286486e-06,9.401896e-06,9.650463e-06,2.6987384e-06,7.98149e-05,5.9718474e-07,1.3088904e-05
GACTACACATACAGCT-1-HCAHeart7843999,1.1410583e-05,9.216193e-06,0.99987197,1.1617341e-05,4.5157303e-06,3.5078674e-06,1.9647698e-05,7.321231e-06,5.295477e-05,9.736714e-07,7.05443e-06
AGCCAGCCAGGAGACT-1-HCAHeart7905327,7.852226e-06,2.4688366e-06,0.9998337,6.209692e-06,4.549238e-06,6.46381e-06,1.4909166e-05,2.634972e-06,0.00010978814,6.9541096e-07,1.0773844e-05
TCTACATAGTGCGACA-1-HCAHeart7905331,8.309926e-06,4.4592293e-06,0.99989426,6.0963575e-06,3.5473504e-06,5.0227873e-06,1.2250942e-05,3.6826957e-06,5.213415e-05,5.9358547e-07,9.656428e-06
GCACTCTAGACGCAAC-1-HCAHeart7888926,0.00031661888,0.00035364868,0.0005402253,0.00040416728,0.017113293,8.961786e-05,0.9779003,2.7409638e-05,0.002980441,0.00016848119,0.00010574651
CAGCAGCTCTATGTGG-1-HCAHeart7888927,4.077284e-06,0.00012716191,1.203982e-05,0.00010544525,2.5220246e-05,2.4365656e-05,2.5932493e-06,1.7372678e-05,0.00031390143,5.076677e-06,0.99936265
AGGAATAAGGGAGGCA-1-HCAHeart7905328,5.28936e-06,1.95948e-06,0.9998325,2.0021434e-05,5.093072e-06,2.0017025e-05,1.0450206e-05,2.2041343e-06,9.034017e-05,6.6867375e-07,1.1413855e-05
GACGCTGAGCTTTCCC-1-HCAHeart7905331,4.9666246e-06,3.2354185e-06,0.9998354,1.0586758e-05,6.683547e-06,7.799154e-06,1.316791e-05,2.5348438e-06,0.00010565754,8.355633e-07,9.338443e-06
CGGACTGGTGCCTGCA-1-HCAHeart7843999,7.715995e-06,3.964112e-06,0.9999044,1.0083268e-05,2.7678075e-06,5.6520703e-06,1.2600611e-05,2.6518576e-06,3.575149e-05,5.5632194e-07,1.3772601e-05
CCTTCCCTCTAACGGT-1-HCAHeart7844000,6.7638575e-06,5.0907643e-06,0.99986184,1.46181965e-05,1.07024825e-05,1.2824815e-05,1.581869e-05,4.0322257e-06,5.1755524e-05,1.3225376e-06,1.4990268e-05
CACATTTTCTCGTTTA-1-HCAHeart7888927,9.132018e-06,0.9953034,1.6008782e-05,4.46782e-05,4.5468678e-05,0.0001019929,1.28529955e-05,6.5848544e-05,1.528363e-05,2.3735949e-05,0.004361575
GCACTCTGTAGGCTGA-1-HCAHeart7844004,1.7997314e-05,5.9983745e-06,0.99986374,1.4344345e-05,3.073318e-06,7.8149e-06,2.0887166e-05,5.0743133e-06,4.8475136e-05,7.983034e-07,1.1637694e-05
CGGAGTCCAGTACACT-1-HCAHeart7888926,1.8653815e-06,6.251184e-05,5.5107585e-06,9.474065e-06,9.211654e-06,5.923084e-06,7.610865e-07,5.3193826e-06,3.1632968e-05,2.1188866e-06,0.9998658
CTTAACTCAAACCCAT-1-HCAHeart7844001,1.124817e-05,1.2354605e-05,9.7127895e-06,1.0220315e-05,2.272726e-05,9.879424e-06,5.971306e-06,1.0636339e-05,0.00020384605,0.99969923,4.1542335e-06
ATCTGCCGTTGTACAC-1-HCAHeart7880862,3.24268e-06,0.9996835,5.6117783e-06,9.810824e-06,1.6007538e-05,2.7856579e-05,6.8153986e-06,2.9966743e-05,3.6753172e-06,7.568568e-06,0.000206087
CGAACATCAGCTGTTA-1-HCAHeart7844004,7.4373415e-06,2.9180626e-06,0.99980265,8.744562e-06,4.5091992e-06,6.7613482e-06,1.3119259e-05,3.0497326e-06,0.00013904957,7.356315e-07,1.0997455e-05
TTCCACGAGATACGAT-1-HCAHeart7905328,6.0090765e-06,3.6151325e-06,0.9997675,7.223966e-05,6.3188927e-06,1.2193477e-05,1.5415322e-05,5.756101e-06,0.000104457555,8.4440285e-07,5.782169e-06
TTCATTGCAGTCCCGA-1-HCAHeart7905327,4.0571053e-06,8.9773e-06,7.20555e-06,2.7056876e-05,0.9997856,2.135224e-06,0.00012641534,7.400692e-06,1.3877516e-05,9.9443505e-06,7.2668995e-06
TGAGGAGTCGTACACA-1-HCAHeart7905331,5.0490116e-06,3.236672e-06,0.9998299,1.5721185e-05,7.6087954e-06,1.36944345e-05,1.3342714e-05,2.8135048e-06,9.882813e-05,5.4727815e-07,9.230767e-06
CCTTTCTAGACGACGT-1-HCAHeart7843999,6.3481884e-06,4.1385065e-06,0.99989545,8.426578e-06,3.6334834e-06,5.354318e-06,1.2154227e-05,2.7877168e-06,4.422649e-05,5.496506e-07,1.688914e-05
CTCAGTCTCGAAGTGG-1-HCAHeart7905328,7.7318955e-06,2.9603775e-06,0.9998745,1.7764332e-05,3.352251e-06,5.085263e-06,1.2398594e-05,3.5754838e-06,6.275753e-05,6.346823e-07,9.168552e-06
TCCACACTCACGACTA-1-HCAHeart7844003,0.004387966,8.535117e-05,0.96508795,9.6621785e-05,0.00023116176,0.0009147892,0.017741475,0.00025245364,0.010978649,9.506821e-05,0.00012862163
GAATCGTAGTATTCCG-1-HCAHeart7905332,6.4586275e-06,2.3948621e-06,0.9997726,1.141586e-05,5.5441965e-06,8.509419e-06,1.4087687e-05,2.5689296e-06,0.00016757687,7.7605927e-07,7.973507e-06
GAACGGAAGGTCATCT-1-HCAHeart7844004,1.2085006e-05,6.5876707e-06,0.99984884,6.45702e-06,5.1845873e-06,6.547741e-06,3.5801433e-05,3.877981e-06,5.688166e-05,9.12604e-07,1.6752452e-05
GACGTGCCATTCTTAC-1-HCAHeart7844001,2.7011914e-05,1.5538895e-05,6.00265e-06,1.5887794e-06,0.00033238198,2.01955e-05,0.99958736,1.0326993e-06,3.890886e-06,3.28808e-06,1.635373e-06
ACTGATGTCTACGAGT-1-HCAHeart7844001,1.2137584e-05,1.3253881e-06,3.6936523e-05,1.1050048e-05,2.226439e-05,1.3244891e-05,6.241866e-06,1.215445e-05,0.99913883,0.0007406595,5.0661392e-06
ATACCGATCCTAACAG-1-HCAHeart7905327,7.3282386e-06,3.4984632e-06,0.99983394,7.676398e-06,4.8378342e-06,4.5140687e-06,1.7488414e-05,2.704153e-06,0.00011032703,7.6225643e-07,6.8144677e-06
GTTGCGGTCACATCAG-1-HCAHeart7905329,6.2083536e-06,3.857469e-06,0.9998833,1.0418942e-05,3.4845705e-06,3.3381127e-06,1.2343912e-05,3.5514613e-06,6.714742e-05,6.226067e-07,5.74485e-06
TGGTTAGCATCTCCCA-1-HCAHeart7844004,1.8315919e-05,1.1350228e-05,0.99987006,1.9188661e-05,3.2277949e-06,6.401093e-06,1.9066243e-05,5.5468895e-06,3.3641387e-05,8.6133855e-07,1.2223791e-05
TTACCGCCAGTTTGGT-1-HCAHeart7905331,5.470385e-06,3.9257193e-06,0.9997967,1.277173e-05,8.6081345e-06,8.242967e-06,1.3456549e-05,3.1367467e-06,0.00013522293,1.0028389e-06,1.1526188e-05
GTGCACGTCCCATACC-1-HCAHeart7905332,5.901384e-06,3.0879296e-06,0.9997955,3.4335466e-05,7.726295e-06,1.712544e-05,1.22901365e-05,4.03152e-06,0.00011135678,1.0539288e-06,7.5056196e-06
AGCGTATTCTTGTTTG-1-HCAHeart7844001,5.72694e-05,1.0930412e-05,0.052489825,0.00010122518,0.00022731182,9.318651e-05,0.00024397281,5.9863134e-05,0.94603544,0.00066071283,2.0184405e-05
GTCATTTGTGTTTGTG-1-HCAHeart7888927,1.7981026e-06,5.204375e-05,5.7746975e-06,1.1207928e-05,1.07404385e-05,5.1052343e-06,9.297793e-07,4.271669e-06,3.1969183e-05,1.7249098e-06,0.9998745
TCAACGACATACTCTT-1-HCAHeart7844004,3.9133254e-05,5.282264e-06,0.9994591,2.741771e-05,6.7681067e-06,1.6722812e-05,2.3258635e-05,8.1020635e-06,0.0003882248,1.5039554e-06,2.4522571e-05
TCAGGATGTCTAGCCG-1-HCAHeart7888927,4.539565e-06,0.00010409284,1.4260604e-05,3.5854435e-05,1.3526491e-05,1.2538194e-05,2.066429e-06,1.11437175e-05,0.00023708271,4.5854345e-06,0.9995602
TAAGAGAGTAGCGCTC-1-HCAHeart7843999,4.2936967e-06,3.5505914e-06,0.9998815,2.0581716e-05,5.498645e-06,7.191371e-06,1.3283068e-05,3.3436952e-06,5.4557426e-05,7.0525164e-07,5.644502e-06
ATTCTACCAAAGTCAA-1-HCAHeart7880863,4.37858e-05,6.3438197e-06,0.9991425,0.0005120543,6.825503e-06,0.00015553554,2.2215987e-05,1.0709112e-05,7.7793775e-05,3.7590262e-06,1.8324286e-05
GGTGAAGGTTTGTTTC-1-HCAHeart7844001,1.837949e-05,7.809948e-06,0.9997794,7.882918e-05,3.765327e-06,1.5429318e-05,1.1230015e-05,9.346002e-06,5.9777823e-05,7.711584e-07,1.5385664e-05
TACGGGCTCGGATGTT-1-HCAHeart7844001,1.5119226e-05,7.5647663e-06,0.99986005,1.25687175e-05,3.920793e-06,6.412974e-06,2.682224e-05,5.1365573e-06,4.792963e-05,8.0365135e-07,1.37435845e-05
GGGAGATGTGCTTCTC-1-HCAHeart7844003,0.000298137,8.48525e-05,0.007141456,0.00014392399,0.00043828646,0.00044552123,0.00043673455,0.00034083496,0.09410679,0.89650583,5.757786e-05
GGGCTCACACACGCCA-1-HCAHeart7905332,1.2962033e-05,8.345111e-06,0.9997098,6.0103313e-05,1.74193e-05,2.7571732e-05,2.2763334e-05,1.553613e-05,0.0001080206,6.8806185e-06,1.0756269e-05
CTGTGCTAGGGCTTGA-1-HCAHeart7844001,2.4341249e-05,4.6069777e-06,0.9998117,1.8147057e-05,3.8810554e-06,9.66784e-06,1.8407061e-05,9.702541e-06,8.9420195e-05,8.134575e-07,9.458008e-06
CAGAATCTCTTCGAGA-1-HCAHeart7880861,3.2750715e-05,7.041869e-06,0.9988611,0.000120584715,6.4488695e-06,0.0007293036,5.8187914e-05,6.250089e-06,0.00013303821,3.1984375e-06,4.2164997e-05
TGCGTGGTCACTCTTA-1-HCAHeart7844004,4.7096026e-05,3.4219138e-05,0.99897987,9.701599e-06,2.8757886e-05,3.1467134e-05,0.00070558034,7.0693677e-06,9.870814e-05,3.190683e-06,5.449596e-05
CATCGAAAGAGGACGG-1-HCAHeart7844001,4.1709158e-05,2.0375885e-05,5.445939e-06,1.7286151e-06,0.00013428579,3.0978623e-05,0.99975437,1.1511436e-06,4.494848e-06,3.7537848e-06,1.6606182e-06
CGGTTAATCTAACTCT-1-HCAHeart7844002,5.3736594e-06,2.328494e-06,0.99988496,1.616121e-05,3.665741e-06,9.708945e-06,6.6160524e-06,2.9319185e-06,5.952398e-05,5.165913e-07,8.059621e-06
CACGTTCAGTAATCCC-1-HCAHeart7905328,5.6433983e-06,2.8931008e-06,0.99983,1.8186249e-05,6.0417124e-06,1.0155289e-05,1.0062268e-05,2.8876925e-06,0.00010271484,6.4807455e-07,1.075632e-05
TTAACTCAGGGTTTCT-1-HCAHeart7844001,0.00013690625,7.4795234e-06,1.7597908e-05,0.9997687,9.159255e-06,1.323037e-05,3.0143472e-06,2.0039315e-05,9.265755e-06,8.166891e-06,6.549127e-06
CTCATTAGTCAACTGT-1-HCAHeart7880861,1.3826074e-06,3.276879e-05,8.417013e-06,1.1073486e-05,7.94505e-06,6.72707e-06,1.0299259e-06,2.6665707e-06,7.066174e-05,2.6454964e-06,0.99985456
AGCTTGAGTTTGGCGC-1-HCAHeart7844000,4.4258686e-06,7.277398e-06,8.547527e-06,1.740522e-05,0.99979776,1.9607467e-06,0.00011833834,5.3963104e-06,1.9255556e-05,1.4201163e-05,5.5195615e-06
CGCGGTAGTAGAAAGG-1-HCAHeart7844004,5.030011e-06,4.3619634e-06,0.9999162,9.256425e-06,3.4867562e-06,6.0198195e-06,1.4069985e-05,2.0372875e-06,3.122212e-05,4.8381884e-07,7.743508e-06
GCGCGATAGGCAGTCA-1-HCAHeart7888926,1.5767621e-06,3.7468602e-05,5.3221816e-06,8.172793e-06,7.909634e-06,4.5208717e-06,7.49406e-07,3.981035e-06,3.4105306e-05,2.1941419e-06,0.999894
CGATGGCAGTCTCGGC-1-HCAHeart7844004,7.794536e-06,3.9571178e-06,0.99977225,3.1447977e-05,4.8602365e-06,1.355797e-05,1.0468767e-05,4.844535e-06,0.0001287875,6.5090353e-07,2.1272577e-05
GATCCCTGTCGAGCAA-1-HCAHeart7905332,5.2567584e-06,2.6650246e-06,0.9998611,1.0428423e-05,3.8003445e-06,5.5911123e-06,1.19906845e-05,2.338941e-06,8.916743e-05,5.925641e-07,6.958152e-06
GATCAGTGTACGACCC-1-HCAHeart7844000,0.00015389347,2.9835346e-05,0.00013366978,7.537592e-05,0.0002009392,0.00013435404,6.1896906e-05,9.1934045e-05,0.5309715,0.4680814,6.518193e-05
CTAACTTAGCTACCGC-1-HCAHeart7844003,0.00041420097,0.00014306064,0.99039954,2.6432735e-05,5.4075623e-05,0.000116493524,0.008429972,3.1286632e-05,0.00030065817,1.535687e-05,6.879072e-05
GTAACGTGTCATGCCG-1-HCAHeart7844004,1.8177316e-05,7.710366e-06,0.99987745,2.0965963e-05,3.983449e-06,7.178624e-06,1.4743677e-05,1.0346036e-05,3.1228115e-05,1.1243048e-06,7.0507826e-06
CGTCCATCACTGTCGG-1-HCAHeart7844001,8.382172e-06,2.6779283e-06,0.99956816,3.152118e-05,1.7190852e-05,9.136025e-05,1.35634655e-05,2.8024301e-06,0.00021566983,1.2304573e-06,4.7265043e-05
TGAGAGGAGACAAAGG-1-HCAHeart7844001,2.9124476e-05,1.6877426e-05,9.679116e-06,1.7921597e-06,0.00019341164,1.9506797e-05,0.99971956,9.472946e-07,3.9895867e-06,3.3737442e-06,1.7236592e-06
ACGGCCAAGATGTCGG-1-HCAHeart7844003,8.328326e-06,3.1435914e-06,0.9998869,8.669071e-06,3.4144193e-06,5.1762718e-06,1.2891821e-05,3.4215743e-06,5.9288464e-05,5.281565e-07,8.230552e-06
CCCTGATCACTAACGT-1-HCAHeart7905332,5.571567e-06,3.0712124e-06,0.99987924,6.615888e-06,4.488071e-06,6.0545963e-06,1.38420955e-05,2.2046306e-06,7.040962e-05,5.41695e-07,7.911079e-06
CATGACATCAAGAAGT-1-HCAHeart7844000,5.797415e-06,8.7890385e-07,4.0979066e-05,6.7227197e-06,1.4024293e-05,6.4154397e-06,3.929841e-06,7.819508e-06,0.9997037,0.00020300964,6.5522377e-06
CAACAGTAGTACTGTC-1-HCAHeart7905331,1.5938766e-05,3.8910503e-06,0.9998803,2.3108112e-05,2.9550044e-06,5.0212516e-06,1.2567018e-05,6.4671453e-06,4.3935335e-05,9.800461e-07,4.858727e-06
TAGTTGGTCCGTAGTA-1-HCAHeart7844001,7.830301e-06,9.184057e-07,8.4115774e-05,9.845517e-06,1.5391017e-05,9.548292e-06,4.665526e-06,8.76269e-06,0.99971825,0.00013621889,4.355962e-06
ACGAGGACACACGCTG-1-HCAHeart7844004,8.64565e-06,4.407187e-06,0.9998852,7.999015e-06,4.7841118e-06,5.52646e-06,1.8791423e-05,3.4921425e-06,5.1750223e-05,6.032025e-07,8.7811195e-06
ACGGAGAGTTACTGAC-1-HCAHeart7888926,4.6401065e-06,1.2249596e-05,0.9997768,8.025406e-05,1.42214785e-05,2.7601229e-05,1.4217736e-05,8.843464e-06,4.2298903e-05,1.0914758e-06,1.7871002e-05
AAGTCTGAGCATGGCA-1-HCAHeart7880862,0.00010814995,1.3207352e-05,1.7782726e-05,0.9993693,2.4227189e-05,2.688314e-05,8.450005e-06,0.00036516244,3.7875205e-05,5.9140602e-06,2.3065597e-05
TCCCATGGTTTCCAAG-1-HCAHeart7905329,5.8414707e-06,3.2270898e-06,0.99990714,1.3021429e-05,3.2229193e-06,4.9643813e-06,7.646615e-06,4.044089e-06,4.42915e-05,5.4418155e-07,6.0879424e-06
AGCATACTCGGTCCGA-1-HCAHeart7844003,1.9356408e-05,1.2439848e-05,1.4478695e-05,1.2153707e-05,3.931621e-05,1.502822e-05,1.0425998e-05,1.5017216e-05,0.0010472051,0.9988072,7.376589e-06
CAGTAACGTGACTCAT-1-HCAHeart7844004,8.9249625e-05,1.41189175e-05,0.055378728,0.00013039776,0.00017915455,0.0002607663,0.00014566592,7.968098e-05,0.9396966,0.0039808326,4.4760927e-05
CACCACTGTCTCTCTG-1-HCAHeart7880862,4.4852245e-06,0.999694,6.7163746e-06,4.405376e-05,2.813196e-05,2.847568e-05,7.46754e-06,3.7055936e-05,4.770678e-06,1.1255408e-05,0.00013360796
AAGGAGCGTATTAGCC-1-HCAHeart7843999,7.059156e-06,4.1200947e-06,0.99987507,6.605843e-06,4.2797697e-06,5.025388e-06,1.9242761e-05,2.29629e-06,6.0158043e-05,7.624411e-07,1.5479169e-05
AGTAGTCGTTATCGGT-1-HCAHeart7844003,2.3869376e-05,2.0065632e-05,1.1045507e-05,1.2742516e-05,2.541529e-05,1.63897e-05,7.767921e-06,1.9543528e-05,0.00089391164,0.9989635,5.8181754e-06
GCATGCGAGCATGGCA-1-HCAHeart7888926,1.3693186e-06,2.8598568e-05,6.5419677e-06,8.800636e-06,7.917662e-06,5.4036154e-06,6.964031e-07,3.0777337e-06,3.6229463e-05,2.0210234e-06,0.9998994
CAACCTCAGGACAGAA-1-HCAHeart7843999,6.3629873e-06,3.8121586e-06,0.9999018,9.459699e-06,2.8794268e-06,3.6119925e-06,9.611435e-06,3.2909907e-06,5.3450334e-05,5.7939945e-07,5.097925e-06
TGAGGGACAACTGGCC-1-HCAHeart7844003,3.49663e-05,8.735191e-06,0.9998233,1.5830457e-05,4.247763e-06,5.6731633e-06,2.8649756e-05,1.0978851e-05,5.8214147e-05,1.2931604e-06,8.069722e-06
GACACGCGTCGCGGTT-1-HCAHeart7880862,2.6658774e-06,0.9997805,4.6696446e-06,7.551594e-06,1.2079203e-05,3.2964097e-05,7.2115354e-06,3.0177409e-05,2.6911532e-06,8.0041145e-06,0.000111540685
GTTCATTGTCAGATAA-1-HCAHeart7844004,8.620965e-06,5.9761824e-06,0.99912816,2.9982646e-05,2.0124733e-05,2.1226195e-05,4.05384e-05,4.4916637e-06,0.0007278755,4.808968e-06,8.185207e-06
ATCCGAAGTGACCAAG-1-HCAHeart7843999,2.2836039e-05,2.0594314e-05,1.1163146e-05,2.0714588e-05,1.9660698e-05,1.8488745e-05,6.080363e-06,2.0542471e-05,0.00013635158,0.99972004,3.5337405e-06
TGGCCAGTCATCGGAT-1-HCAHeart7844004,3.6157006e-05,2.583889e-05,0.9995732,1.0448073e-05,9.2138e-06,1.6400487e-05,0.00021531188,7.682319e-06,6.665994e-05,2.1490446e-06,3.6954905e-05
CGTGTCTCAAATTGCC-1-HCAHeart7880860,7.6065994e-06,1.7001146e-06,6.575732e-05,4.7944195e-05,1.3827483e-05,9.052957e-06,6.537611e-06,1.5436355e-05,0.9997482,6.386536e-05,2.002454e-05
GTGTAACTCCGTGTCT-1-HCAHeart7905327,4.9430896e-06,3.82066e-06,0.999851,1.2124687e-05,9.864731e-06,1.4648853e-05,2.1632739e-05,2.0930638e-06,6.66798e-05,9.3665375e-07,1.2165202e-05
AATCCAGGTACCTACA-1-HCAHeart7880861,4.6977908e-05,1.9355115e-05,7.514461e-05,9.803468e-06,0.002501098,4.7824262e-05,0.99727386,3.3288552e-06,9.449848e-06,6.386981e-06,6.8063796e-06
TCCCGATCAGATTGCT-1-HCAHeart7844004,1.2196012e-05,1.5614385e-05,0.99987996,1.566861e-05,3.7236944e-06,7.473147e-06,1.8864297e-05,6.7727005e-06,2.9632934e-05,7.64811e-07,9.462524e-06
CAGCTAAGTACACCGC-1-HCAHeart7844003,8.14652e-06,1.4238933e-06,3.922191e-05,8.213492e-06,3.635108e-05,7.2595185e-06,4.8128823e-06,1.178996e-05,0.9994142,0.00046028016,8.380298e-06
TCTCTAAAGCTTCGCG-1-HCAHeart7844001,6.140644e-06,2.6659156e-06,0.99987304,1.636612e-05,4.9604687e-06,2.7735272e-05,1.4748351e-05,2.4560666e-06,3.649897e-05,5.4057534e-07,1.4611182e-05
TAAGCGTTCTTGCATT-1-HCAHeart7844001,2.8756978e-05,4.7491776e-06,0.9997956,1.190665e-05,3.966732e-06,1.5604375e-05,2.666087e-05,6.128433e-06,8.511649e-05,1.0369442e-06,2.0454643e-05
CATATGGAGCTCCTCT-1-HCAHeart7844001,1.16813535e-05,3.726435e-06,0.99988043,9.580837e-06,3.5533585e-06,6.694361e-06,1.0369043e-05,8.122472e-06,5.806732e-05,6.0158527e-07,7.328516e-06
GAATGAAAGGTGTGGT-1-HCAHeart7844000,9.978594e-06,2.5131114e-06,0.99989283,1.0875724e-05,2.9707548e-06,8.826315e-06,9.421657e-06,3.3733895e-06,4.6935143e-05,4.7127963e-07,1.1779711e-05
CCTCTGAAGATGGCGT-1-HCAHeart7844001,1.3722926e-05,1.5539476e-06,6.125843e-05,9.523414e-06,2.8247745e-05,1.5508023e-05,9.017224e-06,5.0183313e-05,0.9990896,0.0007131344,8.296439e-06
AGAATAGTCTTAGCCC-1-HCAHeart7880862,2.814185e-06,0.9997408,5.473769e-06,8.848064e-06,2.0889358e-05,2.6612692e-05,7.4780237e-06,2.5696481e-05,3.2625012e-06,8.179485e-06,0.0001498949
CGACTTCTCACCGTAA-1-HCAHeart7880862,4.548554e-05,1.3197832e-05,7.252439e-06,0.99987173,9.303094e-06,9.077297e-06,2.5699173e-06,1.5597068e-05,8.365022e-06,4.692813e-06,1.2636831e-05
GCGCAGTTCTACCAGA-1-HCAHeart7844002,0.00015167249,3.2782806e-05,2.7993863e-05,1.2625218e-06,0.00018491303,5.0650568e-05,0.9995328,1.8652707e-06,6.4332608e-06,5.914277e-06,3.664862e-06
ACGCCAGAGGTGCAAC-1-HCAHeart7843999,7.249056e-06,2.9264907e-06,0.9997476,6.8606314e-06,7.2397224e-06,9.710851e-06,2.422827e-05,2.5281877e-06,0.00017760461,9.80533e-07,1.3066968e-05
CACACAAGTCGGCATC-1-HCAHeart7843999,4.819554e-06,3.3466697e-06,0.99989045,1.1881212e-05,3.5202247e-06,4.1236603e-06,1.4418543e-05,2.58388e-06,5.8540412e-05,6.791143e-07,5.522695e-06
GCATGATCATCACGTA-1-HCAHeart7880863,4.1572777e-05,5.9117297e-06,1.6545122e-05,0.999841,1.1243169e-05,6.852993e-06,3.2167031e-06,5.10829e-05,8.92168e-06,6.3311927e-06,7.406518e-06
CGTAGCGCACCTCGGA-1-HCAHeart7843999,9.1105985e-06,3.8326243e-06,0.99977523,6.0941034e-06,6.169197e-06,5.560101e-06,2.0707495e-05,3.729694e-06,0.00015714292,1.1752041e-06,1.1206602e-05
GGTGTTAGTCCAAGTT-1-HCAHeart7844004,3.314909e-05,2.05521e-05,5.037829e-06,1.227158e-06,0.00020530404,2.9724486e-05,0.9996946,1.0591594e-06,4.2286774e-06,3.4901748e-06,1.6587431e-06
TCGAAGTCATGGCGCT-1-HCAHeart7905332,7.204217e-06,5.713965e-06,0.9998056,6.4292595e-05,1.0446338e-05,2.2367323e-05,1.5224923e-05,6.341513e-06,4.738876e-05,2.5145105e-06,1.2859328e-05
CTCGGGATCCGCATCT-1-HCAHeart7888927,8.529842e-06,4.664712e-05,1.0981097e-05,4.984315e-05,1.4933664e-05,9.6455315e-06,3.154811e-06,1.483702e-05,0.00081579457,7.371762e-06,0.9990183
TGGGCGTAGACAAAGG-1-HCAHeart7843999,1.0715056e-05,2.4370895e-06,5.881598e-05,1.3077504e-05,8.243345e-05,1.0781592e-05,5.7535613e-06,1.2589197e-05,0.9993807,0.00039870047,2.4040575e-05
AAACCTGCATCCGCGA-1-HCAHeart7844001,1.9627449e-05,1.0168302e-05,0.99981076,1.1772556e-05,4.943508e-06,8.378811e-06,5.7536414e-05,6.2569443e-06,5.717873e-05,1.166099e-06,1.2258134e-05
AGAGCTTCAGGGTTAG-1-HCAHeart7844001,5.861057e-05,5.5417254e-06,0.020873884,4.9721988e-05,6.4985776e-05,8.089184e-05,5.1418425e-05,0.0001352427,0.97836405,0.00029354094,2.206103e-05
TGACGCGGTTGTCAGT-1-HCAHeart7905332,8.269371e-06,2.6705175e-06,0.999864,6.769299e-06,3.859319e-06,8.905572e-06,1.4957698e-05,2.7712665e-06,7.2308736e-05,7.013491e-07,1.4844609e-05
CGAGAAGGTGATGAAT-1-HCAHeart7905331,8.525094e-06,6.2231175e-06,0.99973327,8.969613e-05,2.258504e-05,2.1207981e-05,1.7090146e-05,1.0216385e-05,7.76313e-05,1.975937e-06,1.1482451e-05
TAAGAGAAGTGACATA-1-HCAHeart7844001,2.1597287e-05,3.1707905e-06,0.99971575,1.1074136e-05,6.722782e-06,2.2280945e-05,2.2774218e-05,4.416693e-06,0.00016699653,1.0844744e-06,2.4152592e-05
GTCGTAATCATCATTC-1-HCAHeart7844000,1.4888889e-05,3.0867875e-06,0.999785,2.3900424e-05,3.7519922e-06,1.7428603e-05,8.84951e-06,4.61063e-06,0.00011887264,6.492429e-07,1.890908e-05
CGCCAAGCACATCCGG-1-HCAHeart7844002,1.25328925e-05,1.2424667e-05,9.464881e-06,1.06779025e-05,1.9470392e-05,1.0531623e-05,6.0011903e-06,1.13527885e-05,0.00022111955,0.99968266,3.846216e-06
TCCATCGGTGAGTCAG-1-HCAHeart7905328,1.28188485e-05,5.430617e-06,0.9998542,4.5809495e-05,4.857604e-06,1.3416216e-05,1.3864458e-05,7.3563397e-06,3.4845274e-05,1.5173225e-06,5.8342025e-06
CCACGGAAGCTAACAA-1-HCAHeart7844004,1.2653299e-05,1.9592095e-05,8.365809e-06,1.1904621e-05,1.6256456e-05,9.339277e-06,4.9112837e-06,1.1711141e-05,8.594344e-05,0.999816,3.606778e-06
GCGTGCATCTGCGGCA-1-HCAHeart7905332,5.1055868e-06,2.503641e-06,0.9998586,1.3660627e-05,3.8910994e-06,7.1239097e-06,1.00532525e-05,2.5319334e-06,8.764059e-05,5.820038e-07,8.210822e-06
GTCATTTAGATGTGTA-1-HCAHeart7888926,5.709836e-06,4.2572506e-06,0.9998933,9.608376e-06,2.9703938e-06,3.7991733e-06,1.5613494e-05,4.0563505e-06,5.0267146e-05,6.33015e-07,9.695138e-06
CATCGGGAGTACGACG-1-HCAHeart7880862,0.9998797,3.366307e-06,8.745762e-06,8.676436e-06,4.4041635e-06,5.2679525e-06,3.8837356e-05,8.492243e-06,2.839944e-05,7.1709633e-06,7.008316e-06
GATGACTGTGAGATTA-1-HCAHeart7905329,6.647509e-05,9.956948e-06,0.034996696,0.000138186,0.00012059156,7.6215445e-05,5.9018486e-05,4.2987627e-05,0.96421015,0.0002538725,2.6007006e-05
CCTCTCCGTTCTGAGT-1-HCAHeart7905327,1.3480434e-05,2.4790138e-06,4.44214e-05,9.750783e-06,5.5395205e-05,1.0149629e-05,4.905261e-06,1.5197477e-05,0.99891365,0.0009184221,1.2307246e-05
TAGTGGTAGGGATACC-1-HCAHeart7844004,7.665171e-06,3.7239856e-06,0.9998752,8.627089e-06,4.3651803e-06,7.6232163e-06,1.6581942e-05,2.738149e-06,6.0147377e-05,5.9605645e-07,1.2790761e-05
CTGAAACCAAATTGCC-1-HCAHeart7844001,1.0824122e-05,2.6712414e-06,0.9997602,1.4794637e-05,5.0363683e-06,2.0713998e-05,1.1698656e-05,3.1539519e-06,0.00014924693,7.9460693e-07,2.0937012e-05
CTTAACTAGTAAGTAC-1-HCAHeart7844000,0.0002442922,3.077278e-05,1.2616917e-05,0.000100930185,6.301922e-05,1.8041283e-05,2.5231116e-06,0.99944776,3.486461e-05,1.9901532e-05,2.5286243e-05
TGAGCATTCGGCGCAT-1-HCAHeart7844001,1.7418151e-05,5.1522784e-06,0.999542,1.0737124e-05,6.542493e-06,7.952533e-06,2.4995863e-05,7.878751e-06,0.00036656318,1.5910892e-06,9.198052e-06
GTGCTGGAGGAATGTT-1-HCAHeart7905328,1.1652321e-05,1.8767801e-06,2.7202721e-05,1.1141532e-05,4.0854782e-05,1.12746075e-05,5.033735e-06,1.2169442e-05,0.9993309,0.0005320156,1.577893e-05
CCTTTCTAGTGTTGAA-1-HCAHeart7844004,6.9551074e-06,3.2771272e-06,0.99985933,8.760551e-06,4.5165093e-06,9.777735e-06,1.4631606e-05,3.1632687e-06,8.220117e-05,9.1635314e-07,6.484147e-06
CATGACACAGTCAGCC-1-HCAHeart7844004,6.218479e-06,2.7143037e-06,0.999887,1.50277465e-05,3.0935712e-06,8.557091e-06,7.5191956e-06,2.341854e-06,5.761746e-05,4.810379e-07,9.36245e-06
CTCGAGGCATGCAGGA-1-HCAHeart7905327,1.4464787e-05,1.2965533e-05,0.99861217,0.00035218723,0.0001743671,7.1036484e-05,0.00011406161,9.671337e-06,0.0006125583,5.6580884e-06,2.0872005e-05
CCCAACTTCAACGCTA-1-HCAHeart7905332,1.18373955e-05,1.8216699e-05,8.8375955e-06,1.0500892e-05,1.999765e-05,9.813573e-06,5.3590156e-06,1.0783428e-05,8.998655e-05,0.9998111,3.643326e-06
GACCTGGAGGCAGGTT-1-HCAHeart7888926,1.7752619e-06,3.467221e-05,7.0334877e-06,1.564663e-05,8.8276e-06,6.426866e-06,9.43752e-07,3.6417532e-06,4.7383473e-05,2.0999646e-06,0.9998715
GCATGATTCTTCCTTC-1-HCAHeart7880862,3.0285312e-06,0.99978155,5.254365e-06,8.276651e-06,1.2980962e-05,3.2818498e-05,8.442267e-06,2.2266076e-05,2.8197533e-06,7.651972e-06,0.00011501445
CCCGGAAGTCGAATTC-1-HCAHeart7905331,1.8247656e-05,5.014245e-06,0.9996666,1.5631464e-05,7.790598e-06,8.84141e-06,1.2747764e-05,3.0710995e-05,0.00022669577,2.2153984e-06,5.597722e-06
TCTTCGGTCTTGTATC-1-HCAHeart7844001,4.238448e-05,2.0184658e-05,1.0433882e-05,1.9144206e-06,0.00015110239,2.6176775e-05,0.99973696,1.0158087e-06,4.528368e-06,3.446315e-06,1.8404324e-06
GTTAAGCAGAGCAATT-1-HCAHeart7880861,3.0843716e-05,9.185836e-06,0.9979861,3.7004556e-05,1.6068245e-05,1.7051983e-05,3.3982233e-05,0.00014420958,0.0017060938,3.648243e-06,1.5773903e-05
AGTGATCGTGTCTCCT-1-HCAHeart7905328,6.414769e-06,3.2641863e-06,0.9997956,5.2066054e-05,5.589631e-06,1.2968586e-05,1.0858427e-05,4.2874813e-06,0.00010016278,8.028075e-07,8.017803e-06
CGATCGGGTCGGCATC-1-HCAHeart7844001,1.1983013e-05,3.425175e-06,0.9998934,2.062226e-05,2.4737235e-06,5.6612384e-06,8.065687e-06,5.8526266e-06,4.2186803e-05,5.4206237e-07,5.71632e-06
AAAGATGAGGTGCTAG-1-HCAHeart7843999,6.045774e-06,2.739307e-06,0.9998994,1.1279289e-05,2.9327273e-06,6.0873085e-06,8.555613e-06,2.4076999e-06,5.018281e-05,4.7563267e-07,9.811472e-06
AACGTTGCAGCTCGCA-1-HCAHeart7844001,0.00019420427,1.6889946e-05,0.042701013,6.241314e-05,0.00016739986,0.00019892406,0.0002429675,0.00020768718,0.951313,0.004858868,3.6842408e-05
ATCATGGAGTGAACGC-1-HCAHeart7844004,2.858306e-05,2.3867467e-05,0.9996507,1.0694244e-05,1.22246765e-05,8.517515e-06,0.0001503752,8.707303e-06,9.103884e-05,2.0806808e-06,1.3128742e-05
CAGAGAGTCGATGAGG-1-HCAHeart7844003,7.1305913e-06,4.5475335e-06,0.99991584,1.11334775e-05,2.6350376e-06,5.5638375e-06,9.6485355e-06,2.8655975e-06,3.1400137e-05,4.6275971e-07,8.784681e-06
GGTAGAGCATCGGCCA-1-HCAHeart7905332,6.2409863e-06,3.123877e-06,0.9997204,9.8452465e-06,9.373317e-06,1.0576399e-05,2.319469e-05,2.5921472e-06,0.000206084,8.6528723e-07,7.530701e-06
AAGATAGGTGTCACAT-1-HCAHeart7905332,1.4357967e-05,8.256591e-06,0.99982786,3.8738945e-05,8.749288e-06,1.614781e-05,1.9864587e-05,9.3931885e-06,3.873691e-05,4.4106473e-06,1.3489631e-05
TCTGCCACAGCTCATA-1-HCAHeart7905331,6.99944e-06,2.3572081e-06,0.9998684,1.1551709e-05,3.3409199e-06,6.287279e-06,1.0460292e-05,2.758398e-06,8.170889e-05,5.4930297e-07,5.442131e-06
CACCAGGCATGAACCT-1-HCAHeart7844001,7.5614566e-06,2.8988804e-06,0.9997563,1.31356755e-05,8.256472e-06,3.426654e-05,1.5037781e-05,2.834846e-06,0.00012580477,8.1182213e-07,3.308932e-05
AAAGTCCAGAACCCGA-1-HCAHeart7905330,9.657093e-06,2.8806144e-06,0.99968946,3.744251e-05,7.9064475e-06,2.9123292e-05,1.1681451e-05,4.4667768e-06,0.00017013593,1.3804187e-06,3.606698e-05
TGGCCAGGTATAGTAG-1-HCAHeart7843999,1.7979139e-05,1.4442608e-05,1.8873068e-05,1.2522515e-05,4.8571368e-05,1.621868e-05,1.19625e-05,1.4756255e-05,0.0023735238,0.9974595,1.1945843e-05
GGTAGAGTCTAAACGC-1-HCAHeart7905327,6.7577475e-06,3.1116233e-06,0.9998822,2.5914731e-05,3.453087e-06,5.5802725e-06,8.621671e-06,4.3002074e-06,5.084912e-05,6.191794e-07,8.551886e-06
TGTTCTACATGGCACC-1-HCAHeart7905330,9.171398e-06,2.4499095e-06,0.9997309,1.3312377e-05,6.2259996e-06,1.2941457e-05,1.56159e-05,3.5069074e-06,0.00019297643,1.6838976e-06,1.1157894e-05
CGAGCCATCCTAGAAC-1-HCAHeart7844001,0.00012972215,5.1339725e-06,1.2802505e-05,0.999783,1.0850599e-05,1.0425769e-05,3.5478047e-06,2.371886e-05,7.3395167e-06,5.589998e-06,7.988569e-06
ACGCCAGCACCAACCG-1-HCAHeart7880862,2.9760145e-06,0.999762,6.2874738e-06,1.7197826e-05,1.98522e-05,4.134773e-05,7.955233e-06,2.3034818e-05,3.5421417e-06,8.905504e-06,0.00010686132
CACACAAGTAAAGGAG-1-HCAHeart7844001,1.236107e-05,1.3024317e-05,1.08685335e-05,1.0513429e-05,2.5041209e-05,1.3790072e-05,7.5216535e-06,1.4316601e-05,0.00035336352,0.9995339,5.433907e-06
AACTCAGCAGATTGCT-1-HCAHeart7844003,0.00025476443,0.00010385098,0.0027935605,0.00026722404,0.00028963122,0.00037210758,0.00038138407,0.00013924034,0.42585036,0.5695055,4.2373988e-05
CGTTCTGTCAGGCGAA-1-HCAHeart7843999,1.0650474e-05,1.5902913e-05,9.954713e-06,1.1100985e-05,2.1472999e-05,9.91111e-06,4.789227e-06,1.0531714e-05,8.77542e-05,0.99981326,4.7809035e-06
CAGCTAATCAGCATGT-1-HCAHeart7844000,5.6284966e-06,1.2087494e-05,9.125703e-06,5.4301596e-05,0.99970657,3.6192864e-06,0.00015881009,1.28270185e-05,1.2574256e-05,8.194781e-06,1.6224925e-05
CTTCTCTGTGCAGACA-1-HCAHeart7888927,1.3886853e-05,7.533874e-06,6.303516e-06,0.99990594,1.4332124e-05,5.2532805e-06,2.6457558e-06,1.5924968e-05,7.679221e-06,3.0132692e-06,1.7520173e-05
GGTGTCGCAATGTGGG-1-HCAHeart7905328,7.240737e-06,2.684062e-06,0.9996884,9.852868e-06,6.886307e-06,8.65482e-06,1.9826444e-05,2.7163692e-06,0.00024363199,1.1540133e-06,8.944273e-06
CAACTAGCAAGGTTTC-1-HCAHeart7843999,2.653146e-05,4.4838666e-06,3.921271e-05,2.9797226e-05,0.00014657115,2.380738e-05,1.1044506e-05,4.6172197e-05,0.9961494,0.0035054442,1.7637527e-05
CAACCTCAGGGTATCG-1-HCAHeart7844001,9.111663e-06,4.6252653e-06,0.9999082,1.0000049e-05,2.4902229e-06,5.5053665e-06,1.2529552e-05,3.1730708e-06,3.638709e-05,6.2356344e-07,7.2682483e-06
CGGCTAGAGAGAACAG-1-HCAHeart7844001,8.056479e-06,4.167085e-06,0.9998956,7.5453e-06,3.3219605e-06,3.5803157e-06,1.456778e-05,3.361933e-06,5.0738432e-05,5.750032e-07,8.530723e-06
GTATTCTCACACTGCG-1-HCAHeart7880861,6.742008e-05,4.5156967e-06,6.611218e-06,0.9998549,8.793928e-06,6.7028654e-06,3.1622653e-06,2.264434e-05,1.2902664e-05,2.9911273e-06,9.2524515e-06
TACCGAATCTAGTGAC-1-HCAHeart7905328,9.074853e-06,2.8694762e-06,0.999858,6.094352e-06,3.7759728e-06,7.2239895e-06,1.2983937e-05,3.1036707e-06,8.092526e-05,7.920411e-07,1.5070265e-05
CTGCTGTTCGTTACAG-1-HCAHeart7843999,6.6407774e-06,2.5660581e-06,0.9998872,1.1589798e-05,3.6936897e-06,7.180365e-06,7.932507e-06,3.6728038e-06,6.1133e-05,6.97478e-07,7.5788435e-06
ATGGGTTTCATGAAAG-1-HCAHeart7905328,6.487719e-06,2.7782673e-06,0.9998617,1.3034381e-05,3.5443368e-06,6.019026e-06,1.1004684e-05,2.8279865e-06,7.977737e-05,6.1370883e-07,1.2260746e-05
TTACGCCTCAAGATAG-1-HCAHeart7905331,1.0689269e-05,1.5757157e-06,3.3877448e-05,1.501904e-05,2.2073926e-05,9.844815e-06,3.9916263e-06,1.0783662e-05,0.9995202,0.00036386726,7.969321e-06
CAATTTCGTCGGAACA-1-HCAHeart7905332,4.4696944e-06,9.941619e-06,6.9243824e-06,2.1123906e-05,0.99980265,1.8965554e-06,0.00011368253,5.425057e-06,1.6097922e-05,1.1810132e-05,5.860797e-06
TAGTTGGAGATCCCGC-1-HCAHeart7844003,4.4189765e-06,7.4671393e-06,7.062461e-06,1.8555043e-05,0.9997862,2.5258055e-06,0.00012928054,1.208016e-05,1.388997e-05,1.1384128e-05,7.137497e-06
TTAACTCCATGCCTAA-1-HCAHeart7844001,1.269981e-05,3.2782614e-06,0.99989545,2.2341426e-05,2.1917756e-06,7.629881e-06,6.9900234e-06,5.82146e-06,3.6626396e-05,5.07819e-07,6.488798e-06
AGATTGCCAAGAGTCG-1-HCAHeart7844000,2.037177e-05,1.5379796e-05,6.2199097e-06,5.5185366e-05,8.187462e-05,9.631995e-06,1.6570639e-06,0.999767,1.655212e-05,1.122571e-05,1.4948876e-05
CCCAGTTAGAAGATTC-1-HCAHeart7844001,2.6223608e-05,5.1439815e-06,0.9998604,1.0979552e-05,3.0921733e-06,7.911774e-06,1.7782015e-05,8.128825e-06,5.0385857e-05,8.3930433e-07,9.14217e-06
GGACATTTCCTTCAAT-1-HCAHeart7844001,4.7091667e-06,2.3437033e-06,0.99988866,1.3004895e-05,5.648953e-06,1.9469111e-05,1.19582855e-05,2.1046842e-06,3.842409e-05,4.6103276e-07,1.3306138e-05
ACTGAGTTCACGACTA-1-HCAHeart7844000,2.901838e-05,1.1468167e-05,0.9997942,1.7076783e-05,4.660837e-06,1.2393248e-05,1.9244471e-05,1.5502483e-05,8.262382e-05,1.1581798e-06,1.2717006e-05
GCACATAGTCCGGTCA-1-HCAHeart7905328,1.946127e-05,2.2950648e-05,0.99928766,0.00017107365,7.266679e-05,3.92959e-05,4.7552305e-05,2.7339462e-05,0.00025910058,3.7992068e-05,1.4887884e-05
TAAGCGTGTCCTGCTT-1-HCAHeart7844004,8.777138e-06,3.130137e-06,0.999772,6.486014e-05,1.0657218e-05,2.6795155e-05,9.9700155e-06,4.9785963e-06,8.611523e-05,9.0889387e-07,1.1853572e-05
AACACGTTCTCGTTTA-1-HCAHeart7844003,0.00023046759,4.510622e-05,0.01311521,0.0002044552,0.00031896002,0.00035273633,0.00034916055,0.00013490164,0.8503063,0.13488255,5.9985734e-05
CGCTATCCATGCCACG-1-HCAHeart7880862,2.9615312e-06,0.99970055,5.382931e-06,1.4235564e-05,2.398693e-05,3.034309e-05,7.0099277e-06,3.340676e-05,3.7228167e-06,8.946769e-06,0.00016952964
GGTTCTCCAGCGTTGC-1-HCAHeart7905327,5.0971776e-06,2.7368362e-06,0.9998572,1.4061537e-05,4.427073e-06,7.0420315e-06,1.1116793e-05,2.670744e-06,8.626165e-05,5.743076e-07,8.993566e-06
GTGCATAAGAGTCGGT-1-HCAHeart7844001,9.499329e-05,6.831674e-06,0.0012561311,5.779167e-05,9.848956e-05,0.00015226963,5.2810705e-05,6.186745e-05,0.96560663,0.03259362,1.8542385e-05
GCTGCAGCAGCGAACA-1-HCAHeart7844004,1.6297241e-05,8.271439e-06,0.99986684,1.0490927e-05,3.4614084e-06,9.432587e-06,2.6831196e-05,4.2962515e-06,3.5339443e-05,8.4961954e-07,1.7911892e-05
TGTATTCAGTTGAGAT-1-HCAHeart7844004,1.6258347e-05,1.3307683e-05,0.9998274,1.33381e-05,4.6300283e-06,1.0244256e-05,4.3055094e-05,5.0128715e-06,5.4956818e-05,1.7939451e-06,1.0018473e-05
ACGGGTCGTCCGTCAG-1-HCAHeart7844004,4.7735724e-05,1.2064454e-05,0.9996811,7.6579045e-06,9.315346e-06,9.683342e-06,8.977831e-05,8.49011e-06,9.135175e-05,1.8114438e-06,4.1129228e-05
ACTGATGTCTGTACGA-1-HCAHeart7844000,9.9046165e-06,4.710805e-06,0.9998579,1.426741e-05,3.9023525e-06,9.765913e-06,1.39018475e-05,3.5570183e-06,5.2296728e-05,6.416536e-07,2.8971035e-05
GAAGCCCTCACAGAGG-1-HCAHeart7905328,1.2091777e-05,3.927689e-06,0.9991142,7.816392e-05,2.1412605e-05,0.00010456525,1.534509e-05,5.3869567e-06,0.0006132995,1.7107478e-06,2.9920673e-05
ACCTGAAGTCAACATC-1-HCAHeart7905327,5.859818e-06,2.3636417e-06,0.9998264,1.2169601e-05,4.3646214e-06,7.5330586e-06,1.16617e-05,2.5485842e-06,0.00011850515,6.4714203e-07,7.927736e-06
TCAGGATGTGTCCTCT-1-HCAHeart7880860,3.3837463e-05,6.7521105e-06,2.513769e-05,0.9996524,1.8757168e-05,1.3548344e-05,7.203278e-06,0.00020667852,1.651982e-05,5.0909407e-06,1.4164785e-05
TCGATTTAGTGTTCCA-1-HCAHeart7905328,5.8349597e-06,3.094308e-06,0.9997904,1.0296374e-05,6.2200907e-06,6.3570506e-06,1.6076568e-05,2.8122347e-06,0.00015093603,7.433871e-07,7.323133e-06
TTGACTTGTCGCGGTT-1-HCAHeart7844004,6.6833413e-06,3.4022553e-06,0.9998342,9.849579e-06,4.381408e-06,5.097901e-06,1.6128917e-05,2.536316e-06,0.00011094683,7.6247903e-07,5.977936e-06
GTTGCTCAGGCTGGAT-1-HCAHeart7905332,6.8630807e-06,2.9341265e-06,0.9999043,8.488613e-06,2.6953703e-06,3.7331506e-06,1.0019674e-05,3.039314e-06,5.051726e-05,5.176305e-07,6.9928255e-06
GAACACTAGCCTAACT-1-HCAHeart7905332,6.284493e-06,2.9922496e-06,0.9998591,2.6637857e-05,3.5245482e-06,6.2685353e-06,1.1332582e-05,4.015016e-06,7.433737e-05,7.7883425e-07,4.6789232e-06
CTACCCACAATCGGTT-1-HCAHeart7844004,7.5398184e-06,3.0238746e-06,0.99982494,9.790386e-06,5.0786916e-06,1.0708233e-05,1.3759718e-05,2.7063656e-06,9.576274e-05,6.79673e-07,2.6027845e-05
ATCTACTCATTGGCGC-1-HCAHeart7880861,1.7554215e-06,6.4897606e-05,6.4713213e-06,1.1289661e-05,8.202633e-06,7.0368023e-06,1.0305134e-06,4.587694e-06,4.985172e-05,2.8133106e-06,0.99984205
GATTCAGCAAGTAATG-1-HCAHeart7844003,0.00051700906,0.0006479347,0.99291784,3.4317003e-05,6.8388494e-05,0.00015009992,0.0053025936,9.3565715e-05,0.00017830009,1.7989252e-05,7.199229e-05
AACTCTTTCGTTTAGG-1-HCAHeart7844000,9.013439e-06,5.490282e-06,0.99990344,2.1041786e-05,2.321982e-06,8.108108e-06,9.895881e-06,3.8606345e-06,3.0673775e-05,6.259073e-07,5.60484e-06
TTGCCGTTCAAACGGG-1-HCAHeart7844004,2.1093489e-05,1.6046683e-05,0.9996854,7.57623e-06,1.0993534e-05,6.4459978e-06,0.00013321925,6.880831e-06,9.29803e-05,1.7146325e-06,1.7661403e-05
TGGCCAGTCTACGAGT-1-HCAHeart7844003,3.8794264e-05,1.8727362e-05,0.06805568,0.00023810103,0.0001890906,8.756349e-05,0.00013508889,7.1764945e-05,0.93074685,0.00039666798,2.1607297e-05
GACCCAGCACTCCACT-1-HCAHeart7905332,8.400769e-06,5.9632384e-06,0.99950886,0.00019313127,3.148668e-05,3.8124617e-05,1.9713898e-05,8.374492e-06,0.00016950667,1.583335e-06,1.50519345e-05
TCTCTAATCCAAGTAC-1-HCAHeart7844004,2.3016893e-05,1.387934e-05,1.2093406e-05,1.5668302e-06,0.00045452375,1.4920808e-05,0.999469,1.0868445e-06,4.6066193e-06,3.35031e-06,2.0224145e-06
TATTACCTCCGAATGT-1-HCAHeart7888927,4.5246034e-06,1.0711431e-06,2.566704e-05,9.566708e-06,1.4849007e-05,4.6004598e-06,3.82022e-06,9.820559e-06,0.99973685,0.00017889088,1.034616e-05
GTTAAGCCAGGGTATG-1-HCAHeart7880862,0.00042641239,0.009512705,0.00018492565,0.0008296373,0.0004433391,0.023534141,9.020829e-05,0.96360064,0.00036393138,0.00037105498,0.0006430161
TCTTCGGTCCTCAATT-1-HCAHeart7843999,1.2348525e-05,1.1532858e-05,1.1378718e-05,1.1063965e-05,2.6357693e-05,1.1407153e-05,8.479469e-06,1.0898835e-05,0.0006141324,0.9992768,5.605902e-06
TAAACCGCAGACAGGT-1-HCAHeart7844000,2.8480392e-05,1.2464727e-05,1.7879143e-05,1.336036e-05,4.4798126e-05,1.9778276e-05,1.2570626e-05,1.6787526e-05,0.0023741415,0.9974498,9.951973e-06
TTGAACGAGATACACA-1-HCAHeart7888927,1.3962049e-06,2.9085275e-05,1.0349974e-05,9.2084165e-06,8.296397e-06,6.3002176e-06,9.999528e-07,2.8408197e-06,8.165308e-05,2.7463884e-06,0.99984705
TGAGGGAAGCAATAGT-1-HCAHeart7905332,7.733719e-06,2.408387e-06,0.9998852,7.548662e-06,3.0669514e-06,5.595786e-06,8.766636e-06,2.7772069e-06,6.652589e-05,5.787393e-07,9.803038e-06
TCACAAGAGTACCCTA-1-HCAHeart7905327,7.826551e-06,4.5369193e-06,0.9998392,2.8123866e-05,9.192007e-06,1.4497153e-05,1.4092778e-05,7.3600463e-06,6.27242e-05,1.9056884e-06,1.0449738e-05
ACGGGTCCAATCCAAC-1-HCAHeart7844000,7.118868e-06,3.2959324e-06,0.9999012,2.2280443e-05,2.9489458e-06,5.6891936e-06,7.135316e-06,4.5436477e-06,3.737776e-05,5.066986e-07,7.919925e-06
TTGTTTGTCCTTTAGT-1-HCAHeart7905327,1.3340269e-05,4.4226517e-06,0.99989367,2.0269967e-05,3.142923e-06,8.203291e-06,1.3399508e-05,5.630651e-06,3.1296957e-05,1.0422076e-06,5.7585953e-06
AGATCTGTCGGACAAG-1-HCAHeart7888927,2.0190614e-06,4.1130068e-05,7.1714567e-06,1.70272e-05,8.129503e-06,7.4629406e-06,1.0592527e-06,4.8832244e-06,8.2418796e-05,3.156481e-06,0.99982554
ATCTACTTCTGCAAGT-1-HCAHeart7844004,6.390076e-06,2.8545937e-06,0.9998965,1.0316763e-05,2.8657635e-06,4.910668e-06,7.861023e-06,2.9206947e-06,5.6620196e-05,4.9522345e-07,8.075887e-06
AAACCTGGTCACAAGG-1-HCAHeart7880862,2.8935927e-05,7.790451e-06,6.570072e-06,0.99990416,7.977325e-06,4.422913e-06,2.2932886e-06,1.596836e-05,7.883522e-06,3.9003235e-06,1.0126708e-05
TGCGCAGGTTGGTGGA-1-HCAHeart7880862,2.8894237e-06,0.99978465,5.4404823e-06,1.6060983e-05,1.4759541e-05,2.8331251e-05,6.381438e-06,2.6836078e-05,2.9237062e-06,1.00191255e-05,0.00010159957
ACAGCCGTCGCACTCT-1-HCAHeart7888926,4.140731e-06,3.6133083e-06,0.9998568,1.127469e-05,3.7318096e-06,6.327303e-06,1.0824528e-05,3.5800404e-06,8.907747e-05,5.7106047e-07,9.971128e-06
GCATGTATCTTAGCCC-1-HCAHeart7844000,1.6887461e-05,1.5156882e-06,4.8870006e-05,3.8952498e-05,1.3305018e-05,3.0945186e-05,6.739955e-06,3.4577864e-05,0.9996358,0.00016622925,5.9347362e-06
CTTCCGAGTTCCAAAC-1-HCAHeart7905332,5.7417633e-06,2.7925053e-06,0.99989986,1.4196967e-05,3.1957784e-06,5.4140173e-06,8.0346e-06,3.0223569e-06,5.043963e-05,5.6714686e-07,6.8348277e-06
CAACCAAAGATATGCA-1-HCAHeart7844001,3.343019e-05,6.8247327e-06,0.99973506,1.2709706e-05,5.3979584e-06,2.2001133e-05,6.868555e-05,6.5961553e-06,9.3335315e-05,1.3550517e-06,1.4655621e-05
ACTTTCACATCTATGG-1-HCAHeart7844002,8.295495e-05,5.571104e-06,0.00010793704,6.839318e-05,5.4544907e-05,9.4857416e-05,2.1485617e-05,3.4965684e-05,0.983305,0.016212791,1.17598165e-05
CGGGACTTCATTTGTC-1-HCAHeart7905327,5.378965e-06,2.8706752e-06,0.9998971,7.83744e-06,3.0645117e-06,4.287025e-06,1.2756056e-05,2.59028e-06,5.7589477e-05,5.351404e-07,5.808421e-06
CATCGGGGTCACTTCC-1-HCAHeart7905328,8.349871e-06,2.8001364e-06,0.9996172,1.6976148e-05,6.9670573e-06,1.1377711e-05,1.7328151e-05,3.0613028e-06,0.00030716672,1.0346357e-06,7.811982e-06
GCGAGAAAGATGTTAG-1-HCAHeart7844001,4.9840946e-05,3.1548927e-05,7.66245e-06,1.5953468e-06,0.00011528931,3.732181e-05,0.99974424,1.5504894e-06,4.656725e-06,4.1823546e-06,2.094833e-06
TCAGCAAAGGGTTCCC-1-HCAHeart7880861,0.9999126,2.424541e-06,7.878982e-06,9.624702e-06,2.894582e-06,5.204551e-06,2.4339388e-05,5.5423243e-06,1.8939994e-05,5.7104803e-06,4.9166188e-06
GGTGCGTGTCCAGTGC-1-HCAHeart7844002,5.956117e-06,1.02155345e-05,1.0955028e-05,5.510229e-05,0.9996729,3.1209743e-06,0.00019183422,9.1182965e-06,1.5556861e-05,9.476927e-06,1.5661406e-05
CGCAGGTTCGTAGTCA-1-HCAHeart7905327,6.2903578e-06,4.2068546e-06,0.9998,1.0036446e-05,8.132855e-06,7.4920017e-06,2.1758568e-05,2.599967e-06,0.00013054606,8.5819863e-07,7.945777e-06
CGCCAAGAGAAACCAT-1-HCAHeart7844003,4.990539e-05,5.0195144e-06,0.99976987,1.1455603e-05,3.874813e-06,5.8341166e-06,1.527193e-05,1.14010745e-05,0.00011365408,1.0168811e-06,1.269106e-05
AGATCTGGTAAGCACG-1-HCAHeart7844004,0.000134036,1.905616e-05,0.0001418201,4.778672e-05,0.0001983557,7.497708e-05,4.9347665e-05,0.00016984815,0.8885631,0.11057133,3.026824e-05
AAGTGAACAAGGGTCA-1-HCAHeart7905327,5.056243e-06,2.837659e-06,0.99989355,1.540031e-05,3.912565e-06,5.9880367e-06,9.743905e-06,2.9680837e-06,5.244413e-05,4.8275473e-07,7.5951425e-06
ACACTGAAGTTATCGC-1-HCAHeart7844004,7.636521e-06,2.5118607e-06,0.99988616,1.0084074e-05,3.0561603e-06,8.134456e-06,1.0262538e-05,2.947521e-06,6.0431557e-05,4.779522e-07,8.258048e-06
TTGTAGGTCTGTCAAG-1-HCAHeart7844001,3.971425e-05,6.7508904e-06,0.9867034,5.1176656e-05,3.616658e-05,0.00017627605,7.536368e-05,9.165385e-06,0.012798729,1.4893156e-05,8.834466e-05
GTGGGTCTCACCACCT-1-HCAHeart7844001,0.00095559855,0.000632477,0.6026336,0.0005072397,0.0007034989,0.0004708452,0.00021408779,0.39246413,0.0009948496,9.528597e-05,0.00032838175
GACGTGCCAGGCTCAC-1-HCAHeart7844000,2.3569024e-05,3.8739995e-06,0.9997887,8.472671e-06,4.2039874e-06,9.5929145e-06,2.171682e-05,5.3297726e-06,0.000113474816,1.1087619e-06,1.9992796e-05
GACCTGGAGGGTTTCT-1-HCAHeart7844002,6.503235e-06,1.19718125e-05,2.2327058e-05,6.676551e-05,0.99952686,5.869068e-06,0.00027553897,1.1380154e-05,2.0148687e-05,9.933399e-06,4.279269e-05
CTGAAGTAGCGATTCT-1-HCAHeart7843999,5.5406384e-05,2.8969649e-05,1.5850097e-05,1.0876738e-06,0.00030463084,2.0745101e-05,0.99955744,1.1905838e-06,5.913115e-06,6.3382463e-06,2.423749e-06
GAGATGGTCATACGAC-1-HCAHeart7905329,1.5948512e-05,4.7459257e-06,0.9980026,0.00017390223,2.0731466e-05,0.00037507812,4.2163363e-05,5.612851e-06,0.0013150744,1.3667308e-05,3.0446237e-05
CTTAGGAAGTCTTGCA-1-HCAHeart7844001,0.00024666515,1.1407029e-05,0.9993718,1.615968e-05,7.50128e-06,4.582252e-05,0.00012246356,2.106661e-05,0.0001253211,3.3639299e-06,2.836875e-05
TGTATTCAGCCTATGT-1-HCAHeart7844001,1.974738e-05,5.2521377e-06,0.9997695,8.731448e-06,5.709929e-06,1.6365175e-05,4.812378e-05,5.844244e-06,9.385929e-05,1.2760651e-06,2.5568539e-05
TGCCCTATCTAACCGA-1-HCAHeart7844001,8.399829e-06,3.9515303e-06,0.9997516,1.3380928e-05,8.628195e-06,4.756418e-05,4.1151943e-05,2.9104958e-06,0.00010580467,9.4094304e-07,1.5793148e-05
CGTGTAATCATGCAAC-1-HCAHeart7844004,2.6374912e-05,1.4110029e-05,1.4818382e-05,1.2359078e-05,3.610648e-05,2.1896723e-05,1.0586747e-05,2.4072595e-05,0.0007162337,0.9991165,6.9441035e-06
GCTTCCATCGTGTAGT-1-HCAHeart7844001,9.881242e-06,3.0565357e-06,0.9994874,4.462666e-05,1.04001765e-05,7.507469e-05,1.2721157e-05,3.492491e-06,0.00032168263,1.1707543e-06,3.0503405e-05
CATCGGGTCTTGAGAC-1-HCAHeart7888927,5.023326e-05,1.23322925e-05,0.99897826,8.192971e-05,1.077314e-05,0.00033522808,5.91893e-05,1.1478353e-05,0.00010018976,4.783087e-06,0.00035571968
CAGGTATGTTGGAGGT-1-HCAHeart7905331,3.815369e-05,1.5261716e-05,9.195415e-06,1.0395696e-06,0.00022913814,2.0703601e-05,0.9996749,9.760433e-07,4.2571855e-06,4.4707263e-06,1.9257643e-06
CCGGTAGCAATGAATG-1-HCAHeart7888926,0.00026779278,0.00051059894,0.00030181056,0.00090022135,0.4295912,7.6303986e-05,0.56743586,4.1504354e-05,0.00055926724,9.3772476e-05,0.00022162979
CTCAGTCAGACCATGG-1-HCAHeart7905332,7.5468843e-06,4.5333477e-06,0.99988425,3.398614e-05,4.8484426e-06,1.1299682e-05,9.972914e-06,6.200502e-06,3.0455973e-05,8.022281e-07,5.959934e-06
GAACATCTCACCCGAG-1-HCAHeart7880862,2.455216e-06,0.9997974,4.739065e-06,6.871476e-06,1.0422707e-05,2.9838799e-05,7.22493e-06,2.566688e-05,2.7865638e-06,8.848674e-06,0.0001038394
AAACCTGCAAAGTCAA-1-HCAHeart7844004,0.0007728025,4.8647533e-05,0.00015851192,0.00010835252,0.00052611413,0.0002296131,7.2023286e-05,0.00021369099,0.31580448,0.68201536,5.051885e-05
TTCTTGACAATGAAAC-1-HCAHeart7905327,8.31843e-06,3.1975737e-06,0.999853,7.4722257e-06,3.9193114e-06,3.844971e-06,1.5340247e-05,3.094351e-06,9.5013194e-05,7.259157e-07,5.9309277e-06
GTCCTCAAGCGATAGC-1-HCAHeart7844001,1.0157483e-05,4.8232146e-06,0.99982196,6.9557695e-06,5.1885727e-06,4.98661e-06,2.1721582e-05,4.256216e-06,0.000111343485,8.4092886e-07,7.771408e-06
CGGGCATCAGCTACCG-1-HCAHeart7905331,5.9274803e-06,3.0323904e-06,0.99986196,8.625461e-06,4.5408447e-06,5.318459e-06,1.0172179e-05,2.9204657e-06,8.777513e-05,5.613147e-07,9.212604e-06
AATGAAGAGGGTGAGG-1-HCAHeart7905331,8.901375e-06,3.1030813e-06,0.99976355,4.2019157e-05,5.4191623e-06,1.2584846e-05,1.2480136e-05,4.0557084e-06,0.00013694995,8.6438433e-07,1.004921e-05
TGTTCATTCGACGCGT-1-HCAHeart7905330,0.00060903106,1.4253238e-05,2.2843218e-05,0.99924016,1.3990184e-05,2.0556357e-05,4.686013e-06,2.8508854e-05,1.4936325e-05,1.8601342e-05,1.25071465e-05
CGACTTCTCGCGTTTC-1-HCAHeart7844000,1.1119451e-05,1.5459664e-05,8.494511e-06,1.06811185e-05,1.6740081e-05,8.94404e-06,5.1678107e-06,9.888204e-06,0.00010282835,0.9998073,3.4740663e-06
CACATAGGTCATATGC-1-HCAHeart7844001,1.4305562e-05,2.8096078e-06,0.99964654,2.8736818e-05,6.9425287e-06,2.7560392e-05,1.23871405e-05,6.4957876e-06,0.00023752869,8.4195125e-07,1.588456e-05
GCAGTTAAGACAAAGG-1-HCAHeart7844000,7.944195e-06,3.827607e-06,0.9998547,4.2985703e-05,3.536735e-06,9.8483815e-06,8.988081e-06,4.6050186e-06,5.4282456e-05,5.5860903e-07,8.590173e-06
CGTCAGGCAGCTGTAT-1-HCAHeart7844003,7.920847e-05,1.5503038e-05,0.9996574,1.1641896e-05,6.0294005e-06,8.727563e-06,9.821029e-05,1.2271224e-05,9.170825e-05,2.649989e-06,1.6620043e-05
GTGCATAAGCTGCAAG-1-HCAHeart7844004,6.5834242e-06,3.6988138e-06,0.999905,6.5175063e-06,3.5103826e-06,5.892913e-06,1.2323173e-05,2.2959516e-06,4.1211162e-05,5.169023e-07,1.2601172e-05
CCGTTCAGTAAGCACG-1-HCAHeart7888926,4.9828973e-06,1.2847114e-06,2.6681335e-05,1.731158e-05,1.114521e-05,3.9598176e-06,4.4397575e-06,1.5534451e-05,0.99981433,6.763249e-05,3.276238e-05
GCTTGAAAGAAACCAT-1-HCAHeart7844001,9.866509e-06,2.2901618e-06,0.9997824,1.2186556e-05,5.8250607e-06,2.7124039e-05,1.2068425e-05,3.0154292e-06,0.00011950842,7.4131674e-07,2.5060168e-05
AAAGCAATCAGGCAAG-1-HCAHeart7880861,0.9999205,2.1938988e-06,7.2192206e-06,9.81169e-06,2.621947e-06,3.4357563e-06,1.1428562e-05,7.0941323e-06,2.516432e-05,6.39385e-06,4.1467724e-06
GGAACCCTCGTAATGC-1-HCAHeart7905330,6.0393154e-06,3.4268035e-06,0.9998423,9.991106e-06,5.800115e-06,5.1079237e-06,1.08716795e-05,4.1215353e-06,0.000104307976,6.4117745e-07,7.310039e-06
ACTGTCCCACAAGTAA-1-HCAHeart7844003,1.1521072e-05,2.7971253e-06,0.99972755,8.190391e-06,4.736425e-06,9.131188e-06,1.9239134e-05,3.258543e-06,0.00020091621,1.2774532e-06,1.13699525e-05
ACGATGTGTCCCTACT-1-HCAHeart7844004,8.517519e-06,1.2353049e-06,0.00010450457,1.2490638e-05,2.8043645e-05,7.4900354e-06,4.9034684e-06,1.6049406e-05,0.9996606,0.00015036608,5.874479e-06
TATGCCCCAAGTACCT-1-HCAHeart7844001,8.060952e-05,8.296019e-06,0.99908864,1.274556e-05,1.1510163e-05,1.2975592e-05,8.2795996e-05,1.96943e-05,0.00066161924,4.5732204e-06,1.6555172e-05
AGTGGGAGTGGGTATG-1-HCAHeart7888926,1.0651822e-05,4.8867505e-06,0.99989307,8.280415e-06,2.671525e-06,3.3871327e-06,1.6293596e-05,6.0631796e-06,4.587336e-05,7.596859e-07,8.066683e-06
TATCTCATCTGTCTCG-1-HCAHeart7844003,0.000102583326,1.699278e-05,0.915574,8.144176e-05,8.4491694e-05,6.2113686e-05,0.00020996245,8.625754e-05,0.083683215,6.2924606e-05,3.6000005e-05
AGTCTTTCATACTCTT-1-HCAHeart7844004,3.2519e-05,9.157757e-06,0.9997272,8.261249e-06,8.511183e-06,7.5111e-06,9.3209426e-05,8.236312e-06,8.860487e-05,1.5933795e-06,1.5257827e-05
CGCCAAGGTAGCGATG-1-HCAHeart7844001,2.635271e-05,2.232189e-05,1.4905777e-05,1.2893914e-06,0.00014155795,2.5878047e-05,0.99975604,1.2550695e-06,4.894018e-06,3.849206e-06,1.6532337e-06
TCTCTAAAGGATGTAT-1-HCAHeart7844003,1.0428303e-05,3.1100828e-06,0.9998839,1.0726894e-05,3.8117596e-06,1.3199303e-05,1.3618306e-05,3.3064282e-06,4.8011792e-05,9.725694e-07,8.863376e-06
TAGCCGGTCCACGTTC-1-HCAHeart7844004,6.6692314e-06,4.437246e-06,0.9998293,1.887826e-05,4.834625e-06,1.1207912e-05,1.0470123e-05,4.2132892e-06,8.34211e-05,5.5922055e-07,2.602858e-05
AGCGTATCACGAAGCA-1-HCAHeart7880862,3.4916395e-06,0.99973935,5.9513236e-06,3.2910913e-05,2.215136e-05,3.18074e-05,5.8087785e-06,4.4364006e-05,4.044953e-06,1.4035056e-05,9.603566e-05
TCCACACAGCTGGAAC-1-HCAHeart7844004,5.2469886e-06,3.2128355e-06,0.99984336,1.2146224e-05,4.4972376e-06,6.403199e-06,1.2097278e-05,2.6588668e-06,0.00010005768,6.5195195e-07,9.632217e-06
GGCGTCAGTTTACTGG-1-HCAHeart7905331,1.4286043e-05,3.9956053e-06,0.9995763,7.022067e-05,7.718687e-06,1.3924797e-05,1.5698351e-05,6.7332576e-06,0.00028131987,1.2743276e-06,8.490346e-06
AACACGTTCGGATGTT-1-HCAHeart7844004,7.840999e-06,2.4202668e-06,0.9998419,1.1835785e-05,4.4119715e-06,1.2237794e-05,1.0311999e-05,2.3723999e-06,9.66022e-05,5.528648e-07,9.452667e-06
ATCATCTCATACAGCT-1-HCAHeart7843999,6.3697994e-06,5.0175004e-06,0.9998683,1.5629788e-05,6.5393133e-06,1.016024e-05,1.3920619e-05,3.7076943e-06,5.962542e-05,1.2780753e-06,9.485109e-06
GGACATTGTCTTGCGG-1-HCAHeart7844003,1.2924304e-05,5.6052963e-06,0.9998666,9.554182e-06,3.4715433e-06,7.714798e-06,2.4621706e-05,4.2142706e-06,5.412864e-05,7.6064595e-07,1.0333627e-05
TCACAAGCATACTCTT-1-HCAHeart7844003,1.1360962e-05,3.091611e-06,0.9998673,6.8807904e-06,3.2257058e-06,7.327721e-06,1.5609112e-05,3.4136397e-06,6.911763e-05,7.8491024e-07,1.1744077e-05
CGTCTACGTCGAGTTT-1-HCAHeart7888927,5.891789e-06,4.4869366e-06,4.4287266e-05,5.9440757e-05,2.866948e-05,9.5309215e-06,1.1391669e-05,1.8985022e-05,0.99912804,0.00013743853,0.0005518453
CACACTCCATGCATGT-1-HCAHeart7844002,1.4617561e-05,1.762253e-05,1.4480256e-05,1.4127942e-05,3.0861735e-05,1.5153442e-05,6.5847694e-06,1.2768317e-05,0.00010574294,0.99976116,6.8507798e-06
ATTCACTTCTGTGTGA-1-HCAHeart7905327,8.720458e-06,3.246571e-06,0.999869,7.1234604e-06,3.7204268e-06,3.6650392e-06,1.473471e-05,3.113939e-06,7.8855344e-05,6.646799e-07,6.9730736e-06
ATGCGATTCGGATGTT-1-HCAHeart7888927,1.9373826e-06,2.9046405e-05,7.634291e-06,2.189746e-05,1.0686156e-05,6.62335e-06,1.1346962e-06,3.962118e-06,6.125413e-05,2.1706392e-06,0.9998535
TGCGTGGCACATGACT-1-HCAHeart7843999,3.905365e-06,7.882414e-06,7.748554e-06,3.841664e-05,0.99975497,2.1259016e-06,0.00014424203,1.2572179e-05,1.2452495e-05,8.193905e-06,7.5428507e-06
CAAGGCCCATTGTGCA-1-HCAHeart7844001,0.00017699097,9.470839e-06,4.0229213e-05,0.9996722,1.2304147e-05,2.8439506e-05,4.320229e-06,2.116341e-05,1.1795703e-05,1.583865e-05,7.238555e-06
AGTCTTTAGTGATCGG-1-HCAHeart7844000,6.6090265e-06,2.6434807e-06,0.99987245,1.3628635e-05,3.5397168e-06,9.977837e-06,6.87407e-06,2.585591e-06,7.0029506e-05,4.8737644e-07,1.10394585e-05
GAGATGGGTGGCCTCA-1-HCAHeart7905328,5.4007683e-06,3.4242787e-06,0.99979955,1.0007376e-05,6.5559034e-06,6.202797e-06,1.4518299e-05,2.704238e-06,0.0001418755,7.712681e-07,8.986669e-06
GTGCTTCGTCGAGTTT-1-HCAHeart7844004,1.0829067e-05,3.5693413e-06,0.99990225,1.3202516e-05,2.3756677e-06,5.2871615e-06,8.801593e-06,5.2996866e-06,4.329739e-05,6.310142e-07,4.5156303e-06
GCTGGGTCAGGGCATA-1-HCAHeart7888926,1.3804063e-06,6.1725936e-05,7.2420257e-06,1.1052147e-05,8.00461e-06,9.756566e-06,7.5949686e-07,4.00694e-06,3.7860413e-05,2.2547508e-06,0.9998559
ACGCCAGAGCGATGAC-1-HCAHeart7844004,0.00010190278,1.8202023e-05,0.00021427363,6.2216284e-05,0.00017065211,0.000106214866,6.566337e-05,0.00010411916,0.81203866,0.18708807,2.9916337e-05
TTCCAATCACCGAATT-1-HCAHeart7905331,5.9733898e-06,2.9095295e-06,0.9998859,9.612822e-06,3.52663e-06,4.7891454e-06,1.38148225e-05,2.4783144e-06,6.3705585e-05,5.820846e-07,6.5327026e-06
CTTCTCTCATGTTCCC-1-HCAHeart7844003,0.00026124972,3.0229708e-05,3.3956814e-05,4.9267463e-05,6.935235e-05,7.535136e-05,2.7750899e-05,8.798518e-05,0.017404353,0.9819427,1.7783963e-05
CCATAAGGTTCCATTT-1-HCAHeart7905327,5.0964677e-06,2.558211e-06,0.9998553,2.131368e-05,4.5870506e-06,8.159603e-06,1.2112822e-05,2.9742775e-06,8.1290826e-05,5.813905e-07,6.0315483e-06
GATTCAGAGAGGGATA-1-HCAHeart7843999,9.7564725e-06,5.3818426e-06,0.9998178,1.1697254e-05,6.866382e-06,5.242878e-06,3.5434936e-05,3.7719374e-06,9.5235555e-05,9.3020014e-07,7.850709e-06
TTAACTCTCGCAAGCC-1-HCAHeart7843999,6.374246e-06,2.986808e-06,0.9999081,9.155632e-06,2.8697568e-06,4.882268e-06,8.790379e-06,2.7204976e-06,4.580808e-05,5.416672e-07,7.690817e-06
TTGAACGCACACCGCA-1-HCAHeart7844002,6.471115e-06,1.1318214e-05,8.406949e-06,6.857113e-05,0.99964523,3.2256198e-06,0.00021478944,1.4216516e-05,1.0408606e-05,8.062116e-06,9.346789e-06
GTCCTCAGTTAAGACA-1-HCAHeart7844001,2.1323025e-05,1.5153607e-05,1.1974419e-05,1.3837596e-06,0.0002981331,1.310284e-05,0.9996271,8.8995785e-07,4.8915763e-06,4.052758e-06,1.9954527e-06
AACTTTCGTCAGTGGA-1-HCAHeart7844004,1.5242372e-05,4.16875e-06,0.99984956,1.3052433e-05,3.9332567e-06,3.96451e-06,1.9370493e-05,5.221608e-06,7.745308e-05,9.433138e-07,6.8694562e-06
AGTGTTGGTGAGGAAA-1-HCAHeart7905332,3.79936e-05,3.0424271e-06,1.1487618e-05,0.99988663,8.019413e-06,8.1594935e-06,3.0902174e-06,2.0881329e-05,9.3523095e-06,3.7841633e-06,7.668468e-06
GACACGCCAAGACAAT-1-HCAHeart7905328,2.1436716e-05,3.8757153e-06,9.558909e-06,0.9998902,3.1990086e-05,4.8174984e-06,3.4307116e-06,1.6923748e-05,5.294016e-06,3.8349117e-06,8.708185e-06
CTACACCTCTTAACCT-1-HCAHeart7844001,7.5896714e-06,3.181707e-06,0.9998281,1.5256034e-05,3.736068e-06,8.036046e-06,9.3754525e-06,4.4228805e-06,0.00010734806,5.44221e-07,1.2437976e-05
TAGTGCATCTGGACCG-1-HCAHeart7905332,9.7198e-06,3.6695349e-06,0.999858,1.0686644e-05,7.734143e-06,1.8720957e-05,1.5319052e-05,5.604099e-06,5.480504e-05,1.592558e-06,1.4096727e-05
GTTTCTATCAGCAACT-1-HCAHeart7844004,1.1587997e-05,4.2173083e-06,0.99988246,7.714016e-06,3.7167674e-06,1.0288989e-05,1.4170126e-05,3.320213e-06,4.0810603e-05,6.527838e-07,2.105128e-05
AAGCCGCCAATGTTGC-1-HCAHeart7888927,8.606182e-06,1.6215599e-06,2.3144712e-05,2.3785125e-05,1.3493677e-05,6.67e-06,4.3081723e-06,2.5110841e-05,0.99973863,0.00014574979,8.77907e-06
AAAGATGTCCCTCTTT-1-HCAHeart7880861,2.3253288e-06,6.430608e-05,7.529511e-06,1.2327223e-05,8.268384e-06,7.3974593e-06,1.0147484e-06,4.293309e-06,3.7368653e-05,2.1074977e-06,0.99985313
CACTGTCGTATCATGC-1-HCAHeart7905328,3.0225407e-05,3.843653e-06,8.8282995e-06,0.9998286,5.404385e-05,7.691196e-06,5.512656e-06,3.060515e-05,1.5263711e-05,5.424375e-06,9.988196e-06
TCAATCTCACCTGGTG-1-HCAHeart7844004,1.1837765e-05,2.0089052e-05,0.99984515,2.3685318e-05,3.887972e-06,8.279442e-06,3.5469682e-05,4.8426205e-06,3.7029957e-05,9.682783e-07,8.604628e-06
GAATGAAAGTTGAGAT-1-HCAHeart7844004,8.835292e-06,4.701871e-06,0.99980026,6.0647335e-06,7.75405e-06,9.35365e-06,3.777298e-05,2.983426e-06,0.00010208153,9.870059e-07,1.9288098e-05
AGTCTTTTCAGCGATT-1-HCAHeart7843999,6.7640553e-06,3.6329652e-06,0.9998005,4.1202416e-05,6.3281173e-06,1.3021207e-05,1.2169367e-05,3.9390397e-06,9.454814e-05,7.7149684e-07,1.7104194e-05
CTACCCACAAGACACG-1-HCAHeart7880860,1.7642155e-06,4.057456e-05,7.5465578e-06,7.738497e-06,7.973833e-06,5.436732e-06,7.709404e-07,3.7419104e-06,3.5719e-05,3.028743e-06,0.9998858
ACACCCTAGAAACCAT-1-HCAHeart7844004,8.576909e-06,4.1549174e-06,0.9999143,1.3147114e-05,2.843461e-06,4.573112e-06,9.8798255e-06,4.7339818e-06,3.1593652e-05,5.6833755e-07,5.6139042e-06
GCTGCAGAGCGCCTTG-1-HCAHeart7888926,2.021727e-06,5.6999655e-05,7.883612e-06,1.4196579e-05,9.835643e-06,6.8658223e-06,1.2075345e-06,7.0955994e-06,0.00012549454,3.4632808e-06,0.99976486
ACCAGTACAGCCAATT-1-HCAHeart7844004,3.561177e-05,8.849453e-06,0.99984145,1.3067061e-05,3.7108173e-06,4.7664107e-06,2.3102146e-05,7.027503e-06,4.4428743e-05,1.1318626e-06,1.6804028e-05
GCAAACTCACCAGGCT-1-HCAHeart7844001,7.4692052e-06,2.441061e-06,0.99988353,1.0259419e-05,3.648068e-06,1.0865899e-05,1.2100638e-05,2.8899904e-06,5.7616e-05,4.9052613e-07,8.626165e-06
ATCTGCCCACCTCGGA-1-HCAHeart7844000,7.0062442e-06,1.5810105e-05,1.39083695e-05,0.00012861636,0.99961555,7.5738653e-06,0.000111181085,2.1365362e-05,2.4525778e-05,1.3324837e-05,4.114493e-05
ACAGCCGGTTTACACG-1-HCAHeart7905331,9.385662e-06,3.9658253e-06,0.9998217,7.352706e-06,5.430052e-06,5.0713666e-06,2.3357961e-05,3.6729066e-06,0.00011131617,7.9975877e-07,7.713768e-06
CTACATTAGGACGAAA-1-HCAHeart7844003,4.061543e-05,1.6660926e-05,1.3172941e-05,1.1179745e-06,0.00014619456,3.4114673e-05,0.9997377,1.1556298e-06,4.1019225e-06,3.3612323e-06,1.7643463e-06
GTAACGTTCGTTACGA-1-HCAHeart7844001,0.0002743008,3.378364e-05,0.00020002719,9.7864206e-05,0.0002064419,0.00027201115,0.00010310805,0.0006457197,0.70782256,0.29028043,6.3647574e-05
GCAGTTAGTTCACGGC-1-HCAHeart7844004,9.099462e-06,3.9261568e-06,0.99971944,6.0454047e-05,8.67081e-06,1.2589729e-05,2.1132302e-05,6.77927e-06,0.00015217449,1.2612412e-06,4.4133117e-06
GTCATCCAGACGCCCT-1-HCAHeart7905327,5.8487312e-06,3.0295198e-06,0.9998857,8.252361e-06,4.2660577e-06,5.072828e-06,1.471736e-05,2.3625332e-06,6.246839e-05,5.906496e-07,7.677125e-06
CCACTACCAAAGGAAG-1-HCAHeart7844004,6.0430357e-06,3.7320463e-06,0.9999193,1.1083205e-05,2.5319448e-06,5.156544e-06,8.1247545e-06,2.7183703e-06,3.4657372e-05,4.5091767e-07,6.244562e-06
ACGGCCACAGCCTGTG-1-HCAHeart7844001,2.0437374e-05,6.151318e-06,0.9998235,2.1056665e-05,3.264785e-06,1.0921063e-05,1.7506552e-05,5.4805164e-06,7.87422e-05,8.26342e-07,1.20643645e-05
GGTATTGTCTGCAAGT-1-HCAHeart7843999,4.855697e-06,9.474392e-06,7.454194e-06,4.216167e-05,0.99976104,2.395611e-06,0.00013098143,8.7164235e-06,1.4199733e-05,1.0066643e-05,8.628614e-06
CATCAGATCAGGCCCA-1-HCAHeart7844000,3.2009557e-05,3.4611653e-06,0.9997347,5.095117e-05,4.2580896e-06,2.5359343e-05,8.570748e-06,8.272972e-06,0.00010020569,7.548933e-07,3.1326974e-05
TCCCGATCACGGCTAC-1-HCAHeart7843999,6.230003e-06,7.084087e-06,0.9998691,3.8080394e-05,4.492908e-06,7.3272313e-06,1.6122054e-05,3.8886697e-06,4.1469055e-05,8.557692e-07,5.3444073e-06
TGCCAAATCATGTGGT-1-HCAHeart7844001,7.1955365e-05,5.880775e-06,1.9946117e-05,3.4646282e-06,0.00046418747,5.6276145e-05,0.9993625,1.310565e-06,7.0728784e-06,4.4753087e-06,2.8792574e-06
TCTTCCTTCCGCGGAT-1-HCAHeart7905327,2.536924e-05,4.990076e-06,5.589625e-05,0.9998368,1.7024207e-05,8.081237e-06,3.4865393e-06,2.687823e-05,7.777537e-06,4.0745063e-06,9.538175e-06
GATGACTTCTATCGGA-1-HCAHeart7905327,8.0565205e-06,3.297314e-06,0.99968994,4.134396e-05,7.605685e-06,1.2640824e-05,1.8052797e-05,4.077223e-06,0.00020632648,1.0490465e-06,7.7761415e-06
GGGTCTGGTCGTTGTA-1-HCAHeart7844001,8.332534e-05,3.279557e-06,0.00012601579,4.3412343e-05,3.5461533e-05,7.296288e-05,2.573561e-05,0.00019409935,0.99702483,0.0023817727,9.124931e-06
AGTAGTCTCTAGACCA-1-HCAHeart7905332,1.0062971e-05,5.8880855e-06,0.99980265,3.8580798e-05,1.03491e-05,1.6916345e-05,1.8303057e-05,8.105397e-06,7.55794e-05,3.7927725e-06,9.6263975e-06
CCACGGATCGCGCCAA-1-HCAHeart7844004,1.438314e-05,4.45263e-06,0.99984,9.75321e-06,3.9182846e-06,7.5809435e-06,1.5016855e-05,7.273445e-06,8.545774e-05,7.4302284e-07,1.1353243e-05
CACAGGCAGGAATTAC-1-HCAHeart7844001,5.832147e-05,8.795851e-06,0.99977976,1.685192e-05,3.6527858e-06,1.0412778e-05,3.2139782e-05,6.631116e-06,6.6961424e-05,1.6507836e-06,1.4782092e-05
CTACACCCAATTCCTT-1-HCAHeart7844004,3.161492e-05,3.7624739e-06,6.442043e-05,1.4515283e-05,4.0784307e-05,3.304392e-05,1.3440607e-05,1.9894338e-05,0.9916672,0.008096044,1.5261276e-05
TTCTCCTAGCCTCGTG-1-HCAHeart7844003,1.0114799e-05,3.8766902e-06,0.99983656,6.329468e-06,4.722035e-06,7.0617457e-06,1.7520311e-05,4.2104402e-06,9.43819e-05,7.607224e-07,1.4419073e-05
GCAGTTAAGGTCGGAT-1-HCAHeart7888926,1.6514924e-06,2.3037648e-05,1.45808e-05,1.493429e-05,9.279016e-06,7.158188e-06,1.2588634e-06,2.6214907e-06,7.760738e-05,2.1916665e-06,0.9998456
ACCAAACCAGGCAATG-1-HCAHeart7905331,7.996505e-06,4.0734317e-06,0.9998754,5.6759213e-06,4.085037e-06,4.057292e-06,1.5853218e-05,2.9632783e-06,7.013919e-05,6.6670685e-07,9.118109e-06
GGTGTTACAGATGGCA-1-HCAHeart7844004,9.444707e-06,4.352878e-06,0.9998673,8.968697e-06,3.8538737e-06,6.225964e-06,1.9830088e-05,2.926618e-06,6.2626146e-05,6.9493785e-07,1.3803082e-05
ACAACCACACGGCCAT-1-HCAHeart7905332,1.1968007e-05,5.9441413e-06,0.9990901,0.000103596365,2.9712886e-05,3.155331e-05,2.250491e-05,8.537242e-06,0.0006776111,2.2029199e-06,1.6360449e-05
CTAGTGAGTAAACGCG-1-HCAHeart7888926,3.0735741e-06,0.00023578118,4.841622e-06,2.8809869e-05,1.5235166e-05,1.517522e-05,1.0708433e-06,1.6792696e-05,3.6711655e-05,3.383099e-06,0.99963903
CATCAGATCACTATTC-1-HCAHeart7888927,2.904174e-06,7.4893134e-05,5.513519e-06,5.3005326e-05,1.9934309e-05,9.738462e-06,1.4198779e-06,1.1554897e-05,0.00010427384,3.3722854e-06,0.99971336
AAACGAACAGAGGACT-1-HCAHeart7905327,3.6644476e-05,7.6380675e-06,0.018271675,6.2522195e-05,0.00014494997,4.3830936e-05,4.9996386e-05,3.0993528e-05,0.98107064,0.00025990835,2.1300302e-05
GCAGCCAAGGCCGAAT-1-HCAHeart7844004,1.7112172e-05,6.084461e-06,0.99987304,1.842651e-05,2.8017748e-06,7.063741e-06,1.4567814e-05,5.7119096e-06,4.4351196e-05,7.0294783e-07,9.9865165e-06
CAAGATCGTCATACTG-1-HCAHeart7844003,4.4586254e-06,1.2150074e-05,5.923783e-06,2.7910586e-05,0.99978167,2.415318e-06,0.00013124107,9.77553e-06,1.0206313e-05,7.125094e-06,7.1559216e-06
ACGGGTCGTTGAACTC-1-HCAHeart7888927,2.437299e-06,7.4780946e-05,7.4081586e-06,2.4565123e-05,1.3032187e-05,8.417969e-06,1.3430835e-06,7.2514154e-06,8.001117e-05,2.4614944e-06,0.99977833
AGGCCACGTCATCGGC-1-HCAHeart7844000,2.3804472e-05,6.2127056e-06,0.99982685,7.123826e-06,4.701167e-06,5.843743e-06,3.628385e-05,6.157601e-06,6.711687e-05,1.031905e-06,1.4915436e-05
TAGCCGGTCCAAGTAC-1-HCAHeart7888926,4.129409e-06,1.2052029e-06,5.714108e-05,1.1491264e-05,1.3403129e-05,3.891415e-06,5.102447e-06,1.0866997e-05,0.9997881,7.022442e-05,3.4455632e-05
CTGAAACGTGAGTGAC-1-HCAHeart7844000,7.1217564e-06,3.2155544e-06,0.9998691,1.1940901e-05,3.2946984e-06,9.115478e-06,9.730063e-06,2.9806793e-06,6.742811e-05,5.1082435e-07,1.551283e-05
TGACAACCATCCTAGA-1-HCAHeart7844004,1.9440688e-05,4.815346e-06,0.999861,3.4837638e-05,4.1863073e-06,2.0203977e-05,1.22579895e-05,6.2853505e-06,2.5421416e-05,1.5445071e-06,9.855943e-06
AACTGGTCACATTAGC-1-HCAHeart7844004,7.4520544e-06,4.770875e-06,0.9999012,1.3342176e-05,4.145024e-06,1.0003622e-05,1.1480623e-05,5.2300556e-06,3.5182304e-05,7.174801e-07,6.456274e-06
AACTCAGTCCAAACAC-1-HCAHeart7844001,0.00016233933,1.3612276e-05,0.10184912,8.9212466e-05,0.00012222295,6.084481e-05,0.000118711,9.049205e-05,0.8972818,0.00015047578,6.1027575e-05
TTTATGCGTAAAGGAG-1-HCAHeart7844001,3.0217714e-05,6.1970113e-06,0.9997409,7.537229e-06,5.51547e-06,9.469513e-06,4.423834e-05,8.988954e-06,0.00013330112,1.9674528e-06,1.1772811e-05
CGATGGCTCTCGATGA-1-HCAHeart7843999,4.7822e-06,9.900825e-06,8.468746e-06,3.0211006e-05,0.99976784,2.5180868e-06,0.0001297808,7.180425e-06,1.7437664e-05,1.1832707e-05,1.0095379e-05
TACTCGCTCTTTACGT-1-HCAHeart7844003,1.7478742e-05,4.077721e-06,0.9998797,1.2104285e-05,3.040167e-06,4.8004013e-06,1.1805951e-05,6.2320237e-06,5.0193597e-05,6.7486593e-07,9.720168e-06
ATGATCGCACTACAGT-1-HCAHeart7905331,8.935853e-06,3.4447662e-06,0.99986243,5.615621e-06,3.9616925e-06,5.06801e-06,1.5664868e-05,3.2486773e-06,7.9954436e-05,8.307945e-07,1.0843196e-05
TTTACCATCAGACCTA-1-HCAHeart7905328,8.681686e-06,1.385324e-05,9.949892e-06,1.0008907e-05,2.4592377e-05,8.825849e-06,5.4328452e-06,9.190394e-06,0.0001272138,0.9997781,4.2709516e-06
GTCATTTTCTTCAACT-1-HCAHeart7844004,9.552468e-06,6.708488e-06,0.99979025,3.711567e-05,1.6102636e-05,3.7239304e-05,3.741726e-05,4.8710617e-06,4.496675e-05,2.0955808e-06,1.3772999e-05
AGAAGTACAGTGGTGA-1-HCAHeart7905332,6.8575405e-06,2.4706858e-06,0.9998634,8.765843e-06,3.3908327e-06,4.7646017e-06,1.1972053e-05,2.687683e-06,8.911883e-05,6.840718e-07,5.856443e-06
TTAGGGTGTCCCTGTT-1-HCAHeart7905329,1.05612435e-05,5.3241884e-06,0.9999095,9.635031e-06,2.6533712e-06,4.6779855e-06,1.3221197e-05,4.955855e-06,3.1373536e-05,8.1351385e-07,7.2561793e-06
TTGGAACTCATTATCC-1-HCAHeart7844002,7.0775377e-06,2.6886496e-06,0.99986255,1.2473448e-05,4.4012077e-06,7.69288e-06,7.651643e-06,3.1650259e-06,7.506199e-05,5.8031566e-07,1.6394333e-05
GTACTCCTCTTAGAGC-1-HCAHeart7880862,2.9958621e-06,0.9997439,5.715694e-06,2.1636899e-05,2.040083e-05,2.3729266e-05,6.016951e-06,4.474987e-05,3.6262832e-06,1.404176e-05,0.00011317545
TCAAGACAGGGTAATT-1-HCAHeart7905328,6.009063e-06,3.1311072e-06,0.99988735,7.3821443e-06,3.3860958e-06,4.51882e-06,1.0635997e-05,2.5133254e-06,6.445939e-05,5.42011e-07,1.009392e-05
AGGCCACGTGTTTGGT-1-HCAHeart7844001,3.526381e-05,2.9679152e-06,0.00013134473,1.5117635e-05,3.9955285e-05,3.817468e-05,2.071274e-05,3.6088364e-05,0.99466115,0.005010973,8.379916e-06
CGTGCTTAGTAGTCCT-1-HCAHeart7905328,9.760992e-06,3.8050086e-06,0.99986887,5.6933677e-06,3.970236e-06,4.6298496e-06,1.8152525e-05,3.6228578e-06,7.13673e-05,6.9355053e-07,9.4860825e-06
TACCTATTCGGCTACG-1-HCAHeart7844003,5.994016e-05,8.938338e-06,3.4398323e-05,4.059788e-06,0.00035149456,9.5035626e-05,0.9994273,1.5406456e-06,6.406513e-06,4.529107e-06,6.339972e-06
TATCAGGTCCTCTAGC-1-HCAHeart7844001,2.9056006e-05,7.462904e-06,0.9998368,1.6627338e-05,3.632716e-06,1.3816712e-05,2.3949075e-05,9.040429e-06,4.886585e-05,9.0027225e-07,9.727485e-06
TCTATTGAGTCCGTAT-1-HCAHeart7843999,5.093751e-06,3.219858e-06,0.9998933,8.790333e-06,3.5006833e-06,5.354761e-06,9.56618e-06,2.5228812e-06,5.9015252e-05,5.290244e-07,9.165106e-06
AGGGATGCAAGCGTAG-1-HCAHeart7880862,6.7756414e-06,0.99918336,7.1590566e-06,6.502566e-05,2.2783677e-05,0.00013839013,1.1784506e-05,0.00011190983,9.499398e-06,1.4059137e-05,0.00042910266
ACTGATGAGGTGTGGT-1-HCAHeart7843999,6.605678e-06,2.8717177e-06,0.99987304,2.7589385e-05,3.8068758e-06,9.378181e-06,9.425379e-06,3.3709075e-06,5.666527e-05,7.7527466e-07,6.497514e-06
CAGCATAAGATGTGGC-1-HCAHeart7844002,2.3956409e-05,1.0683583e-05,1.138199e-05,2.0537377e-06,0.00047281603,1.7280761e-05,0.99945074,1.1645624e-06,4.6189143e-06,3.4858347e-06,1.8435923e-06
TGTGTGAAGTATGCAA-1-HCAHeart7905331,5.496921e-06,2.7297012e-06,0.9998512,9.551274e-06,4.5160673e-06,5.85094e-06,1.14663835e-05,2.4671263e-06,9.926863e-05,5.8276817e-07,6.8531813e-06
AACTCCCGTAGCTTGT-1-HCAHeart7880861,1.1321038e-05,4.8094453e-06,0.9988844,2.2721493e-05,6.831169e-06,1.3343514e-05,1.8035877e-05,1.295951e-05,0.0010116481,2.306332e-06,1.1628568e-05
AACCGCGTCGTAGATC-1-HCAHeart7844001,9.195989e-06,3.936725e-06,0.9998956,1.2460733e-05,2.3797197e-06,6.0787866e-06,8.4862895e-06,4.3417326e-06,5.0849507e-05,5.170626e-07,6.144514e-06
GCAAACTAGTGAACAT-1-HCAHeart7880861,3.6843269e-06,7.138744e-05,1.27387475e-05,3.171087e-05,2.0839181e-05,2.4704528e-05,2.8800155e-06,7.0081323e-06,0.0004887343,2.0491949e-05,0.99931586
CTGTATTTCCTTCTAA-1-HCAHeart7905332,4.646117e-05,4.0839122e-06,7.071883e-06,0.9998958,7.204372e-06,4.8807324e-06,2.3034463e-06,1.2713641e-05,7.6566785e-06,3.0045555e-06,8.824103e-06
TGCTGCTGTCTCATCC-1-HCAHeart7844004,4.500576e-05,3.7252257e-06,0.010441326,3.2319844e-05,5.4206084e-05,3.28716e-05,3.168786e-05,3.1753476e-05,0.98916465,0.00013166321,3.0750234e-05
CTACGTCGTTTGGCGC-1-HCAHeart7880862,2.7994203e-05,4.6989676e-06,8.204928e-06,0.9999063,7.915489e-06,5.3576914e-06,2.4429519e-06,1.9668245e-05,7.376689e-06,3.2039502e-06,6.9033536e-06
GTAATCGAGGACTATA-1-HCAHeart7905327,8.35499e-06,3.2134649e-06,0.99986184,5.7908983e-06,4.1063777e-06,4.2853208e-06,1.5931817e-05,2.7690598e-06,8.336537e-05,6.7270383e-07,9.69437e-06
CTAGTGATCACATACG-1-HCAHeart7888927,4.1141925e-06,7.0891615e-06,0.9997718,2.1075564e-05,4.8200986e-06,4.7166072e-06,1.3520699e-05,6.5841105e-06,0.00016054047,1.1661936e-06,4.611092e-06
ACCGTAACAGGCGATA-1-HCAHeart7844001,3.3752163e-05,1.1663e-05,0.9997547,1.2948531e-05,7.253582e-06,9.064445e-06,9.077711e-05,8.76047e-06,5.6981196e-05,1.4280085e-06,1.2467369e-05
ACACTGATCTGGCGTG-1-HCAHeart7880862,7.99214e-06,3.3106477e-05,5.6750587e-06,1.0957349e-05,2.157841e-05,7.370144e-06,1.0848996e-06,0.9998865,5.345561e-06,7.4781656e-06,1.287453e-05
ACTGAACAGTGTTAGA-1-HCAHeart7844001,0.10277605,0.0006567482,0.0011574527,0.16700518,0.0005995121,0.003966278,0.0008206777,0.00792942,0.04433723,0.6705812,0.00017018507
CGGAGCTAGTGGCACA-1-HCAHeart7844004,1.4879736e-05,8.442363e-06,0.9998596,7.605982e-06,3.8849516e-06,6.1642127e-06,2.4003974e-05,5.730285e-06,5.504671e-05,8.7360866e-07,1.37479565e-05
AGCATACCACGGTAGA-1-HCAHeart7843999,4.3670957e-06,9.964866e-06,6.726041e-06,3.2934135e-05,0.9997665,2.297285e-06,0.00014098657,9.255164e-06,1.0998034e-05,7.756539e-06,8.1446215e-06
CGTTCTGCACGACGAA-1-HCAHeart7844003,1.1860232e-05,3.573825e-06,0.999833,7.843195e-06,4.328463e-06,7.3401707e-06,1.8027198e-05,3.9246333e-06,9.83387e-05,7.635492e-07,1.0931754e-05
TTGTGGATCAAGTGTC-1-HCAHeart7905328,3.7802987e-05,7.2012504e-06,0.998645,0.0008010899,3.752952e-05,3.434165e-05,9.435388e-05,4.010992e-05,0.0002807299,5.680128e-06,1.6227772e-05
AGAATAGAGCGAGAAA-1-HCAHeart7844004,8.053534e-06,3.8556873e-06,0.99986565,6.3987327e-06,4.0379477e-06,5.2824375e-06,1.7829672e-05,2.9717426e-06,7.2514515e-05,6.715315e-07,1.2601973e-05
CTCGAGGAGTTTCCTT-1-HCAHeart7843999,2.0201007e-05,1.3267945e-05,1.527657e-05,2.7449956e-05,0.9990841,2.7574622e-06,0.0007806919,7.672288e-06,2.7388114e-05,1.3684064e-05,7.5583334e-06
CAGGTGCCATGGTCAT-1-HCAHeart7843999,9.78342e-06,1.5202999e-05,8.571782e-06,1.00535435e-05,1.8970793e-05,8.481157e-06,5.517642e-06,9.720181e-06,0.00014167099,0.99976844,3.605499e-06
ATCTCTAGTCTGTCCT-1-HCAHeart7905327,4.492868e-06,3.0643312e-06,0.99987924,9.601068e-06,4.3699124e-06,8.812562e-06,8.490596e-06,2.725852e-06,6.948859e-05,5.964922e-07,9.115006e-06
CACCTTGCATTGTGCA-1-HCAHeart7844001,5.4194254e-05,9.125339e-06,8.7218705e-06,1.8205878e-06,0.00016028158,3.2083535e-05,0.9997229,1.089726e-06,4.1692274e-06,3.4628183e-06,2.1037372e-06
TGCTGCTTCTTCCTTC-1-HCAHeart7844001,5.3075873e-06,7.5948974e-06,7.401351e-06,2.5835521e-05,0.9997106,3.3436213e-06,0.00018626392,1.4315365e-05,1.5797666e-05,1.2457775e-05,1.1056877e-05
TCTGAGAGTTTGGCGC-1-HCAHeart7880862,2.0303069e-05,8.616608e-06,6.477373e-06,0.99991274,9.052573e-06,4.6090513e-06,2.2614302e-06,1.3756963e-05,7.6120245e-06,3.383093e-06,1.1126649e-05
TGGTTAGAGTACACCT-1-HCAHeart7888927,4.61169e-06,1.1424208e-06,2.5767069e-05,1.126409e-05,1.3563874e-05,5.0568183e-06,5.2735863e-06,1.553025e-05,0.9997451,0.00015350158,1.916238e-05
GGAATAACATGGTCTA-1-HCAHeart7844004,0.00012411502,8.9245705e-06,0.99963284,1.368179e-05,8.007757e-06,1.8079332e-05,3.0393483e-05,1.2385553e-05,7.5692566e-05,1.5013549e-06,7.441409e-05
AGCTCTCTCAGCGATT-1-HCAHeart7888926,4.9903374e-06,1.1126444e-06,5.588782e-05,9.106425e-06,1.8549223e-05,4.7171525e-06,4.4520893e-06,1.8134726e-05,0.99976903,0.00010593484,8.1174085e-06
CACAGTATCCCTAACC-1-HCAHeart7843999,5.3221274e-06,2.7572942e-06,0.99990964,1.3628129e-05,3.0349452e-06,6.630851e-06,6.937213e-06,2.5887218e-06,4.204326e-05,4.6354216e-07,7.005646e-06
GCCTCTAAGGTGCAAC-1-HCAHeart7880860,7.295778e-05,5.931841e-06,3.3985547e-05,0.99952173,1.8086463e-05,1.7836634e-05,7.5211674e-06,0.00028148218,2.007945e-05,6.3955436e-06,1.3992899e-05
GCTGGGTAGCCCTAAT-1-HCAHeart7844004,8.805654e-06,4.306473e-06,0.99988675,3.2389205e-05,3.0289045e-06,5.561724e-06,1.28534075e-05,4.548143e-06,3.5213518e-05,6.919641e-07,5.891508e-06
GCTGCGAAGTTTAGGA-1-HCAHeart7844004,5.8055152e-06,4.4360845e-06,0.99977154,4.2243093e-05,6.4693345e-06,1.5175524e-05,1.2292573e-05,3.3236652e-06,0.00012581726,7.1465973e-07,1.2259453e-05
ACTGATGGTTATCACG-1-HCAHeart7888927,2.8744289e-05,7.746025e-06,9.192477e-06,0.99989784,7.0344045e-06,5.4503316e-06,2.3704793e-06,9.432662e-06,1.06568e-05,5.0172375e-06,1.6458656e-05
AGACTCAGTCCGGTCA-1-HCAHeart7905328,6.5473314e-06,5.498499e-06,0.99985206,3.6333968e-05,8.848508e-06,1.4894873e-05,1.5708792e-05,5.6543404e-06,4.4649198e-05,1.253422e-06,8.5429465e-06
GACCTGGCAAGGTTCT-1-HCAHeart7844001,5.950134e-06,1.38268e-05,1.2297588e-05,6.514451e-05,0.99968636,4.709346e-06,0.0001400437,1.3838435e-05,1.7793118e-05,9.152423e-06,3.0897238e-05
ACCGTAATCAACACTG-1-HCAHeart7888926,1.8112269e-06,5.630522e-05,7.2232447e-06,1.678899e-05,1.1010195e-05,7.0202577e-06,1.0100357e-06,4.136098e-06,4.715626e-05,1.978952e-06,0.9998455
ACGCCAGAGTTGTCGT-1-HCAHeart7844003,1.2113274e-05,1.0146645e-06,2.9304358e-05,1.1303182e-05,1.3562861e-05,8.664211e-06,4.2046486e-06,1.5263508e-05,0.99968755,0.00021229727,4.631783e-06
CCCATACCAGACTCGC-1-HCAHeart7844001,0.00010206897,2.5961359e-05,0.98840195,8.46548e-05,0.0011324866,9.974411e-05,0.0049610655,5.4787553e-05,0.0050540823,5.9020054e-05,2.4206587e-05
AGTGTCAAGCTCAACT-1-HCAHeart7888926,1.6416583e-06,6.329948e-05,6.7889086e-06,1.0864154e-05,8.618047e-06,1.1932394e-05,8.607734e-07,5.9855715e-06,6.0519444e-05,4.546358e-06,0.99982506
GATGAAAGTGAGCGAT-1-HCAHeart7843999,5.9588556e-06,3.526578e-06,0.9997806,2.2268177e-05,7.037424e-06,9.007297e-06,9.461909e-06,4.687573e-06,0.00014697139,7.5666213e-07,9.7466145e-06
GCGAGAACACATCCAA-1-HCAHeart7844001,8.797289e-06,1.5665963e-06,8.586631e-05,1.1500789e-05,6.3081265e-05,9.963313e-06,7.0769484e-06,1.5539004e-05,0.99935037,0.0004407381,5.3559024e-06
GAGTGTTGTCATAGTC-1-HCAHeart7905327,7.86782e-06,2.8829547e-06,0.9998778,8.349252e-06,3.2237715e-06,4.872664e-06,9.355233e-06,3.335571e-06,7.163995e-05,5.142273e-07,1.0087405e-05
ACGGTCGAGGGCCCTT-1-HCAHeart7905328,1.5070664e-05,8.858462e-06,0.9997929,5.7362093e-05,9.556748e-06,2.092961e-05,2.3103712e-05,1.0381947e-05,4.5365214e-05,5.320704e-06,1.1202215e-05
CCACCTAGTGTTGAGG-1-HCAHeart7844003,5.998209e-06,6.6413622e-06,0.99986947,6.847237e-06,5.6445256e-06,4.37429e-06,1.903413e-05,3.6897407e-06,6.936488e-05,7.3453015e-07,8.204508e-06
GCCATTCCAGAAGCTG-1-HCAHeart7905328,1.09561815e-05,4.0367163e-06,0.9992938,3.4110166e-05,1.8640203e-05,4.121434e-05,1.5787979e-05,4.2298616e-06,0.000514988,1.5093028e-06,6.06004e-05
CAGCGACGTTGGTTTG-1-HCAHeart7844004,6.023301e-05,6.9364974e-06,0.98291093,5.960018e-05,3.2067062e-05,8.6508524e-05,4.6505065e-05,1.740811e-05,0.01667187,1.4389584e-05,9.349387e-05
CCGGGATTCCAATGGT-1-HCAHeart7888926,2.1797696e-06,6.076594e-05,5.8878595e-06,2.6035126e-05,1.02063e-05,7.492576e-06,1.1468386e-06,5.8823307e-06,6.487807e-05,2.7511278e-06,0.9998128
GTAGGCCAGATGTGTA-1-HCAHeart7844004,1.380972e-05,4.2177235e-06,0.99987316,7.3591245e-06,3.6319925e-06,4.595798e-06,1.850816e-05,3.9403553e-06,5.9631115e-05,7.209876e-07,1.0400222e-05
TCTGAGAGTGATGTCT-1-HCAHeart7844001,2.1724067e-05,7.1128406e-06,0.9997161,1.27909825e-05,7.857626e-06,1.23485115e-05,4.4399247e-05,1.3052359e-05,0.00015453735,1.3690336e-06,8.547171e-06
CCTTCGATCCAAGTAC-1-HCAHeart7880862,3.1968484e-06,0.9995976,5.9668914e-06,1.5352527e-05,2.169251e-05,3.3179967e-05,7.1456034e-06,3.9365827e-05,4.2119113e-06,8.330436e-06,0.00026403912
AGGTCCGCAGGACGTA-1-HCAHeart7844000,2.1237194e-05,7.3681663e-06,0.9998165,7.745972e-06,4.644306e-06,6.156445e-06,4.2088963e-05,6.145487e-06,7.285822e-05,1.1008169e-06,1.4108514e-05
GGACGTCGTTTGACAC-1-HCAHeart7880862,4.0184867e-05,7.285076e-06,3.8059225e-05,0.9996593,1.0531157e-05,3.9886254e-05,7.604342e-06,7.00896e-05,0.00010310879,1.0533799e-05,1.3465663e-05
GTGTGCGTCTCTTATG-1-HCAHeart7843999,6.6096054e-06,2.6634436e-06,0.9998933,1.5041664e-05,2.9629443e-06,7.896432e-06,7.365922e-06,3.4529276e-06,5.527293e-05,4.6018883e-07,5.0374424e-06
TATATCCAGGGAGGCA-1-HCAHeart7905331,7.2737844e-06,2.449854e-06,0.99986756,9.758708e-06,3.1651596e-06,5.5286664e-06,9.700474e-06,2.829322e-06,8.293905e-05,5.7739555e-07,8.277528e-06
GGAGGTAAGAATTGCA-1-HCAHeart7905327,6.5700697e-06,4.7636586e-06,0.9998838,3.237046e-05,4.322771e-06,7.3033675e-06,9.200108e-06,6.9163843e-06,3.9270253e-05,6.939062e-07,4.9309724e-06
AATCGGTCAAGTCTAC-1-HCAHeart7843999,6.8075988e-06,3.1004024e-06,0.99984586,1.38889445e-05,4.405686e-06,8.527144e-06,9.980047e-06,3.0197102e-06,8.6152075e-05,6.0103525e-07,1.7493225e-05
CTTGAGAAGATACCAA-1-HCAHeart7905327,4.982565e-06,2.5191866e-06,0.9998659,1.1087382e-05,4.118973e-06,7.4216923e-06,1.0331333e-05,2.237216e-06,8.1315644e-05,5.7117677e-07,9.4645475e-06
TATTGCTTCCTGGGAC-1-HCAHeart7905329,9.455355e-06,2.4114845e-06,0.9998859,2.4465264e-05,3.2253354e-06,1.1767761e-05,1.1604725e-05,3.356445e-06,3.5278834e-05,5.8853846e-07,1.2070239e-05
CAACTAGCATGGTCTA-1-HCAHeart7843999,8.2347615e-06,4.5354013e-06,0.99989843,1.9066892e-05,4.454632e-06,9.68131e-06,1.0141669e-05,5.3124077e-06,3.207904e-05,9.718641e-07,7.0974816e-06
GTGCTTCTCTAAGCCA-1-HCAHeart7843999,7.376939e-06,2.6789478e-06,0.99986386,1.9115556e-05,3.3313408e-06,9.440181e-06,8.572993e-06,2.8369334e-06,7.06866e-05,5.2788147e-07,1.1579408e-05
TACCTCGGTCAACCAT-1-HCAHeart7905328,6.3149373e-06,2.6798764e-06,0.9997508,1.283734e-05,6.548311e-06,9.997388e-06,1.3108661e-05,2.516654e-06,0.00018535471,7.842382e-07,9.018038e-06
AAATGCCCAGACAAAT-1-HCAHeart7888926,4.3549335e-06,1.6835438e-05,6.7850337e-06,4.360114e-05,0.99973005,3.059071e-06,0.00012524675,3.1205916e-05,2.0332685e-05,7.3216233e-06,1.1079818e-05
TCTCATAAGACCCACC-1-HCAHeart7844004,6.393392e-06,2.3013863e-06,0.99979454,2.1421749e-05,6.931859e-06,4.1534237e-05,1.278334e-05,2.3638393e-06,9.321473e-05,6.1395264e-07,1.7950062e-05
CTCCTAGCATTATCTC-1-HCAHeart7844004,0.00010447973,2.4581253e-05,0.26009274,9.047401e-05,0.00030217483,0.00012381436,0.00029622344,0.00010512068,0.7378277,0.0009773072,5.5306078e-05
TACCTTATCGCTTAGA-1-HCAHeart7844000,1.938504e-05,4.838686e-06,0.9998078,1.2965355e-05,4.301224e-06,1.721627e-05,1.1555504e-05,5.891368e-06,6.975836e-05,7.739269e-07,4.5697456e-05
ACTGAACTCCTAGAAC-1-HCAHeart7844000,8.284144e-06,2.5280303e-06,0.9998703,1.1908289e-05,3.2823928e-06,1.0470533e-05,9.20382e-06,3.062589e-06,6.3781066e-05,5.478298e-07,1.6511372e-05
AGACGTTGTGCCTTGG-1-HCAHeart7844004,5.8989376e-06,2.8034908e-06,0.999915,1.1026459e-05,2.5774164e-06,6.8401473e-06,7.1984805e-06,2.5108193e-06,3.8212234e-05,3.9026185e-07,7.4682507e-06
CGGGTCACACTCAGGC-1-HCAHeart7844000,8.4708845e-06,3.2727667e-06,0.9999021,2.0634321e-05,2.213141e-06,7.2538146e-06,7.1201575e-06,3.849695e-06,3.7671307e-05,4.539938e-07,6.868101e-06
CTCTACGTCCTACAGA-1-HCAHeart7880863,3.0013573e-06,0.9997979,6.2020654e-06,1.1180403e-05,1.139397e-05,2.1827085e-05,6.069655e-06,2.214368e-05,2.8256034e-06,2.0124571e-05,9.720296e-05
TCCCGATTCTTACCGC-1-HCAHeart7888927,6.294087e-06,1.3354567e-05,5.5836917e-06,1.5281898e-05,2.7131282e-05,3.636615e-06,9.813408e-07,0.99990916,4.770631e-06,4.413215e-06,9.39923e-06
TGAATGCCACGACGCT-1-HCAHeart7905331,1.2583727e-05,8.972916e-06,0.99974805,7.721564e-05,1.4147537e-05,2.3140316e-05,1.7646094e-05,2.3294846e-05,5.9988794e-05,3.392256e-06,1.15620005e-05
CACCACTCACCAGCAC-1-HCAHeart7844001,7.5726157e-06,2.834736e-06,0.9998758,1.0777659e-05,3.2733828e-06,1.1845231e-05,1.2907634e-05,3.0059857e-06,5.6191646e-05,5.762654e-07,1.534361e-05
TACTCGCAGACGCTTT-1-HCAHeart7888926,1.5330901e-06,2.5719215e-05,6.3916596e-06,9.311587e-06,7.294084e-06,4.530252e-06,1.0268277e-06,2.3917805e-06,8.342647e-05,3.890512e-06,0.99985445
GACACGCTCATGTAGC-1-HCAHeart7843999,6.204518e-05,6.301041e-05,2.5144493e-05,1.5385457e-06,0.0005268012,2.450963e-05,0.9992747,1.601599e-06,7.5381845e-06,9.888857e-06,3.274586e-06
TAAACCGTCAAGCCTA-1-HCAHeart7843999,8.993173e-06,3.7148525e-06,0.99988973,6.3794196e-06,3.2016274e-06,3.9287697e-06,1.5532763e-05,2.9332527e-06,5.5908004e-05,6.441486e-07,8.949393e-06
CAGTAACCACCAACCG-1-HCAHeart7844004,6.460891e-06,3.9270753e-06,0.9998932,8.861168e-06,3.6609288e-06,6.301548e-06,1.2915702e-05,2.8084685e-06,5.271187e-05,5.0073595e-07,8.555455e-06
ACTATCTTCAGTGCAT-1-HCAHeart7888926,1.785627e-06,3.6405345e-05,7.8916555e-06,1.0429092e-05,7.815732e-06,5.471251e-06,1.1110158e-06,2.9939579e-06,8.841839e-05,3.7989437e-06,0.9998338
CAAGAAAAGCCCAATT-1-HCAHeart7888926,1.4102771e-05,9.5278e-06,0.99965835,1.1455591e-05,1.05432955e-05,1.2582131e-05,4.0996558e-05,9.902395e-06,0.00018159654,1.5389398e-06,4.9478178e-05
TTACGTTGTCTTAGTG-1-HCAHeart7905328,2.0327676e-05,3.2283488e-06,0.9998375,1.169743e-05,3.445045e-06,8.750398e-06,1.00470215e-05,4.6179616e-06,7.2025265e-05,7.3743286e-07,2.7664151e-05
GGCGACTTCTTACCGC-1-HCAHeart7844004,3.229822e-05,1.3794616e-05,0.99964106,7.7704535e-06,1.1013466e-05,6.8127833e-06,0.00011068732,8.246629e-06,0.00014588253,1.9856186e-06,2.0525045e-05
ATTCAGGTCCTCAGGG-1-HCAHeart7905327,7.6261895e-06,2.806005e-06,0.9997863,1.6315738e-05,4.723383e-06,6.807291e-06,1.2403555e-05,3.2216665e-06,0.00014909136,7.8449267e-07,9.925589e-06
TAAGCGTTCAGCTGTA-1-HCAHeart7905328,0.00017230782,3.5661953e-05,4.769171e-05,0.0001249178,7.50268e-05,0.00015019727,3.1094794e-05,5.1513063e-05,0.035249665,0.96403515,2.6819962e-05
TTTCCTCGTGCCTGTG-1-HCAHeart7888927,2.7374663e-05,1.0824911e-05,0.99953187,7.772118e-06,1.2731311e-05,1.7219762e-05,0.00017744441,9.515407e-06,0.0001796222,2.2964348e-06,2.340992e-05
ACTTTCATCACCCTCA-1-HCAHeart7844001,5.7858088e-06,1.1554883e-05,6.7635347e-06,1.9081292e-05,0.99974066,3.2095045e-06,0.0001463712,3.0363066e-05,1.608698e-05,1.1091281e-05,8.965612e-06
AAAGATGGTAGCGCTC-1-HCAHeart7844001,2.6462687e-05,1.1985022e-05,0.99980646,9.540023e-06,4.4452554e-06,6.6615276e-06,4.199156e-05,6.7832625e-06,6.7717476e-05,1.1686578e-06,1.686229e-05
GCTGCGAAGAGACTAT-1-HCAHeart7888926,1.3373659e-06,3.0761148e-05,8.130708e-06,7.747713e-06,8.238908e-06,5.545909e-06,8.557159e-07,3.0076994e-06,4.367615e-05,1.9201148e-06,0.9998888
CAAGATCCAAGAAGAG-1-HCAHeart7844002,4.5000916e-06,8.538403e-06,1.7568906e-05,2.4596171e-05,0.9997254,3.8480716e-06,0.00015030729,6.8211984e-06,2.505358e-05,1.5057077e-05,1.8434157e-05
TCCGAAAAGGCGCTCT-1-HCAHeart7905332,1.1517113e-05,5.041488e-06,0.99974626,0.00013368159,5.840815e-06,1.2093128e-05,1.575003e-05,6.838915e-06,5.236774e-05,1.0141039e-06,9.631511e-06
CATGCGGTCTATTTCG-1-HCAHeart7905327,2.1971919e-05,3.818074e-06,8.316511e-06,0.99991786,1.0047033e-05,4.945731e-06,2.1951446e-06,1.4803787e-05,5.7080706e-06,2.9352607e-06,7.529661e-06
AACTCTTGTCACTGGC-1-HCAHeart7844001,0.0001044959,3.5631347e-05,0.999388,1.3205093e-05,1.4040817e-05,1.2121696e-05,0.0002871042,1.3711063e-05,9.530597e-05,3.0652363e-06,3.3272652e-05
GACGGCTGTCATGCAT-1-HCAHeart7880861,0.001392839,0.00010487773,0.6385323,0.35042754,0.00016202596,0.0008098235,0.00017010159,0.0013072058,0.0064945356,3.9112732e-05,0.0005595675
GTTGTAGTCCATTCAT-1-HCAHeart7905327,5.372943e-06,3.05947e-06,0.99981076,2.662735e-05,5.785905e-06,8.589673e-06,1.2118697e-05,3.5333771e-06,0.00011469096,7.964916e-07,8.59395e-06
AACACACCAGCCGTTG-1-HCAHeart7905328,7.771295e-06,2.5387017e-06,0.99965286,2.5682339e-05,1.4411516e-05,5.1288098e-05,1.450965e-05,2.5922466e-06,0.00020772632,9.750395e-07,1.95787e-05
AAACGAATCTGGTGGC-1-HCAHeart7905327,1.1407314e-05,3.2056355e-06,0.9998591,6.8343857e-06,3.4209215e-06,3.77196e-06,1.44495725e-05,3.4991917e-06,8.529449e-05,7.552018e-07,8.1742455e-06
GCATGTACACAAGTAA-1-HCAHeart7844003,2.7843818e-05,1.839906e-05,1.2041913e-05,1.2914054e-06,0.00045400957,1.7654846e-05,0.9994572,1.2039059e-06,4.6000105e-06,3.7546913e-06,1.9922445e-06
GTGTGCGCATACGCCG-1-HCAHeart7844004,6.871863e-06,2.7217382e-06,0.99989474,2.6697047e-05,3.153913e-06,1.8072154e-05,5.876404e-06,2.8346844e-06,2.9470531e-05,4.472342e-07,9.196316e-06
ATAACGCAGTTAGGTA-1-HCAHeart7844004,1.1138213e-05,4.2063148e-06,0.999892,1.2076738e-05,2.5726104e-06,8.74944e-06,1.1928346e-05,3.44925e-06,4.4018387e-05,6.2888756e-07,9.343792e-06
TCGCGTTCATATACCG-1-HCAHeart7844004,7.281276e-06,1.0037869e-06,2.5506028e-05,8.863708e-06,1.2933052e-05,5.429024e-06,3.389843e-06,1.2050562e-05,0.9997917,0.00012545746,6.3918924e-06
TTAGGGTTCGTCAAAC-1-HCAHeart7905327,8.766262e-06,3.8479902e-06,0.9998568,8.208639e-06,3.8702306e-06,3.4486222e-06,1.8116767e-05,3.6763927e-06,8.6785425e-05,7.994384e-07,5.643404e-06
CACTGTCAGATGCTTC-1-HCAHeart7905332,5.8370456e-06,2.7525643e-06,0.9998369,2.0617908e-05,6.0397497e-06,1.1619804e-05,8.874175e-06,3.298689e-06,9.012079e-05,7.2733843e-07,1.318717e-05
CGATGTACAAGTCTAC-1-HCAHeart7844004,1.04559e-05,2.9397702e-06,0.9998909,7.958625e-06,2.7222263e-06,7.521958e-06,1.2322153e-05,3.1933553e-06,4.9299095e-05,5.946056e-07,1.2053689e-05
CACTCCAAGCACAGGT-1-HCAHeart7844003,9.458626e-06,3.2293692e-06,0.9998141,8.080938e-06,5.3634594e-06,6.7975025e-06,1.5755246e-05,3.7906643e-06,0.00012384768,7.1999335e-07,8.8620045e-06
TATTACCGTTGGAGGT-1-HCAHeart7844003,2.311633e-05,9.918904e-06,8.2563065e-06,1.945958e-06,0.00043984802,1.6833037e-05,0.9994893,1.0195455e-06,4.4209773e-06,3.4271393e-06,1.804149e-06
TAGACCATCAACACTG-1-HCAHeart7888926,4.474161e-06,1.006874e-06,2.6440573e-05,8.676515e-06,1.5882608e-05,3.8934254e-06,3.948753e-06,1.2847318e-05,0.9997801,0.00012603377,1.6593638e-05
CAGATACTCCCGTAAA-1-HCAHeart7905330,1.0483941e-05,1.9243485e-06,0.9998073,1.5493344e-05,4.5741012e-06,3.0025383e-05,1.2502459e-05,2.9773926e-06,9.582857e-05,1.4255255e-06,1.7550768e-05
GATCGATCACGAAAGC-1-HCAHeart7844004,1.28234e-05,1.2408187e-05,0.9997048,8.520267e-06,1.2944093e-05,9.137879e-06,0.00014751192,4.21013e-06,6.960625e-05,1.4793851e-06,1.6551296e-05
CTCACTGGTTCTATCT-1-HCAHeart7905332,1.1333586e-05,5.926818e-06,0.999572,0.00024365194,1.427284e-05,4.5541085e-05,1.5418334e-05,7.181525e-06,6.959746e-05,2.7269123e-06,1.2341434e-05
TTCTTAGGTAGCAAAT-1-HCAHeart7844001,6.1435535e-06,2.9240339e-06,0.99990714,1.0984265e-05,3.339963e-06,8.250327e-06,9.686557e-06,2.656033e-06,4.1092888e-05,6.0634983e-07,7.299527e-06
ACACCAACAACTGCTA-1-HCAHeart7843999,5.910698e-06,9.185898e-06,9.600902e-06,1.8762245e-05,0.9996798,1.8005219e-06,0.00023443987,4.777977e-06,1.9589295e-05,1.0993976e-05,5.264278e-06
GCGGAAATCAGACTGT-1-HCAHeart7905332,9.478179e-06,3.9251377e-06,0.99982786,6.0558727e-06,5.153821e-06,5.570877e-06,2.4214321e-05,3.78463e-06,0.0001037142,1.0992662e-06,9.045988e-06
GTCGCGATCCAGTGCG-1-HCAHeart7905328,2.9164452e-05,9.780445e-06,0.9765148,7.3040894e-05,5.4723103e-05,5.8404803e-05,6.8064655e-05,2.014664e-05,0.02310618,3.71608e-05,2.8544066e-05
GAGACTTCAAAGGCGT-1-HCAHeart7905328,4.9979435e-06,2.5506122e-06,0.9998568,9.436397e-06,4.358503e-06,6.298459e-06,1.3157697e-05,2.0612842e-06,9.3120754e-05,5.99658e-07,6.5327868e-06
TCGCGAGAGTAAGTAC-1-HCAHeart7843999,4.2389615e-06,2.5922882e-06,0.99988055,1.0792428e-05,4.133104e-06,6.5311597e-06,1.1052853e-05,1.9379397e-06,6.928618e-05,5.3558284e-07,8.214096e-06
GACTACACATATGGTC-1-HCAHeart7844003,1.3833503e-05,4.8937195e-06,0.9998267,9.575144e-06,4.5854854e-06,1.0127952e-05,2.6050067e-05,4.624959e-06,8.8829875e-05,1.7522937e-06,9.002457e-06
CTAGAGTCAGTTCATG-1-HCAHeart7844003,1.5565496e-05,2.2699105e-05,0.999729,1.0865721e-05,2.4746652e-05,1.1835711e-05,6.618848e-05,2.1055817e-05,8.225663e-05,1.9245354e-06,1.3974741e-05
AAAGGTAGTGACACAG-1-HCAHeart7905328,0.0001217079,1.8951021e-05,0.41027367,0.00010975529,0.000247042,0.0001882548,0.00015557373,5.3863478e-05,0.5884052,0.00033434707,9.162364e-05
GGCGACTAGCGAGAAA-1-HCAHeart7888927,1.9646597e-05,8.137423e-06,7.887188e-06,0.9999018,1.08940285e-05,6.3650996e-06,2.363137e-06,2.1704098e-05,7.77268e-06,3.8444255e-06,9.728786e-06
GAGTGAGGTCCTCCAT-1-HCAHeart7905332,8.764492e-06,2.9487987e-06,0.99964726,1.2599029e-05,6.407789e-06,8.534822e-06,1.824739e-05,3.1170482e-06,0.00028180736,1.0747839e-06,9.154108e-06
TCAGCTCCACCTCGGA-1-HCAHeart7888927,8.379516e-05,6.4236585e-05,0.00012874833,7.994837e-05,0.0129628,5.4536427e-05,0.9864928,8.934723e-06,7.344287e-05,1.3276868e-05,3.7430756e-05
CATCGGGGTAGCGCAA-1-HCAHeart7843999,7.8118894e-05,2.311303e-05,2.76622e-05,0.00029967402,0.0006780637,2.0622465e-05,8.458029e-06,0.9986854,4.870672e-05,0.00010904904,2.1160593e-05
GCGCCAAGTTTGACTG-1-HCAHeart7844001,8.220956e-06,9.503052e-07,5.8015983e-05,1.4938536e-05,1.7290558e-05,1.0304694e-05,4.2819993e-06,1.7054845e-05,0.99972075,0.0001447635,3.4658206e-06
CCTACACCATTATCTC-1-HCAHeart7844000,1.4665212e-05,1.2636032e-05,0.99981326,1.4958566e-05,7.7838085e-06,9.692587e-06,5.6141478e-05,7.35794e-06,5.4268872e-05,1.8698447e-06,7.382301e-06
TCTCATACAATAACGA-1-HCAHeart7844004,6.311748e-06,9.626648e-07,3.6150817e-05,8.326281e-06,2.3953004e-05,5.54293e-06,4.015111e-06,1.995311e-05,0.9997167,0.00017196302,6.0526995e-06
TATCAGGGTACTCGCG-1-HCAHeart7880860,1.7481561e-05,4.954658e-06,1.337801e-05,0.9998721,1.2251289e-05,8.436625e-06,3.858504e-06,3.113395e-05,1.7112514e-05,2.7795154e-06,1.6515494e-05
TGACGGCGTAGCTGCC-1-HCAHeart7844004,1.3462893e-05,1.13101005e-05,1.1621611e-05,1.091384e-05,2.5814574e-05,1.1907754e-05,8.522189e-06,1.2459325e-05,0.00056837604,0.99932027,5.1186394e-06
TGCAGGCCAGATCCTA-1-HCAHeart7905328,6.846969e-06,2.8248842e-06,0.99989617,2.2818987e-05,2.8236182e-06,7.4228583e-06,8.643024e-06,3.2436171e-06,4.2169217e-05,5.4150115e-07,6.5890945e-06
CCTTACGAGAGTGACC-1-HCAHeart7880862,2.4717567e-05,6.3252082e-06,1.200483e-05,0.99988425,7.17627e-06,1.3933126e-05,2.843747e-06,1.6243805e-05,1.8077379e-05,3.1396282e-06,1.1331505e-05
TCGGGACGTCATCCCT-1-HCAHeart7844004,9.776902e-06,4.5603215e-06,0.9998753,6.7961037e-06,5.453911e-06,1.0269878e-05,2.278963e-05,3.003984e-06,5.0407372e-05,1.046439e-06,1.0574316e-05
TTAACTCCATGCCTTC-1-HCAHeart7844004,7.494749e-06,3.130202e-06,0.9998796,9.905304e-06,3.0186602e-06,6.933718e-06,8.759467e-06,3.3422543e-06,6.764613e-05,4.839788e-07,9.831267e-06
CGTTCTGCAGACTCGC-1-HCAHeart7843999,1.3232588e-05,1.27651465e-05,1.4887024e-05,1.1439101e-05,4.1862448e-05,1.256409e-05,9.956573e-06,1.2138402e-05,0.00087833696,0.998985,7.677396e-06
CGCCAAGGTCGATTGT-1-HCAHeart7844001,3.088819e-05,1.7821543e-05,7.467354e-06,1.2706025e-06,0.00014978982,2.0223672e-05,0.9997625,1.1822948e-06,3.831567e-06,3.5468152e-06,1.4747698e-06
TACTCATTCGCATGGC-1-HCAHeart7844003,5.4099102e-05,5.4659627e-06,7.042858e-05,2.7738919e-05,6.3718304e-05,3.7122776e-05,2.3592464e-05,6.15149e-05,0.98762953,0.012015112,1.176257e-05
GCATGATGTCTAGCCG-1-HCAHeart7888926,2.0275843e-06,2.985011e-05,9.845785e-06,1.8272936e-05,1.168049e-05,7.0177475e-06,1.4378138e-06,5.0028852e-06,0.00013308084,2.9893056e-06,0.9997788
CTTAGGATCCCATAAG-1-HCAHeart7905329,1.2284445e-05,3.7130976e-06,0.99989974,7.728471e-06,2.6519463e-06,3.5810206e-06,1.1386669e-05,4.089568e-06,4.647376e-05,7.346414e-07,7.649571e-06
TGCGTGGTCGCCTGAG-1-HCAHeart7844004,2.1476235e-05,5.766667e-06,0.9998419,8.419067e-06,4.173619e-06,5.305713e-06,2.3770077e-05,5.9319873e-06,6.797365e-05,8.876322e-07,1.430698e-05
CTACTATGTACGAGTG-1-HCAHeart7905332,1.8189541e-05,2.9159412e-06,0.999723,5.3653217e-05,5.2488294e-06,0.00011428566,1.1851013e-05,3.753796e-06,4.0565556e-05,1.055798e-06,2.5638257e-05
GACTGCGGTGTGCGTC-1-HCAHeart7844000,1.8115481e-05,3.9411048e-06,0.99984586,1.1278136e-05,3.741843e-06,7.5630646e-06,1.7355735e-05,5.6075164e-06,7.757151e-05,7.4771015e-07,8.242751e-06
AAGTTCGCATCTAACG-1-HCAHeart7905327,6.8582535e-06,3.8010098e-06,0.99988353,1.6176946e-05,3.4128489e-06,3.674416e-06,1.3406594e-05,3.901843e-06,5.8914695e-05,6.9550134e-07,5.472394e-06
GTCACGGGTGCTAGCC-1-HCAHeart7880863,4.710547e-06,0.9995247,9.939017e-06,1.1173277e-05,1.139328e-05,8.569508e-05,1.7625889e-05,2.5010382e-05,3.3805934e-06,1.3272986e-05,0.00029310441
CTTACCGCAGCATACT-1-HCAHeart7844001,1.7815906e-05,4.437615e-06,0.9997485,2.288843e-05,3.8447088e-06,8.890763e-06,1.37257975e-05,8.044953e-06,0.00016429235,8.7779654e-07,6.6029725e-06
CTTTGCGTCTGGTGTA-1-HCAHeart7844001,1.1829439e-05,1.4140437e-06,5.1558367e-05,1.1430343e-05,3.8096383e-05,1.123755e-05,7.360346e-06,6.486077e-05,0.99931455,0.00048226456,5.504948e-06
GACTAACTCAGGCCCA-1-HCAHeart7844001,1.3676742e-05,1.1497163e-05,1.1496429e-05,1.1701305e-05,2.9479734e-05,1.5044876e-05,8.243181e-06,1.3726631e-05,0.0005771555,0.99930215,5.9392883e-06
CCGGGATCATCGGACC-1-HCAHeart7844004,1.4422942e-05,4.4084836e-06,0.99979395,7.611135e-06,5.316125e-06,6.213461e-06,2.3724797e-05,5.1936654e-06,0.00012603239,9.4489457e-07,1.2151162e-05
CTACGTCCACAAGCCC-1-HCAHeart7888926,1.5697668e-06,2.0127152e-05,7.0246674e-06,1.3673084e-05,8.309096e-06,4.5636684e-06,9.601715e-07,2.7713513e-06,6.601051e-05,2.2977304e-06,0.9998727
CGCTATCCAACGATGG-1-HCAHeart7844004,5.3363874e-06,3.6422525e-06,0.9998846,2.8961698e-05,4.345956e-06,1.2020656e-05,1.0428598e-05,2.876021e-06,4.1381638e-05,7.272926e-07,5.6909985e-06
AAAGATGAGACAGACC-1-HCAHeart7844002,3.277771e-05,1.051053e-05,9.344265e-06,3.0239928e-05,0.9995975,5.654497e-06,0.0002160976,1.4301832e-05,3.8097103e-05,3.127131e-05,1.4302869e-05
CCCAATCAGTACTTGC-1-HCAHeart7844003,0.00016197524,5.4328433e-05,0.9990633,1.4078781e-05,1.3269327e-05,3.1405154e-05,0.00051218783,1.855355e-05,8.897027e-05,4.3168397e-06,3.7687874e-05
ACACTGACAGCTTAAC-1-HCAHeart7844001,8.975096e-06,3.7476505e-06,0.999866,1.2603721e-05,3.831346e-06,8.462279e-06,1.4959512e-05,3.4239479e-06,7.037344e-05,5.863659e-07,6.971404e-06
TATCCTATCAGGAGAC-1-HCAHeart7905327,6.570519e-06,2.6247496e-06,0.9999093,9.205206e-06,2.5651286e-06,5.6197414e-06,8.343347e-06,2.5609465e-06,4.5994613e-05,5.1153273e-07,6.7718397e-06
CTTACCGCACACGTGC-1-HCAHeart7905332,6.3746675e-06,2.3073978e-06,0.9998103,9.508949e-06,4.870922e-06,1.0479364e-05,1.301452e-05,2.2189436e-06,0.00013021566,6.64236e-07,9.966927e-06
ATGCCTCGTAGACGGT-1-HCAHeart7905328,6.9031703e-06,4.099775e-06,0.9998826,5.756769e-06,4.087104e-06,4.599893e-06,1.820397e-05,2.685088e-06,6.121633e-05,6.737978e-07,9.034498e-06
CTACCCAAGATCTGAA-1-HCAHeart7844001,1.9754274e-05,1.5122924e-06,0.00019976831,1.2897108e-05,2.4321169e-05,3.637517e-05,1.3375541e-05,2.1677646e-05,0.99806994,0.001593093,7.472371e-06
CCGTACTGTCTGGTCG-1-HCAHeart7844001,8.91256e-06,2.4778403e-06,0.9996232,1.5999536e-05,9.885723e-06,4.4298395e-05,1.5471918e-05,3.2957357e-06,0.00025181836,1.0511186e-06,2.3430599e-05
CACTTCGAGCTTTGTG-1-HCAHeart7905328,9.774958e-06,4.493585e-06,0.99980336,4.133241e-05,1.0889405e-05,9.448527e-06,1.8591089e-05,1.814732e-05,7.354033e-05,1.6582718e-06,8.763069e-06
CTGATCCTCATCGCTC-1-HCAHeart7888927,3.9410656e-06,1.2289303e-06,2.7339802e-05,1.0735508e-05,1.1312774e-05,4.013805e-06,3.608391e-06,6.349742e-06,0.99976534,0.00012382407,4.2377884e-05
TGAGAGGTCTAAGCCA-1-HCAHeart7880860,5.2425703e-06,3.5132932e-06,0.99985063,1.1043218e-05,3.5756646e-06,6.4295887e-06,1.1070921e-05,3.6996605e-06,9.2545604e-05,5.68368e-07,1.1594028e-05
TACCCACGTTGCTCCT-1-HCAHeart7905328,1.1918069e-05,4.275718e-06,0.9993563,1.051443e-05,1.4008513e-05,1.1158702e-05,4.29388e-05,3.6442916e-06,0.0005324451,1.7466853e-06,1.0975701e-05
GTCACAATCTACCTGC-1-HCAHeart7844003,6.450051e-06,1.0500374e-05,9.272347e-06,5.896783e-05,0.99965024,4.2349593e-06,0.00020687922,1.3070083e-05,1.6207974e-05,1.0711498e-05,1.3347799e-05
CTCCTAGAGTGTCTCA-1-HCAHeart7844001,2.9260438e-05,9.122008e-06,8.717889e-06,1.8787489e-06,0.0005709303,4.4102926e-05,0.9993247,1.2030875e-06,4.9565992e-06,3.252881e-06,1.9864808e-06
CAACCTCCAGCTGTAT-1-HCAHeart7844004,9.1066895e-06,4.9436385e-06,0.9999058,1.9926742e-05,2.8605366e-06,4.776875e-06,1.0021247e-05,5.4122324e-06,3.064429e-05,6.2849637e-07,5.9834806e-06
CCCTGATAGGATTTCC-1-HCAHeart7905332,1.0434643e-05,1.5012779e-05,9.382248e-06,1.0438265e-05,2.464039e-05,1.0316006e-05,5.155207e-06,1.0496653e-05,0.000131224,0.9997688,3.9900233e-06
CCGGGATAGTCCAGGA-1-HCAHeart7844004,1.2564062e-05,1.1970319e-05,0.9998473,8.522335e-06,5.1196344e-06,5.5151677e-06,3.9179715e-05,4.5937163e-06,5.3015057e-05,9.458322e-07,1.1108364e-05
GTTACAGCAGACAAAT-1-HCAHeart7880862,3.1751943e-06,0.9997875,5.243864e-06,1.6109689e-05,1.6932407e-05,2.773938e-05,6.4925107e-06,2.9533541e-05,2.9357177e-06,1.0099623e-05,9.428777e-05
AAGACCTCATCGGGTC-1-HCAHeart7843999,2.7104586e-05,9.838768e-06,9.013738e-06,2.638258e-06,0.00089861563,1.352276e-05,0.9990263,1.2691669e-06,5.165537e-06,4.129632e-06,2.4017443e-06
TCATTACAGAACAACT-1-HCAHeart7844002,6.921507e-06,2.7345045e-06,0.9998374,1.3736394e-05,3.9086867e-06,7.0155625e-06,7.4958193e-06,3.9901674e-06,0.000107116815,6.521551e-07,9.070461e-06
TTGCCGTGTCTAAACC-1-HCAHeart7844004,5.17394e-05,1.4022046e-05,7.699034e-06,1.4382557e-06,0.00026697843,3.0032781e-05,0.999617,1.1475876e-06,4.7954386e-06,3.063174e-06,2.0885743e-06
TACCGAACAGTCGCTG-1-HCAHeart7905327,1.2309078e-05,3.427502e-06,0.9998411,7.989301e-06,4.060989e-06,3.972849e-06,1.5610713e-05,3.779973e-06,9.789513e-05,7.6243776e-07,9.068583e-06
AGAGCGAAGAGGGATA-1-HCAHeart7844004,2.0623755e-05,4.91077e-06,0.999882,1.1632147e-05,2.982785e-06,6.667541e-06,1.7316037e-05,5.5126297e-06,3.7388414e-05,9.258134e-07,9.990835e-06
ATCCACCGTAACGATA-1-HCAHeart7905330,3.5406847e-05,8.1886965e-06,0.9707673,0.00010729715,6.912216e-05,0.00014811667,5.6392728e-05,2.1689932e-05,0.02872224,2.3757953e-05,4.0567564e-05
TATCTTGCAATTGCCA-1-HCAHeart7905328,7.271422e-06,7.3452593e-06,0.9997278,7.579359e-05,2.2106133e-05,2.1075783e-05,2.1576876e-05,7.1700856e-06,9.134443e-05,3.86179e-06,1.467781e-05
TCCCGATTCCACGCAG-1-HCAHeart7843999,6.558663e-06,2.5620022e-06,0.9998989,1.4745582e-05,3.0481103e-06,7.112317e-06,6.3030147e-06,3.0789386e-06,4.8442686e-05,4.7321097e-07,8.533868e-06
CTAGCCTTCCGAACGC-1-HCAHeart7844003,7.4019255e-05,1.4193031e-05,0.18772854,0.000107061445,0.00016370085,0.000106561805,0.00016382048,0.000119521705,0.81122404,0.00024117513,5.7383517e-05
TGTCCACTCCCAACTC-1-HCAHeart7905327,6.5979934e-06,2.5737627e-06,0.99978095,1.6409778e-05,4.8705656e-06,8.630225e-06,1.4084796e-05,2.8774703e-06,0.00015476538,7.3525564e-07,7.5664693e-06
ACCAAACAGAATCGAT-1-HCAHeart7905332,1.33657195e-05,4.4536955e-06,0.9997969,9.006542e-06,5.7501584e-06,4.8610705e-06,3.0041396e-05,4.6384744e-06,0.0001224736,1.0168262e-06,7.341334e-06
TCAGCTCGTTCTGGTA-1-HCAHeart7844000,7.5392268e-06,1.1489388e-06,3.334403e-05,8.016294e-06,2.2584585e-05,6.400802e-06,4.2701813e-06,1.4895573e-05,0.99954057,0.00035469633,6.5404683e-06
GACCAATAGCTTTGGT-1-HCAHeart7844003,1.0915926e-05,4.0342547e-06,0.99983275,6.674523e-06,5.0924423e-06,7.0682477e-06,2.0463129e-05,3.8315407e-06,9.115142e-05,7.8996544e-07,1.713124e-05
TGGGCTGGTCTCACAA-1-HCAHeart7905332,5.737472e-06,2.9602468e-06,0.9998122,2.7589944e-05,5.9717645e-06,1.3879499e-05,8.642488e-06,3.7380578e-06,0.00011106295,7.1989933e-07,7.597096e-06
TTGACTTCAAGAAAGG-1-HCAHeart7844004,1.8121e-05,1.4379739e-06,2.1277601e-05,1.938697e-05,1.9722565e-05,1.7427194e-05,4.7124267e-06,1.4500242e-05,0.999343,0.00053336954,6.949481e-06
ACTTACTCACCAGCAC-1-HCAHeart7888927,6.59652e-06,1.2568433e-06,2.4319592e-05,1.4824926e-05,1.0163451e-05,5.174662e-06,4.7639405e-06,2.1887914e-05,0.99980277,8.777646e-05,2.064335e-05
CATCGCTCACAAGGTG-1-HCAHeart7905328,1.9949535e-05,2.2978302e-06,3.0334526e-05,1.51194245e-05,3.062973e-05,1.9162806e-05,7.1897407e-06,1.2187034e-05,0.9981858,0.001668345,9.070845e-06
ATCCGAAGTGCACGAA-1-HCAHeart7844001,4.524209e-05,1.5828258e-05,0.9995987,1.3745194e-05,6.7163937e-06,2.4855912e-05,0.00017525507,1.01432215e-05,8.4737956e-05,1.9983877e-06,2.283096e-05
CATCGAATCGTCTGAA-1-HCAHeart7844001,5.3081174e-05,2.0714775e-05,1.4557591e-05,3.0110343e-05,0.99790585,5.2838363e-06,0.0018972273,1.3255583e-05,3.3583914e-05,1.38981195e-05,1.25859715e-05
CGATTGATCATAACCG-1-HCAHeart7844000,5.8401406e-06,8.611082e-06,7.3658916e-06,2.994074e-05,0.99965656,2.2502245e-06,0.00025243632,7.524564e-06,1.285002e-05,8.963695e-06,7.723681e-06
CAGGCCACACGACGAA-1-HCAHeart7905329,8.832058e-06,2.6484324e-06,0.9998528,6.182911e-06,3.87594e-06,5.382252e-06,1.1582184e-05,2.869297e-06,9.419541e-05,6.420825e-07,1.0968835e-05
CTTCAATGTGAATGAT-1-HCAHeart7905330,1.4973994e-05,1.1852319e-05,1.1170716e-05,2.1660388e-05,3.5662015e-05,4.2568367e-06,1.088309e-06,0.9998752,7.360978e-06,8.5927595e-06,8.151109e-06
TGTCCACAGGGACACT-1-HCAHeart7905332,7.5383996e-06,1.6065564e-05,2.0156362e-05,0.0001298808,0.99952626,5.7639613e-06,0.00020997523,1.394176e-05,1.861279e-05,1.0044085e-05,4.1866086e-05
CTGATCCTCATGTGGT-1-HCAHeart7888927,3.3906603e-05,9.244561e-05,0.00035668878,1.8081022e-05,0.007637398,2.622114e-05,0.9917325,6.255669e-06,6.4415566e-05,1.7312563e-05,1.4815397e-05
TGCGTGGGTCCTCTTG-1-HCAHeart7844002,7.6453325e-06,1.2732168e-05,1.0945523e-05,3.5908397e-05,0.99955255,3.901838e-06,0.00031827603,9.197351e-06,1.9546775e-05,1.0518269e-05,1.8790815e-05
AACCTTTAGGCCTGCT-1-HCAHeart7905327,7.0883902e-06,2.8493746e-06,0.99982125,2.2348739e-05,4.4501694e-06,9.379592e-06,1.0693824e-05,3.3292806e-06,0.00010682506,7.3309724e-07,1.1001174e-05
ATTATCCTCAACGGGA-1-HCAHeart7844000,2.1872775e-05,7.827061e-06,0.99984324,7.371941e-06,4.4539865e-06,8.454971e-06,3.0333647e-05,5.621825e-06,4.5779165e-05,1.0019984e-06,2.4042092e-05
GTACTCCTCCGCTGTT-1-HCAHeart7880862,3.3289011e-06,0.99961,6.4474116e-06,7.749839e-06,1.2882268e-05,4.3051932e-05,9.5403675e-06,2.676262e-05,3.5975265e-06,9.867319e-06,0.00026677194
TGGTTCCAGCTATGCT-1-HCAHeart7844001,9.308519e-06,2.0574446e-06,0.9996928,2.5821291e-05,5.825461e-06,5.9032798e-05,1.015559e-05,2.9703874e-06,0.0001634794,1.0321219e-06,2.7550945e-05
TTTACTGTCGACCAAT-1-HCAHeart7905329,4.512142e-05,7.3195615e-06,6.562699e-05,2.4891362e-05,7.832807e-05,3.461292e-05,1.6974209e-05,4.0351148e-05,0.982265,0.017404363,1.722263e-05
GGACAAGGTGTTTGGT-1-HCAHeart7843999,4.222865e-06,3.2238374e-06,0.9998964,2.0025922e-05,4.4331277e-06,9.188913e-06,9.0174335e-06,2.6186278e-06,4.2967902e-05,5.7723986e-07,7.3105116e-06
ACTGTCCCAATTCCTT-1-HCAHeart7844001,0.00015386679,1.7012095e-05,0.00023269336,5.8857215e-05,0.0022673353,0.00026094491,0.00018462412,4.8863825e-05,0.9741673,0.021461787,0.0011466837
ATGAGGGAGGGCACTA-1-HCAHeart7844001,1.3721268e-05,7.844087e-06,0.99969983,1.2169767e-05,9.295659e-06,9.120299e-06,7.720839e-05,5.2976434e-06,0.00015436677,1.4243151e-06,9.829425e-06
GACAGAGTCTGGCGAC-1-HCAHeart7844004,0.000115289135,3.3511813e-05,0.9977406,1.5529058e-05,6.722672e-05,4.0565505e-05,0.0015439548,4.4575398e-05,0.0003393447,7.254415e-06,5.2115658e-05
CGGAGCTAGAACAATC-1-HCAHeart7844001,3.009485e-05,1.6491718e-05,8.178074e-06,1.5924031e-06,0.00047951457,3.6649555e-05,0.99941576,1.5609244e-06,4.151246e-06,3.883916e-06,2.1174685e-06
GTGTAACAGCACCCAC-1-HCAHeart7905331,8.325384e-06,1.4130205e-06,3.4702007e-05,8.9199075e-06,3.1801133e-05,6.9947487e-06,4.5848624e-06,1.5719765e-05,0.9994117,0.00046809283,7.654688e-06
ACGTCCTTCTTCGGAA-1-HCAHeart7905327,0.00018091015,0.00016076892,0.8347028,0.0006741937,0.0010238687,0.00045112887,0.0009457406,0.00025974654,0.13637085,0.0251001,0.00012972564
ACGATACTCTGTTGAG-1-HCAHeart7844001,2.2254322e-05,8.487551e-06,0.9997695,7.021237e-06,7.176179e-06,5.3516733e-06,6.34603e-05,5.5872256e-06,9.142869e-05,1.3308403e-06,1.8524499e-05
TAGGTACAGTCATAGA-1-HCAHeart7905327,5.8588143e-06,4.7084886e-06,0.9998629,3.2218442e-05,6.7762803e-06,8.608179e-06,1.1356514e-05,7.23029e-06,5.288424e-05,9.053576e-07,6.5330755e-06
CTGTTTAAGATAGCAT-1-HCAHeart7844001,3.251655e-05,9.876741e-06,0.9997671,1.0082162e-05,8.159778e-06,1.3942046e-05,3.814818e-05,1.4286455e-05,9.3221686e-05,1.3264062e-06,1.1326342e-05
CGCTGGAAGTGTCCCG-1-HCAHeart7844004,1.7860102e-05,1.5516327e-05,0.99963784,1.4697737e-05,1.9148305e-05,7.3983424e-06,0.00018995533,7.734586e-06,7.1407776e-05,1.6243403e-06,1.6836406e-05
AAAGTAGTCTGAGGGA-1-HCAHeart7844004,7.719231e-06,3.6232964e-06,0.99988115,7.659656e-06,3.5368828e-06,4.8715046e-06,1.4273294e-05,3.134948e-06,6.566278e-05,5.506097e-07,7.772832e-06
AAAGGTATCGTGGACC-1-HCAHeart7905328,5.901333e-06,2.456286e-06,0.99979454,1.1789577e-05,5.831891e-06,9.995955e-06,1.2248621e-05,2.5408685e-06,0.00014251907,6.9244817e-07,1.1458606e-05
CGAACATGTCTAGTGT-1-HCAHeart7844001,1.0342901e-05,3.17141e-06,0.99985194,8.189973e-06,3.7111995e-06,8.985134e-06,1.6506785e-05,3.5800194e-06,8.205214e-05,7.145094e-07,1.083933e-05
ATGGGAGCACAAGCCC-1-HCAHeart7844001,2.9608991e-05,3.44797e-06,0.9998241,1.05075205e-05,3.1394065e-06,9.447983e-06,1.4053283e-05,8.343973e-06,8.772687e-05,1.0195855e-06,8.682856e-06
GGCGACTTCAGGCCCA-1-HCAHeart7843999,1.5909878e-05,7.2097782e-06,0.9998267,5.7747243e-06,5.797326e-06,4.687132e-06,3.9934315e-05,4.9080595e-06,7.4165306e-05,1.0542583e-06,1.3898405e-05
GTGCATACAGCCTTGG-1-HCAHeart7843999,4.6297973e-05,2.1912161e-05,6.106695e-05,2.1240414e-06,0.0005397905,2.3872759e-05,0.9992861,1.7961263e-06,7.714482e-06,4.9772734e-06,4.3493565e-06
GTGCATACACATTTCT-1-HCAHeart7844002,3.147603e-05,4.721532e-06,0.99975306,1.8045452e-05,5.0158365e-06,6.7971264e-06,1.6340982e-05,1.5145027e-05,0.00014091207,9.63885e-07,7.662166e-06
AACTCCCAGGATATAC-1-HCAHeart7844000,4.2206407e-06,7.433901e-06,7.598762e-06,1.956166e-05,0.999814,2.4096212e-06,9.698155e-05,7.1300415e-06,1.7161661e-05,1.7259928e-05,6.2565286e-06
GTCTAGAGTTACCGTA-1-HCAHeart7905327,4.6797204e-06,3.2794796e-06,0.9998692,1.4828628e-05,4.183257e-06,5.5454143e-06,9.195985e-06,3.0032866e-06,7.86438e-05,5.76521e-07,6.906529e-06
CTCGGGAAGCAGCCTC-1-HCAHeart7844002,9.0478105e-05,5.1563024e-06,0.00013349805,0.0003648045,2.7624805e-05,0.00012499966,1.7202334e-05,5.5617584e-05,0.99796045,0.0012117086,8.251197e-06
CGCCATTAGAACCCGA-1-HCAHeart7905327,1.3324213e-05,7.5357725e-06,0.9982864,5.8062946e-05,2.4185361e-05,1.7317598e-05,2.8718117e-05,9.372484e-06,0.0015392943,3.6443153e-06,1.1962442e-05
TCAATCTGTGTCTGAT-1-HCAHeart7843999,5.7050856e-06,2.5776685e-06,0.99990404,1.5918455e-05,2.9020614e-06,6.96703e-06,7.3200413e-06,2.5995707e-06,4.3552533e-05,4.9883295e-07,7.946201e-06
AGTCTTTAGTAATCCC-1-HCAHeart7843999,5.5252067e-06,3.443653e-06,0.9998988,9.904748e-06,3.4631598e-06,4.901873e-06,1.39141e-05,2.3177874e-06,5.1805786e-05,7.171986e-07,5.22614e-06
TTGAGTGGTGGTAATA-1-HCAHeart7905331,7.2990583e-06,2.4321016e-06,0.9998772,1.1311074e-05,3.3722079e-06,6.822293e-06,8.169959e-06,2.828192e-06,6.833444e-05,5.275367e-07,1.1630673e-05
CTACAGAGTGCATGAG-1-HCAHeart7905327,7.4061063e-06,7.072302e-06,0.99986076,2.9099574e-05,8.025303e-06,1.1618475e-05,1.5451998e-05,7.209955e-06,4.3575827e-05,1.3489246e-06,8.569484e-06
TACTCATGTTGGTGGA-1-HCAHeart7880861,2.8925626e-06,0.00011539412,1.3026771e-05,2.1613167e-05,9.140888e-06,1.5470161e-05,1.8970829e-06,4.800927e-06,6.330003e-05,3.6744395e-06,0.9997489
CCTCAACGTTCGATTG-1-HCAHeart7905331,6.1563255e-06,3.2703733e-06,0.99983907,2.3229786e-05,1.1537862e-05,1.5674874e-05,9.121674e-06,4.365039e-06,7.2434e-05,8.09851e-07,1.4090545e-05
AGGGTTTTCACAACCA-1-HCAHeart7905332,1.1309814e-05,6.5341296e-06,0.9997315,6.7567157e-06,1.1073285e-05,6.2631643e-06,5.356134e-05,4.2287365e-06,0.00015767706,1.3071563e-06,9.767333e-06
TGGCTGGTCAGAGGTG-1-HCAHeart7844003,5.7942293e-06,3.5030641e-06,0.9999113,1.1502449e-05,2.9817804e-06,6.7531123e-06,7.4302093e-06,3.3015372e-06,4.1114385e-05,4.9902405e-07,5.8282626e-06
GATGATCGTACGCGTC-1-HCAHeart7905330,1.0159518e-05,7.0646406e-06,0.99949217,0.000120661134,5.326863e-05,4.314488e-05,1.942529e-05,1.040605e-05,0.00019317614,2.4948595e-06,4.8026952e-05
ACCAGTAAGCGTAATA-1-HCAHeart7844001,0.00039469593,3.0579235e-05,0.00021720465,0.00015073892,0.00023267994,0.00026638713,0.000101439226,0.00062130106,0.57623315,0.42171407,3.777501e-05
CCTTTGGAGCCTGACC-1-HCAHeart7905332,6.5774398e-06,2.8233453e-06,0.99986815,1.4569479e-05,3.7580305e-06,4.970384e-06,9.749997e-06,3.4919995e-06,7.82317e-05,5.8980004e-07,7.059713e-06
ACGATACAGATATGGT-1-HCAHeart7880861,2.6548282e-06,0.00014122753,6.656858e-06,1.8234878e-05,9.364078e-06,1.1448919e-05,9.824307e-07,8.971178e-06,4.096416e-05,2.8800166e-06,0.99975663
TCTACCGCACAAGCTT-1-HCAHeart7905331,5.6843055e-06,2.284077e-06,0.999858,1.06635225e-05,4.98408e-06,9.926745e-06,1.2553526e-05,1.9215706e-06,8.556945e-05,5.823488e-07,7.902963e-06
TCACTCGGTCAGGAGT-1-HCAHeart7905328,1.070974e-05,3.2137464e-06,0.9998388,2.3653725e-05,5.0998797e-06,2.6194924e-05,1.8333278e-05,3.993234e-06,4.715365e-05,6.2822176e-07,2.2015654e-05
TAAGCCACATTGCCTC-1-HCAHeart7905331,5.6123886e-06,1.9371755e-06,0.9998838,1.2471155e-05,3.4921873e-06,1.4551294e-05,1.010493e-05,2.2343243e-06,5.602771e-05,5.107427e-07,9.201434e-06
GTTCGGGCAGTCACTA-1-HCAHeart7844001,1.601075e-05,6.110079e-06,0.9995448,8.396578e-06,1.0249001e-05,1.1231888e-05,4.6251258e-05,6.6563616e-06,0.0003357805,1.8020601e-06,1.2704174e-05
AGGTCATCAATAACGA-1-HCAHeart7888926,2.1104795e-06,2.7568309e-05,1.0345187e-05,1.0101225e-05,8.594967e-06,5.3975177e-06,1.1946449e-06,2.8537934e-06,4.8521542e-05,1.9766085e-06,0.99988127
CCCAATCAGACCCACC-1-HCAHeart7844001,4.7917543e-05,5.3350022e-06,0.9996451,3.0631858e-05,5.665292e-06,5.13988e-05,3.0043995e-05,7.684983e-06,0.0001329599,1.2670907e-06,4.2085077e-05
TGCGCAGTCAGGCAAG-1-HCAHeart7880862,1.3576807e-05,4.489846e-06,0.9998474,1.30120625e-05,2.9488267e-06,1.8612734e-05,1.8194683e-05,5.5613355e-06,6.6036984e-05,8.4742794e-07,9.186771e-06
AGCATACCAGGACCCT-1-HCAHeart7880863,4.564986e-06,0.9997398,6.4002647e-06,1.2974851e-05,9.177868e-06,2.8160764e-05,8.0490045e-06,2.7332771e-05,3.2129103e-06,1.5409149e-05,0.00014499149
ATTCACTTCGACGATT-1-HCAHeart7905332,6.2966783e-06,2.4922556e-06,0.9998964,1.1740152e-05,2.7633307e-06,4.913019e-06,8.843898e-06,2.8289448e-06,5.7771736e-05,5.230667e-07,5.5327127e-06
TCGCTTGTCTCTTGCG-1-HCAHeart7905332,7.19771e-05,1.7427563e-05,0.8650129,6.5396605e-05,0.0001609314,8.946101e-05,0.0001509281,3.5416662e-05,0.13419218,0.00013439606,6.8908426e-05
GGGAGATTCAGCACAT-1-HCAHeart7844003,1.8934115e-05,5.8789956e-06,0.9997768,6.43399e-06,6.0661873e-06,9.907857e-06,4.664787e-05,5.020588e-06,0.00011046158,1.271622e-06,1.263057e-05
CCATTCGCAAACAACA-1-HCAHeart7844001,6.246921e-05,3.3557313e-05,1.6828937e-05,1.0064762e-06,0.00015301259,3.496041e-05,0.99968433,1.3797483e-06,5.255037e-06,5.0418967e-06,2.1660023e-06
GTCTCGTGTATAGTAG-1-HCAHeart7843999,0.01621968,0.000105843996,0.029108906,0.007564759,0.0075394325,0.00038288065,0.00023820056,0.93443716,0.0028814727,0.001292888,0.00022874189
TCGGGACCAATGCCAT-1-HCAHeart7844004,1.0142997e-05,2.7883027e-06,0.99985576,1.9020712e-05,2.8905138e-06,1.0137117e-05,7.5689554e-06,3.2892233e-06,7.911063e-05,5.3661614e-07,8.626025e-06
TTTGTCATCCTTGACC-1-HCAHeart7880861,0.00016431184,7.8429366e-05,7.024378e-05,7.8776735e-05,0.003208251,3.435113e-05,0.9963187,5.6525228e-06,1.845072e-05,1.1431343e-05,1.13591195e-05
GGGTCTGCAAATCCGT-1-HCAHeart7888927,5.3795607e-06,1.991479e-05,7.6182096e-06,3.7673206e-05,0.99976367,2.9100258e-06,7.5161646e-05,3.6110963e-05,3.3154414e-05,7.898013e-06,1.0551267e-05
ACGGGCTAGAGTGAGA-1-HCAHeart7843999,4.897389e-06,4.5477436e-06,0.9999114,1.0158877e-05,4.4326534e-06,6.726971e-06,9.392791e-06,3.1192906e-06,3.7278143e-05,5.663028e-07,7.460237e-06
CTAATGGGTAACGACG-1-HCAHeart7844004,7.744454e-06,4.48466e-06,0.99987423,6.8688396e-06,4.3258806e-06,7.715784e-06,1.9940673e-05,2.713591e-06,5.6965077e-05,6.465536e-07,1.4307538e-05
GTGCAGCCAATGCCAT-1-HCAHeart7843999,6.3950706e-06,1.1836739e-05,3.8581413e-05,5.0582345e-05,0.9995011,7.1486415e-06,0.00025713522,9.384559e-06,3.706833e-05,1.5385855e-05,6.528629e-05
CTACGGGAGGGCGAGA-1-HCAHeart7905328,8.263919e-06,2.6571179e-06,0.99985385,7.5074536e-06,4.04168e-06,7.0977135e-06,1.2430612e-05,2.7482567e-06,8.835602e-05,6.1393285e-07,1.238411e-05
TCAGGTAAGGTAGCTG-1-HCAHeart7844003,7.825239e-06,3.7381092e-06,0.9998946,8.738589e-06,3.5784758e-06,7.3964397e-06,1.3489297e-05,2.8914728e-06,4.6115907e-05,5.377041e-07,1.11926975e-05
TACACGAAGGACTGGT-1-HCAHeart7844000,7.681806e-06,2.8085628e-06,0.9999087,2.0365042e-05,2.9396429e-06,1.2065864e-05,7.729713e-06,3.347478e-06,2.5321558e-05,6.2359226e-07,8.296782e-06
ACAGCTAGTGGAAAGA-1-HCAHeart7844001,3.352775e-05,3.8337395e-05,1.1208713e-05,1.9933328e-05,1.6702494e-05,1.5019412e-05,7.178729e-06,2.2369812e-05,9.092813e-05,0.9997404,4.438375e-06
GGTGTTACAAACGCGA-1-HCAHeart7844001,5.723761e-06,7.1672057e-06,6.1741885e-06,2.4151517e-05,0.99973136,2.0249704e-06,0.00018940074,8.4083385e-06,1.1370495e-05,7.611014e-06,6.5523436e-06
CTCATTAGTACCGTTA-1-HCAHeart7844001,4.9472208e-05,5.2667983e-06,0.9997856,2.1643415e-05,4.1539265e-06,2.0046651e-05,1.5431886e-05,1.591807e-05,6.760985e-05,9.24385e-07,1.3974092e-05
CACCAGGGTGTAAGTA-1-HCAHeart7844001,1.1937579e-05,3.013455e-06,0.9998541,1.3906276e-05,3.4742025e-06,1.4224315e-05,1.4970851e-05,3.6640479e-06,6.619701e-05,6.3446663e-07,1.3794912e-05
TGAGAGGTCCTTGCCA-1-HCAHeart7844004,1.7687451e-05,4.4267654e-06,0.9997515,2.9073843e-05,5.6436006e-06,4.4674227e-05,1.5051742e-05,4.466002e-06,8.096519e-05,8.5223024e-07,4.5809596e-05
TTGCGTCTCAACACAC-1-HCAHeart7844003,1.9939038e-05,4.8240004e-06,0.9993166,1.5304597e-05,7.828437e-06,3.2038548e-05,4.6822817e-05,5.2028377e-06,0.0005335081,2.951469e-06,1.5022469e-05
CGAGCACTCGCTAGCG-1-HCAHeart7844001,2.648337e-05,1.5690428e-05,6.3287357e-06,1.418891e-06,0.000155023,2.0320149e-05,0.99976474,1.1253569e-06,3.7657314e-06,3.6671042e-06,1.5334526e-06
CGGAGTCGTCTAAAGA-1-HCAHeart7844000,5.7408455e-05,1.8970988e-05,0.9996166,1.6508251e-05,7.4324907e-06,2.4347733e-05,0.00013389428,1.1405808e-05,6.3654e-05,2.144597e-06,4.753268e-05
TGGGCGTAGGAGCGTT-1-HCAHeart7844000,6.7292876e-06,9.031099e-06,6.8706154e-06,1.7194643e-05,0.9997665,2.4259582e-06,0.00014804504,8.231312e-06,1.623771e-05,1.22952315e-05,6.5305644e-06
TTGGCAAGTGTGACCC-1-HCAHeart7844000,3.064482e-05,5.594377e-06,0.99983263,9.3717945e-06,3.7990442e-06,8.916519e-06,1.9971701e-05,6.183789e-06,5.2122683e-05,9.084628e-07,2.9640292e-05
CACCACTGTCGCGTGT-1-HCAHeart7844004,1.0369589e-05,3.5054097e-06,0.99988353,1.1120033e-05,2.7193985e-06,7.1852573e-06,1.2627607e-05,3.2060075e-06,5.6015037e-05,6.2352547e-07,9.034904e-06
CAAGTTGGTGAGCGAT-1-HCAHeart7844002,3.6356855e-06,8.746595e-06,6.327664e-06,2.33366e-05,0.99982136,2.6382331e-06,8.7543434e-05,1.5009102e-05,1.2596357e-05,1.0318359e-05,8.521455e-06
CTGTGCTCAGTTCCCT-1-HCAHeart7844001,3.7489986e-05,1.7033532e-05,5.4723846e-06,1.9613115e-06,0.0001458367,3.4991626e-05,0.99974734,1.2117574e-06,3.5743028e-06,3.2668129e-06,1.7876483e-06
TACGGGCTCTTACCGC-1-HCAHeart7844004,1.2345165e-05,4.9239325e-06,0.9998265,1.6527867e-05,3.8585194e-06,1.3326581e-05,1.6949045e-05,3.668884e-06,7.0077265e-05,7.7736337e-07,3.1154035e-05
ATCACGAGTTGCCTCT-1-HCAHeart7880861,1.5122644e-06,3.6004447e-05,6.163596e-06,1.0693837e-05,7.802565e-06,4.9402997e-06,8.448375e-07,2.595093e-06,4.2795626e-05,2.2840718e-06,0.99988437
ACCAGTATCGGAAACG-1-HCAHeart7844000,1.0549219e-05,3.5741275e-06,0.9998642,1.844641e-05,3.156302e-06,1.6233553e-05,6.708095e-06,3.304894e-06,5.2269283e-05,5.6142676e-07,2.0932423e-05
CGGCTAGAGGGCTCTC-1-HCAHeart7844004,1.4649797e-05,3.949597e-06,0.99988496,1.7413515e-05,2.4865933e-06,4.8495745e-06,9.947426e-06,6.2842664e-06,4.81839e-05,6.2353706e-07,6.5026247e-06
TCCTAATGTATGGGAC-1-HCAHeart7905332,6.5351537e-06,3.1320417e-06,0.99989676,1.3724115e-05,3.1416023e-06,4.4214507e-06,1.1015076e-05,3.3918452e-06,5.2431045e-05,7.1093615e-07,4.8518473e-06
AGATCTGTCAAGATCC-1-HCAHeart7844001,3.5780322e-05,3.2398261e-06,5.601616e-05,1.7049442e-05,4.500982e-05,2.5779662e-05,1.5156526e-05,3.605624e-05,0.9946404,0.0051164553,8.999809e-06
GCATGCGGTTATGCGT-1-HCAHeart7844001,1.76233e-05,1.27086e-06,6.921847e-05,1.673803e-05,2.2342214e-05,1.986917e-05,8.181203e-06,8.356096e-05,0.99943024,0.00032503562,5.8635665e-06
TAAGAGAGTCGCATCG-1-HCAHeart7844004,8.795608e-06,4.866836e-06,0.9999038,7.4084314e-06,3.1299974e-06,4.9736764e-06,1.6135811e-05,2.6886837e-06,3.8814516e-05,6.503445e-07,8.7545095e-06
CGCTGGAAGGATGTAT-1-HCAHeart7844004,3.565143e-05,6.189401e-06,0.9997938,8.4908015e-06,4.7402455e-06,8.597331e-06,2.2233671e-05,7.4730806e-06,6.894482e-05,1.0861252e-06,4.2708216e-05
TTGAACGGTTCAGCGC-1-HCAHeart7844001,1.2864134e-05,5.0421904e-06,0.99988174,8.402292e-06,3.1828456e-06,5.5591504e-06,1.4328347e-05,6.3206876e-06,4.9244183e-05,6.5304545e-07,1.26597315e-05
TCAGCTCCAAGGACAC-1-HCAHeart7843999,6.0838274e-06,2.7327897e-06,0.99989104,8.671364e-06,3.329056e-06,6.264158e-06,8.077275e-06,2.6197426e-06,5.8145568e-05,5.0250634e-07,1.2390595e-05
TCACTATGTCTCGGAC-1-HCAHeart7905328,7.9163865e-06,2.4966168e-06,0.999788,1.33397625e-05,4.435696e-06,7.573258e-06,1.4321402e-05,2.9825642e-06,0.00015080157,7.737153e-07,7.4438885e-06
CACTCCATCTTTAGTC-1-HCAHeart7888927,4.256552e-06,9.937387e-07,3.3680757e-05,1.0670033e-05,1.3713116e-05,4.4523326e-06,4.485049e-06,1.0777229e-05,0.99980646,9.851764e-05,1.1920038e-05
TTCCTAAGTAGAGATT-1-HCAHeart7905327,6.335739e-06,2.9675052e-06,0.99983215,1.3928202e-05,4.4324543e-06,5.829096e-06,1.200986e-05,2.9810979e-06,0.00011117994,6.859775e-07,7.439008e-06
TGCGTGGCACAAGTAA-1-HCAHeart7844001,0.00010287855,6.0422303e-06,0.022179144,3.858078e-05,6.03511e-05,6.2055624e-05,8.046678e-05,4.8940925e-05,0.9769241,0.000473154,2.4295401e-05
TGCCAAAAGGATTCGG-1-HCAHeart7844001,0.00019951393,1.3841908e-05,0.0017133406,6.5823595e-05,0.00015969778,0.00040975568,0.00023967236,0.00033174106,0.96599627,0.030838024,3.2335534e-05
CATCGGGGTAGCGCAA-1-HCAHeart7844002,5.4448752e-05,1.5224079e-05,1.9895444e-05,2.211094e-06,0.00045299274,1.4876109e-05,0.99942327,1.1907908e-06,7.3484794e-06,5.1093825e-06,3.4524928e-06
GCTGGGTAGCAGATCG-1-HCAHeart7844001,8.280999e-05,1.4611674e-05,0.99967587,2.2023656e-05,5.567874e-06,2.121166e-05,6.387518e-05,1.6460213e-05,8.255355e-05,1.7597908e-06,1.3279134e-05
ACCTGAAGTGGCGTAA-1-HCAHeart7905328,3.7092203e-05,6.787227e-06,0.029485185,7.802159e-05,0.00014965788,6.65167e-05,6.1874394e-05,4.6643192e-05,0.96985716,0.00019114226,2.0054904e-05
CGCGTTTTCGACCAGC-1-HCAHeart7844001,2.0019506e-05,9.6377635e-06,0.99983823,1.7670976e-05,3.7358352e-06,1.6658581e-05,1.7552366e-05,6.2470217e-06,4.6913206e-05,7.452655e-07,2.2690634e-05
GCATGTAAGACGCACA-1-HCAHeart7843999,5.9580134e-06,3.258905e-06,0.9998853,9.789567e-06,3.381181e-06,5.4053176e-06,1.1349883e-05,2.5245242e-06,6.092348e-05,5.2521676e-07,1.1650416e-05
GCGCAACTCGGATGTT-1-HCAHeart7844004,7.3985943e-06,3.3647857e-06,0.99983394,1.3034192e-05,4.5018296e-06,2.0201984e-05,2.0590474e-05,2.6587254e-06,7.82841e-05,6.8779e-07,1.5361298e-05
CACAGGCGTCGAACAG-1-HCAHeart7843999,0.00030544755,3.273496e-05,8.9072586e-05,0.00036213725,0.00018652965,0.0005512534,6.565865e-05,0.00019574947,0.06288669,0.9352915,3.3113374e-05
TTCGAAGAGAGTGACC-1-HCAHeart7843999,5.2413903e-05,6.59282e-06,6.3531545e-05,0.00014838821,6.5174565e-05,9.941982e-05,1.9998619e-05,3.4604513e-05,0.9906879,0.008803195,1.8821953e-05
AGATTGCAGCATGGCA-1-HCAHeart7880862,3.0068722e-06,0.9997911,5.31613e-06,1.8046825e-05,1.3736504e-05,2.9218034e-05,6.243898e-06,2.9734783e-05,3.0543372e-06,1.1451509e-05,8.935663e-05
AGATTGCGTTGCTCCT-1-HCAHeart7888927,4.9551336e-06,1.2333926e-06,7.397354e-05,1.2060909e-05,1.4221013e-05,5.1871984e-06,5.5450214e-06,1.3602838e-05,0.99978215,6.406585e-05,2.2945937e-05
ATTACTCTCCCAGGTG-1-HCAHeart7844002,8.562892e-06,2.968202e-06,0.9998952,1.019359e-05,4.0200234e-06,1.1160822e-05,1.0446158e-05,3.373185e-06,3.9976487e-05,1.0998772e-06,1.2892543e-05
CGATCGGCATGACGGA-1-HCAHeart7844001,6.856673e-05,1.4861328e-05,0.9996784,2.0869338e-05,6.7054602e-06,9.798899e-06,8.7811924e-05,1.065439e-05,8.1834645e-05,1.8431858e-06,1.8825667e-05
TTGCATTAGAAGTCTA-1-HCAHeart7905332,6.835193e-06,3.1094744e-06,0.99985135,6.807032e-06,4.261382e-06,4.8928973e-06,1.5216111e-05,2.5338716e-06,9.799159e-05,7.129706e-07,6.1572114e-06
GACCAATCAGACAGGT-1-HCAHeart7888927,1.0956019e-05,4.2223833e-06,0.99984527,8.298566e-06,3.5308447e-06,5.779024e-06,1.6522898e-05,5.6280483e-06,8.453315e-05,7.521596e-07,1.4421728e-05
CCTTCGATCAGCGATT-1-HCAHeart7844001,1.8184006e-05,9.607947e-06,0.999864,1.1497211e-05,5.3633075e-06,1.1928103e-05,2.7376342e-05,6.262101e-06,3.300366e-05,1.0897634e-06,1.170016e-05
TGTCAGACAGGTTTAC-1-HCAHeart7905327,8.587404e-06,4.818347e-06,0.9997545,1.0574006e-05,1.8670149e-05,9.004193e-06,6.702068e-05,3.4150974e-06,0.000105161664,1.0596624e-06,1.7013215e-05
TCAATCTGTTCTCATT-1-HCAHeart7844004,2.0033092e-05,5.2088576e-06,0.99974316,7.876414e-06,6.318287e-06,7.7235845e-06,3.5376277e-05,5.0762956e-06,0.00015441426,1.2910238e-06,1.3436415e-05
TCTTTCCTCTCACATT-1-HCAHeart7843999,0.00019884807,2.2600045e-05,1.1223088e-05,1.8921919e-06,0.00037557932,4.7384718e-05,0.99931717,1.6924804e-06,6.761598e-06,1.1383997e-05,5.531238e-06
TTTGGTTTCGGCTGAC-1-HCAHeart7905329,6.3292764e-06,2.8454676e-06,0.9998635,3.0871284e-05,3.6028239e-06,7.5602197e-06,8.824398e-06,3.89896e-06,6.536006e-05,6.449074e-07,6.567506e-06
CTGAAGTTCCGTCAAA-1-HCAHeart7843999,6.776067e-06,6.361703e-06,0.9998677,3.3358887e-05,8.613715e-06,1.2533299e-05,1.179694e-05,5.9936183e-06,3.6627338e-05,9.015863e-07,9.374733e-06
TTGTGGATCGTAATGC-1-HCAHeart7905331,6.3788184e-06,2.6143516e-06,0.9998976,1.0004292e-05,2.9242988e-06,5.3250337e-06,8.6553755e-06,2.548406e-06,5.4081404e-05,5.365183e-07,9.187697e-06
TCAGCTCCACCACCAG-1-HCAHeart7843999,4.7432623e-06,1.5188198e-05,1.22403335e-05,4.9104e-05,0.99972135,3.3009856e-06,0.0001396176,9.897297e-06,1.5353124e-05,9.60034e-06,1.9512561e-05
GACGCGTCAGTGAGTG-1-HCAHeart7843999,1.917069e-05,1.08501e-05,0.999818,1.2122807e-05,8.476961e-06,5.1940033e-06,5.2171305e-05,1.0034884e-05,5.234758e-05,1.3891624e-06,1.010708e-05
ACTTACTCACCGAAAG-1-HCAHeart7888927,2.0494374e-05,0.0007314139,3.512431e-05,0.00024051228,2.449384e-05,4.3894794e-05,7.4451286e-06,6.24372e-05,0.0015681748,3.233878e-05,0.9972338
CCAAGCGTCCTTATCA-1-HCAHeart7905331,5.152975e-06,3.2615158e-06,0.99988496,8.239647e-06,4.9126443e-06,5.5381397e-06,1.2302952e-05,2.4321484e-06,6.5446286e-05,5.244273e-07,7.4024865e-06
TTGAACGAGCCTAGGA-1-HCAHeart7905331,2.1593904e-05,4.6454716e-06,0.9998118,5.737273e-06,4.4024955e-06,4.8036427e-06,2.1813947e-05,5.492712e-06,0.00010377536,1.0586524e-06,1.4933116e-05
TAGTGGTGTAGCCTCG-1-HCAHeart7844004,7.862842e-06,3.2998819e-06,0.9998628,3.0926218e-05,3.5871908e-06,7.979278e-06,8.879653e-06,4.914044e-06,6.482954e-05,6.2606455e-07,4.402128e-06
ATCAGGTAGCCGCACT-1-HCAHeart7905331,9.705685e-06,5.1998622e-06,0.99980575,3.5529596e-05,1.2767511e-05,2.6612846e-05,1.5547004e-05,6.522978e-06,6.4330445e-05,3.9089396e-06,1.420339e-05
ATTGGACTCTCTTATG-1-HCAHeart7880860,1.6567712e-06,6.08849e-05,7.442283e-06,6.9912176e-06,1.0761243e-05,6.298571e-06,7.2420056e-07,5.066791e-06,2.2499975e-05,2.1378287e-06,0.99987555
TCTACATAGTTCTACG-1-HCAHeart7905329,3.6799993e-05,4.9536075e-06,1.3810464e-05,0.9998698,2.3889324e-05,6.7842875e-06,3.0878589e-06,2.4079607e-05,4.6197847e-06,5.6601707e-06,6.451431e-06
TATTCCATCAGCCCAG-1-HCAHeart7905327,8.236295e-06,1.9574168e-06,0.00019467664,1.31046e-05,4.7748803e-05,1.142122e-05,5.811954e-06,1.0528325e-05,0.9994868,0.00020908254,1.0674274e-05
GTCATTTCACGACGAA-1-HCAHeart7844004,2.2314733e-05,3.913436e-06,0.9998282,1.2501207e-05,3.5739238e-06,1.0330462e-05,1.7303915e-05,4.773349e-06,7.3269635e-05,8.3453637e-07,2.2871664e-05
ACCTTTAGTACGCTGC-1-HCAHeart7888927,2.577725e-06,0.00015244474,6.3487214e-06,2.4662439e-05,1.3921142e-05,1.2400841e-05,1.2960639e-06,9.5309415e-06,5.772118e-05,2.7891583e-06,0.9997162
CAGTCCTAGACTTGAA-1-HCAHeart7844004,8.613489e-06,3.4079696e-06,0.9998596,7.9999545e-06,3.6100255e-06,5.3482877e-06,1.4738534e-05,2.8828688e-06,8.676679e-05,7.922712e-07,6.277763e-06
CTCCTAGAGAATGTGT-1-HCAHeart7844001,0.56527376,0.0004339222,0.39592323,0.0029256863,0.001619321,0.0038604515,0.0005259801,0.02569132,0.0016857658,0.0005653662,0.0014951725
TGGGCGTCATTGCGGC-1-HCAHeart7880862,4.010474e-06,0.99972194,6.324676e-06,2.895431e-05,2.4235713e-05,4.9540206e-05,6.4095207e-06,3.0434072e-05,3.807927e-06,1.3426317e-05,0.0001108114
ATCTACTAGTACGCCC-1-HCAHeart7844003,6.5603713e-06,3.087534e-06,0.99990094,1.3012386e-05,2.7792828e-06,8.351524e-06,7.5459307e-06,2.5893069e-06,4.1447245e-05,4.326737e-07,1.33824415e-05
AGAATAGCAGGACCCT-1-HCAHeart7844001,3.452923e-05,1.341422e-05,0.99980754,1.4043765e-05,3.820957e-06,9.012162e-06,4.4909284e-05,7.849439e-06,4.9655417e-05,1.3161773e-06,1.386557e-05
CAGCTAATCACTCCTG-1-HCAHeart7880861,2.4008502e-06,5.343943e-05,8.776126e-06,1.6879958e-05,9.257872e-06,6.965759e-06,1.284563e-06,3.1772236e-06,3.6629568e-05,2.012539e-06,0.999859
AACTTTCCATGTTCCC-1-HCAHeart7844003,1.40109405e-05,4.343712e-06,0.99989843,1.0616636e-05,2.7033811e-06,7.0637316e-06,1.1187128e-05,6.2357135e-06,3.828704e-05,6.2728276e-07,6.5300374e-06
CTTCTCTTCTTCTGGC-1-HCAHeart7844004,2.8560535e-05,4.411811e-06,5.8210728e-05,2.513435e-05,4.555694e-05,3.0737123e-05,1.3338954e-05,3.7347494e-05,0.9939294,0.005818842,8.57659e-06
TCTAACTGTGAGATAT-1-HCAHeart7905328,6.480662e-06,2.819788e-06,0.9998196,1.8833158e-05,6.2280724e-06,1.111736e-05,9.087217e-06,3.2432324e-06,0.00010819991,7.151564e-07,1.3840701e-05
CGGACACTCGTCTGAA-1-HCAHeart7844004,0.0001620858,2.1450087e-05,1.0098482e-05,1.326587e-06,0.00015607763,4.68061e-05,0.9995869,1.544907e-06,6.225643e-06,4.8034276e-06,2.6770233e-06
TCCGAAACAGAGAGGG-1-HCAHeart7905332,9.86763e-06,1.3867313e-05,1.27714775e-05,1.0534494e-05,3.47735e-05,1.04604815e-05,7.693146e-06,1.0521924e-05,0.0005126353,0.9993717,5.171267e-06
CTCTGGTAGAGTTGGC-1-HCAHeart7888926,9.601098e-06,6.159828e-06,0.99969447,1.317065e-05,6.794564e-06,9.332579e-06,2.6113401e-05,5.6361687e-06,0.00018976872,1.0698257e-06,3.7873942e-05
CACTCCAAGCTCCTCT-1-HCAHeart7844004,8.810394e-06,4.8629827e-06,0.9998994,2.3928542e-05,2.7983906e-06,7.633608e-06,1.1710342e-05,3.535696e-06,3.0036166e-05,5.675361e-07,6.78007e-06
GTTACAGGTCCAGTGC-1-HCAHeart7844002,5.87237e-06,9.084815e-06,2.2021986e-05,4.4384185e-05,0.9994685,4.356976e-06,0.00039008187,9.176331e-06,1.6269276e-05,9.539918e-06,2.0720618e-05
GACTACATCTTATCTG-1-HCAHeart7844003,0.00018358775,8.868521e-06,0.9990646,1.1911193e-05,1.7035996e-05,1.7969558e-05,0.0001714354,1.7809205e-05,0.0004799195,4.8642314e-06,2.200635e-05
CAAGAAAGTCGGCTCA-1-HCAHeart7843999,5.475318e-06,2.9507003e-06,0.9999113,9.255947e-06,3.204837e-06,5.746216e-06,8.068847e-06,2.3364366e-06,4.0546158e-05,4.955908e-07,1.0469934e-05
GAAATGACAGACGCAA-1-HCAHeart7844001,0.00391669,1.6347822e-05,6.234196e-05,0.0002521611,0.00021842003,0.00036556588,0.000105344276,0.00016580126,0.9884664,0.006397152,3.379758e-05
CATGCTCTCCACTTCG-1-HCAHeart7905332,5.886421e-06,2.6368346e-06,0.9998404,1.7051583e-05,3.8536523e-06,6.8521654e-06,1.052741e-05,2.848122e-06,0.00010301246,6.8401357e-07,6.3117946e-06
CCTACGTTCAGTCTTT-1-HCAHeart7905332,7.5191447e-06,2.4767762e-06,0.9998487,7.838136e-06,3.7753723e-06,5.704019e-06,1.3112784e-05,2.6680636e-06,0.00010058816,6.444073e-07,6.854628e-06
CGCTTCAGTTTCCACC-1-HCAHeart7844003,1.0651272e-05,2.6327991e-06,0.99985003,1.9840263e-05,3.931481e-06,8.856857e-06,8.609341e-06,4.065109e-06,8.559105e-05,7.79542e-07,5.170176e-06
CATCGGGCAGATTGCT-1-HCAHeart7844003,9.200362e-06,3.5722717e-06,0.99986744,6.454511e-06,4.360016e-06,8.934449e-06,1.7544025e-05,3.243097e-06,6.326185e-05,6.7444006e-07,1.5258527e-05
GGTGTTAGTTGTACAC-1-HCAHeart7843999,4.731571e-06,2.6772286e-06,0.9998628,1.6238437e-05,4.2588263e-06,7.603417e-06,9.41646e-06,2.447778e-06,8.146365e-05,5.692207e-07,7.775002e-06
CGGTTAATCCTTAATC-1-HCAHeart7844001,5.003855e-05,3.5080984e-06,7.0091075e-05,2.325234e-05,6.59963e-05,4.1456326e-05,2.079664e-05,5.0278824e-05,0.9924723,0.0071932785,8.915756e-06
TCCGAAACAGGAGGTT-1-HCAHeart7905328,6.081683e-06,2.5159877e-06,0.9998741,1.5207274e-05,3.5755916e-06,8.058066e-06,7.327729e-06,3.2801868e-06,7.312765e-05,5.262733e-07,6.107804e-06
ACCAGTACACAACTGT-1-HCAHeart7844004,1.0715815e-05,8.434378e-06,0.9998299,9.1900465e-06,8.552727e-06,9.133629e-06,6.162934e-05,4.2675856e-06,4.382127e-05,8.7898127e-07,1.3403868e-05
CAAGAAAAGGGCTCTC-1-HCAHeart7844001,0.000101650614,1.0686283e-05,0.08455855,9.802895e-05,0.00014197147,0.00016673998,0.00014453694,0.00011652433,0.914406,0.00021317056,4.205647e-05
ACTTATCAGCCTATTG-1-HCAHeart7905328,1.8345214e-05,5.7467946e-06,0.9996124,0.000137613,1.7675311e-05,3.287512e-05,3.866804e-05,2.3375755e-05,7.810778e-05,1.5137199e-06,3.3832883e-05
CTCTAATCAGATGGCA-1-HCAHeart7843999,7.6107676e-06,3.8308012e-06,0.9999145,8.584865e-06,2.700611e-06,3.7676537e-06,9.303864e-06,3.8386934e-06,3.8925697e-05,5.049803e-07,6.329551e-06
CAAGTTGAGCGTGTCC-1-HCAHeart7888926,2.5513903e-06,7.615799e-05,6.1353985e-06,1.7698914e-05,1.090622e-05,7.958088e-06,1.2625951e-06,8.529847e-06,0.00012746987,3.551384e-06,0.99973756
TACCTTAAGATCACGG-1-HCAHeart7880861,5.132263e-06,9.2912666e-07,3.5700876e-05,7.701193e-06,1.2751021e-05,5.565623e-06,4.489633e-06,8.09503e-06,0.9997656,0.00014596974,7.953902e-06
ACGGGTCCAATTCCTT-1-HCAHeart7880862,7.550397e-06,1.0526376e-05,5.516544e-06,9.658007e-06,1.3016314e-05,2.8198494e-06,7.828931e-07,0.99993384,3.3622157e-06,3.5848227e-06,9.38915e-06
GTTCTCGAGAGTTGGC-1-HCAHeart7844001,0.0004978339,1.0987276e-05,2.3695133e-05,0.999164,1.33612075e-05,6.1363564e-05,9.715555e-06,0.00010702221,6.7792294e-05,3.159648e-05,1.2582422e-05
TACTCATCACATCCAA-1-HCAHeart7844003,0.00012578913,1.2983885e-05,0.10863456,0.00011605258,0.000107504624,0.0001788431,0.0001567567,0.00011541089,0.8900641,0.00045607146,3.1782427e-05
CACCGTTAGGAGGTTC-1-HCAHeart7905330,9.035906e-06,1.3769231e-05,9.138252e-06,9.866342e-06,2.0267795e-05,8.307873e-06,5.7298994e-06,9.037199e-06,0.0001265899,0.99978465,3.534953e-06
AAAGTCCTCGCATTAG-1-HCAHeart7905328,7.3836645e-06,2.3979342e-06,0.99979573,9.806892e-06,4.465007e-06,7.506609e-06,1.1338502e-05,3.0316487e-06,0.0001488054,7.974715e-07,8.949482e-06
GTTAAGCCAACACCCG-1-HCAHeart7844004,1.1623251e-05,2.5255845e-06,0.99967,1.5460872e-05,5.046125e-06,1.7552862e-05,1.1717652e-05,2.9712771e-06,0.00024546293,9.570754e-07,1.6651475e-05
ACCTTTATCTGTCTAT-1-HCAHeart7843999,1.0522959e-05,2.1914764e-06,0.9997837,8.485647e-06,4.27946e-06,8.224696e-06,1.2076938e-05,2.9168968e-06,0.0001558418,8.5323194e-07,1.1026495e-05
AGCGTATAGACCACGA-1-HCAHeart7844000,4.4610633e-06,9.571584e-06,8.121198e-06,2.8743369e-05,0.9997285,2.1310175e-06,0.00018579143,7.793964e-06,1.0465674e-05,6.8944296e-06,7.5876997e-06
TGGCGCAGTAGATTAG-1-HCAHeart7844001,6.8954796e-06,4.5818338e-06,0.9998932,2.0966614e-05,3.547827e-06,9.845691e-06,1.2937055e-05,2.9060873e-06,3.5925914e-05,4.910743e-07,8.596675e-06
TACGGGCAGGAGGTTC-1-HCAHeart7905331,7.780135e-06,1.131397e-06,4.3828233e-05,8.233535e-06,2.7697719e-05,5.89939e-06,3.8511266e-06,1.9569277e-05,0.9996445,0.00023203096,5.4879492e-06
AGTGAGGGTAGAGGAA-1-HCAHeart7844003,2.1180855e-05,5.7269162e-06,0.999858,7.6385495e-06,5.8355663e-06,7.698115e-06,2.6574851e-05,7.5159455e-06,4.254233e-05,8.446259e-07,1.6385833e-05
GTTGCTCGTTCCCAAA-1-HCAHeart7905327,9.440762e-06,3.241804e-06,0.99986446,7.4488325e-06,3.6348715e-06,3.6910842e-06,1.4644272e-05,3.5680257e-06,8.284409e-05,6.8944826e-07,6.489506e-06
TACGGATAGATGTAAC-1-HCAHeart7844000,5.7890657e-06,3.3945842e-06,0.9999095,9.773834e-06,2.7432247e-06,5.0156214e-06,8.485656e-06,2.5458519e-06,4.3088494e-05,4.4671356e-07,9.260434e-06
CGCTATCCACGAAGCA-1-HCAHeart7844004,8.790274e-06,3.6652436e-06,0.9998828,9.210213e-06,2.9494909e-06,5.04538e-06,1.1103134e-05,3.2347173e-06,6.431246e-05,5.675371e-07,8.326394e-06
GTCGTAACAGTCAGAG-1-HCAHeart7844002,8.360905e-06,2.3130715e-06,0.99988484,1.3273578e-05,2.9105645e-06,7.4951745e-06,6.4677542e-06,3.2426835e-06,6.0802955e-05,5.275553e-07,9.853771e-06
TTCGAAGAGCCACCTG-1-HCAHeart7843999,4.6454884e-06,1.0012202e-05,7.73495e-06,3.8653805e-05,0.99977535,2.353916e-06,0.00011989136,8.061712e-06,1.4171919e-05,1.0232241e-05,8.804288e-06
TCCTTCTAGCTCGACC-1-HCAHeart7905328,1.1875667e-05,3.0147962e-06,0.99987185,1.4096411e-05,2.8935033e-06,4.7829712e-06,1.0907145e-05,3.8129826e-06,6.7294546e-05,6.5486694e-07,8.848363e-06
CTAACTTTCGTACCGG-1-HCAHeart7844003,6.107789e-06,9.863956e-06,1.0202443e-05,4.878602e-05,0.99969053,4.0848304e-06,0.00015260433,1.197004e-05,2.6651558e-05,1.6762775e-05,2.2528617e-05
GGCGACTGTGCTTCTC-1-HCAHeart7844001,1.0081478e-05,3.1607663e-06,0.9998909,1.27294725e-05,2.8142856e-06,7.95773e-06,1.1335915e-05,3.875038e-06,4.6763667e-05,4.914433e-07,9.699637e-06
AGCATCACACAAGGTG-1-HCAHeart7905330,8.385129e-06,2.8691884e-06,0.99975294,3.4242352e-05,6.91761e-06,1.7510994e-05,1.0223759e-05,4.526817e-06,0.00014934452,1.1994024e-06,1.1795002e-05
CGGACGTCACCCATGG-1-HCAHeart7843999,5.234941e-06,2.6831874e-06,0.99988973,1.7106731e-05,3.6667514e-06,8.8283505e-06,7.2339535e-06,2.5718784e-06,5.4193424e-05,5.312708e-07,7.941019e-06
TTCTTAGGTAAATGTG-1-HCAHeart7844004,5.1437673e-06,2.7667024e-06,0.999897,1.7037139e-05,4.2917454e-06,1.00244e-05,8.941814e-06,2.605114e-06,4.446733e-05,6.2128777e-07,7.0653728e-06
CATATTCGTAGTAGTA-1-HCAHeart7844000,1.3294833e-05,3.3155056e-06,0.99986744,1.7969493e-05,2.8023392e-06,1.1825277e-05,8.964851e-06,4.2727875e-06,5.5730823e-05,5.282127e-07,1.3802044e-05
GCATGATAGCTTCGCG-1-HCAHeart7880861,2.4765914e-06,7.603855e-05,7.0456576e-06,1.2638007e-05,1.0754232e-05,9.612142e-06,1.5138015e-06,5.4179945e-06,6.875495e-05,4.058483e-06,0.9998017
GGAGCAAGTCCAAGTT-1-HCAHeart7844004,3.4626162e-05,9.89757e-06,0.00016746842,3.9004266e-05,0.00015402112,3.9611732e-05,2.3803797e-05,5.1041043e-05,0.97651154,0.022953581,1.5688282e-05
TCCGGGAGTTCGAACT-1-HCAHeart7905327,6.7642377e-06,2.6322255e-06,0.9998714,7.6892875e-06,3.5696157e-06,6.02207e-06,1.129737e-05,2.3430594e-06,7.690106e-05,5.664032e-07,1.0654283e-05
GATTCAGGTGATGTCT-1-HCAHeart7844004,5.313349e-06,2.224069e-06,0.99984765,1.7567167e-05,4.7460517e-06,2.6922698e-05,9.855002e-06,2.0381467e-06,6.55161e-05,5.590943e-07,1.7517716e-05
CTGTGCTGTTGGACCC-1-HCAHeart7844002,5.10723e-06,3.0023457e-06,0.99988866,1.3908972e-05,3.0327953e-06,7.2733415e-06,1.0663117e-05,2.787799e-06,5.5396205e-05,4.7411993e-07,9.777061e-06
TCGAGGCAGCACCGCT-1-HCAHeart7844004,6.432301e-06,1.6295813e-05,0.9998604,1.8038183e-05,5.159359e-06,7.0657743e-06,3.559523e-05,3.0910294e-06,3.2799526e-05,8.431487e-07,1.4326073e-05
TTGCCGTGTTGGTAAA-1-HCAHeart7844004,1.532779e-05,3.9241963e-06,0.9995529,6.111105e-05,8.154235e-06,4.9094837e-05,1.9953874e-05,4.0678215e-06,0.0002652405,1.0556727e-06,1.925914e-05
GTAGTCAAGGGAGTAA-1-HCAHeart7844000,1.4535911e-05,5.36745e-06,0.9998312,1.1511195e-05,3.9786937e-06,1.1203788e-05,1.8834147e-05,4.5952856e-06,6.806484e-05,8.430662e-07,2.9788343e-05
CATTCGCCATGCCCGA-1-HCAHeart7844003,6.4355177e-06,1.2704128e-05,1.9540272e-05,5.1242427e-05,0.999647,7.98433e-06,9.8791585e-05,1.482423e-05,6.606191e-05,2.9072135e-05,4.6371842e-05
CCGGTAGCAAACCTAC-1-HCAHeart7888927,4.634924e-05,1.07110445e-05,8.443852e-06,0.999828,6.7068668e-06,1.5669753e-05,3.8535677e-06,1.7867895e-05,3.1241405e-05,6.190221e-06,2.5090345e-05
TTAGGCACACATTAGC-1-HCAHeart7844004,1.9277475e-05,1.4801571e-05,2.9054563e-05,1.37612715e-05,5.0853698e-05,2.7237475e-05,9.204442e-06,1.222771e-05,0.00042785023,0.99937254,2.3139766e-05
ACTTACTCATGCCCGA-1-HCAHeart7844001,3.0129746e-05,2.0763717e-05,1.6902884e-05,1.3020972e-06,0.0001930102,2.7704724e-05,0.999699,1.3839395e-06,4.3151276e-06,3.6395106e-06,1.8793775e-06
TTCTCAATCTCGGACG-1-HCAHeart7844000,2.7465916e-05,1.17769705e-05,9.809726e-06,1.3018021e-06,0.00030346916,1.675896e-05,0.99961925,9.611483e-07,4.1193944e-06,3.3409028e-06,1.7462319e-06
CCACTACAGCTGTTCA-1-HCAHeart7844004,1.180839e-05,4.6360747e-06,0.99987924,8.385286e-06,3.4577427e-06,6.5694444e-06,1.8110937e-05,3.833992e-06,4.510549e-05,6.75409e-07,1.8276914e-05
CATCAAGGTAGTAGTA-1-HCAHeart7843999,5.6991225e-06,1.2222731e-05,3.0129415e-05,5.2562922e-05,0.9996251,5.4871934e-06,0.00018275347,8.853564e-06,3.0376441e-05,1.6576387e-05,3.0230929e-05
CCTACCATCCCGACTT-1-HCAHeart7844001,4.7216213e-06,7.322383e-06,6.474491e-06,1.8565486e-05,0.9998196,2.3902355e-06,9.497912e-05,8.86453e-06,1.7741535e-05,1.3020165e-05,6.448714e-06
TCAGATGAGAAGATTC-1-HCAHeart7843999,5.675025e-06,6.309647e-06,0.9997366,4.243162e-05,2.911403e-05,1.8477276e-05,2.6201791e-05,4.6566943e-06,0.0001189618,1.3400961e-06,1.0304819e-05
GGGACCTAGTTAACGA-1-HCAHeart7844004,1.1495635e-05,4.289227e-06,0.9998909,7.4913037e-06,3.1261325e-06,4.3356836e-06,1.5737685e-05,3.981786e-06,4.9649185e-05,7.044516e-07,8.328423e-06
CCGGTAGTCGAGCCCA-1-HCAHeart7844004,3.8565413e-05,1.6103415e-05,0.9996394,9.4290735e-06,8.930963e-06,9.626754e-06,0.00015642455,7.910848e-06,8.953755e-05,1.9115848e-06,2.2154785e-05
TCAGGTAGTGTCTAAC-1-HCAHeart7905327,1.2652451e-05,7.893199e-06,0.9998615,8.662256e-06,4.8124193e-06,3.405796e-06,3.1817814e-05,6.0472753e-06,5.2807307e-05,1.0150268e-06,9.256757e-06
AACTTTCGTCACAAGG-1-HCAHeart7844001,9.731767e-06,4.68926e-06,0.99982196,6.822618e-06,5.918099e-06,9.122962e-06,2.8679133e-05,4.3122805e-06,9.56396e-05,8.849073e-07,1.2162308e-05
TCATTTGCACTAGTAC-1-HCAHeart7844004,7.8201e-06,1.0517492e-06,3.477767e-05,7.693576e-06,2.2495497e-05,5.4442166e-06,3.799679e-06,2.1834261e-05,0.9996898,0.0001987489,6.3855996e-06
TCTTTCCTCCCTCTTT-1-HCAHeart7844003,3.120575e-05,6.9045686e-06,0.9998105,1.5678761e-05,4.390883e-06,6.4822907e-06,3.630437e-05,1.0088505e-05,6.782012e-05,1.2099564e-06,9.243644e-06
CCAATGACAACGGGTA-1-HCAHeart7905328,8.521635e-05,1.3087345e-05,1.8705612e-05,0.00011645106,0.0002017072,9.815617e-06,4.008061e-06,0.99948823,2.922958e-05,1.9650368e-05,1.3865598e-05
ATCATCTGTTATCACG-1-HCAHeart7843999,4.364426e-06,9.4117895e-06,7.978995e-06,3.0931464e-05,0.99976724,2.143513e-06,0.00013830351,6.9691996e-06,1.5020918e-05,1.047168e-05,7.2673133e-06
TGCCCATTCCGCGTTT-1-HCAHeart7844001,6.152172e-06,9.659097e-07,4.045873e-05,1.0021728e-05,1.984289e-05,6.3746525e-06,3.797273e-06,1.2086391e-05,0.9997154,0.00017955054,5.3102603e-06
GCTGCAGAGGTTGTTC-1-HCAHeart7905331,5.158849e-06,2.750738e-06,0.99984646,7.7694785e-06,5.1677666e-06,7.23796e-06,1.5149171e-05,1.9035842e-06,9.886417e-05,6.7073455e-07,8.982772e-06
GAACATCAGCGATTCT-1-HCAHeart7880862,2.3058941e-05,3.638312e-06,0.9997081,5.4036045e-05,3.748649e-06,9.759363e-05,1.6792705e-05,5.022829e-06,6.981091e-05,1.4467954e-06,1.6848335e-05
GCTTTCGAGTCTTGGT-1-HCAHeart7905329,6.788223e-06,2.5617178e-06,0.99990237,7.922965e-06,3.057061e-06,4.845064e-06,1.167455e-05,2.7203137e-06,4.811164e-05,5.0374086e-07,9.4157995e-06
CTCCTAGCAACACCTA-1-HCAHeart7844001,1.1287604e-05,2.798729e-06,0.9998429,1.40371785e-05,3.6603396e-06,6.0906923e-06,1.2285468e-05,3.1868708e-06,9.510833e-05,6.8989965e-07,7.811793e-06
CTCAGAATCCATGAAC-1-HCAHeart7844002,8.604687e-06,2.824651e-06,0.9998957,7.229507e-06,3.0004946e-06,6.9125563e-06,8.919309e-06,3.5109058e-06,5.1710307e-05,5.1582884e-07,1.1048415e-05
CTCGTACGTCCCTACT-1-HCAHeart7844003,1.4788782e-05,1.5213135e-06,2.951981e-05,1.1282785e-05,2.8602279e-05,1.2928723e-05,5.788615e-06,1.6484442e-05,0.99903774,0.00083527225,6.055769e-06
TACGGTAGTTACCGAT-1-HCAHeart7844004,1.687097e-05,4.6670393e-06,0.999808,6.347022e-06,5.298813e-06,7.422112e-06,2.3642464e-05,4.8921397e-06,0.000105503525,1.0041471e-06,1.650779e-05
CCGTTCAAGACAGAGA-1-HCAHeart7843999,4.730928e-06,1.1484392e-05,1.0106931e-05,3.2030286e-05,0.99972886,2.6565601e-06,0.00016299957,7.5299395e-06,1.75964e-05,1.0139891e-05,1.18298085e-05
CGCGGTATCACGCGGT-1-HCAHeart7888926,5.6378085e-06,3.7765183e-06,0.99987185,9.405417e-06,3.914402e-06,9.7274e-06,1.7047307e-05,3.3080032e-06,6.0352075e-05,6.237204e-07,1.4198857e-05
TACGGTACACTCTGTC-1-HCAHeart7843999,6.211733e-06,1.289054e-05,1.4656655e-05,5.9649155e-05,0.9996474,4.9352348e-06,0.00018647732,1.205757e-05,1.7884784e-05,8.387418e-06,2.9556957e-05
TAAGCGTAGCTGTTCA-1-HCAHeart7844004,1.2877971e-05,1.1059521e-05,1.1497825e-05,1.099492e-05,2.4054538e-05,1.0934574e-05,8.782072e-06,1.1524797e-05,0.0004486933,0.9994444,5.109686e-06
GTTCTCGTCACGCATA-1-HCAHeart7880863,5.2227824e-06,0.999532,6.8411864e-06,8.838829e-06,1.1033616e-05,6.394905e-05,1.1763315e-05,3.6083457e-05,3.5901514e-06,8.559969e-06,0.00031199097
GACAGCCCAGCAAGAC-1-HCAHeart7905328,7.1944446e-06,7.1286945e-06,0.99952304,5.6539327e-05,3.250585e-05,8.577609e-06,7.045968e-05,1.2576672e-05,0.00027202698,2.4582716e-06,7.3717033e-06
ACGGTTACACTAACCA-1-HCAHeart7905327,6.1680407e-06,5.518255e-06,0.9999006,6.321753e-06,4.0865575e-06,4.885445e-06,1.49212165e-05,2.8876043e-06,4.4620632e-05,5.812167e-07,9.5848145e-06
ACACCGGGTGCACTTA-1-HCAHeart7843999,7.521306e-06,3.2587216e-06,0.9998996,7.746054e-06,3.0029655e-06,4.357995e-06,1.2327867e-05,2.8863133e-06,5.1224888e-05,5.3107146e-07,7.5037105e-06
TAGATCGGTACGCTAT-1-HCAHeart7905328,6.7724827e-06,2.4686005e-06,0.9998306,2.5300511e-05,4.4907215e-06,1.3484163e-05,8.775517e-06,2.8575757e-06,9.373719e-05,6.063596e-07,1.0874186e-05
CTCCAACGTATGAAGT-1-HCAHeart7905332,5.759566e-06,2.7906638e-06,0.9998791,9.985654e-06,4.0402674e-06,6.340594e-06,9.619892e-06,2.3547036e-06,6.852428e-05,5.519534e-07,1.0829436e-05
GACAGAGCACAGGAGT-1-HCAHeart7844004,1.6457801e-05,1.4767322e-06,0.0011250963,1.3036436e-05,2.1739923e-05,1.594988e-05,9.782705e-06,1.34653765e-05,0.99864036,0.0001297574,1.2901857e-05
CGATGGCGTCTCATCC-1-HCAHeart7844004,0.00025586292,0.00019591665,0.984023,3.3943605e-05,0.0014672368,8.963612e-05,0.012746839,4.529802e-05,0.001045616,4.539316e-05,5.135984e-05
GTCATTTCACCGAAAG-1-HCAHeart7844000,1.3055002e-05,6.3336042e-06,0.9998747,8.772206e-06,3.3438066e-06,6.2491267e-06,2.7053868e-05,4.6293244e-06,4.4941822e-05,7.7623844e-07,1.0140983e-05
CGCTTCACATGGTTGT-1-HCAHeart7844001,6.769608e-05,0.00012561228,1.5797834e-05,1.4104635e-06,0.00030664663,5.134985e-05,0.9994105,2.5178183e-06,6.5290797e-06,9.034386e-06,2.936716e-06
AGCGTCGAGGATGCGT-1-HCAHeart7844004,1.4048145e-05,9.303533e-06,0.9997818,7.979865e-06,7.91849e-06,6.834737e-06,6.334868e-05,4.5860443e-06,8.521805e-05,1.2232862e-06,1.781791e-05
AGACAGGGTTGGCCGT-1-HCAHeart7905331,1.9948458e-05,2.7807685e-06,0.9998192,8.939285e-06,3.5488267e-06,9.038881e-06,1.2804128e-05,4.3697423e-06,0.00010388109,8.3470394e-07,1.4695933e-05
AAAGTAGAGAACTCGG-1-HCAHeart7844001,4.0596984e-05,5.7757784e-06,0.032136936,6.837841e-05,9.082014e-05,0.00011874983,5.342514e-05,3.1584084e-05,0.9672135,0.00020328404,3.6922862e-05
GCGCCAATCGTCGTTC-1-HCAHeart7880862,9.9789995e-06,1.1530746e-05,0.99959224,4.6233166e-05,5.058423e-06,1.2457297e-05,2.772431e-05,3.5016245e-05,0.00025185116,1.9492065e-06,6.0085845e-06
TAGGCATGTATATGAG-1-HCAHeart7844000,1.4174718e-05,4.710978e-06,0.9998317,9.0109015e-06,3.778892e-06,8.27024e-06,2.2820237e-05,4.6648315e-06,8.326663e-05,8.957108e-07,1.6712273e-05
ATTATCCAGGTCGGAT-1-HCAHeart7843999,8.930139e-06,5.936135e-06,0.9998752,6.405571e-06,4.598833e-06,5.3311946e-06,2.7361535e-05,3.0447547e-06,4.9338676e-05,7.5734454e-07,1.2904254e-05
GCTGCAGTCTTTCCTC-1-HCAHeart7844004,5.692698e-05,6.7483065e-06,0.9994056,1.4247511e-05,1.0541727e-05,1.0985888e-05,5.327794e-05,8.935562e-06,0.0003990541,2.1219712e-06,3.156066e-05
AGCTTCCGTTCAGTAC-1-HCAHeart7905327,6.8287727e-06,4.248533e-06,0.9998338,3.4146862e-05,6.5625713e-06,1.2750761e-05,1.659559e-05,3.0286778e-06,5.764171e-05,9.1054903e-07,2.358675e-05
TCAGATGTCACAACGT-1-HCAHeart7843999,5.0634258e-06,2.484229e-06,0.99987495,1.2028566e-05,3.673354e-06,6.5583863e-06,9.21601e-06,2.2608551e-06,7.53299e-05,5.2800965e-07,7.9153315e-06
AGCATACCAGCCTTTC-1-HCAHeart7880860,2.1175343e-05,6.2172508e-06,7.750181e-06,0.9998715,1.6399186e-05,5.7256116e-06,3.220721e-06,3.697415e-05,1.4083747e-05,3.0754238e-06,1.3878284e-05
AGCTTGAGTGTGCGTC-1-HCAHeart7843999,8.03946e-06,2.7710755e-06,0.9998561,6.748812e-06,3.821532e-06,5.440217e-06,1.2596014e-05,2.6645769e-06,9.023836e-05,6.23443e-07,1.0799526e-05
CCGTTCAAGGACACCA-1-HCAHeart7844004,1.32534215e-05,5.9167073e-06,0.99988437,6.5731256e-06,3.3840877e-06,4.4155263e-06,2.0098998e-05,4.1257285e-06,4.518921e-05,7.7530416e-07,1.1968376e-05
CAGATCACATGTAGTC-1-HCAHeart7844004,6.125584e-05,1.7318307e-05,0.9995763,2.7984348e-05,6.1003325e-06,1.8582505e-05,0.00012068072,1.0995416e-05,0.00014489022,2.6054238e-06,1.3390759e-05
CTTCAATGTGGGACAT-1-HCAHeart7905327,5.668486e-06,2.651094e-06,0.99987876,1.4863258e-05,3.2640626e-06,5.4326924e-06,9.456865e-06,2.8592347e-06,7.001993e-05,5.650187e-07,6.446593e-06
GGTGCGTAGAGTGAGA-1-HCAHeart7843999,6.1338387e-06,2.8989018e-06,0.9998933,1.23322225e-05,2.913319e-06,5.750241e-06,8.207263e-06,2.6966059e-06,5.5746776e-05,5.0312275e-07,9.523153e-06
TACGGTAAGGTCGGAT-1-HCAHeart7880862,4.060192e-06,0.9996984,6.549054e-06,5.013704e-05,1.88692e-05,3.1713178e-05,6.954585e-06,4.0431503e-05,4.4642443e-06,1.3385717e-05,0.00012518738
GATCGATAGATCCTGT-1-HCAHeart7843999,6.2096715e-06,3.7822767e-06,0.99987245,6.610508e-06,4.963622e-06,4.8022252e-06,1.467733e-05,2.846652e-06,7.512861e-05,5.9031856e-07,7.993949e-06
AGTGAGGAGCTAGCCC-1-HCAHeart7844004,1.5231759e-05,5.66867e-06,0.99979776,6.753569e-06,4.6776945e-06,6.270919e-06,2.2267097e-05,5.3381887e-06,0.00012647573,1.7794175e-06,7.698055e-06
GGAACTTTCAACCAAC-1-HCAHeart7844003,6.0535585e-06,3.516405e-06,0.99990344,9.146077e-06,3.1841687e-06,6.3158236e-06,9.8959e-06,2.6569203e-06,4.666112e-05,4.4334274e-07,8.755466e-06
ACTTGTTCACTTCTGC-1-HCAHeart7844001,6.678962e-05,1.1320506e-05,0.05349412,6.0791765e-05,0.0002637729,5.7725796e-05,0.00010147553,5.153999e-05,0.94552064,0.00035093148,2.0935948e-05
GCAGCCACATGCCACG-1-HCAHeart7844004,1.7325852e-05,7.5179832e-06,0.9997334,7.5845096e-06,6.834263e-06,9.125591e-06,5.5129225e-05,5.5912137e-06,0.0001401561,1.4829645e-06,1.5711319e-05
GCAAACTAGAAGGTGA-1-HCAHeart7844000,1.4968813e-05,4.530507e-06,0.9995616,6.563817e-05,7.220388e-06,3.141309e-05,1.457196e-05,5.380946e-06,0.00023067583,1.0894057e-06,6.278566e-05
ACGGAGAAGATAGCAT-1-HCAHeart7844001,8.850324e-05,2.0786563e-05,0.97088593,0.00010676526,0.00016151127,0.00011869116,0.0003324081,2.3932353e-05,0.028063623,0.00017089864,2.7003136e-05
CTGTTTAGTATTCGTG-1-HCAHeart7844004,5.3053693e-05,1.3835909e-05,0.0003452953,2.9839912e-05,0.00013877319,6.252343e-05,4.9699265e-05,5.2174513e-05,0.90545404,0.09374765,5.318997e-05
TCAGCAAAGGTGTGGT-1-HCAHeart7880862,2.7008025e-06,0.999728,5.2382293e-06,1.0624632e-05,1.7833765e-05,2.6961743e-05,6.2247705e-06,2.7484208e-05,3.2867335e-06,9.439195e-06,0.00016215305
GACACGCGTACCGTAT-1-HCAHeart7844001,8.967614e-05,2.507238e-05,0.99961627,1.19040815e-05,6.6185653e-06,1.4292203e-05,0.00012935427,1.1758026e-05,6.577649e-05,2.4476367e-06,2.6679409e-05
TTGCCGTCAATCGGTT-1-HCAHeart7844003,0.00043733482,1.6729873e-05,0.017815117,0.00014059144,0.00012571733,0.001089395,0.00019698036,7.957747e-05,0.963153,0.016889295,5.6294874e-05
CGTTGGGAGTGTTAGA-1-HCAHeart7844004,4.0097362e-05,3.3646233e-05,3.2061373e-05,2.6154992e-06,0.00047159896,1.5839081e-05,0.99938583,1.318036e-06,7.755183e-06,5.1555235e-06,4.048064e-06
ACTGTCCCATCGCTGG-1-HCAHeart7905332,2.7441578e-05,4.566523e-06,1.404951e-05,0.99984753,4.4842902e-05,6.7525916e-06,4.152299e-06,3.1329495e-05,5.067132e-06,4.426908e-06,9.721997e-06
GCTCTGTAGAGCTATA-1-HCAHeart7880862,2.739622e-06,0.9997969,6.2743957e-06,5.4003676e-06,1.1456797e-05,2.3203656e-05,8.728316e-06,1.8490025e-05,2.74323e-06,1.0795941e-05,0.000113311704
GTTAAGCGTATATGGA-1-HCAHeart7844004,1.1079509e-05,3.3412498e-06,0.9996582,1.9106266e-05,9.673641e-06,2.0085832e-05,1.919338e-05,6.679292e-06,0.00023888245,9.0138116e-07,1.2813317e-05
GAAACTCCATCGGACC-1-HCAHeart7843999,4.9005516e-06,1.2633682e-05,1.1885111e-05,5.7169385e-05,0.99974364,3.8396556e-06,0.00011172064,1.2296346e-05,1.4588659e-05,8.799727e-06,1.8649429e-05
GGCTTGGGTGCGCTCA-1-HCAHeart7905328,7.5130483e-06,2.315536e-06,0.9998883,1.0581878e-05,2.8518518e-06,5.0466397e-06,8.644728e-06,2.7606006e-06,6.508184e-05,5.223396e-07,6.2890895e-06
CTCCTAGTCGGTGTTA-1-HCAHeart7844001,1.098527e-05,4.4908597e-06,0.9999033,1.2137736e-05,2.280502e-06,5.3997373e-06,9.947893e-06,4.056078e-06,4.0726118e-05,6.0795264e-07,6.038981e-06
GTTACCCCAGGATGAC-1-HCAHeart7905329,6.098222e-06,3.0850015e-06,0.9999168,9.115895e-06,2.5704521e-06,4.085018e-06,8.483006e-06,3.4720586e-06,3.9795716e-05,4.4873045e-07,6.1007004e-06
ACAAGCTAGCTGACTT-1-HCAHeart7905328,9.163782e-06,2.7847627e-06,0.99987185,9.658146e-06,3.4174793e-06,9.1682405e-06,1.1608203e-05,2.7422138e-06,5.673972e-05,5.9731775e-07,2.231126e-05
CGAACATTCCTTGGTC-1-HCAHeart7880862,3.076866e-05,2.2044884e-05,3.9170616e-05,3.591049e-06,0.00073921937,1.8897143e-05,0.99912804,1.4707449e-06,8.003759e-06,4.979012e-06,3.8789635e-06
GATCTAGAGCCTATGT-1-HCAHeart7844001,9.401305e-06,3.1473796e-06,0.9996865,1.21101075e-05,6.592414e-06,1.187367e-05,1.8920855e-05,3.5678565e-06,0.00023643704,8.9542107e-07,1.0448241e-05
CGCAGGTTCTGGACCG-1-HCAHeart7905332,6.438344e-06,5.3438803e-06,0.99984956,1.9326815e-05,9.293664e-06,5.342693e-06,2.3189612e-05,6.357827e-06,6.855029e-05,8.935444e-07,5.6621025e-06
TCGCGTTAGACAATAC-1-HCAHeart7844004,1.0193381e-05,6.9302387e-06,0.99986696,7.195664e-06,5.012778e-06,5.2604705e-06,2.6597223e-05,3.8149356e-06,5.84203e-05,8.277353e-07,8.766485e-06
TTCGGTCAGTGAACAT-1-HCAHeart7844004,6.9618864e-06,2.6310856e-06,0.99989605,1.5670146e-05,3.4871816e-06,1.0790743e-05,7.827258e-06,3.5962369e-06,4.660323e-05,7.010506e-07,5.6958634e-06
TTCTCAAGTACGAAAT-1-HCAHeart7843999,7.632362e-06,3.5590992e-06,0.9998048,7.929184e-06,8.277885e-06,6.300823e-06,2.0886451e-05,3.2832893e-06,0.00012643369,7.5540567e-07,1.012126e-05
CAGGCCAGTGAGACGT-1-HCAHeart7905328,6.3948314e-06,3.0602869e-06,0.9997993,4.5448425e-05,5.6178797e-06,1.4214464e-05,1.1561436e-05,3.7342363e-06,0.000102232545,9.0673257e-07,7.5923485e-06
TCATTTGCAGCTGGTC-1-HCAHeart7905329,1.0768811e-05,4.029383e-06,0.99989474,9.707224e-06,2.7912024e-06,4.2832753e-06,1.7247878e-05,3.9896277e-06,4.378952e-05,6.6281694e-07,8.132392e-06
CTGCGGAAGAAACGCC-1-HCAHeart7843999,1.9836612e-05,1.9469455e-05,0.9997156,7.73209e-06,1.0857166e-05,7.319221e-06,0.00012036053,5.8903306e-06,6.399631e-05,1.704956e-06,2.7307513e-05
GGGTCTGCACCAGTTA-1-HCAHeart7844001,2.1528122e-05,1.9791238e-05,7.921725e-06,1.7723393e-06,0.00028540168,2.119331e-05,0.9996315,1.41734e-06,3.7621141e-06,3.7998125e-06,1.8677691e-06
GTCCCATGTCTGTGAT-1-HCAHeart7905332,3.2285305e-05,3.5958565e-06,7.141571e-06,0.9999105,1.0233292e-05,4.3934547e-06,2.1835424e-06,1.4673969e-05,5.1258694e-06,3.7268383e-06,6.2285853e-06
GGATGTTCAACAACCT-1-HCAHeart7844001,3.1448984e-05,4.198672e-06,6.4427906e-05,1.890737e-05,5.7880614e-05,2.6577249e-05,1.570277e-05,4.146787e-05,0.99261993,0.0071101487,9.2901955e-06
TTCGGTCTCTCGCTTG-1-HCAHeart7880862,2.9319838e-06,0.9996964,5.0169965e-06,1.05635245e-05,1.9446368e-05,3.1139047e-05,7.2567705e-06,3.665698e-05,3.5050477e-06,8.342652e-06,0.0001786935
TGACTTTAGCTGCCCA-1-HCAHeart7844004,6.4923547e-06,4.0051523e-06,0.99988365,8.76878e-06,4.2213896e-06,4.2646257e-06,1.2723578e-05,3.4612983e-06,6.4351414e-05,5.61789e-07,7.3435253e-06
TTTATGCCAGGCTGAA-1-HCAHeart7844001,8.121907e-06,3.9946576e-06,0.9998653,1.5353051e-05,3.5052387e-06,8.735675e-06,1.2755164e-05,4.1418957e-06,7.179301e-05,5.6704937e-07,5.7541997e-06
TGCCCATGTACAGTTC-1-HCAHeart7880862,2.0812196e-05,6.741162e-06,0.99945444,0.00016109658,5.447619e-06,0.00024850227,2.5379934e-05,5.64264e-06,5.597797e-05,1.4991857e-06,1.4450227e-05
AACTGGTCATCGGGTC-1-HCAHeart7844001,3.6130972e-05,2.7485577e-05,1.5738306e-05,1.3615401e-06,0.000120726705,2.7069158e-05,0.9997588,1.2868938e-06,5.1297466e-06,4.496767e-06,1.81957e-06
TTCACGCGTCTTCATT-1-HCAHeart7905332,1.6792112e-05,4.6346927e-06,0.99958223,6.0446123e-06,1.1548337e-05,7.4678665e-06,4.1846753e-05,4.8274874e-06,0.00030700307,1.6478987e-06,1.5835969e-05
CCTTCCCAGCCCAACC-1-HCAHeart7843999,6.5891472e-06,2.9768635e-06,0.9998946,7.0590986e-06,3.203115e-06,5.6975505e-06,9.937718e-06,2.5369022e-06,5.708066e-05,4.9188066e-07,9.9279805e-06
GGGAATGTCGTTTAGG-1-HCAHeart7844001,7.803763e-06,7.999558e-06,6.9821576e-06,2.1234786e-05,0.99968505,2.3897453e-06,0.00022362675,1.13469805e-05,1.6295924e-05,1.105748e-05,6.2274007e-06
TGTTACTTCCCTGTTG-1-HCAHeart7905332,5.477677e-06,1.9809056e-06,0.999848,2.7865892e-05,5.679042e-06,3.1450512e-05,9.938364e-06,2.331174e-06,5.3789598e-05,6.328475e-07,1.2757984e-05
CCACCTAGTCCCTTGT-1-HCAHeart7888926,1.8300404e-06,2.9162376e-05,1.2729545e-05,1.983905e-05,1.0312889e-05,7.976018e-06,1.0897917e-06,3.7951554e-06,5.830832e-05,2.0747223e-06,0.9998528
TGGCCAGTCCTTTCGG-1-HCAHeart7888927,1.8608317e-06,3.225276e-05,6.397174e-06,1.2219326e-05,9.105919e-06,4.841752e-06,9.588392e-07,3.857274e-06,6.018746e-05,2.1176995e-06,0.9998661
TATATCCAGCTCTGTA-1-HCAHeart7905327,8.396209e-06,3.0223584e-06,0.9998841,7.177659e-06,3.610393e-06,5.5717e-06,1.1706087e-05,3.4594948e-06,6.268259e-05,5.152477e-07,9.793879e-06
ATCATGGGTGCAACGA-1-HCAHeart7844002,5.015456e-06,8.513234e-06,7.3204196e-06,2.16217e-05,0.9997631,2.3194054e-06,0.0001518157,6.778583e-06,1.5286965e-05,9.653578e-06,8.6819955e-06
TGACTAGGTGCTCTTC-1-HCAHeart7844001,4.521949e-06,1.1925559e-05,6.372125e-06,2.9365774e-05,0.99976987,2.2246809e-06,0.0001415691,8.248557e-06,1.1323523e-05,7.65781e-06,6.862682e-06
CGTGAGCAGGATATAC-1-HCAHeart7880862,2.7928093e-06,0.9997378,4.970191e-06,1.2342517e-05,1.4325423e-05,3.4069453e-05,6.3788452e-06,3.170369e-05,3.1874417e-06,9.623083e-06,0.00014264301
TACGGTAAGACGCAAC-1-HCAHeart7844004,5.615245e-06,1.3061589e-05,9.0479725e-06,7.384638e-05,0.9997278,4.4756425e-06,9.864422e-05,1.5563666e-05,1.9324978e-05,1.2000364e-05,2.0515456e-05
CCCTTAGGTCCGACGT-1-HCAHeart7905332,7.790457e-06,4.0079735e-06,0.9998497,6.253245e-06,5.4375055e-06,5.624972e-06,2.960286e-05,2.8986644e-06,7.9679616e-05,8.1282457e-07,8.370599e-06
CTAACTTCATTACCTT-1-HCAHeart7844000,4.1664866e-06,8.599743e-06,6.11471e-06,2.1182648e-05,0.99981016,1.8464481e-06,0.00011660839,8.031106e-06,1.0367563e-05,7.3188376e-06,5.8053406e-06
TCGAGGCCATTAGCCA-1-HCAHeart7844001,0.000104235296,1.2939197e-05,0.9203981,0.00018955894,6.686651e-05,0.00022084634,8.269962e-05,3.4245968e-05,0.07875373,3.745031e-05,9.932002e-05
GTTTACTAGCTGGCTC-1-HCAHeart7905328,5.1263514e-06,2.787056e-06,0.99985003,2.6805119e-05,5.5469104e-06,1.1572569e-05,1.2467309e-05,2.7152753e-06,7.215735e-05,5.863006e-07,9.966962e-06
GATCGTACAGACGCTC-1-HCAHeart7844000,6.1876494e-06,8.769816e-06,7.3677543e-06,1.7503882e-05,0.9997625,2.3112805e-06,0.0001517195,5.9137296e-06,1.7040957e-05,1.34880165e-05,7.250153e-06
AGGGATGAGCTATGCT-1-HCAHeart7888926,2.8195276e-05,7.3235155e-05,1.1562393e-05,0.99970764,5.1195468e-05,1.0689225e-05,4.0860727e-06,6.389804e-05,1.608694e-05,1.07278165e-05,2.257391e-05
AACCGCGGTAAACGCG-1-HCAHeart7844000,2.1740821e-05,5.2087926e-06,0.99984515,8.554154e-06,3.989072e-06,6.1484952e-06,1.626276e-05,4.9996256e-06,5.8580874e-05,7.6982764e-07,2.8577006e-05
CGTCACTGTTCTGAAC-1-HCAHeart7844003,9.321096e-06,6.9118773e-06,0.99983656,7.910696e-06,6.9426824e-06,6.838861e-06,3.8688293e-05,4.61169e-06,7.229166e-05,1.0338271e-06,8.906287e-06
ATTCTACTCAAACCCA-1-HCAHeart7905328,6.458404e-06,3.6351885e-06,0.9998153,1.0432302e-05,5.851561e-06,5.026756e-06,1.8286626e-05,3.1222971e-06,0.00012452196,7.566639e-07,6.693293e-06
GAATGAACAAGGCTCC-1-HCAHeart7880861,2.068207e-06,5.5128923e-05,1.1549612e-05,1.0190145e-05,8.583082e-06,8.149442e-06,1.3179905e-06,4.4511075e-06,6.3752705e-05,3.1034472e-06,0.9998318
TGCTGCTTCGGCATCG-1-HCAHeart7844004,7.4329023e-06,1.4238267e-05,1.3706722e-05,5.5324024e-05,0.9995147,4.3548134e-06,0.00033976496,1.0277527e-05,1.4523302e-05,8.726251e-06,1.689171e-05
AGGGAGTTCTTGTCAT-1-HCAHeart7844001,0.00013146913,1.3063208e-05,0.0030336843,0.00011439067,0.00017562976,0.0003215014,0.00013861404,0.00014789707,0.9409862,0.054915234,2.2293072e-05
AAACCTGCAGTTTACG-1-HCAHeart7844003,2.4062496e-05,9.81761e-06,0.99983513,1.0867747e-05,4.039207e-06,6.881317e-06,3.4085675e-05,5.432554e-06,5.162839e-05,1.0290842e-06,1.696127e-05
TTGCATTTCAAATAGG-1-HCAHeart7905327,8.059156e-06,3.4429536e-06,0.99986255,6.4977366e-06,3.4650132e-06,3.6794968e-06,1.3806255e-05,3.1887243e-06,8.7573084e-05,7.6257345e-07,6.7936776e-06
CGTCACTTCAGGTTCA-1-HCAHeart7844001,8.166876e-06,9.121006e-06,0.99975723,9.3586066e-05,1.8507797e-05,3.3818233e-05,1.9318066e-05,7.6133165e-06,4.0433883e-05,1.2674916e-06,1.094623e-05
TACCTCGAGTGAACAT-1-HCAHeart7905327,5.8031965e-06,4.225371e-06,0.9998765,1.944073e-05,5.56923e-06,5.8881556e-06,7.2998255e-06,8.962283e-06,5.815598e-05,5.9421603e-07,7.599491e-06
CTGAAACAGAGGGCTT-1-HCAHeart7844000,7.2969997e-06,4.006881e-06,0.9998803,6.9032076e-06,4.1440558e-06,6.688438e-06,1.394437e-05,3.099217e-06,5.9607148e-05,5.719493e-07,1.3335715e-05
CACATTTTCTGCTTGC-1-HCAHeart7880862,9.616021e-06,1.7227164e-06,3.8349e-05,1.9556497e-05,1.9119183e-05,1.0075523e-05,7.4885006e-06,4.388206e-05,0.9996245,0.00021863286,7.0558117e-06
CAGGGCTGTAGAGATT-1-HCAHeart7905327,5.5418877e-06,1.2360842e-05,1.2949358e-05,7.83673e-05,0.9997166,3.965991e-06,0.00011115161,1.1742497e-05,1.7087254e-05,1.2169912e-05,1.8013225e-05
TGCAGTATCTACCAGA-1-HCAHeart7905331,9.24883e-06,2.3264142e-06,0.9998659,9.642166e-06,3.319658e-06,7.151455e-06,1.005483e-05,2.826736e-06,8.007413e-05,5.643878e-07,8.879604e-06
CCTAGCTCACATCCGG-1-HCAHeart7843999,2.115382e-05,5.5750515e-06,0.9996062,8.892109e-06,9.520345e-06,5.0645226e-06,4.4272645e-05,5.2313662e-06,0.0002797893,1.5832702e-06,1.2504833e-05
CTCGTCACACGCTTTC-1-HCAHeart7843999,1.3589131e-05,6.2107683e-06,0.9997353,7.4565974e-06,1.0914416e-05,5.5680775e-06,6.906865e-05,3.898661e-06,0.00013717744,1.4075861e-06,9.2088985e-06
GGGTCTGGTGACCAAG-1-HCAHeart7844000,0.00036944795,3.5321416e-05,0.9989471,4.6206325e-05,5.2168027e-05,1.8517188e-05,0.00020011004,0.00013253714,0.00016379205,5.3411345e-06,2.9640261e-05
TAGTTGGCAACTGGCC-1-HCAHeart7888926,2.612306e-06,0.00012467375,6.4106107e-06,1.2986175e-05,1.0960974e-05,8.586997e-06,1.0378347e-06,6.549804e-06,3.4933706e-05,3.0773824e-06,0.9997881
CATGGCGTCCTAGAAC-1-HCAHeart7844003,1.1998918e-05,1.1450139e-06,2.8930757e-05,1.1668321e-05,2.4467801e-05,1.2580227e-05,5.987818e-06,1.2109183e-05,0.9993518,0.00053205003,7.1172976e-06
CGCGTTTGTGCCTGGT-1-HCAHeart7844001,1.0075136e-05,3.112262e-06,0.9997633,1.4781764e-05,6.186852e-06,4.8624905e-05,2.2567525e-05,3.1665354e-06,0.00010286345,8.6628216e-07,2.4417212e-05
CGCCAAGAGACCCACC-1-HCAHeart7844001,3.1846554e-05,3.3408705e-06,9.274856e-05,2.0857235e-05,4.1859188e-05,5.0659284e-05,2.1412086e-05,2.3681656e-05,0.99168104,0.008021463,1.1210602e-05
GTCTCGTAGCCCTAAT-1-HCAHeart7844000,8.335926e-06,2.3367281e-06,0.99982256,1.0642186e-05,4.360382e-06,1.1005353e-05,8.995605e-06,2.965737e-06,0.000111283574,6.85419e-07,1.6982422e-05
TCTATTGTCCTGCCAT-1-HCAHeart7888926,1.798459e-06,4.148473e-05,7.707959e-06,1.6795862e-05,1.0417277e-05,5.3428857e-06,1.2210844e-06,3.7135765e-06,7.229721e-05,2.1664282e-06,0.99983704
ACATCAGCAACGATGG-1-HCAHeart7888926,9.7272705e-06,4.6393575e-06,0.9997489,9.535426e-06,4.6428677e-06,6.457212e-06,1.9456571e-05,6.0446223e-06,0.0001777548,1.0247609e-06,1.1811411e-05
ACGCCAGAGAGATGAG-1-HCAHeart7844001,6.29071e-06,1.2347861e-05,1.253876e-05,7.5458905e-05,0.999653,5.452475e-06,0.00015172936,1.5218649e-05,2.42533e-05,1.0894362e-05,3.2781998e-05
GATGAGGCAGAGTCTT-1-HCAHeart7905331,2.3927827e-05,5.642308e-06,0.99895835,9.31484e-05,3.2690277e-05,0.00032131435,5.365366e-05,5.5879077e-06,0.00035627684,2.3971281e-06,0.00014693513
GGCAATTTCGGCATCG-1-HCAHeart7844001,8.423974e-06,8.083012e-06,7.9857655e-06,2.082118e-05,0.99975044,3.0526055e-06,0.00014312993,9.46536e-06,2.3965762e-05,1.6474727e-05,8.215071e-06
CAGCATATCCTATGTT-1-HCAHeart7844001,0.00011117799,6.7884366e-06,0.9994753,1.6844444e-05,7.669819e-06,1.3793973e-05,1.9996958e-05,4.8329435e-05,0.00027858044,1.6300205e-06,1.9853094e-05
GCTGCAGGTGTATGGG-1-HCAHeart7843999,0.00011545826,2.2548087e-05,0.00069720205,0.00012054013,0.0002089485,0.00016290999,7.600747e-05,0.0001008298,0.7514575,0.24700901,2.8921408e-05
ATTTCACCAATCTCTT-1-HCAHeart7905328,6.215757e-06,2.389145e-06,0.9998258,1.28612555e-05,4.2023357e-06,7.889206e-06,1.0930279e-05,2.4838318e-06,0.00011821273,6.798772e-07,8.356513e-06
TACGGATTCTCTTATG-1-HCAHeart7843999,2.250451e-05,1.005376e-05,0.9996631,7.739083e-06,1.4667569e-05,8.983008e-06,0.00014730378,4.3370364e-06,9.566436e-05,1.7873631e-06,2.3974642e-05
GTTACAGAGTTTAGGA-1-HCAHeart7880862,2.1855537e-06,0.9998498,4.891038e-06,5.8947185e-06,1.2963638e-05,2.4044817e-05,6.225588e-06,2.381074e-05,2.1797484e-06,8.222386e-06,5.9660946e-05
GGCTGGTTCTGTGCAA-1-HCAHeart7844001,6.219537e-05,7.113384e-06,0.00011280423,3.4615816e-05,0.000100280224,6.5508226e-05,3.619658e-05,0.00048371474,0.98658144,0.0124956295,2.0436171e-05
CTTTCAACAGCTGGTC-1-HCAHeart7905331,7.878806e-06,2.5703328e-06,0.9997588,9.409924e-06,7.4402783e-06,1.3793163e-05,1.5584632e-05,2.6162184e-06,0.00016373125,7.7418576e-07,1.7385051e-05
CATGGATTCCGCATAA-1-HCAHeart7905328,3.905389e-06,8.566251e-06,7.0609362e-06,2.7913153e-05,0.9997601,1.969334e-06,0.00015413776,7.3767146e-06,1.3302359e-05,8.548647e-06,7.1067125e-06
TCAGGTATCTATGTGG-1-HCAHeart7880862,2.5268055e-06,0.9997452,5.4576544e-06,9.891277e-06,2.2705039e-05,2.5978628e-05,6.7081533e-06,4.485683e-05,3.0872325e-06,7.446516e-06,0.0001262594
CTCGGAGGTTCTCATT-1-HCAHeart7844001,3.0501162e-05,1.1967368e-05,1.59139e-05,1.5279194e-05,3.723754e-05,2.1998052e-05,1.3029339e-05,2.3330585e-05,0.002339714,0.99748296,8.084132e-06
AGTGTCATCTATGTGG-1-HCAHeart7844001,0.0037569252,0.00023107842,0.00022435347,0.016214345,0.00018513478,0.002171485,0.00022999145,0.0009991612,0.012016366,0.96392983,4.14755e-05
CAAGAAAAGTTCCACA-1-HCAHeart7844004,1.0001134e-05,6.121161e-06,0.99989855,1.0951651e-05,3.096919e-06,5.966081e-06,1.6536374e-05,3.5945554e-06,3.3880835e-05,6.0814517e-07,1.0616202e-05
ACTCTCGAGCATGAAT-1-HCAHeart7905328,7.6867855e-06,3.4662194e-06,0.99987483,6.7428978e-06,3.7339628e-06,5.64046e-06,1.1990381e-05,3.0885694e-06,6.6577246e-05,6.197047e-07,1.5597103e-05
ATCACTTCACACCTTC-1-HCAHeart7905332,6.43195e-06,2.7380609e-06,0.9997582,1.1501258e-05,5.969102e-06,7.174223e-06,1.3395801e-05,3.0623885e-06,0.00018282417,7.835786e-07,7.909728e-06
CCTACCACACTCAGGC-1-HCAHeart7844003,2.1389596e-05,4.436825e-06,0.99986506,1.9005713e-05,2.7920862e-06,6.8644026e-06,1.5104573e-05,4.88789e-06,5.292088e-05,1.0921636e-06,6.4254273e-06
CTCCATGGTTTGATCG-1-HCAHeart7905330,0.00038011282,1.1943027e-05,2.3655337e-05,0.9990853,1.8469218e-05,6.761477e-05,9.915584e-06,4.9655857e-05,0.00024297355,9.458435e-05,1.577481e-05
ATAGACCTCGTAGGTT-1-HCAHeart7844004,9.392676e-06,4.540555e-06,0.9998934,9.877706e-06,2.7617286e-06,4.4621183e-06,1.1214652e-05,5.2832393e-06,5.2581996e-05,5.912719e-07,5.9512245e-06
CAGTCCTAGTTATCGC-1-HCAHeart7843999,6.009193e-06,2.7903611e-06,0.9998975,1.8108314e-05,3.7869154e-06,8.0664895e-06,7.2004214e-06,3.5908e-06,4.614389e-05,5.38613e-07,6.2715926e-06
TCTCATACAAGTACCT-1-HCAHeart7888926,4.241947e-06,1.0452718e-06,2.3670964e-05,1.3051881e-05,1.1412326e-05,5.243233e-06,4.457196e-06,9.431773e-06,0.9997625,0.00014907173,1.5754762e-05
CGCCAGATCAGTAGGG-1-HCAHeart7905328,9.169475e-06,2.7024078e-06,0.99982625,8.3992945e-06,5.38931e-06,1.5453455e-05,1.6165672e-05,2.3643786e-06,8.881307e-05,7.554795e-07,2.4529732e-05
AAACGGGAGACGACGT-1-HCAHeart7844003,8.422875e-06,1.0268852e-05,1.8456509e-05,4.9198396e-05,0.9995419,7.437919e-06,0.00026136907,1.1197705e-05,2.4277402e-05,2.3761539e-05,4.3791813e-05
GTAGAGGTCCGTGGCA-1-HCAHeart7905332,6.376549e-06,2.9047171e-06,0.99974877,1.2324162e-05,6.8707423e-06,7.79926e-06,1.3335957e-05,2.9553148e-06,0.00018908603,1.0001672e-06,8.572177e-06
TAAGAGAGTCTAGCCG-1-HCAHeart7844004,1.1300174e-05,3.8096193e-06,0.9998734,1.4844536e-05,3.4198874e-06,1.1979196e-05,1.3689259e-05,3.6198212e-06,4.1229792e-05,5.735074e-07,2.2052116e-05
GCAGTTATCCTGCTTG-1-HCAHeart7844001,2.27752e-05,1.17485615e-05,0.99981993,9.131082e-06,3.947676e-06,6.2943477e-06,4.3146105e-05,6.3359275e-06,6.426078e-05,1.3666711e-06,1.1112425e-05
ACCAGTAGTAGTACCT-1-HCAHeart7888927,2.168311e-06,4.1989115e-05,5.9108947e-06,1.8934878e-05,1.0103581e-05,6.1633978e-06,9.0143146e-07,5.952507e-06,3.4212586e-05,2.0343734e-06,0.9998714
TCGATTTGTTGTTGAC-1-HCAHeart7905328,1.18910275e-05,6.860701e-06,0.9977337,3.5824232e-05,3.1351217e-05,1.991581e-05,2.8184697e-05,8.46087e-06,0.0021049418,5.0707276e-06,1.3755486e-05
CATTATCCACGGTAAG-1-HCAHeart7844001,4.6533605e-06,7.4294353e-06,6.8799236e-06,2.9398618e-05,0.9997385,2.6255957e-06,0.0001681481,1.3577218e-05,1.2509041e-05,8.843936e-06,7.4128884e-06
AAGCCGCTCACCATAG-1-HCAHeart7843999,6.136075e-06,2.7404305e-06,0.99988973,1.3827081e-05,3.3792585e-06,5.97731e-06,8.464369e-06,2.7066003e-06,5.7277342e-05,4.9931606e-07,9.332496e-06
TCATTACAGCTGTTCA-1-HCAHeart7844003,9.3829785e-06,3.6451581e-06,0.9998895,3.151592e-05,2.332009e-06,9.06367e-06,7.1158934e-06,5.085417e-06,3.6530037e-05,5.0285695e-07,5.2819087e-06
CTCTACGGTTAGTGGG-1-HCAHeart7844004,6.21477e-05,1.3642654e-05,0.99961793,8.683095e-06,9.112346e-06,1.0144956e-05,0.00010815396,9.3937415e-06,0.00010347914,2.2765053e-06,5.4928747e-05
ATCATCTTCACTCCTG-1-HCAHeart7844001,3.8739105e-05,4.7390213e-06,7.315687e-05,1.7602932e-05,8.377404e-05,2.8621142e-05,2.0069869e-05,5.356749e-05,0.98929065,0.0103769945,1.2249641e-05
CTGCTGTGTGTAACGG-1-HCAHeart7844001,0.0002156229,0.0009540705,0.000113946815,9.537115e-05,0.9359701,9.0552145e-05,0.06195279,5.3014046e-05,8.831037e-05,0.0003775076,8.870684e-05
CCCATACGTTGATTGC-1-HCAHeart7844001,1.2632765e-05,9.693871e-06,1.1374072e-05,2.4051162e-05,0.99893636,2.8227053e-06,0.00095505285,1.0552775e-05,1.9427414e-05,1.0809365e-05,7.158864e-06
TCTGAGAAGTATTGGA-1-HCAHeart7844001,7.880409e-06,2.558182e-06,0.99985147,1.2590887e-05,4.5308007e-06,1.9459756e-05,1.3667122e-05,2.7750932e-06,7.2141906e-05,5.254019e-07,1.2401939e-05
AGCATACAGTTCGATC-1-HCAHeart7843999,7.211229e-06,3.5591058e-06,0.9998963,6.2454724e-06,3.6303795e-06,5.688764e-06,1.2210351e-05,2.5799873e-06,4.8049442e-05,5.369942e-07,1.41101245e-05
CTCTAATAGTGCGATG-1-HCAHeart7844003,1.2871311e-05,1.4466393e-06,3.581193e-05,9.90622e-06,3.27091e-05,9.992212e-06,6.4395754e-06,3.532241e-05,0.9991647,0.0006846514,6.102009e-06
TGCAGGCTCCCGAGAC-1-HCAHeart7905332,7.180912e-06,1.4437572e-06,5.563829e-05,7.2139824e-06,3.3812852e-05,7.4028553e-06,4.175969e-06,7.4183326e-06,0.9995763,0.00028396712,1.5467238e-05
CCGTACTCAGCTGGCT-1-HCAHeart7844004,4.1552048e-05,1.697069e-05,2.3445784e-05,1.8204599e-05,5.5655622e-05,2.719297e-05,1.6880522e-05,2.5421245e-05,0.00762912,0.99213105,1.44424075e-05
TCACGGGTCAGCTGAT-1-HCAHeart7905328,1.54811e-05,3.291725e-06,0.9991773,5.0417697e-05,1.3829185e-05,5.744159e-05,1.7658336e-05,4.2420033e-06,0.0006304142,1.5771712e-06,2.8365663e-05
ATTACTCTCCGAAGAG-1-HCAHeart7844001,0.00012048278,3.63318e-05,0.000264046,7.761146e-05,0.00075687934,0.00013936557,9.794686e-05,0.0005136127,0.6002523,0.39767706,6.433161e-05
TTGACTTGTCCGACGT-1-HCAHeart7844004,1.0999092e-05,4.0038426e-06,0.9999,8.208116e-06,2.7112471e-06,4.335388e-06,1.1706341e-05,4.3746113e-06,4.0511568e-05,5.514351e-07,1.2614359e-05
GTCAGCGGTCTGTCAA-1-HCAHeart7905332,2.3418657e-05,1.8153405e-05,2.1916156e-05,1.4136806e-05,8.888139e-05,2.1790505e-05,1.1600287e-05,1.533882e-05,0.0017851266,0.9979843,1.5257774e-05
GTTAAGCTCCTGCTTG-1-HCAHeart7888927,1.9225092e-06,3.6239606e-05,1.1768532e-05,1.7009346e-05,8.0897125e-06,7.863298e-06,1.2843609e-06,3.1245395e-06,7.676587e-05,2.6018963e-06,0.9998332
CCCTCTCCAACGGCCT-1-HCAHeart7905332,6.7234164e-06,2.957244e-06,0.99974436,1.436178e-05,6.1905475e-06,8.525391e-06,1.418304e-05,3.3566162e-06,0.00019239503,7.3620333e-07,6.1369033e-06
ACCGTAAAGAAACCTA-1-HCAHeart7844004,6.687013e-06,2.165265e-06,0.9998369,1.1222641e-05,5.5586415e-06,1.6992644e-05,9.443519e-06,2.5067309e-06,9.327248e-05,5.589828e-07,1.45679405e-05
GAAGCAGTCACCATAG-1-HCAHeart7844004,2.8544864e-05,1.0227013e-05,0.99962866,7.0726906e-06,1.0143459e-05,1.0081102e-05,0.00011824771,7.6272995e-06,0.00014953814,2.2834745e-06,2.7704466e-05
CATTCGCAGGCTCTTA-1-HCAHeart7844001,4.5979847e-05,4.777139e-06,0.9994873,4.421746e-05,6.0445623e-06,4.0872867e-05,1.4548145e-05,1.5263973e-05,0.000321875,1.3377103e-06,1.7725424e-05
CCACTTGGTGGCCTCA-1-HCAHeart7905331,6.851914e-06,2.4346427e-06,0.9998857,1.9791287e-05,3.0151025e-06,7.3184415e-06,7.18395e-06,3.2552161e-06,5.630115e-05,5.1958386e-07,7.709466e-06
GTGAAGGGTGTGTGCC-1-HCAHeart7844001,1.575065e-05,4.5319234e-06,0.9995691,1.0268623e-05,1.00611005e-05,2.6548178e-05,5.2846117e-05,5.1450925e-06,0.00027829854,1.948864e-06,2.5638734e-05
AGCTCTCAGGACGAAA-1-HCAHeart7844004,8.936382e-06,3.1307309e-06,0.9998311,7.813936e-06,5.0498893e-06,8.667695e-06,1.542651e-05,2.922894e-06,9.647456e-05,7.0716504e-07,1.971811e-05
GGGTTGCCATTTGCTT-1-HCAHeart7844003,3.4415243e-05,7.161109e-06,0.99981874,5.044039e-05,3.5344804e-06,1.1156117e-05,1.7613229e-05,1.2916921e-05,3.4041812e-05,1.0334871e-06,8.922885e-06
CGCGGTAGTCTACCTC-1-HCAHeart7880862,3.075647e-06,0.9998116,5.9532013e-06,1.5254503e-05,1.6232681e-05,1.9083811e-05,6.573644e-06,2.0692969e-05,3.06969e-06,9.550367e-06,8.894033e-05
CCATGTCAGGCAGGTT-1-HCAHeart7843999,6.318239e-06,2.7922833e-06,0.9999119,7.977692e-06,2.9143068e-06,4.3608384e-06,8.293826e-06,2.7031342e-06,4.4468758e-05,4.77187e-07,7.778632e-06
ACTGTCCTCGTTACGA-1-HCAHeart7844000,1.0291015e-05,5.0048143e-06,0.99986196,5.550411e-06,4.46984e-06,4.7146177e-06,2.1544978e-05,4.03293e-06,6.6196335e-05,8.0437974e-07,1.528874e-05
CTCGTACTCCACTGGG-1-HCAHeart7880862,3.457713e-05,9.0973066e-05,0.00015700953,6.964013e-05,6.028447e-06,0.9990895,0.00044401662,6.8588815e-06,6.637755e-05,1.3762335e-05,2.1199481e-05
TCGCGAGTCACGAAGG-1-HCAHeart7844001,1.7207034e-05,1.7592758e-05,1.2518479e-05,1.1711952e-05,4.1356885e-05,1.5814972e-05,8.377565e-06,2.7260594e-05,0.00024684294,0.99959534,5.9637205e-06
CTGAAACTCGGAATCT-1-HCAHeart7843999,6.503503e-06,3.4578272e-06,0.99989605,6.3867283e-06,3.689582e-06,4.9413748e-06,1.0368908e-05,2.815406e-06,5.1790626e-05,5.467228e-07,1.33565445e-05
GACGTTAAGGTAGCTG-1-HCAHeart7844000,1.2600601e-05,9.171094e-06,0.99987686,1.545953e-05,4.5224283e-06,1.1077822e-05,2.7935213e-05,4.575986e-06,2.3608627e-05,1.0042487e-06,1.32157475e-05
TTTCAGTGTACAGAAT-1-HCAHeart7905332,1.9201829e-05,4.2560737e-06,0.99984753,8.819967e-06,3.7006123e-06,4.1257767e-06,1.7111375e-05,4.9635173e-06,7.648278e-05,8.2424384e-07,1.2830687e-05
GACAGAGAGTTGTCGT-1-HCAHeart7844004,5.212101e-05,6.055852e-06,0.9895331,5.2160143e-05,2.7478627e-05,0.000115264585,4.1993953e-05,1.4543077e-05,0.009993277,1.2135064e-05,0.00015195059
GCACGTGCATCGATGT-1-HCAHeart7905331,1.0889368e-05,5.3775398e-06,0.99988675,9.958825e-06,3.654034e-06,4.839747e-06,1.8361174e-05,4.5249667e-06,4.7438185e-05,6.771103e-07,7.388514e-06
ATTTCTGTCACTCCTG-1-HCAHeart7844002,0.00010352703,6.175111e-05,1.1421816e-05,1.2278789e-06,0.00023505805,3.5835594e-05,0.9995333,1.8870321e-06,5.838001e-06,7.171549e-06,2.961612e-06
TTGCGTCAGTGTACAA-1-HCAHeart7905331,6.8556888e-06,2.9899002e-06,0.9998785,1.444955e-05,3.2603502e-06,5.221874e-06,1.1122799e-05,3.1936233e-06,6.733531e-05,5.498159e-07,6.5023846e-06
CTCGTCAGTCTTGATG-1-HCAHeart7844001,1.5422142e-05,4.7825706e-06,0.9998692,6.8885247e-06,3.6477202e-06,5.859561e-06,1.7280876e-05,4.636139e-06,5.9114995e-05,7.5115975e-07,1.2231991e-05
GTGCATACAAGCGAGT-1-HCAHeart7888926,1.7305666e-06,0.00010309353,8.001509e-06,1.0244204e-05,1.2985676e-05,8.29873e-06,8.2941136e-07,5.7517573e-06,2.4777466e-05,2.1009348e-06,0.9998222
GTTCGGGTCAACCATG-1-HCAHeart7888927,1.950192e-06,4.9404884e-05,6.9663847e-06,2.0615398e-05,1.1537477e-05,8.480697e-06,1.0286801e-06,5.007502e-06,7.8046265e-05,2.6763585e-06,0.99981433
AAACGAAAGACTGGGT-1-HCAHeart7905328,7.0348974e-06,2.724516e-06,0.9998363,2.1749152e-05,3.5200578e-06,9.756552e-06,8.331781e-06,3.2442085e-06,9.76175e-05,5.565563e-07,9.08108e-06
TTTGGTTAGAATCTCC-1-HCAHeart7844001,1.4924753e-05,2.9767773e-06,0.9987374,2.3876131e-05,1.2109162e-05,3.7425012e-05,2.3559625e-05,6.367955e-06,0.0011280099,2.7095132e-06,1.055011e-05
GATTTCTAGCACAAAT-1-HCAHeart7905329,1.682607e-05,1.0780994e-05,0.99502784,2.811566e-05,8.112703e-05,3.0984498e-05,6.6752684e-05,1.2409653e-05,0.004683587,1.9329582e-05,2.21863e-05
GCTCTGTAGTTCGCGC-1-HCAHeart7843999,3.8762705e-06,9.287939e-06,7.2174744e-06,3.0260675e-05,0.9997359,1.8145757e-06,0.00017488241,7.903701e-06,1.3641974e-05,8.726767e-06,6.5634745e-06
AACGGGAAGCTGTGCC-1-HCAHeart7905330,0.00011482714,8.363821e-06,2.8911e-05,0.9997633,2.0001213e-05,1.1780185e-05,3.9463116e-06,2.4694999e-05,5.8570577e-06,1.0933568e-05,7.3426204e-06
ACGAGGACACAGGTTT-1-HCAHeart7844004,9.75971e-06,5.499354e-06,0.9999093,1.3726368e-05,3.2041032e-06,8.534568e-06,1.1242918e-05,4.0250056e-06,2.5689025e-05,7.578197e-07,8.255146e-06
CAACGATCAGGCTACC-1-HCAHeart7905328,6.99751e-05,2.6855107e-05,4.056729e-05,1.1236943e-05,0.0028204054,1.2736208e-05,0.99696845,2.3577709e-06,2.5632751e-05,1.2541849e-05,9.2671935e-06
GTCCTCAGTCTAACGT-1-HCAHeart7844004,5.8697274e-06,3.3588185e-06,0.9999186,9.866883e-06,2.6025875e-06,6.522115e-06,9.970879e-06,2.1866506e-06,3.4339366e-05,4.943638e-07,6.038077e-06
GATCTAGTCAGCTCTC-1-HCAHeart7880862,2.0014199e-05,1.0017273e-05,1.1454855e-05,0.999902,1.47268665e-05,6.019585e-06,2.1548583e-06,1.6725502e-05,5.579149e-06,5.3365566e-06,5.9023614e-06
CCCTCCTTCAGGTAAA-1-HCAHeart7844003,6.033471e-06,3.0108936e-06,0.9999107,9.555715e-06,2.624861e-06,4.3109894e-06,8.368189e-06,4.0584296e-06,4.5415753e-05,4.52512e-07,5.520385e-06
GAAATGATCTGGCGTG-1-HCAHeart7844001,0.031837646,0.000732531,0.0009809072,0.3484963,0.001579139,0.012200939,0.0008185148,0.0053790947,0.16112828,0.43669552,0.00015116928
GACTGATCATGCACTA-1-HCAHeart7905328,5.505178e-06,2.536499e-06,0.99986255,1.905394e-05,3.8564435e-06,1.0888025e-05,7.3744745e-06,2.7477304e-06,7.597585e-05,5.230939e-07,9.008052e-06
TGACAACTCGTGGTCG-1-HCAHeart7843999,6.279863e-06,2.7510512e-06,0.99990976,1.0798745e-05,2.581649e-06,6.67328e-06,8.992461e-06,2.0097964e-06,4.0386632e-05,4.6979912e-07,9.209671e-06
ATAGACCTCAGTTGAC-1-HCAHeart7844000,0.0001508031,2.3291077e-05,0.2477427,0.00046940564,0.00016632411,0.0001939899,0.00010317474,0.00010567012,0.75079775,0.00015920663,8.7614804e-05
AGTGAGGGTAATAGCA-1-HCAHeart7844001,3.4184086e-05,1.0793421e-05,9.261203e-06,1.6036028e-06,0.0005554878,1.9609539e-05,0.99935764,1.2736868e-06,4.7928006e-06,3.211333e-06,2.1626672e-06
AAATGCCGTTTGGCGC-1-HCAHeart7844001,0.0001544715,1.2777976e-05,0.81254965,0.00027946927,9.963753e-05,0.0007990551,0.00011847435,5.4368604e-05,0.18570848,8.329284e-05,0.00014037294
GTGCTGGTCGGAACTT-1-HCAHeart7905330,7.021704e-06,2.7694848e-06,0.9998703,1.3395222e-05,3.4388815e-06,5.49298e-06,8.994764e-06,3.387188e-06,7.623874e-05,5.447113e-07,8.569705e-06
GCTTGAATCCTTCAAT-1-HCAHeart7844004,8.360527e-06,2.916251e-06,0.99975866,1.4052349e-05,6.7478004e-06,5.1645613e-05,2.1912741e-05,2.4869576e-06,0.00010979603,9.0081255e-07,2.249078e-05
GACTGCGCAGGTCCAC-1-HCAHeart7844004,6.6304033e-06,2.8729407e-06,0.99984205,1.4970128e-05,3.6278325e-06,7.792396e-06,9.466092e-06,2.798777e-06,9.958832e-05,5.71549e-07,9.767816e-06
TGAAAGATCTGCAGTA-1-HCAHeart7844001,1.5602565e-05,3.852757e-06,0.99980634,8.483306e-06,4.524672e-06,9.785359e-06,2.556658e-05,4.775507e-06,0.00010853405,9.489213e-07,1.157883e-05
TTCTACAAGAAACCGC-1-HCAHeart7880863,2.5528116e-05,1.9604588e-06,0.00010904035,7.50328e-05,2.1421292e-05,7.115863e-05,1.4313079e-05,5.3548505e-05,0.99916315,0.00046011276,4.865537e-06
GTGCATATCTCTTGAT-1-HCAHeart7843999,8.393767e-06,6.344461e-06,0.9998908,6.4504834e-06,4.4363765e-06,6.0244042e-06,1.8031937e-05,3.8062392e-06,4.496072e-05,7.7214366e-07,1.0050154e-05
ATTGGGTAGCTGAAAT-1-HCAHeart7905332,4.903229e-06,3.004255e-06,0.99988735,1.9832813e-05,3.7240416e-06,5.78359e-06,9.67215e-06,3.2971318e-06,5.6779627e-05,6.0931507e-07,5.0225467e-06
GACGCGTTCGCGCCAA-1-HCAHeart7844004,2.5750553e-05,1.8857572e-05,1.7484268e-05,1.4767843e-06,0.0002868303,1.3754797e-05,0.9996227,1.0575199e-06,5.4370335e-06,4.331314e-06,2.3340165e-06
CCTCAGTGTTAGAACA-1-HCAHeart7843999,1.5943662e-05,8.614383e-06,0.9996687,6.562364e-06,1.3962881e-05,1.0508783e-05,0.00013294707,4.1275575e-06,0.00010434737,1.6550628e-06,3.252129e-05
CACCACTGTTATCACG-1-HCAHeart7844000,6.0203696e-05,7.193413e-06,0.9994646,3.78635e-05,1.1210697e-05,2.2821954e-05,1.5539312e-05,0.00022696727,0.0001355502,2.6601417e-06,1.5335458e-05
GTGCTGGGTGTCATTG-1-HCAHeart7905332,8.250775e-06,2.8677732e-06,0.99986804,6.743945e-06,3.94123e-06,4.6649166e-06,9.62062e-06,3.2636883e-06,8.3211635e-05,6.0153883e-07,8.876516e-06
GACGGCTCACAGCCCA-1-HCAHeart7844001,0.00016283413,1.7504883e-05,0.034162182,0.00010840752,0.00040952073,0.00036685824,0.00020101655,0.0004980681,0.95311964,0.010914795,3.9235652e-05
AAAGATGTCGACCAGC-1-HCAHeart7844001,2.1212454e-05,1.2860618e-05,0.9998516,1.634147e-05,4.8242086e-06,1.1062319e-05,1.471102e-05,1.8044253e-05,3.9559356e-05,1.2743699e-06,8.719666e-06
CTCGGGACACCGAATT-1-HCAHeart7844001,1.1542841e-05,4.1951293e-06,0.99984145,1.1464609e-05,4.3503214e-06,8.544428e-06,1.5274027e-05,6.7958345e-06,8.5566644e-05,6.961921e-07,1.0101112e-05
TCACGAACATTGGTAC-1-HCAHeart7880860,2.0609308e-05,1.3072232e-05,0.9994066,1.25300885e-05,1.5529478e-05,3.0070332e-05,0.00026058313,1.0185432e-05,0.00020168263,2.397536e-06,2.6963175e-05
CTAATGGCAAGTAATG-1-HCAHeart7844001,1.3540397e-05,1.2728666e-05,1.0612018e-05,1.1731342e-05,2.649701e-05,1.3067653e-05,7.086739e-06,1.5115262e-05,0.00030578094,0.9995788,5.129572e-06
CTCTAATCATTTCAGG-1-HCAHeart7880862,2.1943638e-06,0.9998425,4.8216075e-06,6.3017633e-06,1.4987806e-05,2.5018979e-05,6.452313e-06,2.729676e-05,2.2707538e-06,7.5033818e-06,6.0630726e-05
TCTCATAAGACACTAA-1-HCAHeart7844003,2.1890846e-05,1.2544532e-05,1.6561753e-05,2.088389e-05,0.998038,4.5061497e-06,0.0018150462,7.4493423e-06,2.8593717e-05,2.4379468e-05,1.008977e-05
CGATTGAAGTGGTAAT-1-HCAHeart7844003,4.514933e-05,2.3338544e-05,1.0976468e-05,3.2195012e-06,0.0012355401,2.5128691e-05,0.99864095,1.9724816e-06,5.2715914e-06,5.088419e-06,3.3004228e-06
TTCTCTCAGGGCATGT-1-HCAHeart7905331,8.056389e-06,3.821921e-06,0.999871,2.7794209e-05,6.12164e-06,9.929337e-06,1.0637882e-05,7.119257e-06,4.594463e-05,1.198316e-06,8.5156225e-06
CGTGCTTCAATTGCTG-1-HCAHeart7905331,7.667151e-06,3.5606022e-06,0.9998789,5.5307537e-06,4.1202597e-06,5.220302e-06,1.3672542e-05,3.1192396e-06,6.7609835e-05,6.133308e-07,9.863142e-06
AGGGATGTCCAATGGT-1-HCAHeart7843999,1.1211396e-05,1.7708724e-05,9.114566e-06,1.0610961e-05,1.8435683e-05,9.210325e-06,5.0647586e-06,9.5058e-06,8.02624e-05,0.9998253,3.6280244e-06
TCAACGACAGTGACAG-1-HCAHeart7844001,6.4287224e-06,1.0440655e-06,4.320494e-05,8.6485725e-06,2.064136e-05,6.092568e-06,4.570204e-06,1.2505263e-05,0.99963295,0.00025837912,5.5549804e-06
GAGTGTTTCATTCCTA-1-HCAHeart7905328,8.985563e-06,3.6951553e-06,0.99985576,5.9591903e-06,3.827129e-06,4.314837e-06,1.6978338e-05,3.3007336e-06,8.761217e-05,7.4674557e-07,8.772308e-06
TGCGCAGTCGTGGACC-1-HCAHeart7880861,0.00019334508,0.18117352,0.00012377815,0.024981031,0.00047964306,0.0013408535,7.3286275e-05,0.0016812329,0.0007447517,0.000116747724,0.7890918
GCAGTTATCTTTAGGG-1-HCAHeart7844000,9.4800045e-05,1.045708e-05,0.10829687,8.5775326e-05,0.000121283134,8.6447246e-05,7.959702e-05,5.856357e-05,0.89086485,0.00026144547,3.9882307e-05
GGAACTTCACGAGAGT-1-HCAHeart7843999,5.9216713e-06,2.976919e-06,0.9999057,1.358625e-05,2.9597556e-06,5.3037343e-06,6.9848243e-06,3.2177734e-06,4.542003e-05,4.735898e-07,7.3794713e-06
GATCGCGGTGAAATCA-1-HCAHeart7843999,1.3088674e-05,3.9173333e-06,0.9998461,6.3543803e-06,3.953649e-06,6.3468888e-06,1.9495892e-05,3.7765794e-06,7.918195e-05,8.127108e-07,1.6870212e-05
CTACCCATCATAACCG-1-HCAHeart7844004,1.8847108e-05,5.0900348e-05,0.9994616,1.3838135e-05,4.2121195e-05,3.307802e-05,0.00025971324,1.1941659e-05,7.4642914e-05,2.348693e-06,3.0902665e-05
TGCGGGTGTTCCATGA-1-HCAHeart7843999,1.1381624e-05,1.3450453e-06,2.9385848e-05,1.1840164e-05,2.6547901e-05,1.4382878e-05,4.5616302e-06,1.1349822e-05,0.99939,0.0004906334,8.507631e-06
ACCTACCTCCTCTAGC-1-HCAHeart7905332,8.6966875e-06,3.2039247e-06,0.99986887,6.4653814e-06,4.015917e-06,4.348027e-06,1.6528567e-05,3.2079515e-06,7.64586e-05,6.4525165e-07,7.4991726e-06
GTGACGCTCGGCATTA-1-HCAHeart7905328,6.841697e-06,2.5604154e-06,0.99989164,1.1122744e-05,2.9131447e-06,5.5375745e-06,9.6146105e-06,2.8235354e-06,5.7465062e-05,4.9810325e-07,9.10888e-06
CTCGAGGGTTACGGAG-1-HCAHeart7880861,8.344595e-05,2.5903406e-05,8.255853e-05,6.609005e-05,0.001553114,4.8347112e-05,0.9980842,3.893306e-06,2.9577965e-05,1.4172876e-05,8.6390855e-06
AGGGAGTAGATGGGTC-1-HCAHeart7844001,3.9666083e-05,4.8741636e-06,0.9997583,1.2677014e-05,4.338947e-06,1.8182742e-05,3.4958626e-05,7.938e-06,0.000100120844,1.222433e-06,1.7764572e-05
CTGCAGGAGAGGTCGT-1-HCAHeart7905328,1.5432865e-05,3.6919603e-06,0.9997851,2.4315103e-05,4.1662674e-06,1.1959853e-05,1.22535175e-05,9.965489e-06,0.00011481037,6.9595575e-07,1.7548506e-05
CGTCACTGTGACAAAT-1-HCAHeart7843999,5.1925126e-06,3.2803216e-06,0.99990094,1.8333769e-05,2.9581558e-06,6.4913033e-06,8.506592e-06,2.6408723e-06,4.2064425e-05,4.7939994e-07,9.216742e-06
AAACGGGTCCACTGGG-1-HCAHeart7843999,1.1226785e-05,1.5232444e-05,9.665595e-06,1.1046322e-05,1.9167926e-05,1.0687498e-05,4.994338e-06,1.0354688e-05,8.835124e-05,0.99981505,4.215424e-06
CGGAACCCAACTGCCG-1-HCAHeart7905331,7.0235787e-06,3.3577787e-06,0.9998741,7.480177e-06,3.946056e-06,3.977563e-06,1.0537106e-05,3.1641089e-06,7.586153e-05,5.9340823e-07,9.931034e-06
GCCTGTTAGTGGAAAG-1-HCAHeart7905332,7.3249844e-06,2.769501e-06,0.9997856,2.6589174e-05,5.2575197e-06,1.0962681e-05,1.130374e-05,3.2571788e-06,0.00013615392,8.2796237e-07,9.986366e-06
AACACGTCAGATCTGT-1-HCAHeart7888927,1.9334255e-05,7.5881876e-06,6.274591e-06,0.999912,1.0233727e-05,4.7297967e-06,2.2128147e-06,1.3688339e-05,7.3672404e-06,3.4391958e-06,1.2973028e-05
TGGCCAGAGGCATGTG-1-HCAHeart7844004,5.5376957e-05,1.5326705e-05,0.9995316,9.52087e-06,1.2926643e-05,8.617137e-06,0.00022520924,8.755241e-06,0.00010614903,2.3587752e-06,2.4253548e-05
GGAGATGGTTCAATCG-1-HCAHeart7905332,1.0401465e-05,4.4357407e-06,0.99987626,6.154641e-06,3.5358098e-06,3.5461567e-06,2.0427751e-05,4.1315934e-06,6.1657476e-05,7.678982e-07,8.599991e-06
GGTGAAGCAACGATCT-1-HCAHeart7844004,1.8427785e-05,7.675824e-06,0.99984884,7.456797e-06,7.861817e-06,1.0511318e-05,3.181638e-05,5.906242e-06,4.45381e-05,1.0250042e-06,1.5809754e-05
TGACGCGAGACCAGAC-1-HCAHeart7905332,0.00016876201,3.3081516e-05,0.30908677,0.00069310365,0.0002723874,0.0004996101,0.00021281636,0.00011539846,0.6881157,0.00073238806,6.9938666e-05
ACTGTCCTCTCTGCTG-1-HCAHeart7880861,1.1374726e-05,0.0068014185,1.3333183e-05,6.610538e-05,4.0339288e-05,8.358487e-05,5.1232855e-06,6.575133e-05,6.383032e-05,1.1654268e-05,0.99283737
AGTGTCATCTCGTATT-1-HCAHeart7844003,5.4134584e-06,1.20695995e-05,6.857299e-06,2.48306e-05,0.99969375,2.1804476e-06,0.0002220099,7.580254e-06,1.0955122e-05,6.7258466e-06,7.6007905e-06
TGGTTAGCAGCCACCA-1-HCAHeart7844001,3.5222165e-05,6.5408717e-06,0.9997967,1.0591267e-05,4.3970163e-06,1.6178456e-05,4.3145923e-05,7.0196534e-06,6.610294e-05,1.0801896e-06,1.2995652e-05
CACCACTTCGGCCGAT-1-HCAHeart7844001,7.0270304e-05,1.9223184e-05,1.2245527e-05,3.2585616e-05,0.99837494,5.3916015e-06,0.0014107452,1.45911545e-05,2.7236843e-05,2.1208454e-05,1.159966e-05
GTCGTAATCCTTTCTC-1-HCAHeart7844003,1.03739e-05,2.722185e-06,0.9999082,1.4733448e-05,2.598694e-06,8.9393825e-06,7.833095e-06,4.606091e-06,3.271696e-05,4.5244877e-07,6.6917833e-06
GGCGTGTGTCGGCACT-1-HCAHeart7844004,4.8301885e-05,1.1134741e-05,0.9997738,1.1577007e-05,5.501357e-06,4.147228e-06,4.130833e-05,1.0918584e-05,7.820701e-05,1.5471511e-06,1.3457859e-05
CGTCTACCATAACCTG-1-HCAHeart7880860,1.8027378e-06,7.30376e-05,5.7800607e-06,9.217847e-06,1.172805e-05,6.3157577e-06,7.79421e-07,4.193746e-06,2.8154043e-05,2.2331521e-06,0.9998568
CACTAAGAGGACTGGT-1-HCAHeart7905327,8.566391e-06,4.5502447e-06,0.9999033,1.0548395e-05,2.8272652e-06,3.2863823e-06,1.0481469e-05,6.239265e-06,4.370445e-05,6.424935e-07,5.790769e-06
TCACAAGCAATGTAAG-1-HCAHeart7844001,2.451384e-05,1.0755168e-05,1.4892663e-05,1.5291007e-06,0.0004512883,1.4311908e-05,0.99946827,1.0145695e-06,6.5626123e-06,4.4659246e-06,2.4068247e-06
ACACTGACACCCATGG-1-HCAHeart7844004,1.9102034e-05,1.3097108e-05,0.99981326,6.6914604e-06,6.3945486e-06,4.5215197e-06,5.1793548e-05,6.00828e-06,6.252597e-05,1.2393525e-06,1.5332558e-05
CACTCCATCTTGCATT-1-HCAHeart7844001,1.0176449e-05,1.4483637e-05,1.0985707e-05,1.0750481e-05,2.395779e-05,1.0270896e-05,5.308391e-06,1.0190948e-05,0.00011163907,0.9997867,5.4544994e-06
CGTTCTGGTCATCCCT-1-HCAHeart7844003,0.00012454962,1.1556848e-05,0.0238252,4.907734e-05,0.00014605164,0.00018864166,0.00012707776,0.0005921588,0.9728618,0.0020417909,3.2091182e-05
GTGCTTCGTACTCGCG-1-HCAHeart7844004,0.0015312552,7.20299e-05,0.00012236922,0.00046220346,0.0002887261,0.00037032,0.00031612604,0.00013433569,0.118562125,0.8780811,5.940373e-05
AATCGACGTACAAGCG-1-HCAHeart7905331,1.1663046e-05,1.3104503e-05,1.3042673e-05,1.0273039e-05,3.3026347e-05,1.1056513e-05,8.489166e-06,1.0498058e-05,0.00065624353,0.9992268,5.8626692e-06
CCAATTTGTACAAACA-1-HCAHeart7905329,7.4426143e-06,2.2846632e-06,0.9998305,2.0444824e-05,4.133347e-06,1.4304484e-05,8.757116e-06,2.8329403e-06,9.5482756e-05,6.8101275e-07,1.3085424e-05
ATCATGGTCTGCTGTC-1-HCAHeart7880862,3.3048566e-06,0.99967647,6.03703e-06,1.982169e-05,1.7484792e-05,4.500655e-05,8.228004e-06,2.9146086e-05,4.1341846e-06,8.251571e-06,0.00018214741
TGATTTCAGCTGTTCA-1-HCAHeart7844002,6.225697e-06,1.2429878e-05,1.0821616e-05,6.7504225e-05,0.9997013,4.1429266e-06,0.00012858704,1.1876111e-05,2.1049535e-05,1.2208169e-05,2.3745257e-05
AACTGGTCACGAAATA-1-HCAHeart7844004,6.533512e-06,3.4062523e-06,0.9999068,1.8713783e-05,3.3518384e-06,8.401229e-06,8.7375865e-06,3.5039873e-06,3.4818804e-05,5.964756e-07,5.28136e-06
CAACTAGAGTGCCAGA-1-HCAHeart7888926,1.9800584e-06,4.2593685e-05,6.8927843e-06,1.4594266e-05,8.944485e-06,6.7927917e-06,9.782576e-07,3.2730939e-06,4.2458512e-05,2.0885523e-06,0.99986947
TACAGTGGTCTGGTCG-1-HCAHeart7844004,6.4319192e-06,2.8525797e-06,0.99991167,1.4647952e-05,2.7354797e-06,8.6615755e-06,9.026089e-06,2.751198e-06,3.553546e-05,5.682624e-07,5.0440244e-06
TGCACCTAGACACTAA-1-HCAHeart7844002,3.302336e-05,1.8451803e-05,6.874266e-06,1.5754969e-06,0.00016555974,2.0107078e-05,0.99974364,1.2801495e-06,3.7344307e-06,4.0222517e-06,1.7312262e-06
GTAGTACCACGTCTCT-1-HCAHeart7905330,1.3880388e-05,7.714563e-06,0.9992823,0.00013556697,6.0848313e-05,3.7179372e-05,2.2192857e-05,1.18001135e-05,0.00039199166,2.507286e-06,3.410811e-05
CCTCAGTGTCCTAGCG-1-HCAHeart7888927,1.5290922e-06,2.4162302e-05,6.1677506e-06,8.259685e-06,7.526233e-06,3.907974e-06,8.2670886e-07,2.9812354e-06,4.8900183e-05,2.1749909e-06,0.99989355
GATCTAGGTTCAGACT-1-HCAHeart7888926,3.7694551e-06,1.3616941e-06,5.0493418e-05,9.211431e-06,2.306846e-05,5.4631428e-06,4.771782e-06,5.4452184e-06,0.99966216,0.00021215729,2.1940341e-05
GAGTTACGTAGTGTGG-1-HCAHeart7905327,6.481755e-06,3.140934e-06,0.9998747,7.4061177e-06,3.7652947e-06,3.893504e-06,1.3741388e-05,2.7753217e-06,7.733745e-05,6.2143806e-07,6.0934717e-06
GATCGCGTCCCGACTT-1-HCAHeart7888926,5.664822e-06,1.6697526e-05,8.316194e-06,4.0136958e-05,0.9996346,3.227312e-06,0.00022198238,1.719521e-05,2.8333647e-05,9.352529e-06,1.4466057e-05
TGGTTCCCAGTCACTA-1-HCAHeart7844004,3.4109475e-05,3.946591e-06,3.949718e-05,2.2007278e-05,3.3429198e-05,2.9534212e-05,1.1004558e-05,2.4421337e-05,0.99408853,0.0057011214,1.2402882e-05
GATCGATTCTCCCTGA-1-HCAHeart7844001,7.6861525e-06,3.1677423e-06,0.9998068,1.8006107e-05,8.424063e-06,4.7212485e-05,2.3050576e-05,2.7486333e-06,6.8403046e-05,6.167918e-07,1.3954971e-05
CAGCTAAAGCACAGGT-1-HCAHeart7843999,6.9743155e-06,3.5210078e-06,0.9999021,8.701954e-06,3.2662344e-06,4.799575e-06,1.4162488e-05,2.7658537e-06,4.4266028e-05,5.2376254e-07,8.990994e-06
GCTGCGAAGTGCGATG-1-HCAHeart7844003,6.014675e-06,1.0530604e-05,1.0513656e-05,4.7676313e-05,0.99964213,3.670923e-06,0.00019732921,1.51479535e-05,4.0582854e-05,1.3627549e-05,1.2748486e-05
AGGTCCGTCCACGAAT-1-HCAHeart7880862,2.5354323e-06,0.9998004,4.883805e-06,1.0240756e-05,1.1686124e-05,2.458671e-05,6.333278e-06,3.2157797e-05,2.5899972e-06,9.482629e-06,9.509649e-05
TGAGAGGCATTAGGCT-1-HCAHeart7844004,5.6118693e-05,7.655648e-06,0.9997812,1.2684416e-05,4.8448137e-06,7.5232774e-06,2.469212e-05,8.625439e-06,5.1185663e-05,1.1783794e-06,4.4396507e-05
CGATGTATCCAAACTG-1-HCAHeart7844003,6.529817e-05,1.8045941e-05,0.9995695,1.0832393e-05,9.112034e-06,1.0955766e-05,0.0001878686,1.13064825e-05,9.1941256e-05,2.3395255e-06,2.270241e-05
GAAATGAGTTCGTTGA-1-HCAHeart7844004,1.5172079e-05,6.45311e-06,0.9998487,5.981091e-06,4.641937e-06,4.6163223e-06,3.260855e-05,4.085703e-06,6.3992746e-05,1.0551032e-06,1.2636251e-05
GTGTGCGGTGGTGTAG-1-HCAHeart7844001,6.473875e-05,1.4526967e-05,0.99966395,1.5897005e-05,7.387283e-06,2.9056384e-05,7.735943e-05,2.118052e-05,9.171393e-05,1.9242782e-06,1.23047375e-05
ACTGCTCCACCTTGTC-1-HCAHeart7844003,2.1502832e-05,2.6413204e-06,0.00016784789,1.9505535e-05,4.4483324e-05,1.79758e-05,1.262047e-05,1.8768398e-05,0.9986896,0.0009991577,5.7194434e-06
TGGAGAGAGCACTCTA-1-HCAHeart7905327,5.5267956e-06,2.8839295e-06,0.99981445,1.7723298e-05,5.1786624e-06,7.261498e-06,1.0827652e-05,3.22732e-06,0.00012425861,7.1148196e-07,7.980156e-06
CGAATGTAGATAGGAG-1-HCAHeart7844003,0.00021743913,2.4591132e-05,2.6412341e-05,1.3335731e-06,0.00014624007,6.9797476e-05,0.9994949,1.5386324e-06,6.8334994e-06,6.446946e-06,4.452418e-06
GTAGTCAAGGTCATCT-1-HCAHeart7880862,4.6912833e-06,0.9991455,7.2283965e-06,2.16143e-05,2.548546e-05,5.7080448e-05,8.9015075e-06,5.2998515e-05,5.165267e-06,1.0439569e-05,0.0006608613
AAGTCTGTCGTCCGTT-1-HCAHeart7844004,1.8494864e-05,8.086183e-06,0.9998363,1.24238995e-05,5.349469e-06,6.3595985e-06,4.1515734e-05,4.9277014e-06,5.718794e-05,1.1082323e-06,8.392909e-06
GGGCCATAGGCATCTT-1-HCAHeart7905328,5.0236067e-06,2.8208142e-06,0.9998925,2.0172267e-05,5.7402535e-06,1.59584e-05,7.155595e-06,3.3802796e-06,3.595135e-05,4.4458605e-07,1.1007259e-05
CGGACTGCAAACCCAT-1-HCAHeart7844004,7.91484e-05,1.0231166e-05,0.065480806,5.5604803e-05,0.00022921425,5.8069956e-05,0.00010666591,7.50875e-05,0.93359905,0.0002804444,2.555786e-05
TGGGAAGAGAGTAAGG-1-HCAHeart7888927,2.0779232e-06,3.3328168e-05,5.869579e-06,1.1493239e-05,9.622892e-06,4.3068258e-06,1.0709981e-06,4.895301e-06,8.7743814e-05,2.6276855e-06,0.99983704
TCTGGAACACCAGTTA-1-HCAHeart7844004,8.512224e-06,3.3915067e-06,0.9998971,7.0246315e-06,3.0722867e-06,6.8807985e-06,1.4155922e-05,2.7929664e-06,4.5359557e-05,5.8072493e-07,1.10619685e-05
CAAGATCCATAAAGGT-1-HCAHeart7844001,0.00015973799,1.950706e-05,0.99930036,2.0032185e-05,8.416697e-06,9.0228124e-05,0.00022177148,1.3319797e-05,0.00011563676,3.0995147e-06,4.7870602e-05
CCACCTAGTAGTACCT-1-HCAHeart7844003,9.520743e-05,4.5729146e-05,1.1544268e-05,1.1060434e-06,0.00013742007,5.2748695e-05,0.99963987,1.6425741e-06,5.4708207e-06,6.4334217e-06,2.7850886e-06
CCGGTAGCAACCGATT-1-HCAHeart7905328,7.882976e-06,3.1926859e-06,0.99979764,6.889247e-06,6.1686114e-06,8.820923e-06,1.924911e-05,2.953625e-06,0.00012805569,8.397528e-07,1.8237974e-05
AACAGGGTCTCACCCA-1-HCAHeart7905328,6.6545986e-06,2.8158406e-06,0.9998387,3.2957912e-05,4.763703e-06,9.357946e-06,9.085692e-06,4.7801223e-06,8.309706e-05,5.8737186e-07,6.9928606e-06
CAGATCAGTCTAAACC-1-HCAHeart7844004,7.333667e-06,3.351487e-06,0.9998983,1.322241e-05,2.7489348e-06,4.826657e-06,1.1785213e-05,2.8185689e-06,4.789002e-05,5.6087976e-07,7.126924e-06
GTAACTGGTTGGTGGA-1-HCAHeart7844001,0.00013305218,1.426514e-05,0.76952285,0.00012335042,0.00012518588,0.00027331768,0.00019339896,5.516687e-05,0.22935618,0.00010288302,0.00010034172
GTGATGTAGTGCTACT-1-HCAHeart7905328,6.2188205e-06,3.5513237e-06,0.9999008,8.158364e-06,3.2748012e-06,5.5856744e-06,1.2715366e-05,2.2254242e-06,4.551138e-05,5.353619e-07,1.1478922e-05
AGCTCCTTCGCCAAAT-1-HCAHeart7844004,0.00015403304,4.4768327e-05,6.071098e-05,4.174925e-05,0.9833534,9.98008e-06,0.016175274,1.285084e-05,9.245452e-05,3.2277538e-05,2.255395e-05
TGTCCACCACTGAGTT-1-HCAHeart7905332,2.1169604e-05,5.2405594e-06,9.976057e-06,0.99989426,2.7569165e-05,6.1007954e-06,2.7068295e-06,1.3944898e-05,4.950007e-06,4.104741e-06,9.987139e-06
TTTACTGTCTATGTGG-1-HCAHeart7844004,5.064696e-06,1.0290363e-05,8.961131e-06,5.1515155e-05,0.9997547,3.4292395e-06,0.00011226766,1.2525837e-05,1.6808355e-05,9.725833e-06,1.4665627e-05
CGTCTACCAAGTTAAG-1-HCAHeart7844004,1.3436251e-05,4.359093e-06,0.9998921,7.230301e-06,3.131585e-06,5.0381136e-06,1.5399759e-05,3.7854402e-06,4.5868546e-05,7.662644e-07,8.780796e-06
TGCGTGGAGTTCGATC-1-HCAHeart7843999,7.4853783e-06,3.336462e-06,0.9998988,1.2687602e-05,2.7349618e-06,5.597709e-06,1.1216841e-05,2.642197e-06,4.4977165e-05,5.237153e-07,9.992309e-06
ATTCCCGGTGTTTACG-1-HCAHeart7905332,5.408357e-06,3.016354e-06,0.9998572,1.6560309e-05,4.098964e-06,5.3831122e-06,1.2914068e-05,2.9562186e-06,8.717524e-05,7.6553636e-07,4.6593977e-06
CCTTACGTCTTTCCTC-1-HCAHeart7888927,1.3711419e-06,2.3104109e-05,8.4111825e-06,1.0164979e-05,7.861093e-06,4.4819017e-06,8.631889e-07,2.4910876e-06,4.909768e-05,1.9127901e-06,0.9998902
GGTGAAGAGGTGATAT-1-HCAHeart7844001,7.317266e-06,1.0771518e-06,4.178549e-05,7.1154154e-06,2.1280888e-05,6.098007e-06,4.2619695e-06,1.5250434e-05,0.9995821,0.00030755455,6.121967e-06
TCCTTTCCAGAAGTTA-1-HCAHeart7905331,5.5296455e-06,4.2670335e-06,0.99974054,2.5792915e-05,1.430804e-05,1.6117321e-05,1.789061e-05,4.390815e-06,0.00016053437,1.7481034e-06,8.953598e-06
ACTTTCACACCCTATC-1-HCAHeart7844000,8.610269e-06,2.8484076e-06,0.9997918,1.5885003e-05,6.1838427e-06,5.478861e-05,1.9339157e-05,2.6035286e-06,7.6570475e-05,7.182703e-07,2.0643716e-05
TATTACCCAGGAACGT-1-HCAHeart7843999,1.5834377e-05,6.639065e-06,0.9996828,6.9016264e-06,1.2097239e-05,1.3334569e-05,8.1667386e-05,7.4853456e-06,0.00015937937,1.6607543e-06,1.2214976e-05
CAGTGCGTCGCTCTCA-1-HCAHeart7905328,9.757978e-05,1.6766304e-05,0.11016203,0.00018205249,0.00021654698,9.4846546e-05,0.00010579172,5.660565e-05,0.888847,0.00016170248,5.9185353e-05
TCTGCCATCTACAGGT-1-HCAHeart7905327,5.7706698e-06,2.8563725e-06,0.99990344,1.2622417e-05,3.039717e-06,4.0859572e-06,9.175852e-06,3.4681502e-06,4.899926e-05,5.173601e-07,5.9777803e-06
TTGGCAAGTGTGCCTG-1-HCAHeart7844001,7.84468e-06,1.1796465e-06,6.363072e-05,3.457606e-05,1.3337762e-05,1.12094995e-05,6.124926e-06,1.6447617e-05,0.9997172,0.00011921412,9.280647e-06
AGCTCTCGTCAATGTC-1-HCAHeart7888926,5.04938e-06,2.76727e-06,4.5345627e-05,1.9329062e-05,1.6043774e-05,5.2052737e-06,7.5558314e-06,1.3448406e-05,0.99938416,0.00012774287,0.0003734744
GACTGCGAGCTCTCGG-1-HCAHeart7844003,1.9710811e-05,2.1505089e-06,2.777738e-05,1.1428474e-05,2.7610882e-05,1.524559e-05,6.032097e-06,1.2173777e-05,0.9983997,0.0014662569,1.1876844e-05
GGATGTTAGAGCCCAA-1-HCAHeart7880861,4.131984e-06,3.291898e-05,3.780498e-05,1.5457652e-05,1.2863883e-05,1.6858341e-05,3.6292276e-06,6.108226e-06,0.0007015252,2.6262123e-05,0.9991425
CATCGGGTCACTCCTG-1-HCAHeart7844001,4.004076e-05,1.323484e-05,5.72522e-06,1.7292269e-06,0.0001357572,3.283348e-05,0.99976116,1.2263997e-06,3.6295603e-06,3.1211546e-06,1.5677307e-06
CATATTCTCTGGAGCC-1-HCAHeart7844001,5.8506022e-05,7.978714e-06,0.00011918133,4.1425148e-05,9.8095275e-05,0.00010144291,3.580326e-05,0.00018864771,0.9764801,0.022852693,1.5961012e-05
CTTCTCTAGGATGTAT-1-HCAHeart7844001,0.00027743194,4.3465607e-05,0.00015341345,0.00042341382,0.00018964874,0.0008028215,9.434606e-05,0.00018978026,0.5663165,0.4314404,6.885944e-05
GTCTCGTGTAAATGTG-1-HCAHeart7843999,1.3427482e-05,1.1672353e-05,1.1869029e-05,1.1217026e-05,2.728553e-05,1.160083e-05,8.752975e-06,1.1833517e-05,0.000642531,0.99924433,5.6886615e-06
CTCGAAATCATCTGTT-1-HCAHeart7844003,0.00037215187,7.607103e-05,5.5396762e-05,3.869889e-05,0.0002527403,5.6643217e-05,0.00013802496,0.00030257163,0.00087090774,0.99782205,1.4787333e-05
GTGCTTCGTGTCCTCT-1-HCAHeart7880862,3.2862637e-05,1.4764007e-05,1.081442e-05,0.9998659,1.25943e-05,8.582269e-06,2.537122e-06,2.8630684e-05,7.1055533e-06,6.235641e-06,9.955569e-06
CTTCTCTAGTTGCAGG-1-HCAHeart7844004,1.565544e-05,9.5104704e-05,0.9994159,2.0788126e-05,3.9037706e-05,2.1254898e-05,0.00025804774,7.86501e-06,0.00010721664,3.927893e-06,1.5269421e-05
CATCAGAGTTAGATGA-1-HCAHeart7844004,3.5330308e-05,3.552475e-05,0.9988813,1.7050734e-05,2.9483228e-05,2.6389607e-05,0.0006784914,1.2368713e-05,0.0002653984,4.903278e-06,1.3738382e-05
TGTGGTACACAGACTT-1-HCAHeart7844001,2.8741571e-05,5.392281e-06,0.000104476036,3.3836954e-05,0.00012380938,3.7775684e-05,3.1294276e-05,0.000107540385,0.98793375,0.011581844,1.1533686e-05
CAAGGGAGTAGTAAGT-1-HCAHeart7905332,2.8124481e-05,3.0638546e-06,8.663119e-06,0.9999106,1.1018475e-05,5.6723657e-06,2.508542e-06,1.0938642e-05,6.2721892e-06,3.5552114e-06,9.62215e-06
CTCGTCACAAACAACA-1-HCAHeart7843999,6.65319e-06,3.0087795e-06,0.9998301,1.1801257e-05,8.063692e-06,2.2322332e-05,1.64168e-05,2.6780501e-06,5.7699464e-05,6.82528e-07,4.0510324e-05
CCACCTAGTACGACCC-1-HCAHeart7844001,5.969545e-05,9.97397e-06,0.99968314,1.117865e-05,5.976668e-06,1.7113018e-05,7.8660516e-05,1.3400648e-05,0.000103198996,1.7540148e-06,1.5964859e-05
CGATTGAAGTGTCCCG-1-HCAHeart7844001,0.000120953206,6.963121e-05,0.00012961123,0.00016736284,0.6971747,6.644143e-05,0.3020339,3.6887588e-05,7.6728866e-05,5.102507e-05,7.271349e-05
ATGCGATTCCGTTGCT-1-HCAHeart7880862,5.231121e-06,0.99885046,7.903383e-06,2.8171045e-05,3.5592086e-05,5.995094e-05,9.909227e-06,5.0141643e-05,7.1220634e-06,1.0046891e-05,0.00093548506
GCGCAACAGGTGATTA-1-HCAHeart7888927,4.6145255e-05,2.9598941e-05,0.00020263638,0.013174414,0.00016826003,9.3593306e-05,7.087333e-05,0.00029638558,0.9854344,0.00033782507,0.00014588727
AGTTGGTAGTTATCGC-1-HCAHeart7844003,6.0885745e-06,4.9121486e-06,0.9998833,1.5725518e-05,6.6587745e-06,1.1927651e-05,1.2790353e-05,3.5159787e-06,4.4117776e-05,8.972173e-07,1.01205305e-05
TGTGTTTAGCACCGTC-1-HCAHeart7844003,7.271296e-05,1.7592309e-05,0.9993143,1.0064928e-05,1.6854246e-05,1.5164215e-05,0.00041397617,1.13741435e-05,9.5751995e-05,2.9233092e-06,2.9544037e-05
TTATGCTAGGAATCGC-1-HCAHeart7880862,5.293403e-06,1.3916439e-06,3.471315e-05,2.8255576e-05,1.2637085e-05,6.9526473e-06,6.053373e-06,8.5649535e-06,0.9997621,0.00011846929,1.5608319e-05
GGGATCCCATGGGTCC-1-HCAHeart7905330,6.237221e-06,3.1187192e-06,0.9998579,2.476479e-05,4.8202983e-06,8.346714e-06,8.957587e-06,4.421629e-06,7.363811e-05,7.8318305e-07,6.987235e-06
GTAACTGTCCTTGGTC-1-HCAHeart7880861,7.39083e-06,1.2003602e-06,3.520931e-05,1.3609084e-05,1.8226934e-05,6.2739637e-06,4.80665e-06,2.9644743e-05,0.99976534,0.000112797294,5.43501e-06
TCATTTGTCGCATGGC-1-HCAHeart7880862,0.00022252058,0.9536035,0.00042642027,0.013284188,0.0003999334,0.005394626,0.00034172426,0.013903677,0.010213402,0.0009561601,0.0012538342
CAGGTGCGTTCCGTCT-1-HCAHeart7888927,2.1693372e-06,3.961175e-05,1.8536073e-05,1.62865e-05,1.0542104e-05,1.07655105e-05,1.6306944e-06,4.7064814e-06,0.00012039134,3.0926412e-06,0.99977225
GCACTCTAGTTACGGG-1-HCAHeart7844004,3.1523254e-05,1.1581659e-05,0.99972266,6.7583187e-06,7.0612373e-06,1.0427654e-05,9.825183e-05,7.2532944e-06,8.020205e-05,1.725115e-06,2.2659791e-05
GTGCAGCTCTTCGGTC-1-HCAHeart7844004,4.7611953e-05,7.3607757e-06,0.00011171213,2.560685e-05,8.204592e-05,4.5481887e-05,2.1792937e-05,2.722515e-05,0.97392005,0.025688546,2.2500077e-05
TAGGGTTCAGGCTCTG-1-HCAHeart7905332,4.940072e-05,4.264239e-06,7.178313e-06,0.9998932,8.729397e-06,4.6909363e-06,2.3996415e-06,1.2431753e-05,7.2314397e-06,3.442419e-06,7.173919e-06
TTCTCCTAGAGGGCTT-1-HCAHeart7843999,5.723326e-06,3.0868787e-06,0.99981457,3.2273743e-05,8.062959e-06,1.5793856e-05,1.0019234e-05,3.836816e-06,9.482678e-05,8.43332e-07,1.0860135e-05
CTACGGGGTTGCAAGG-1-HCAHeart7905330,3.215644e-05,4.779856e-06,0.99965143,3.972078e-05,6.185912e-06,0.00014417867,2.9576955e-05,4.108118e-06,4.5698638e-05,2.707974e-06,3.9622e-05
TATTCCATCGAGTCTA-1-HCAHeart7905328,0.00013431582,1.6693895e-05,0.17516875,0.0002496634,0.0001546309,0.0001701826,0.00010648943,6.538069e-05,0.8235759,0.00030386887,5.42102e-05
GACACGCTCGAACGGA-1-HCAHeart7843999,0.0010037803,5.3555137e-05,0.00016267925,0.00044421369,0.00020473318,0.00075817306,0.0001532448,0.00041229924,0.49596614,0.50079674,4.4457753e-05
GTTTCTACACCAGTTA-1-HCAHeart7888926,1.6700786e-06,3.649226e-05,7.176034e-06,1.0684839e-05,8.215666e-06,5.146398e-06,1.019414e-06,2.8773572e-06,6.4182444e-05,2.4903093e-06,0.9998599
GCTGGGTTCATAGCAC-1-HCAHeart7880863,2.7984847e-06,0.99982244,5.5704645e-06,8.236013e-06,9.71382e-06,2.7657272e-05,8.474557e-06,1.7016677e-05,2.3981288e-06,1.0302303e-05,8.548835e-05
CCATGTCAGCTAAGAT-1-HCAHeart7888927,2.1877224e-06,3.3834687e-05,6.0814073e-06,1.5062512e-05,8.290661e-06,5.175014e-06,9.891958e-07,4.6159357e-06,7.323391e-05,2.687062e-06,0.9998479
TACGGGCTCAGTGTCA-1-HCAHeart7905331,5.8411524e-06,2.5639806e-06,0.9998574,9.984789e-06,3.4566388e-06,5.9030494e-06,1.1838914e-05,2.6284536e-06,9.313973e-05,5.891129e-07,6.559629e-06
CAGAGAGTCACTATTC-1-HCAHeart7844001,4.5075394e-06,9.437947e-06,1.1357692e-05,2.4412026e-05,0.9997702,3.3483677e-06,9.831153e-05,8.904933e-06,3.4693006e-05,1.8004177e-05,1.6805572e-05
GCGCAACAGCAGCGTA-1-HCAHeart7844000,1.7690529e-05,1.3472589e-05,1.1898139e-05,1.2912968e-05,2.7499233e-05,1.4041136e-05,9.27981e-06,1.4870858e-05,0.001250419,0.9986218,6.214587e-06
AAGACCTAGAAGGCCT-1-HCAHeart7888926,4.519649e-06,1.0632992e-06,2.443278e-05,1.2184085e-05,1.1027136e-05,5.204351e-06,4.809338e-06,1.3248031e-05,0.9997894,0.00011312891,2.0951786e-05
GGCCGATTCAGTACGT-1-HCAHeart7888926,2.6977295e-06,3.3990622e-05,7.856679e-06,1.5372454e-05,7.585158e-06,5.7286798e-06,1.4308581e-06,5.4043503e-06,0.00017591883,4.2565684e-06,0.9997397
GACTAACTCACCGTAA-1-HCAHeart7844004,1.4566683e-05,3.3023403e-05,0.9998221,1.9699268e-05,5.722403e-06,1.1277772e-05,4.291172e-05,6.3140446e-06,3.2320495e-05,1.4222197e-06,1.0704894e-05
TGCTGCTTCGCACTCT-1-HCAHeart7880860,1.5079682e-06,5.715562e-05,6.1549836e-06,8.408566e-06,8.714206e-06,6.015277e-06,7.4297986e-07,4.1443805e-06,3.3119035e-05,2.1506753e-06,0.99987185
CACATTTGTCCAGTAT-1-HCAHeart7844004,1.250087e-05,3.4128575e-06,0.99988043,2.0660831e-05,2.4046092e-06,7.761678e-06,7.9662805e-06,4.0644613e-06,5.1281382e-05,5.40301e-07,9.0336525e-06
GAGATGGGTTATAGCC-1-HCAHeart7905329,8.3739715e-06,3.471668e-06,0.9998281,1.5032566e-05,5.562416e-06,6.23691e-06,2.1534985e-05,2.8957893e-06,0.000103019054,1.029076e-06,4.750419e-06
TTGAACGCAAATACAG-1-HCAHeart7888926,3.3532055e-05,0.00017723322,6.76098e-05,3.9928294e-05,0.9846845,9.381808e-06,0.014860396,1.9688692e-05,5.4614768e-05,2.6861688e-05,2.6262145e-05
ACCGTAAAGCCAGTTT-1-HCAHeart7844004,5.607043e-06,1.1090093e-05,9.137586e-06,4.022283e-05,0.9996737,3.036481e-06,0.00021528405,9.962763e-06,1.2352016e-05,7.197011e-06,1.240508e-05
CGATGGCAGGGAGTAA-1-HCAHeart7880861,2.4108285e-06,0.00021787977,9.644712e-06,1.7202563e-05,1.307316e-05,2.2116308e-05,1.7312459e-06,1.1967456e-05,6.1654464e-05,3.5207079e-06,0.9996387
AAATGCCGTCAGAAGC-1-HCAHeart7880862,2.6582065e-06,0.99973994,4.9090377e-06,1.14118075e-05,1.7704037e-05,2.9754594e-05,6.6667217e-06,5.7419205e-05,3.0679803e-06,8.871063e-06,0.00011742979
CCATGTCTCTCTGCTG-1-HCAHeart7844004,7.169555e-05,1.0301896e-05,0.041042324,0.000119812015,0.00012950767,0.0001379912,9.44014e-05,4.3484713e-05,0.95697004,0.0013471053,3.339037e-05
TGAGCCGAGCGTGTCC-1-HCAHeart7844001,0.01578935,6.0127404e-05,0.0005217387,0.00039542795,0.00043318572,5.83328e-05,4.356726e-05,0.982297,0.00026661446,5.0155508e-05,8.456356e-05
CGTAGCGGTCTCTTAT-1-HCAHeart7844001,2.3736322e-05,7.612908e-06,0.9997999,1.7079032e-05,4.766508e-06,1.3672962e-05,1.3359948e-05,2.8883562e-05,7.828473e-05,9.172849e-07,1.1801981e-05
GCTCTGTGTAGATTAG-1-HCAHeart7888927,5.644295e-06,0.00069977803,2.621805e-05,0.00043715633,5.203124e-05,0.000116469724,2.769697e-06,4.7697395e-05,9.1078226e-05,5.6035547e-06,0.99851555
TGTTCCGCACTCCACT-1-HCAHeart7905331,8.420013e-06,2.3000164e-06,0.9998714,1.0593563e-05,2.9393566e-06,6.0742354e-06,9.419136e-06,2.9351856e-06,7.880908e-05,5.690589e-07,6.479743e-06
CACAAACGTTCATGGT-1-HCAHeart7844001,0.000306455,3.0579682e-05,0.00013972074,0.00015968225,0.00014795952,0.00031760515,7.071094e-05,0.00012135295,0.56153965,0.4371107,5.5695604e-05
GTACTTTAGATGGCGT-1-HCAHeart7880862,2.6506764e-06,0.9997756,5.0546537e-06,1.3246761e-05,1.7068098e-05,3.485254e-05,6.636516e-06,4.8891477e-05,3.247491e-06,9.072175e-06,8.384755e-05
GGATTACTCAGGCGAA-1-HCAHeart7844004,3.5510784e-05,1.0968473e-05,0.9996406,7.4936934e-06,1.0971152e-05,1.162068e-05,0.00010583631,7.2789467e-06,0.00014791617,1.8973261e-06,1.9919253e-05
TGGCGTGCAACAAGAT-1-HCAHeart7905329,5.923855e-06,2.364313e-06,0.9998424,1.46062075e-05,6.6493644e-06,3.267901e-05,1.2103117e-05,2.1992198e-06,6.45591e-05,5.3589605e-07,1.5836467e-05
CTATCTAGTGTGCCTG-1-HCAHeart7905331,7.3286888e-06,2.9341254e-06,0.9996618,1.8496115e-05,9.059308e-06,1.2681619e-05,1.38030755e-05,3.4084817e-06,0.00025739567,1.0767026e-06,1.2053478e-05
CAACAGTGTTTGAACC-1-HCAHeart7905332,1.3130464e-05,3.3943224e-06,0.99874604,2.7991895e-05,1.2878082e-05,3.338489e-05,1.8541272e-05,4.5377283e-06,0.0011131965,2.36537e-06,2.45333e-05
CTACATTCACCAACCG-1-HCAHeart7844003,3.7908776e-05,3.0374244e-06,3.1916818e-05,1.2536314e-05,3.9201863e-05,1.841433e-05,8.341235e-06,1.6659045e-05,0.998114,0.0017087713,9.282993e-06
ATCTCTAGTGAATATG-1-HCAHeart7905330,2.0685426e-05,1.3163273e-05,0.99936515,0.00033649887,2.7871938e-05,5.7926525e-05,3.2541502e-05,2.240276e-05,9.730722e-05,1.3280755e-05,1.3276285e-05
TAAGCACTCGAGAATA-1-HCAHeart7905328,1.4816958e-05,9.768115e-06,0.99841,7.126683e-05,0.00032084197,0.00031744834,9.9407174e-05,4.7507124e-06,0.0006043895,7.5184134e-06,0.00013976982
CTCACACGTACGACCC-1-HCAHeart7888926,1.8065391e-06,4.177541e-05,5.818891e-06,1.1168292e-05,8.348749e-06,5.115577e-06,8.342282e-07,4.44706e-06,4.0067574e-05,2.0013317e-06,0.9998785
TGTAGACTCTTCTGGC-1-HCAHeart7905328,1.1369242e-05,1.9357116e-05,1.1123863e-05,1.0838649e-05,3.8584578e-05,1.201112e-05,5.9293498e-06,1.4045315e-05,0.00016361587,0.9997081,4.9352707e-06
GATGATCAGCTGTCCG-1-HCAHeart7905332,8.014274e-06,2.2902605e-06,0.9997634,1.0198548e-05,5.056781e-06,1.0652016e-05,1.3471202e-05,2.561196e-06,0.00017233883,8.170966e-07,1.131735e-05
TTAACTCAGGTTCCTA-1-HCAHeart7844001,2.648907e-05,1.9234174e-05,1.1079385e-05,1.2780778e-06,0.0002115609,1.578126e-05,0.99970335,1.1738864e-06,4.262848e-06,3.9623014e-06,1.7735437e-06
CTCAGAAGTTCCCTTG-1-HCAHeart7844001,7.6446166e-05,7.1197337e-06,0.99965477,1.3881325e-05,6.1434503e-06,3.2600947e-05,6.169369e-05,9.071814e-06,0.000107688815,1.5807551e-06,2.8997212e-05
ACTGCTCCAAGTAGTA-1-HCAHeart7880862,4.8911177e-05,0.99259853,4.5178625e-05,0.006005611,0.00019148386,0.00013120956,2.935425e-05,0.00039346225,2.5465866e-05,0.00012213641,0.00040871793
AACGTTGGTGAGCGAT-1-HCAHeart7844001,0.00022772679,1.3854549e-05,0.14290008,0.00012292815,0.00011740987,0.00017386989,0.00015647552,0.00027448774,0.85573405,0.00022248333,5.657113e-05
CTGTGAACAACATCGT-1-HCAHeart7905332,5.588341e-06,4.1066496e-06,0.9997974,1.6368285e-05,7.1420095e-06,5.233659e-06,1.809963e-05,4.5584707e-06,0.00013604196,8.607989e-07,4.645471e-06
CTGGTCTAGCAATATG-1-HCAHeart7843999,4.883157e-06,1.0737685e-05,9.468712e-06,4.0924555e-05,0.99976593,2.7585181e-06,0.000116790085,8.784756e-06,1.6527165e-05,1.1236173e-05,1.18969765e-05
TTCCGGTGTATAGCTC-1-HCAHeart7905328,9.069694e-06,1.32552295e-05,9.02759e-06,9.62534e-06,2.009578e-05,8.78696e-06,5.3574768e-06,8.6273e-06,0.00014626692,0.9997662,3.7567336e-06
ATAGAGAGTTCAGGTT-1-HCAHeart7905327,1.6994552e-05,1.0260572e-05,0.9992599,7.646729e-05,2.7030066e-05,2.676486e-05,4.0077743e-05,1.4250951e-05,0.00049581076,2.1873213e-05,1.0498947e-05
CGCTGGACAGTGGAGT-1-HCAHeart7844004,7.4460827e-06,2.4652818e-06,0.9998424,2.1837719e-05,3.6293115e-06,1.172381e-05,7.903012e-06,2.8975435e-06,9.1222224e-05,5.729309e-07,8.079356e-06
CCAATCCGTCCTCCAT-1-HCAHeart7844001,4.61632e-05,1.4142578e-05,2.7096256e-05,2.7179747e-05,5.6506848e-05,4.6599238e-05,2.2306953e-05,3.1314354e-05,0.010878216,0.98883444,1.60525e-05
CACCAGGGTGCCTGGT-1-HCAHeart7843999,0.00012561628,3.4808243e-05,0.00017994319,9.0706264e-05,0.00029406382,9.914272e-05,7.208674e-05,0.00014484249,0.38302806,0.61588836,4.2359305e-05
GGTATTGGTCAAAGCG-1-HCAHeart7844003,9.146069e-06,2.7786405e-06,0.9999007,1.4094007e-05,2.4732653e-06,9.218876e-06,6.2473587e-06,3.2181379e-06,4.200817e-05,4.6616955e-07,9.815023e-06
ACATGGTGTCAGCTAT-1-HCAHeart7844001,5.2436604e-05,4.75373e-05,1.0351753e-05,2.7794702e-06,0.00017145685,4.1829913e-05,0.99965847,2.0346463e-06,5.2539845e-06,4.618588e-06,3.3007937e-06
CCTTCAGGTCGAGCAA-1-HCAHeart7905328,0.00012706591,1.8508064e-05,0.4773917,9.132231e-05,0.00024511732,0.00012770893,0.00017641346,6.849424e-05,0.52146506,0.00022370875,6.5034976e-05
AACCGCGGTCTAGTGT-1-HCAHeart7844000,4.320887e-06,1.22660795e-05,7.3582964e-06,3.4833774e-05,0.99979883,3.075869e-06,9.3789924e-05,1.2393565e-05,1.1172568e-05,1.0564517e-05,1.13648875e-05
CACACTCTCATACGGT-1-HCAHeart7844001,1.6302456e-05,4.0827094e-06,0.9998568,1.0542895e-05,4.5186775e-06,1.3901633e-05,1.5511794e-05,6.6633056e-06,6.0310547e-05,6.882316e-07,1.0586936e-05
TGCACGGTCTCTGACC-1-HCAHeart7905332,2.5211455e-05,4.801317e-06,9.512077e-06,0.99991786,8.9534005e-06,4.8923457e-06,2.1747824e-06,8.874622e-06,6.853919e-06,4.1141616e-06,6.872862e-06
CCTCACAAGTGGATAT-1-HCAHeart7905332,8.247124e-06,3.213478e-06,0.9998765,6.3410735e-06,3.5104601e-06,4.6112677e-06,1.16036645e-05,3.1963652e-06,7.46697e-05,5.820086e-07,7.646213e-06
CAAGGCCTCCTCCTAG-1-HCAHeart7844001,1.0534657e-05,4.139599e-06,0.99990666,1.373098e-05,2.4810427e-06,5.785456e-06,9.996028e-06,4.76479e-06,3.3875393e-05,5.0616285e-07,7.3815054e-06
CGTCAGGGTCGAAAGC-1-HCAHeart7844001,5.0989773e-05,8.932336e-06,0.9996357,1.6107779e-05,6.424603e-06,3.890868e-05,9.766131e-05,7.4695263e-06,0.000107480126,1.7107318e-06,2.8428978e-05
CTGCCTAAGAAACGAG-1-HCAHeart7843999,6.159712e-06,2.5547945e-06,0.9999083,9.9331455e-06,2.910297e-06,6.9808934e-06,7.5622243e-06,2.309086e-06,4.0208528e-05,4.4891797e-07,1.2806662e-05
GGAGCAATCTCGCATC-1-HCAHeart7844003,4.343826e-05,8.789187e-06,0.9997582,1.1489868e-05,5.8828623e-06,1.054272e-05,3.416089e-05,9.08302e-06,6.320121e-05,1.2995889e-06,5.4123495e-05
CTGTGAAGTGCGGATA-1-HCAHeart7905327,6.2538475e-06,2.5493273e-06,0.99989367,1.2569726e-05,2.902654e-06,5.1667294e-06,9.361235e-06,2.8014479e-06,5.711202e-05,5.050468e-07,7.12206e-06
TGGGCGTGTCGCGTGT-1-HCAHeart7888926,2.8114043e-06,2.3480588e-05,7.739015e-06,2.4939405e-05,1.14353425e-05,6.2858917e-06,1.558148e-06,6.1473156e-06,0.00015795942,4.0275963e-06,0.99975353
AGATGCTTCCAAGCAT-1-HCAHeart7905331,4.243249e-05,3.9735532e-06,1.2127907e-05,0.99985623,2.6285043e-05,6.566337e-06,3.5321698e-06,3.0073794e-05,6.1996657e-06,5.999102e-06,6.455504e-06
CATCGAAGTAAGAGGA-1-HCAHeart7843999,5.1770903e-06,2.7286449e-06,0.99985516,1.6732647e-05,3.9772794e-06,7.2043886e-06,9.113829e-06,2.8015031e-06,8.892709e-05,5.920968e-07,7.793829e-06
TCCATCGAGCCGAACA-1-HCAHeart7905327,6.4093547e-06,6.6701364e-06,0.9995235,2.282406e-05,1.7510783e-05,0.00022325588,4.2996962e-05,2.7097847e-06,0.00010846837,2.181603e-06,4.3389475e-05
AAGGCAGAGTGACTCT-1-HCAHeart7888926,2.4413812e-06,4.0343442e-05,5.960569e-06,1.9547011e-05,9.021167e-06,5.9332438e-06,1.0592177e-06,4.319298e-06,5.7268273e-05,2.4238152e-06,0.9998516
CCTTCCCTCACCGGGT-1-HCAHeart7844003,2.7674285e-05,8.764237e-06,0.0013130719,4.8908354e-05,4.7665082e-05,3.526922e-05,3.289604e-05,0.00015653629,0.99814737,0.00016792498,1.3902319e-05
CCCATTGGTGTTAACC-1-HCAHeart7905327,6.423251e-06,3.591453e-06,0.9998486,2.4104897e-05,7.4243953e-06,1.2212028e-05,1.1799158e-05,5.0551967e-06,7.0230075e-05,1.321494e-06,9.385467e-06
GGAACTTGTCTTGATG-1-HCAHeart7844003,4.7802464e-06,3.5504806e-06,0.9998398,3.1531246e-05,6.287471e-06,4.1847517e-05,9.67657e-06,2.3805856e-06,4.6963458e-05,5.413772e-07,1.2612432e-05
CGCCAAGTCGGAGGTA-1-HCAHeart7844002,7.0767883e-06,3.4245204e-06,0.99984825,5.0986222e-05,4.66329e-06,1.5920847e-05,6.817452e-06,4.5118095e-06,4.568872e-05,6.562532e-07,1.1910183e-05
AGACTCACAGTCCCGA-1-HCAHeart7905327,4.1533713e-06,9.787964e-06,8.278023e-06,3.0325644e-05,0.99977297,2.1733392e-06,0.00013299518,7.0236656e-06,1.4517304e-05,1.0178619e-05,7.575463e-06
CATTCGCTCAGCTCGG-1-HCAHeart7880861,6.4019005e-06,9.54542e-06,6.174116e-06,4.2729655e-05,0.9997769,2.2139488e-06,0.00011186701,1.7969614e-05,1.2438098e-05,7.50543e-06,6.1702194e-06
AGATAGATCGTAGCTA-1-HCAHeart7905328,8.323882e-06,3.3883439e-06,0.9995983,1.4792213e-05,9.793209e-06,1.1009205e-05,2.1536318e-05,3.1217744e-06,0.0003196985,1.0776461e-06,9.063226e-06
GTCACTCGTTTCCAAG-1-HCAHeart7905328,1.0632592e-05,1.3199403e-05,1.2010036e-05,1.0123162e-05,2.5335155e-05,9.9976405e-06,7.824722e-06,9.024934e-06,0.0003167147,0.9995807,4.345095e-06
GATTGGTGTCCACATA-1-HCAHeart7905331,1.0297771e-05,4.875999e-06,0.9998134,6.027794e-06,7.550712e-06,7.986756e-06,3.5205863e-05,4.122639e-06,9.5969255e-05,9.2407396e-07,1.3733365e-05
GCCTCTATCGGAATCT-1-HCAHeart7844004,4.7036983e-06,8.870958e-06,6.682989e-06,2.86346e-05,0.99976045,2.37313e-06,0.00015315841,9.285723e-06,1.0271871e-05,7.6156716e-06,7.928764e-06
CTCGTCAGTGGAAAGA-1-HCAHeart7843999,6.282845e-06,2.7253577e-06,0.9997875,1.4970368e-05,5.956556e-06,8.825739e-06,9.850115e-06,3.298375e-06,0.0001498959,7.369179e-07,9.846537e-06
TCTGGAATCTTTACGT-1-HCAHeart7844002,3.954572e-06,7.4257564e-06,6.3399e-06,2.9951296e-05,0.9997992,2.3735658e-06,0.00010888669,1.1341569e-05,1.3526861e-05,9.589785e-06,7.3964884e-06
TAGTGGTCAAGCCATT-1-HCAHeart7888927,4.4957583e-06,9.753322e-07,5.1128787e-05,6.801528e-06,1.577563e-05,3.903279e-06,3.4954815e-06,1.0133561e-05,0.99979,0.00010233723,1.09272e-05
AGAGCTTGTCAATGTC-1-HCAHeart7888926,4.075924e-06,0.00014593196,1.1589633e-05,0.00016782687,2.3598832e-05,1.494289e-05,2.146692e-06,1.2050127e-05,0.000100489924,3.916131e-06,0.9995135
AAAGTCCCATCGCCTT-1-HCAHeart7905332,1.47720675e-05,4.234259e-06,0.99811614,1.5298798e-05,1.7650116e-05,1.4088618e-05,3.6955273e-05,5.69634e-06,0.0017596688,4.6033465e-06,1.0959102e-05
GGTGATTTCGCATTAG-1-HCAHeart7905327,6.3225007e-06,3.409533e-06,0.99980897,8.553323e-06,5.487418e-06,5.0218987e-06,1.957175e-05,2.6486043e-06,0.00013132166,8.199596e-07,8.000473e-06
GTAGGCCTCGGAGGTA-1-HCAHeart7880861,1.5946114e-05,2.5798472e-05,0.99983,2.7889158e-05,3.3982753e-06,1.1672135e-05,1.3326235e-05,2.1857284e-05,3.8460916e-05,1.0663961e-06,1.0509766e-05
GTCCACTAGACGGATC-1-HCAHeart7905328,6.8372483e-06,2.5940283e-06,0.9998411,2.4507814e-05,4.263704e-06,9.971941e-06,8.768675e-06,3.1311922e-06,8.72635e-05,6.316366e-07,1.0765369e-05
TTGAACGAGCAATCTC-1-HCAHeart7844004,9.1256115e-06,5.3961394e-06,0.99987006,6.888688e-06,4.6792825e-06,5.9260756e-06,2.636645e-05,3.3004378e-06,5.7802285e-05,7.4238574e-07,9.596431e-06
ATTCTACGTCTCACCT-1-HCAHeart7844000,4.572992e-06,1.0793817e-05,7.532245e-06,3.925249e-05,0.99979085,2.9503644e-06,9.797426e-05,1.1395498e-05,1.345021e-05,9.81549e-06,1.1305105e-05
CTACCCAGTTCTGGTA-1-HCAHeart7844000,8.394189e-06,3.2500172e-06,0.99987614,3.0942825e-05,2.5798663e-06,1.315168e-05,6.139381e-06,3.9785577e-06,4.5625766e-05,4.5329801e-07,9.2584905e-06
GGAATCTGTTTACGTG-1-HCAHeart7905328,1.0805838e-05,4.3236278e-06,0.99988544,1.19417455e-05,4.3631358e-06,9.449347e-06,1.3456076e-05,4.0339555e-06,4.4186963e-05,1.5428047e-06,1.0342271e-05
ATGTCCCCAGCCCACA-1-HCAHeart7905327,7.760416e-06,5.383764e-06,0.9997856,4.7855265e-05,8.96605e-06,2.098258e-05,2.1978316e-05,5.4683474e-06,8.6614455e-05,2.7286553e-06,6.7118035e-06
CCGTTCAGTATCACCA-1-HCAHeart7844001,0.00016832186,5.353889e-05,0.029650966,0.000194269,0.00056703464,0.0004252052,0.0004534365,0.00030698083,0.88492393,0.08320443,5.1829604e-05
CCACGGAAGTTATCGC-1-HCAHeart7888927,1.8459612e-06,4.215592e-05,7.434989e-06,1.5815105e-05,1.0632259e-05,5.4389475e-06,1.0963608e-06,4.7222907e-06,7.7942655e-05,2.2425284e-06,0.9998306
CACGGGTGTAGGCTCC-1-HCAHeart7905332,8.460882e-06,2.970947e-06,0.9998764,5.312757e-06,3.802585e-06,5.3364756e-06,1.2190515e-05,2.692921e-06,7.187341e-05,6.089401e-07,1.023224e-05
CTCGTACAGCGTTTAC-1-HCAHeart7888927,2.5641366e-06,3.6487043e-05,1.18273565e-05,2.0563952e-05,1.363771e-05,7.822394e-06,2.097947e-06,5.7083776e-06,0.0005195842,9.604822e-06,0.99937004
CAGCGACCACTAGTAC-1-HCAHeart7844000,8.9670575e-06,3.0852405e-06,0.999877,1.6322852e-05,2.7190824e-06,1.0529122e-05,7.991523e-06,2.9501657e-06,5.8943304e-05,5.04202e-07,1.0945191e-05
GAGGTGACAGCTGTGC-1-HCAHeart7844002,0.00077677297,1.6082618e-05,0.00041026305,0.003122805,6.6671535e-05,0.00027637088,4.8201888e-05,0.0002072666,0.99243915,0.002617598,1.8666486e-05
TTGCCTGAGGGTATAT-1-HCAHeart7905331,9.93396e-06,3.0656686e-06,0.99986255,3.813702e-05,3.5192436e-06,7.04221e-06,9.684545e-06,5.5768005e-06,4.8699392e-05,6.140518e-07,1.1034412e-05
TCATTGTGTTTGGCTA-1-HCAHeart7905327,8.306994e-06,3.4232642e-06,0.99989045,1.5349586e-05,3.1003808e-06,4.4462395e-06,1.2384965e-05,4.600925e-06,5.2427316e-05,8.432207e-07,4.6130167e-06
CGAATGTTCAAACGGG-1-HCAHeart7844004,7.390025e-05,1.6061365e-05,0.9996655,1.34991e-05,8.367294e-06,1.2135276e-05,0.00010248436,9.004773e-06,7.161504e-05,1.8389657e-06,2.5624706e-05
GTCTCGTTCTTATCTG-1-HCAHeart7880862,3.1016484e-06,0.9998147,6.280787e-06,1.7575e-05,1.7223501e-05,1.916545e-05,6.725634e-06,2.9056942e-05,2.8886452e-06,1.1162169e-05,7.2175375e-05
CATATGGCATCGACGC-1-HCAHeart7843999,5.6649365e-06,3.3336253e-06,0.99991226,8.435926e-06,2.9122268e-06,4.419576e-06,1.1794947e-05,2.4045116e-06,3.8903974e-05,5.042876e-07,9.426037e-06
TCTCTAAGTCATATGC-1-HCAHeart7844003,1.5327818e-05,1.2304836e-05,1.1292963e-05,1.0707381e-05,2.2817698e-05,1.1406102e-05,7.9715255e-06,1.375508e-05,0.00049139006,0.99939835,4.6950045e-06
ACTGAGTCAGCGTAAG-1-HCAHeart7880861,1.1790912e-05,1.5845017e-06,2.820853e-05,1.1542824e-05,2.1072941e-05,7.934039e-06,5.8505616e-06,3.2372034e-05,0.99938905,0.0004821922,8.284684e-06
GCAGCCAAGCCTTTCC-1-HCAHeart7905332,5.6981744e-06,2.5221289e-06,0.9998554,1.5822376e-05,4.1828675e-06,8.187533e-06,9.353543e-06,2.7137312e-06,8.488964e-05,6.674327e-07,1.0541906e-05
TTTACTGGTTCGCGTG-1-HCAHeart7905331,5.887193e-06,3.0808862e-06,0.99986744,2.0932908e-05,4.245654e-06,7.62595e-06,9.349936e-06,5.729636e-06,6.926261e-05,7.761625e-07,5.629279e-06
CACCAGGAGTCATGCT-1-HCAHeart7888927,1.8488832e-06,7.1072755e-05,4.9096775e-06,1.9259984e-05,1.0301352e-05,7.330343e-06,8.460527e-07,5.298223e-06,3.7833386e-05,2.464824e-06,0.9998388
ATGAGGGGTGTGACGA-1-HCAHeart7844001,1.968483e-05,3.9578176e-06,0.9987797,2.1477043e-05,1.0259622e-05,4.1960357e-05,3.5525878e-05,6.6206303e-06,0.001060395,2.8665813e-06,1.7649912e-05
CCAGCGAAGTGAACGC-1-HCAHeart7880861,0.99986887,3.4995462e-06,8.058239e-06,1.2551411e-05,4.147927e-06,6.7900673e-06,3.232028e-05,8.298508e-06,3.8562823e-05,7.807624e-06,9.014975e-06
GTAGATCGTCAGTTTG-1-HCAHeart7905331,6.129801e-06,2.8601694e-06,0.9999081,2.0395368e-05,2.8303166e-06,5.828828e-06,7.0020415e-06,3.9339448e-06,3.631058e-05,4.7182422e-07,6.052635e-06
AGGGAGTAGTTGAGTA-1-HCAHeart7844001,1.673149e-05,4.3239106e-06,0.99971443,1.3983229e-05,5.5425626e-06,1.1409493e-05,1.5957809e-05,5.546899e-06,0.00018661241,9.904928e-07,2.4368841e-05
CAATTTCTCAGTAGGG-1-HCAHeart7905330,0.008654572,9.804795e-05,0.00028606562,0.9635092,0.00012168356,0.0017548536,0.00022913792,0.0018048068,0.0067516644,0.016643913,0.00014614104
CCTCTAGAGAGTGAAG-1-HCAHeart7905331,9.661806e-06,4.679243e-06,0.99977773,3.686914e-05,9.650884e-06,1.3244187e-05,1.45180375e-05,1.0336237e-05,0.0001121228,2.7604349e-06,8.451023e-06
GTCGGGTTCATAACCG-1-HCAHeart7844003,3.152167e-05,6.77217e-05,1.3467573e-05,2.2588296e-05,2.6164575e-05,2.1253683e-05,6.318123e-06,3.9824597e-05,8.2856066e-05,0.9996829,5.3645254e-06
AAAGTCCGTGTCCACG-1-HCAHeart7905328,2.4216968e-05,1.0372132e-05,0.99979883,1.8994888e-05,5.652239e-06,4.7379062e-06,5.1286584e-05,9.069523e-06,6.750927e-05,1.5832688e-06,7.821968e-06
GATCGTATCTGCGACG-1-HCAHeart7844004,1.4178115e-05,4.1515846e-06,0.9998987,7.956146e-06,2.779878e-06,4.3944797e-06,1.2051047e-05,3.8089634e-06,4.3651846e-05,7.7115476e-07,7.627483e-06
CCCTTAGTCGAGAGCA-1-HCAHeart7905331,0.0002733593,0.00017914486,0.03141802,0.00045152786,0.000711104,0.0004492034,0.0007761961,0.00027570667,0.14869599,0.8166681,0.00010162027
AGCGTCGTCTCTTATG-1-HCAHeart7843999,7.873532e-06,2.719072e-06,0.9996662,9.116254e-06,8.437109e-06,1.12248135e-05,1.5619984e-05,3.0293227e-06,0.00025573542,1.1376559e-06,1.9017596e-05
GGAGCAAAGGTGCACA-1-HCAHeart7844004,8.258952e-06,5.739695e-06,0.99982774,9.791413e-06,7.103277e-06,9.721183e-06,2.4447514e-05,3.987238e-06,7.737919e-05,7.818803e-07,2.4975889e-05
ACGGAGATCTCGAGTA-1-HCAHeart7880862,2.6243586e-05,7.757064e-06,0.9993956,6.495368e-05,5.9352515e-06,0.0003403518,7.489711e-05,5.0156596e-06,5.6742283e-05,2.2100337e-06,2.0215017e-05
TAGACCAGTATCCCTC-1-HCAHeart7905331,5.4804264e-06,2.8378602e-06,0.9998596,8.375242e-06,3.939772e-06,4.954889e-06,1.2681806e-05,2.6203875e-06,9.219345e-05,5.811369e-07,6.7346264e-06
GGACGTCGTGTGTGCC-1-HCAHeart7844000,1.1397823e-05,1.3713101e-06,3.6190886e-05,1.0823408e-05,2.2614786e-05,9.754133e-06,5.612899e-06,1.44707155e-05,0.99941695,0.00046616432,4.6249024e-06
ATAAGAGTCTTGCAAG-1-HCAHeart7844004,9.636606e-06,1.2083151e-05,9.7510365e-06,1.0016242e-05,2.018168e-05,8.825978e-06,6.971616e-06,9.981095e-06,0.00024022779,0.9996686,3.7550667e-06
ACGGCCAGTGGCCCTA-1-HCAHeart7844001,1.2346121e-05,3.9920965e-06,0.99989533,1.875425e-05,2.9081227e-06,6.7657747e-06,9.095787e-06,7.507042e-06,3.7489383e-05,6.180866e-07,5.2600976e-06
ACATCAGCAGATGGCA-1-HCAHeart7844004,1.9831214e-05,9.179331e-06,0.99980766,6.8279687e-06,6.6076846e-06,7.959169e-06,5.3260403e-05,5.3139474e-06,5.172292e-05,1.194065e-06,3.0565894e-05
ACATTTCGTAGATTAG-1-HCAHeart7905328,1.0034465e-05,1.4065065e-05,1.1776069e-05,1.0326231e-05,3.3134696e-05,1.054971e-05,7.1069835e-06,1.0019988e-05,0.0003548517,0.9995332,4.90419e-06
GTAATGCCAATTCTTC-1-HCAHeart7905330,1.2613744e-05,4.2547094e-06,0.999326,0.0001003863,1.3707493e-05,3.020958e-05,1.658996e-05,1.0895598e-05,0.0004719545,2.4052592e-06,1.1033435e-05
GCGCCAAAGAGCTATA-1-HCAHeart7844004,6.0866012e-05,2.8363285e-05,0.9991603,1.227103e-05,1.838402e-05,1.7027542e-05,0.00054568605,1.2054937e-05,0.00010683744,3.195212e-06,3.5195448e-05
AAGTCTGAGGATATAC-1-HCAHeart7844001,0.00023256062,1.0700502e-05,0.2834064,0.00012834536,0.00011759999,0.0005595111,0.00019256653,9.9883706e-05,0.71477073,0.00033820528,0.00014352369
AGTGTCACATTACCTT-1-HCAHeart7880861,1.5773481e-06,3.786802e-05,8.40438e-06,7.9012025e-06,7.869889e-06,5.7606167e-06,8.48355e-07,3.6101933e-06,4.1761938e-05,2.1946266e-06,0.9998822
GTTGCTCAGTAGTGCG-1-HCAHeart7905330,1.43119405e-05,5.7822103e-06,0.9996984,0.00014883588,6.4962423e-06,1.3979018e-05,1.5812788e-05,7.366903e-06,7.828775e-05,2.1926544e-06,8.463306e-06
GTCAAGTAGACTAAGT-1-HCAHeart7905327,5.869819e-06,2.526632e-06,0.9998721,1.6667234e-05,3.6185947e-06,6.374916e-06,9.370493e-06,2.808321e-06,7.208776e-05,6.116188e-07,7.992033e-06
GGCGTGTTCCGCAAGC-1-HCAHeart7844004,1.0125277e-05,8.034779e-06,0.99988973,1.9656949e-05,3.3095298e-06,6.886682e-06,1.6629836e-05,4.3184045e-06,3.5103643e-05,8.8422155e-07,5.2284404e-06
ATGTGTGTCCTAGGGC-1-HCAHeart7844004,2.0440451e-05,1.1238106e-05,0.99976534,8.272776e-06,5.2598803e-06,8.21521e-06,5.893408e-05,5.854227e-06,9.2521026e-05,1.489309e-06,2.252807e-05
TACCTATCATGCCTTC-1-HCAHeart7844004,7.312028e-06,3.4896595e-06,0.99991405,9.383531e-06,2.6809964e-06,6.489649e-06,9.705968e-06,2.7238448e-06,3.7138325e-05,6.163164e-07,6.590985e-06
TACTTACCAAGAGTTA-1-HCAHeart7905328,5.5818487e-06,3.1394816e-06,0.9998233,8.331824e-06,5.3661483e-06,6.388627e-06,1.6547576e-05,2.499454e-06,0.00011881836,7.1454474e-07,9.241391e-06
CTCGGGATCATTATCC-1-HCAHeart7844004,4.4402586e-05,1.9777459e-05,3.0429976e-05,2.1069183e-05,8.6056636e-05,2.8388833e-05,2.03793e-05,3.7226808e-05,0.009739078,0.9899601,1.3033413e-05
AGGGATGTCTGTACGA-1-HCAHeart7844004,1.35428345e-05,6.2052472e-06,0.9998654,9.2223045e-06,4.1930944e-06,4.2695e-06,2.5052548e-05,4.2060583e-06,5.3864456e-05,8.000036e-07,1.3391311e-05
GTATTCTTCTAACTCT-1-HCAHeart7844003,2.0607104e-05,6.303546e-06,0.99983156,1.2409133e-05,3.6802355e-06,1.2398155e-05,2.4920239e-05,6.073142e-06,6.032559e-05,8.8722607e-07,2.0808478e-05
AGAGCTTAGCGATTCT-1-HCAHeart7880860,1.6724268e-06,3.948654e-05,5.4173347e-06,9.48761e-06,7.456711e-06,4.9042933e-06,7.396421e-07,4.3077594e-06,3.7773152e-05,2.814591e-06,0.9998859
GGGACCTTCAGAAATG-1-HCAHeart7844001,0.0001869035,2.2769571e-05,0.3888191,0.00012555375,0.00016568306,0.00012159167,0.00023166597,0.00019365085,0.60980004,0.0002851605,4.788009e-05
AACTGGTAGAAGATTC-1-HCAHeart7880862,1.1296898e-05,7.597713e-06,0.9996055,1.9525489e-05,5.6033355e-06,1.0643732e-05,4.6238674e-05,7.21866e-06,0.00027805343,1.8494392e-06,6.5470217e-06
TCTACCGCAACGACAG-1-HCAHeart7905329,7.874806e-06,2.800788e-06,0.9999032,7.610399e-06,3.0158742e-06,4.8225393e-06,9.653604e-06,2.9891273e-06,5.1122195e-05,4.886742e-07,6.459576e-06
ATTACCTGTTGACTAC-1-HCAHeart7905328,5.672007e-06,2.4812082e-06,0.99987984,1.1835805e-05,3.4575207e-06,6.8399067e-06,8.105458e-06,2.4929939e-06,7.133188e-05,5.267624e-07,7.4725476e-06
GGGTATTAGCATTTCG-1-HCAHeart7905330,0.000117148935,7.0856386e-06,1.613483e-05,0.99979347,9.023336e-06,1.086835e-05,3.151525e-06,1.3221491e-05,1.0886794e-05,1.13057595e-05,7.809992e-06
TATCTCATCAACGAAA-1-HCAHeart7844001,2.0040654e-05,6.584417e-06,0.9998374,1.9596999e-05,4.6020327e-06,1.1444059e-05,3.3390308e-05,7.389382e-06,5.151627e-05,1.1389874e-06,6.8604036e-06
AGAGCGATCGTATCAG-1-HCAHeart7844001,7.5002514e-05,8.712047e-06,0.11376255,0.00011792981,0.0001189525,0.0002413959,9.028155e-05,4.7054546e-05,0.8852151,0.00025155552,7.140619e-05
TGAGTCAAGAGATCGC-1-HCAHeart7905331,8.470625e-06,4.2939973e-06,0.99979514,6.2535178e-06,8.434778e-06,6.9403764e-06,3.5833807e-05,2.7779765e-06,0.00011731437,9.3171315e-07,1.3735498e-05
ATCCTATAGTAATACG-1-HCAHeart7905332,1.1963183e-05,1.68061e-06,3.098705e-05,7.980606e-06,3.10774e-05,1.2218522e-05,4.3820455e-06,9.404672e-06,0.9992951,0.0005781165,1.7062384e-05
GTTCATTAGAGTACCG-1-HCAHeart7880862,0.000106745,1.7273504e-05,1.1033176e-05,0.999741,1.2698527e-05,1.0271171e-05,3.2973346e-06,6.1284176e-05,1.2444818e-05,1.05820955e-05,1.3318023e-05
GATCGTAAGGTACTCT-1-HCAHeart7888926,1.5173185e-06,2.385945e-05,6.990557e-06,8.080586e-06,7.5917246e-06,4.1338203e-06,7.656672e-07,2.4569488e-06,2.9301313e-05,1.5819471e-06,0.9999136
CAAGATCCATTGCGGC-1-HCAHeart7844001,4.7373837e-06,7.6285723e-06,9.622437e-06,4.632237e-05,0.9997116,2.5654363e-06,0.00017490602,9.144401e-06,1.4812481e-05,9.089781e-06,9.465208e-06
CATTATCTCCTGTAGA-1-HCAHeart7844004,2.5801733e-05,2.2823215e-05,8.775985e-06,1.039436e-06,0.00022709522,2.036341e-05,0.99968374,1.0450938e-06,4.0233954e-06,3.6948297e-06,1.632769e-06
TGGACGCTCAGTCAGT-1-HCAHeart7844003,1.3267519e-05,2.8878214e-06,0.99987936,1.5051886e-05,2.8960233e-06,1.0826692e-05,7.207518e-06,3.7356183e-06,4.5555087e-05,5.082081e-07,1.888594e-05
TTCCCAGGTTCGTCTC-1-HCAHeart7844004,2.5820556e-05,1.5138874e-05,7.834555e-06,1.8438333e-06,0.00060189515,1.2929679e-05,0.99932027,1.0833064e-06,6.1072215e-06,4.9426053e-06,2.2169256e-06
AGGCCACGTGGACGAT-1-HCAHeart7888927,1.6662066e-06,3.0277017e-05,7.721946e-06,1.1067308e-05,1.0553048e-05,4.683977e-06,1.2175844e-06,3.1500188e-06,0.000105032734,2.784804e-06,0.99982184
AGAGCTTAGTGTCCAT-1-HCAHeart7844004,1.0816813e-05,6.270921e-06,0.99977905,1.3738763e-05,8.538405e-06,2.39758e-05,4.5920602e-05,3.5878725e-06,6.898623e-05,9.429433e-07,3.822344e-05
TCGGATACAAGAGATT-1-HCAHeart7905327,6.6893267e-06,2.7419921e-06,0.9998281,1.5403648e-05,4.7004196e-06,7.03712e-06,1.4987904e-05,2.5279596e-06,0.000108817796,7.566504e-07,8.298494e-06
ATCTGCCGTTAAGGGC-1-HCAHeart7880862,4.282149e-06,1.1220369e-05,0.9998185,6.576947e-05,3.8221356e-06,2.4393445e-05,1.3671182e-05,3.948276e-06,3.668157e-05,9.715269e-07,1.6733247e-05
GGCCGATTCCGTAGTA-1-HCAHeart7880862,2.3140772e-06,0.99982834,4.9870077e-06,1.0471511e-05,1.519075e-05,2.0895173e-05,5.9220883e-06,2.628782e-05,2.57386e-06,8.552339e-06,7.43482e-05
CCTAGCTTCAGTCCCT-1-HCAHeart7880861,2.8493505e-06,3.8774622e-05,8.442895e-06,1.3641998e-05,7.5830153e-06,6.151282e-06,1.5408108e-06,3.5683656e-06,0.00010505654,4.233072e-06,0.99980813
CATATTCCAGGAACGT-1-HCAHeart7844003,0.00015076333,8.0283135e-05,0.0026401146,6.6963374e-05,0.00015626066,0.00010658704,0.00038127357,7.9774676e-05,0.004985345,0.9913134,3.93909e-05
AGAATAGCAACCGCCA-1-HCAHeart7844002,5.844104e-06,1.1091822e-05,8.341042e-06,5.8072168e-05,0.999696,3.0529459e-06,0.00017543853,1.1098392e-05,1.1921631e-05,8.273488e-06,1.0823384e-05
CAGCCGAAGTAAGTAC-1-HCAHeart7844004,1.7178145e-05,9.387413e-06,0.9998242,7.36535e-06,6.8222375e-06,4.107371e-06,4.7096968e-05,5.309896e-06,6.595187e-05,1.1733836e-06,1.1440471e-05
GACTACACAGCTTCGG-1-HCAHeart7844000,6.6931398e-06,1.2733815e-05,1.2788922e-05,8.6217566e-05,0.9996494,5.968538e-06,0.00016356759,1.592948e-05,1.5010828e-05,1.0031135e-05,2.1568641e-05
CCTTCGAAGGGTTCCC-1-HCAHeart7880861,2.3090274e-06,3.41307e-05,1.4383977e-05,2.1328278e-05,8.598932e-06,8.867587e-06,1.888128e-06,3.398073e-06,0.00018314613,4.7839417e-06,0.99971706
CAACTAGAGAGCCTAG-1-HCAHeart7844001,3.309415e-05,6.471717e-06,0.99984884,2.186912e-05,3.4323336e-06,1.2514825e-05,1.8471615e-05,8.046781e-06,3.9226696e-05,1.0400182e-06,6.95219e-06
CCGGTAGCACACCGAC-1-HCAHeart7844001,2.3154826e-05,5.114453e-06,0.99984086,9.073365e-06,3.4816126e-06,8.0830805e-06,2.2319635e-05,6.5744507e-06,7.100529e-05,9.089738e-07,9.362438e-06
TTCCCAGGTCGAAAGC-1-HCAHeart7844004,1.8464609e-05,4.431413e-06,0.99982613,7.4054615e-06,4.487709e-06,1.0691308e-05,1.93396e-05,4.71128e-06,6.9308255e-05,9.786276e-07,3.393927e-05
AACTCTTCACATGTGT-1-HCAHeart7844003,2.7502103e-05,4.1781823e-06,0.99986196,1.3721072e-05,2.8773604e-06,6.2717286e-06,1.0000177e-05,6.4976025e-06,5.7026507e-05,7.849554e-07,9.100663e-06
TGACTTTTCTTCATGT-1-HCAHeart7843999,0.0003663064,1.0261252e-05,6.538358e-05,0.0002462475,3.96028e-05,0.000339307,1.947435e-05,8.371282e-05,0.9905428,0.008262852,2.4233397e-05
CCTATTAGTTTGTTTC-1-HCAHeart7844000,5.858877e-06,9.664323e-07,3.989021e-05,8.177507e-06,1.9583751e-05,5.7297702e-06,3.840499e-06,9.984047e-06,0.99970967,0.00019044586,5.923622e-06
CGCGTTTTCAGCTCGG-1-HCAHeart7844003,3.091053e-05,7.2944017e-06,0.99202126,2.4869e-05,2.5543017e-05,2.559547e-05,7.5474956e-05,1.2267403e-05,0.007738567,1.779064e-05,2.0595548e-05
CCACTACTCATAGCAC-1-HCAHeart7880862,2.8702545e-06,0.99978215,5.707922e-06,1.6089105e-05,1.8037785e-05,2.6135027e-05,6.8124323e-06,2.4042274e-05,3.1403824e-06,9.530179e-06,0.0001055939
GAACTGTGTGAAAGTT-1-HCAHeart7905328,7.7888635e-06,1.1520248e-06,4.5374643e-05,9.183933e-06,2.5889296e-05,6.11951e-06,3.3059036e-06,1.6833366e-05,0.99967754,0.0002005941,6.292677e-06
AGGTCATGTACAGACG-1-HCAHeart7844001,0.00017060262,1.18647995e-05,0.99950767,2.9101644e-05,6.311241e-06,2.5719268e-05,8.333424e-05,2.1267415e-05,0.00012805224,2.3368545e-06,1.3803724e-05
CTAGAGTAGTGGACGT-1-HCAHeart7888927,2.0947643e-06,3.449468e-05,9.346364e-06,1.7701776e-05,7.841599e-06,6.672968e-06,1.1022706e-06,3.1841826e-06,6.066257e-05,2.408122e-06,0.99985445
CGTGTCTGTGCGGTAA-1-HCAHeart7843999,0.00023985328,4.181203e-05,0.00027087875,0.000105892985,0.0004173727,0.00044905956,7.22629e-05,6.302143e-05,0.115772195,0.88245684,0.00011074738
CATGCCTGTGGCTACC-1-HCAHeart7905331,1.2662917e-05,2.609445e-06,0.9997824,3.4021945e-05,3.9133874e-06,1.5154486e-05,8.428309e-06,3.6560086e-06,0.00012756824,8.320045e-07,8.838345e-06
GGACATTAGACGCAAC-1-HCAHeart7844004,1.2111184e-05,5.326627e-06,0.9998859,6.466275e-06,4.789205e-06,5.5321852e-06,1.5768705e-05,5.2542428e-06,4.6304653e-05,6.7588456e-07,1.2036134e-05
CATCGAATCTCAACTT-1-HCAHeart7880861,8.727016e-06,6.9721445e-06,0.9985942,4.0335806e-05,7.910268e-06,1.6949445e-05,2.4666591e-05,8.178735e-06,0.0012786936,2.6887576e-06,1.0669431e-05
GCATACACAAGGTTCT-1-HCAHeart7880860,4.056405e-06,0.00064654945,7.831322e-06,3.4919896e-05,4.3126074e-05,1.9409621e-05,1.5274406e-06,1.8872828e-05,5.7199875e-05,6.162329e-06,0.9991604
CCTAGCTCATTTCACT-1-HCAHeart7844003,7.3234055e-06,4.085971e-06,0.9999095,6.7078486e-06,3.0306699e-06,5.4176226e-06,1.3581743e-05,3.0345104e-06,3.6442252e-05,5.3883736e-07,1.04745395e-05
AAATGCCTCTGATACG-1-HCAHeart7844004,1.5961126e-05,1.4084086e-05,1.005136e-05,1.2149661e-05,1.976059e-05,1.213448e-05,5.879234e-06,1.3266303e-05,0.0001503832,0.9997429,3.4525299e-06
ACTTTCAAGGACAGAA-1-HCAHeart7880862,3.1206891e-06,0.9997799,5.601716e-06,1.9498691e-05,1.633821e-05,2.3078264e-05,5.767228e-06,2.8955214e-05,3.311272e-06,1.1687311e-05,0.00010276671
TCCCACATCGGTGCAC-1-HCAHeart7905328,6.154938e-06,2.8272254e-06,0.99991596,1.108818e-05,2.5356674e-06,4.628046e-06,7.1306736e-06,3.129325e-06,3.7896065e-05,4.405976e-07,8.194834e-06
AGCATCATCATCGCAA-1-HCAHeart7905327,6.128485e-06,2.4548622e-06,0.99976975,1.362951e-05,5.43251e-06,1.01387295e-05,1.1916473e-05,2.8110264e-06,0.00016690127,7.2063665e-07,1.017649e-05
GTCAAGTCAAGAGGCT-1-HCAHeart7844001,4.79904e-06,8.110752e-06,6.6554726e-06,2.3442662e-05,0.9997278,2.1615253e-06,0.00019045749,8.059368e-06,1.2879067e-05,9.081982e-06,6.522749e-06
AAAGTGATCGCTTAAG-1-HCAHeart7905328,6.8429194e-06,3.8441094e-06,0.9998796,2.311074e-05,6.511855e-06,1.539538e-05,1.0251095e-05,5.0951435e-06,3.8079084e-05,1.0147315e-06,1.0081806e-05
CCGTTCATCGTTGTAG-1-HCAHeart7905327,6.389736e-06,3.3963831e-06,0.9998758,9.61301e-06,3.941655e-06,4.203636e-06,1.2649386e-05,3.1681693e-06,7.176529e-05,5.7074686e-07,8.403244e-06
GTACTCCGTTATCGGT-1-HCAHeart7880861,2.5617232e-06,8.702918e-05,6.9107987e-06,1.7420018e-05,9.216845e-06,8.625879e-06,1.2845125e-06,5.0151134e-06,5.5591634e-05,2.9079056e-06,0.9998035
TCTATTGTCACAATGC-1-HCAHeart7888927,4.1269973e-06,1.0986539e-06,4.2273587e-05,1.1710193e-05,1.5835341e-05,4.112272e-06,4.3134933e-06,1.3667643e-05,0.9997999,9.04913e-05,1.2377822e-05
CAGTCCTTCAAAGACA-1-HCAHeart7844004,1.049654e-05,1.1862652e-06,2.5068906e-05,9.259402e-06,1.4454563e-05,1.0664054e-05,3.5237083e-06,8.288131e-06,0.9996599,0.00023900271,1.8101196e-05
CTAACTTGTCGAATCT-1-HCAHeart7843999,4.583433e-06,3.2180062e-06,0.9999027,1.1702923e-05,3.9445213e-06,5.7429675e-06,1.0775512e-05,2.3055106e-06,4.6650097e-05,5.058341e-07,7.935657e-06
TCAGCAAAGATGGGTC-1-HCAHeart7844003,0.009890843,0.00014958154,0.9825462,7.7706674e-05,0.00013950738,0.00011575169,0.006563023,9.167713e-05,0.00023568819,4.3719134e-05,0.00014632886
CACCACTCAACCGCCA-1-HCAHeart7843999,5.230475e-06,9.098756e-06,6.6940856e-06,2.2329114e-05,0.9997801,1.72607e-06,0.00014105263,6.444789e-06,1.3661469e-05,8.059775e-06,5.7178427e-06
AAGGCAGCAAGACACG-1-HCAHeart7880862,0.00021076489,0.00011453266,0.9971813,0.0011467125,1.5582584e-05,0.00086913625,0.00026954673,1.6433472e-05,9.5477386e-05,1.844429e-05,6.199278e-05
GACCAATCACCAGTTA-1-HCAHeart7844004,1.5291316e-05,1.1694165e-05,1.2386333e-05,1.1006792e-05,2.8172068e-05,1.2872528e-05,9.603628e-06,1.36377585e-05,0.0009004132,0.9989791,5.8400583e-06
CAAGGCCTCCAGTATG-1-HCAHeart7844000,1.278337e-05,3.316084e-06,0.9998932,1.0196467e-05,2.5701781e-06,4.9977825e-06,9.799761e-06,4.124478e-06,4.8747585e-05,5.5585963e-07,9.532946e-06
TGCACCTGTCCAGTGC-1-HCAHeart7844001,5.341411e-05,2.5725292e-05,7.305534e-06,2.320502e-06,0.00013261133,3.2125565e-05,0.9997341,1.4341534e-06,4.519321e-06,4.104107e-06,2.2952877e-06
CGACTTCAGAGGTAGA-1-HCAHeart7880860,1.7019117e-06,5.6713e-05,5.354529e-06,1.0486199e-05,1.0298698e-05,6.0454126e-06,7.706548e-07,6.024515e-06,3.4928737e-05,3.356366e-06,0.99986434
CGAGCCAAGACATAAC-1-HCAHeart7844004,7.2597204e-06,3.0602787e-06,0.99989104,3.0307656e-05,4.547026e-06,1.5200224e-05,8.595263e-06,4.3506407e-06,2.7051627e-05,5.645877e-07,8.07783e-06
AGGCCACCACGCGTCA-1-HCAHeart7905328,5.1359693e-06,2.0857835e-06,0.99990284,9.812575e-06,3.843227e-06,1.1459169e-05,1.2953549e-05,2.0020616e-06,3.9172926e-05,5.5925744e-07,1.017998e-05
CTACACCGTGCAACTT-1-HCAHeart7888927,1.8882739e-06,6.0832426e-05,7.715197e-06,1.7088712e-05,8.825799e-06,7.438131e-06,1.0104629e-06,4.66824e-06,5.4040916e-05,2.1726999e-06,0.9998344
TTACTGTTCCAACTAG-1-HCAHeart7905332,9.435973e-06,1.3013053e-05,1.0308003e-05,9.656803e-06,2.6612073e-05,9.016466e-06,6.034745e-06,9.25388e-06,0.00026243768,0.9996394,4.8489615e-06
AGGGTGACACGTCATA-1-HCAHeart7905328,6.6258176e-06,2.5592622e-06,0.99985695,1.1165102e-05,3.8124676e-06,7.5986604e-06,1.0314269e-05,2.6456514e-06,8.371862e-05,6.3452535e-07,1.3834211e-05
CGTCACTGTCACCCAG-1-HCAHeart7888926,1.4446944e-06,1.824076e-05,1.4576876e-05,6.5048926e-06,7.9924075e-06,4.4596077e-06,9.732169e-07,2.3952423e-06,3.695782e-05,1.8963256e-06,0.99990463
AGGGCCTTCCGCAACG-1-HCAHeart7905328,1.4905582e-05,5.7853094e-06,0.99977356,5.443881e-05,9.319228e-06,2.8389872e-05,1.7290382e-05,9.560383e-06,7.022749e-05,5.649649e-06,1.0991936e-05
CGTAGGCTCTCCCTGA-1-HCAHeart7888927,1.8984947e-05,8.824316e-06,1.052846e-05,0.99984276,1.4198349e-05,8.769601e-06,3.9463202e-06,4.649252e-05,1.3358354e-05,2.8874265e-06,2.9238387e-05
TGCCCTATCCAAACTG-1-HCAHeart7888926,2.1406584e-06,3.3084525e-05,5.2838454e-06,9.11326e-06,7.883116e-06,4.702288e-06,7.6857975e-07,4.748973e-06,3.4386885e-05,2.461039e-06,0.9998956
CAAGAAATCGGCATCG-1-HCAHeart7880861,2.0695255e-05,4.8021893e-06,6.996286e-06,0.9999212,6.4712167e-06,4.7674685e-06,2.3249636e-06,1.1624918e-05,7.412829e-06,2.9738014e-06,1.0637279e-05
CTGAAGTCATGTCTCC-1-HCAHeart7844001,3.116848e-05,7.4620098e-06,1.2665206e-05,2.3827897e-06,0.000774248,3.2172018e-05,0.9991252,1.6964096e-06,6.512809e-06,4.53179e-06,1.992202e-06
TTGCATTAGGGAGGGT-1-HCAHeart7905328,5.590656e-06,2.5514246e-06,0.9999064,7.770212e-06,2.9920402e-06,5.2670985e-06,8.73775e-06,2.209024e-06,4.8879134e-05,4.9240793e-07,9.058008e-06
CAGCCGAAGCCAGTAG-1-HCAHeart7843999,5.7704233e-06,3.8874837e-06,0.99990845,8.230431e-06,3.0470117e-06,3.612337e-06,1.1055849e-05,2.9467435e-06,4.5949288e-05,5.3584256e-07,6.4950364e-06
ACTTTCACAAGCCTAT-1-HCAHeart7844004,7.662223e-06,3.410997e-06,0.9999025,8.425826e-06,3.557784e-06,4.366457e-06,1.0589479e-05,3.4619013e-06,4.859741e-05,5.2482875e-07,6.742184e-06
AGTGTTGAGATGCTGG-1-HCAHeart7905327,9.201787e-06,2.9584753e-06,0.9998678,1.6065904e-05,3.0271985e-06,4.5898514e-06,1.0254533e-05,3.7267541e-06,7.4891555e-05,6.651065e-07,6.7654782e-06
GTGCGTGGTATCGATC-1-HCAHeart7905332,8.955152e-06,3.8012097e-06,0.9999151,1.0977766e-05,2.4133471e-06,4.080565e-06,1.0699551e-05,4.4592884e-06,3.2974265e-05,5.31842e-07,6.021874e-06
TCATTACTCGCCACTT-1-HCAHeart7905327,8.153458e-06,3.0170359e-06,0.99989057,6.077104e-06,3.325329e-06,4.305315e-06,1.2121583e-05,2.9686296e-06,5.838364e-05,5.568397e-07,1.0546178e-05
ACGATACAGACAGACC-1-HCAHeart7844004,9.41566e-05,2.417722e-05,3.8816124e-05,1.740778e-06,0.00016215208,4.285995e-05,0.9996191,1.7832562e-06,6.4765272e-06,5.169253e-06,3.5618912e-06
CTCGTCATCCTCAACC-1-HCAHeart7844004,3.528395e-05,2.321358e-05,0.99972874,2.2707349e-05,4.6908085e-06,1.5138666e-05,9.169442e-05,9.345475e-06,5.7616584e-05,1.93085e-06,9.624208e-06
CTCGGAGAGAAGGTTT-1-HCAHeart7880861,3.392163e-05,4.918045e-06,7.1406675e-06,0.99989367,6.629114e-06,6.620282e-06,2.6988707e-06,1.9486894e-05,1.11782965e-05,3.1740356e-06,1.05285135e-05
GTGAAGGCAAGAGTCG-1-HCAHeart7844001,1.2896293e-05,3.5891787e-06,0.9997521,1.0677942e-05,5.2225178e-06,1.482279e-05,2.3921002e-05,4.417296e-06,0.00015836916,1.0075008e-06,1.2822478e-05
TTTCATGTCGTTCTCG-1-HCAHeart7905327,6.175432e-06,3.2408386e-06,0.99974686,2.2941058e-05,7.676037e-06,9.920191e-06,1.49356065e-05,3.500608e-06,0.00017581343,8.254288e-07,8.363858e-06
TCTGGAATCGTTACAG-1-HCAHeart7843999,7.523928e-06,4.2539677e-06,0.99989915,6.16845e-06,3.5162257e-06,4.2584734e-06,1.5416868e-05,3.4049533e-06,4.5874687e-05,5.772679e-07,9.819221e-06
GTCATTTCACCCTATC-1-HCAHeart7844000,9.030422e-06,3.1352508e-06,0.9999062,1.8460241e-05,2.3227658e-06,8.950471e-06,6.1132214e-06,5.1779916e-06,3.4042645e-05,5.149034e-07,6.196641e-06
TCACAAGAGTGTACCT-1-HCAHeart7844001,7.5801094e-05,2.2330882e-05,0.00023983176,3.6372505e-05,0.000116057825,0.00011045078,5.8714257e-05,8.18899e-05,0.036294397,0.96294093,2.3275983e-05
TCAACGATCAAGGCTT-1-HCAHeart7843999,6.791071e-06,5.0306026e-06,0.99989843,1.4749007e-05,4.4818657e-06,9.041184e-06,1.0599873e-05,4.280082e-06,3.7306607e-05,9.514754e-07,8.2390425e-06
ACGGTCGGTACTCCGG-1-HCAHeart7905329,3.5260261e-06,8.33234e-06,7.370178e-06,1.886571e-05,0.99982053,1.8995725e-06,9.962815e-05,6.745406e-06,1.5621263e-05,1.2482549e-05,5.005442e-06
CAGCATAAGAAGGTTT-1-HCAHeart7844001,1.6228929e-05,9.240309e-06,0.999833,1.2562565e-05,4.7666795e-06,9.156192e-06,3.652e-05,6.1076403e-06,6.294577e-05,1.6426548e-06,7.917249e-06
GAACCTACATCGACGC-1-HCAHeart7843999,6.515126e-06,2.5123463e-06,0.9998945,1.1408349e-05,2.836125e-06,5.8026035e-06,8.523566e-06,2.5819468e-06,5.704501e-05,4.9099765e-07,7.6215324e-06
CAAGATCAGATAGTCA-1-HCAHeart7844004,6.6880084e-06,4.2835472e-06,0.99991524,9.783877e-06,2.9044415e-06,8.393404e-06,1.2948559e-05,2.1768494e-06,2.9660472e-05,5.5484657e-07,7.42203e-06
CAGTAACTCTACGAGT-1-HCAHeart7843999,1.01482565e-05,2.9117057e-06,0.99985635,9.292354e-06,3.6156193e-06,5.6672566e-06,1.6268837e-05,2.877715e-06,8.494438e-05,7.2186026e-07,7.248483e-06
ACACCAACAGTTTACG-1-HCAHeart7880862,0.0002837294,0.0015499709,0.00081946707,0.0026706962,0.023996744,0.00029785305,0.96995586,4.6467714e-05,0.00022748888,6.1036924e-05,9.0613525e-05
CCTCCTCTCTGGTGGC-1-HCAHeart7905332,1.0564307e-05,2.3976036e-06,0.9998505,1.6514321e-05,4.2183483e-06,3.2197277e-05,1.3406829e-05,2.9467724e-06,4.6253095e-05,1.2224443e-06,1.978925e-05
ATTGGACGTACAAGTA-1-HCAHeart7888926,1.9716135e-05,8.062423e-06,9.006188e-06,0.9998683,1.21753465e-05,8.397886e-06,3.3497631e-06,2.2245424e-05,1.3685378e-05,2.8562474e-06,3.2226726e-05
AAGGAGCGTAGCTGCC-1-HCAHeart7880862,1.689532e-05,4.880119e-06,0.9998646,1.3166548e-05,2.946884e-06,6.4887026e-06,2.4065454e-05,6.599741e-06,5.2873183e-05,9.789079e-07,6.6351704e-06
CTCAGGGAGAGACAAG-1-HCAHeart7905327,9.809436e-06,2.6545824e-06,0.99987864,1.4165925e-05,3.0251013e-06,5.6901285e-06,8.435666e-06,3.302018e-06,6.305493e-05,5.683482e-07,1.0641799e-05
GACGCGTGTACCAGTT-1-HCAHeart7880861,2.0769548e-06,3.1789263e-05,1.2688987e-05,1.1217369e-05,8.833648e-06,6.9409e-06,1.379412e-06,3.3789781e-06,6.861204e-05,2.545595e-06,0.99985063
AGGGTGACAGCCACCA-1-HCAHeart7880861,4.046423e-05,0.00040256826,0.00021296783,0.000681669,4.9818962e-05,0.997869,0.0002938953,0.00018918011,9.2721915e-05,1.4460227e-05,0.00015319747
CGACCTTCATGCAACT-1-HCAHeart7844004,0.0002158902,5.121943e-05,0.022253588,0.00042393513,0.00039052873,0.00061151537,0.00035440264,0.00026422428,0.85074407,0.12463766,5.2907184e-05
CGGAGCTCAGCATACT-1-HCAHeart7843999,1.4235701e-05,1.6400113e-06,0.00010216456,1.3894677e-05,2.4973308e-05,1.4714187e-05,5.0150184e-06,8.9918485e-06,0.9994671,0.00033794125,9.4884035e-06
GAGTTGTAGTATTCCG-1-HCAHeart7905327,8.018211e-06,2.4293843e-06,0.99982446,1.6458609e-05,3.9432953e-06,8.2434e-06,9.064394e-06,3.0135523e-06,0.00011412996,6.421696e-07,9.680131e-06
CAACCAAGTAAACGCG-1-HCAHeart7844001,0.00059856346,2.6520025e-05,0.0001975476,0.00070891273,0.00019512884,0.0006815815,0.00012747725,0.0013417348,0.80511695,0.19096701,3.856353e-05
CAAGATCGTTGAGTTC-1-HCAHeart7880861,3.155691e-05,4.394745e-06,1.25256365e-05,0.9998808,8.227504e-06,7.699333e-06,3.0306146e-06,2.242071e-05,1.2371801e-05,2.504284e-06,1.4465425e-05
CTTTGCGAGCAATATG-1-HCAHeart7844001,0.00034723605,3.8477865e-05,4.454236e-05,1.4633765e-06,0.00014510403,0.000115643335,0.99928385,2.0314994e-06,8.283686e-06,7.940743e-06,5.462664e-06
GACGTTATCGCAGTTA-1-HCAHeart7905327,6.1510673e-06,2.7783237e-06,0.9998629,1.2613842e-05,3.9178667e-06,6.0642515e-06,1.3452642e-05,2.847635e-06,8.060308e-05,5.8911166e-07,7.927951e-06
CGGAGTCGTATAGGGC-1-HCAHeart7888927,5.1543198e-06,0.00018079497,1.4261994e-05,7.199755e-05,1.7312977e-05,1.3530945e-05,2.5205914e-06,7.5896583e-06,0.0001335538,4.28199e-06,0.999549
TCCACACTCATGTAGC-1-HCAHeart7888926,1.9169233e-06,4.5257882e-05,7.327772e-06,9.8239125e-06,7.959761e-06,6.246925e-06,8.790479e-07,3.5231635e-06,3.1493808e-05,1.9130828e-06,0.9998838
TGGCGCACAAACAACA-1-HCAHeart7888926,4.8103334e-06,1.5213752e-06,4.9103262e-05,1.1597376e-05,2.6955708e-05,7.839817e-06,5.5342734e-06,9.634673e-06,0.9995548,0.0003216902,6.5140375e-06
AATCGTGAGTACTGTC-1-HCAHeart7905332,7.831532e-06,2.6897692e-06,0.9996742,2.0435627e-05,1.1269987e-05,2.6674034e-05,1.3477041e-05,2.8298055e-06,0.00021308022,9.712682e-07,2.6588114e-05
GATTCAGGTACAGTGG-1-HCAHeart7844004,9.240466e-06,1.2794459e-06,8.163861e-05,8.855641e-06,3.2156757e-05,8.207463e-06,5.1427946e-06,2.0078518e-05,0.9995869,0.00024188559,4.533422e-06
TGGTTAGGTTGCGCAC-1-HCAHeart7843999,5.95092e-06,2.542781e-06,0.999907,1.2273737e-05,3.3429549e-06,1.2453368e-05,1.1020126e-05,2.519264e-06,2.9764675e-05,4.907487e-07,1.2768547e-05
CTGAAGTAGATCCTGT-1-HCAHeart7844001,1.6221898e-05,4.454259e-06,0.99987185,1.2531295e-05,3.0517128e-06,8.2768065e-06,1.4702187e-05,4.6951864e-06,4.9194972e-05,6.379357e-07,1.4408282e-05
TCTGAGATCGCATGAT-1-HCAHeart7844004,7.667409e-05,3.7124264e-05,0.9988751,1.1971962e-05,2.3570537e-05,1.4552705e-05,0.00079949904,1.6121961e-05,0.00011338507,4.038759e-06,2.7982833e-05
CTTCCGACAATCACGT-1-HCAHeart7905330,2.44989e-05,3.1170155e-06,0.9992374,5.7545552e-05,8.637149e-06,0.0002666702,1.9735158e-05,4.4959565e-06,0.00029701134,3.1196207e-06,7.766994e-05
ACCAACAGTATCACGT-1-HCAHeart7905332,6.1624432e-06,2.944911e-06,0.9998777,6.4333444e-06,4.0930554e-06,5.225102e-06,1.1804633e-05,2.5791176e-06,7.462572e-05,5.576786e-07,7.854377e-06
GCGTGCATCTACACAG-1-HCAHeart7905327,1.209267e-05,3.6795889e-06,0.9988097,1.1500301e-05,1.339111e-05,1.3484662e-05,2.255075e-05,5.319869e-06,0.0010876077,3.1732081e-06,1.7510598e-05
TAGTGGTCATTAGGCT-1-HCAHeart7844001,1.5592917e-05,1.2935036e-05,1.2859074e-05,1.2731521e-05,2.9161787e-05,1.94482e-05,9.8653845e-06,2.0224703e-05,0.0005681654,0.999292,6.8938903e-06
ATGGGAGAGTGGGTTG-1-HCAHeart7843999,2.7168173e-05,1.2006237e-05,8.91385e-06,1.6109885e-06,0.0003671,1.653732e-05,0.99955624,1.0888764e-06,4.12185e-06,3.2997134e-06,1.865222e-06
TGCACCTTCCCTTGCA-1-HCAHeart7844004,5.2748273e-06,2.1062026e-06,0.99981254,1.365467e-05,4.490469e-06,1.3992819e-05,1.1633913e-05,2.4680332e-06,0.000121623736,7.4991044e-07,1.1352531e-05
TCATTGTTCTGTGCGG-1-HCAHeart7905327,5.920559e-06,3.4096026e-06,0.9999076,1.9899524e-05,3.272095e-06,6.363692e-06,8.345482e-06,3.4263542e-06,3.476846e-05,5.8795257e-07,6.3809757e-06
GGTGCGTTCTTACCGC-1-HCAHeart7844004,1.1095873e-05,8.1740345e-06,0.99984944,6.447068e-06,5.2348055e-06,6.7664896e-06,4.1272273e-05,3.577311e-06,5.4402353e-05,1.063136e-06,1.2507864e-05
TACTTACCACATCCAA-1-HCAHeart7844001,2.3907292e-05,3.875335e-06,0.99980444,1.0139884e-05,3.8007959e-06,1.3051246e-05,2.2115819e-05,5.8563655e-06,9.887284e-05,1.0463549e-06,1.2920679e-05
CGTGAATTCCATTTCA-1-HCAHeart7905331,8.0269465e-06,3.8863595e-06,0.99985003,6.87467e-06,4.8613706e-06,7.740884e-06,2.0134337e-05,3.4102616e-06,8.114703e-05,6.927951e-07,1.2958376e-05
TGAGGAGTCAGTGTGT-1-HCAHeart7905328,7.600899e-06,2.4855253e-06,0.99987686,1.14119675e-05,3.0733145e-06,8.127036e-06,1.01102205e-05,2.7420367e-06,6.768356e-05,4.975793e-07,9.287309e-06
CAACCTCGTCATACTG-1-HCAHeart7844004,4.6530164e-05,2.9565375e-05,9.948384e-05,2.9624405e-06,0.0022749407,1.9070354e-05,0.9974957,2.8258314e-06,1.48762465e-05,7.5791327e-06,6.340543e-06
CTACATTCACCTGGTG-1-HCAHeart7888926,1.6265603e-05,2.56699e-05,0.0003669027,0.00027835421,4.931665e-05,2.3648106e-05,2.9833118e-05,4.203266e-05,0.991273,0.00016356893,0.007731417
CTATAGGAGGGCAGTT-1-HCAHeart7905331,7.733778e-06,3.086599e-06,0.99986804,8.900725e-06,4.027781e-06,4.295892e-06,1.600315e-05,4.558171e-06,7.7633405e-05,7.6601793e-07,4.874247e-06
GGTGTTAGTGTGACCC-1-HCAHeart7844002,7.831012e-06,2.3084233e-06,0.99990547,9.17293e-06,2.9158282e-06,8.457852e-06,7.4970444e-06,2.8322152e-06,4.100028e-05,4.314609e-07,1.2000003e-05
GAAACTCCACGGCGTT-1-HCAHeart7844004,5.7758616e-06,3.0074996e-06,0.9999044,7.1696227e-06,3.5407886e-06,5.415813e-06,1.0278367e-05,2.4185006e-06,4.7802565e-05,4.6811545e-07,9.814265e-06
AGAACAAGTCTTACTT-1-HCAHeart7905331,1.068637e-05,3.580523e-06,0.99988866,6.033188e-06,3.177536e-06,3.8940893e-06,1.2954379e-05,3.9279225e-06,5.4749933e-05,6.079425e-07,1.1542352e-05
CGAGAAGTCGTTGCCT-1-HCAHeart7844003,1.4874959e-05,3.4049751e-06,0.99990654,1.1701238e-05,2.3778541e-06,6.707605e-06,9.1759675e-06,4.6577616e-06,3.2401804e-05,6.956666e-07,7.4655673e-06
ACGGGTCAGGCAAAGA-1-HCAHeart7880860,1.2997592e-05,3.3140207e-06,0.99976856,1.9511046e-05,3.2986081e-06,5.873797e-06,1.2213648e-05,9.934901e-06,0.0001559175,7.6859055e-07,7.6243014e-06
CTAGAGTAGCTGTCTA-1-HCAHeart7844004,0.02563106,0.00025685522,0.13367507,0.0014539313,0.00056420866,0.0055717216,0.0018534425,0.0010642349,0.63879466,0.19093753,0.00019736057
GACCAATTCTGCTGCT-1-HCAHeart7844003,2.153463e-05,1.205617e-05,0.9835143,7.389943e-05,5.8329777e-05,6.992107e-05,7.015612e-05,1.219989e-05,0.016131971,1.8849987e-05,1.6910495e-05
AATCGGTAGAGTCTGG-1-HCAHeart7844001,0.00044003298,1.8484412e-05,0.99864453,1.7194994e-05,1.8833854e-05,2.3428072e-05,0.00022116987,4.1621275e-05,0.0005456351,7.03606e-06,2.1969841e-05
CCGTTCATCAGTGCAT-1-HCAHeart7843999,5.256162e-06,2.696344e-06,0.99987733,1.1216942e-05,3.604042e-06,5.95633e-06,1.0622013e-05,2.4172339e-06,7.1372466e-05,5.4840916e-07,9.000062e-06
CTACGTCTCTTGCAAG-1-HCAHeart7844003,1.6559681e-05,4.847531e-06,0.99897003,1.6763495e-05,7.900832e-06,1.5296415e-05,2.6713316e-05,7.4558297e-06,0.00091888185,2.4128856e-06,1.3272187e-05
GAGTTTGCAAGGCAAC-1-HCAHeart7905332,6.81644e-06,3.5319915e-06,0.9996532,3.5654743e-05,8.854066e-06,1.6049991e-05,1.3778442e-05,3.924317e-06,0.00024471318,1.1666025e-06,1.2245114e-05
GACAGAGGTGTGGTTT-1-HCAHeart7880863,4.641644e-05,1.5144286e-05,1.7249147e-05,1.1929626e-06,0.000107437576,7.760987e-05,0.99972326,1.0464227e-06,4.7774197e-06,4.0350556e-06,1.8019624e-06
AAAGTAGAGTGGAGAA-1-HCAHeart7844001,1.6404869e-05,6.0151388e-06,0.9997812,1.3897666e-05,5.027423e-06,1.6611055e-05,1.6451024e-05,5.2511527e-06,9.299151e-05,8.9728655e-07,4.5345994e-05
ATCTACTAGCTGATAA-1-HCAHeart7844001,2.566194e-05,1.05418285e-05,5.902753e-06,1.4275183e-06,0.00021199793,1.9665526e-05,0.9997156,8.731015e-07,3.8683925e-06,2.9901717e-06,1.4840814e-06
GTCGTAAAGTACACCT-1-HCAHeart7844000,8.415811e-06,3.6595595e-06,0.9998596,9.132968e-06,5.347349e-06,2.5819785e-05,1.9561023e-05,2.8436225e-06,4.4699893e-05,6.8457945e-07,2.011434e-05
TGAGGGAAGTGAATTG-1-HCAHeart7844002,2.1392701e-05,3.891897e-06,0.99983764,3.175988e-05,4.6844707e-06,2.1286329e-05,1.057996e-05,7.862328e-06,4.4654942e-05,3.095257e-06,1.3108599e-05
ACTGCTCGTATTAGCC-1-HCAHeart7888926,1.954226e-06,3.4548986e-05,1.099821e-05,2.1444632e-05,1.077503e-05,8.724961e-06,1.182896e-06,3.7636337e-06,6.103248e-05,2.0329242e-06,0.9998436
GAGTCATGTACAGAAT-1-HCAHeart7905327,1.4937871e-05,5.688467e-06,0.99960285,6.4044866e-06,1.6849743e-05,7.588026e-06,8.2285485e-05,4.1466888e-06,0.0002449764,1.7561434e-06,1.2431415e-05
TGCGCAGGTGCCTTGG-1-HCAHeart7880861,6.4323867e-06,1.176568e-06,2.5052086e-05,1.4397294e-05,1.653989e-05,6.7897827e-06,5.2246182e-06,1.4969389e-05,0.99969256,0.00020954222,7.1865707e-06
GGGCGTTTCGGCATCG-1-HCAHeart7905332,5.5761166e-06,2.597593e-06,0.9999002,1.5384221e-05,2.9105677e-06,5.79264e-06,8.778808e-06,2.6191599e-06,4.8225458e-05,5.2160016e-07,7.289612e-06
CTGGTCTTCATAAAGG-1-HCAHeart7843999,8.851138e-06,3.5654084e-06,0.9998946,1.5366657e-05,2.632834e-06,4.5926813e-06,1.3209355e-05,3.7681102e-06,4.7405953e-05,6.779174e-07,5.085477e-06
TTTATGCCACGGTAGA-1-HCAHeart7843999,7.87148e-06,2.518118e-06,0.99987555,8.579807e-06,3.4168727e-06,7.933965e-06,9.336779e-06,2.5553952e-06,6.701927e-05,5.4524014e-07,1.46247e-05
TCTTTCCCAGCGTCCA-1-HCAHeart7843999,1.0648548e-05,4.151437e-06,0.99980694,9.685789e-06,7.08639e-06,1.9166217e-05,2.6867305e-05,4.04292e-06,7.0960705e-05,8.3705567e-07,3.968054e-05
ATCAGGTTCACCTCTG-1-HCAHeart7905331,2.2393087e-05,4.377351e-05,0.99924904,3.7572674e-05,0.00026175566,3.1272994e-05,8.2410486e-05,8.4262596e-05,0.00015659716,6.0309158e-06,2.492266e-05
GTATTCTTCAACACCA-1-HCAHeart7844002,4.5638203e-06,8.112499e-06,8.69453e-06,2.6804393e-05,0.9997143,2.6268597e-06,0.00019329869,1.0314215e-05,1.1453928e-05,1.0272386e-05,9.527778e-06
TGGCTGGAGTGCCATT-1-HCAHeart7844000,6.503583e-06,2.9520172e-06,0.99991786,1.1722671e-05,2.670338e-06,7.323292e-06,6.2332483e-06,3.0294932e-06,3.4523655e-05,4.1250973e-07,7.0648325e-06
CGTTAGAAGTGTTTGC-1-HCAHeart7844003,0.0003430437,8.152557e-05,0.0005336048,0.00014240811,0.0024124712,0.00023746243,0.0010779514,0.00048132965,0.12226747,0.8723776,4.537512e-05
GGTTAACTCACAGAGG-1-HCAHeart7905329,9.212805e-06,2.413665e-06,0.9998857,7.4781165e-06,3.0806896e-06,5.36481e-06,1.1249109e-05,2.8263205e-06,6.29237e-05,5.470739e-07,9.221367e-06
GGTGTCGTCGAGAAAT-1-HCAHeart7905332,6.4311744e-06,2.3219025e-06,0.9999007,1.054887e-05,2.9451587e-06,6.7667206e-06,7.4455297e-06,2.3809873e-06,5.0357383e-05,4.3650144e-07,9.674382e-06
GAACATCAGACACTAA-1-HCAHeart7844003,6.025237e-06,1.3738109e-05,9.217369e-06,8.794508e-05,0.9996877,4.8476973e-06,0.00012922921,1.7757558e-05,1.597413e-05,1.0735042e-05,1.6894473e-05
CATCAAGAGGGTGTTG-1-HCAHeart7844004,2.5616408e-05,2.7552567e-05,2.7360817e-05,1.306137e-06,0.00022428134,2.5526908e-05,0.99965537,1.1936874e-06,5.4265865e-06,4.0939017e-06,2.2672045e-06
TCGCTTGAGGATCATA-1-HCAHeart7905327,4.83997e-06,3.4429893e-06,0.9998615,7.714045e-06,5.558651e-06,5.837117e-06,1.492809e-05,2.116208e-06,8.500292e-05,6.496927e-07,8.368639e-06
TCTCATACATCACAAC-1-HCAHeart7844001,0.00011916335,0.00022510103,0.0045830896,9.9293706e-05,0.0014195556,0.0002340832,4.588683e-05,0.9925793,0.00011150793,0.00017692731,0.00040617614
ACGAGGAGTACGACCC-1-HCAHeart7844004,1.0546949e-05,1.0266104e-05,0.9998016,6.8239306e-06,8.919585e-06,8.2581455e-06,5.5872213e-05,4.017899e-06,6.580851e-05,1.1994905e-06,2.6730531e-05
CGTGAGCTCTGCGGCA-1-HCAHeart7888926,4.138069e-06,8.579563e-06,0.9998728,2.1804399e-05,3.018093e-06,4.6678806e-06,1.3073615e-05,6.1079004e-06,5.6447247e-05,6.338332e-07,8.726888e-06
GGATCTAAGGTTGAGC-1-HCAHeart7905330,9.715863e-06,2.4386168e-06,0.99963033,4.1041723e-05,7.240572e-06,5.795875e-05,1.4521325e-05,3.353984e-06,0.00020816288,1.8677349e-06,2.3379027e-05
CAGGTGCTCTTCGGTC-1-HCAHeart7844001,7.3452735e-05,1.2910862e-05,0.00011321232,3.9226754e-05,0.00014888775,6.000597e-05,3.9556704e-05,6.856518e-05,0.9201412,0.0792719,3.0983574e-05
ACGCAGCCAATGCCAT-1-HCAHeart7880861,1.4485265e-06,2.9631821e-05,8.664396e-06,1.212789e-05,7.1975114e-06,6.68652e-06,1.1324986e-06,2.465103e-06,8.352275e-05,3.648478e-06,0.99984336
CGTAGTAGTACGATTC-1-HCAHeart7905328,1.26441355e-05,1.5454701e-05,0.99908626,0.00026810085,0.0001769419,2.6637405e-05,0.0001373746,4.8600454e-05,0.00020508716,5.5122155e-06,1.7357044e-05
GGGCATCCAGACGTAG-1-HCAHeart7888926,1.5143e-06,5.6361107e-05,5.7445354e-06,9.800118e-06,8.5585825e-06,7.959693e-06,7.9813987e-07,4.1982494e-06,4.9723658e-05,2.8362545e-06,0.9998524
AGCAGCCGTGTATGGG-1-HCAHeart7844004,0.0008848782,0.002645333,0.042206384,0.03276028,0.01913198,0.8724827,0.0012771236,0.01066024,0.009804554,0.00017456234,0.007971958
CCACCTACAAGCTGAG-1-HCAHeart7844004,7.895678e-06,5.2345804e-06,0.99986184,1.064027e-05,5.227835e-06,4.523594e-06,2.2430166e-05,4.2904444e-06,7.141827e-05,7.248581e-07,5.854496e-06
CGGACTGCAATCACAC-1-HCAHeart7888926,1.509001e-06,3.366173e-05,8.333833e-06,7.69257e-06,8.411773e-06,5.225081e-06,7.435398e-07,3.2568444e-06,2.8996728e-05,1.7186031e-06,0.99990034
ACTGAACAGAGTAAGG-1-HCAHeart7844004,1.0164835e-05,5.5450446e-06,0.9998178,4.558062e-05,4.10037e-06,1.705341e-05,1.1527267e-05,4.932716e-06,6.497765e-05,6.042523e-07,1.7826933e-05
TCGAACAGTACCAATC-1-HCAHeart7905327,2.5539455e-05,2.4723231e-05,0.9972523,0.0018813708,0.00018678748,3.8980917e-05,0.00011824876,6.600606e-05,0.00037154267,9.658728e-06,2.4806246e-05
CTCTGGTCACAAGACG-1-HCAHeart7844003,7.11628e-05,9.592359e-06,0.9996898,1.325495e-05,6.728271e-06,1.1493335e-05,4.1557538e-05,1.023158e-05,9.9764395e-05,1.5921747e-06,4.4886103e-05
TAAGAGAAGTGGGTTG-1-HCAHeart7844004,0.00011836194,1.7643137e-05,0.00012309678,7.654442e-05,0.00017117748,9.1858914e-05,5.0291637e-05,0.00010806463,0.8772984,0.121919654,2.4921344e-05
ATGAGGGGTGTCAATC-1-HCAHeart7843999,1.2451627e-05,1.5400818e-05,9.3011095e-06,1.2447447e-05,1.7407745e-05,1.1201191e-05,4.843037e-06,1.1401329e-05,8.8802066e-05,0.999813,3.657697e-06
TGCAGATGTGAATATG-1-HCAHeart7905329,1.0159401e-05,2.7269025e-06,0.99988115,5.868237e-06,3.260107e-06,5.839559e-06,1.1270137e-05,3.2295243e-06,6.325336e-05,6.533946e-07,1.2600871e-05
ACGTAGTTCTCGTGGG-1-HCAHeart7905330,7.826002e-06,3.8114088e-06,0.9996879,7.598666e-06,1.0378591e-05,8.829591e-06,2.8278871e-05,2.7133208e-06,0.00022920429,1.1470279e-06,1.2264672e-05
CGTCCATTCGGTGTCG-1-HCAHeart7844002,4.3758755e-06,9.661744e-06,8.352353e-06,3.226164e-05,0.9998047,2.8958927e-06,8.844297e-05,9.296998e-06,1.636469e-05,1.2550605e-05,1.1211336e-05
TCTTTCCAGCAATATG-1-HCAHeart7844001,0.0004730127,9.379408e-06,0.99903536,0.00018308286,7.803795e-06,1.7829094e-05,1.4890145e-05,2.524555e-05,0.00018980952,2.7418253e-06,4.0884985e-05
TCATTACGTTGTACAC-1-HCAHeart7843999,3.8348193e-05,2.2879063e-05,2.5847043e-05,5.8958344e-06,0.0032158701,2.1661606e-05,0.996644,2.4112378e-06,8.699115e-06,7.4717573e-06,7.006974e-06
GTGATGTTCTCGGCTT-1-HCAHeart7905327,1.2151232e-05,3.653817e-06,0.99989223,9.270187e-06,2.7539745e-06,3.7809918e-06,1.3299398e-05,3.910896e-06,4.8631173e-05,6.5440014e-07,9.547686e-06
AAAGATGAGCTAACTC-1-HCAHeart7843999,9.207043e-06,6.1603128e-06,0.99986565,6.3083553e-06,4.49998e-06,4.5170887e-06,2.799779e-05,3.2736336e-06,5.9382895e-05,8.326588e-07,1.2150006e-05
GGACAAGTCCTATTCA-1-HCAHeart7843999,1.23854525e-05,1.6939719e-06,3.198998e-05,2.8668417e-05,3.0287161e-05,1.3691572e-05,5.338889e-06,1.9127448e-05,0.99939597,0.0004540679,6.6117636e-06
AGCAGCCAGAATGTTG-1-HCAHeart7844004,8.957439e-06,4.167773e-06,0.9998109,1.0013876e-05,5.4043535e-06,8.330735e-06,1.5526442e-05,4.3171744e-06,0.00011601127,7.343008e-07,1.5715954e-05
GCAATCATCAGTACGT-1-HCAHeart7844004,1.8105457e-05,7.796422e-06,0.99977785,6.7862775e-06,7.524874e-06,6.497818e-06,6.706041e-05,4.743349e-06,7.790154e-05,1.2669013e-06,2.4306812e-05
CAAGAAACAGATAATG-1-HCAHeart7843999,4.3481073e-06,4.153233e-06,0.9998884,9.6499825e-06,4.475427e-06,5.040969e-06,1.4937835e-05,2.0984226e-06,5.9107562e-05,6.9157994e-07,7.0011756e-06
CGAACATTCTTCCTTC-1-HCAHeart7844004,3.711767e-05,1.9776764e-05,7.960886e-06,1.1696395e-06,0.00014557135,2.1494741e-05,0.9997563,9.742516e-07,4.266881e-06,3.7858101e-06,1.5957023e-06
ATTTCTGCACCTCGGA-1-HCAHeart7843999,6.921539e-06,2.4626281e-06,0.9998821,8.868712e-06,3.3504198e-06,7.6280035e-06,9.493394e-06,2.4633164e-06,6.0803195e-05,5.468492e-07,1.5373293e-05
ACACCCTAGTGCTGCC-1-HCAHeart7844004,3.5235185e-05,6.492951e-06,0.9997552,1.9887804e-05,5.9105014e-06,1.738683e-05,4.4241715e-05,7.013628e-06,6.664843e-05,1.2164656e-06,4.0635474e-05
ACTGTCCAGTGTCCCG-1-HCAHeart7844004,1.3417751e-05,3.3292317e-06,0.9998752,3.3570155e-05,2.6296736e-06,1.19866e-05,7.946798e-06,4.2014894e-06,3.5067398e-05,5.410443e-07,1.20969835e-05
CTCCTTTTCCTTTGAT-1-HCAHeart7905331,1.1552317e-05,3.0221959e-06,0.99983513,7.983419e-06,3.671338e-06,4.40511e-06,1.3419389e-05,3.7903285e-06,0.00010805187,7.378644e-07,8.098482e-06
CACAGGCGTCCATGAT-1-HCAHeart7844000,8.8720535e-06,2.4482335e-06,0.9998944,1.2410127e-05,2.743471e-06,6.866555e-06,7.212192e-06,3.2545615e-06,5.4004227e-05,4.632072e-07,7.215618e-06
GTGCATATCTTGGGTA-1-HCAHeart7844001,2.101309e-05,1.2646141e-05,0.99973565,1.209255e-05,8.584688e-06,1.0320093e-05,0.00011945703,6.210184e-06,5.6467015e-05,1.3070905e-06,1.6293734e-05
GATGAAACAATGGTCT-1-HCAHeart7844003,0.00014824566,2.7755439e-05,0.86582834,0.0001370992,0.00012575784,0.00012605947,0.00028221888,0.00014429376,0.13289708,0.0002563508,2.6903728e-05
CGCGGTAAGCAACGGT-1-HCAHeart7844000,8.587443e-06,3.639767e-06,0.99981993,1.0328731e-05,7.0218725e-06,3.6613397e-05,2.7766588e-05,2.7552833e-06,6.332113e-05,7.557853e-07,1.9316365e-05
CTCGAGGGTTTACTCT-1-HCAHeart7844003,0.0004813391,0.0001147148,0.66872495,0.00029657793,0.0027838822,0.0008678551,0.013238055,0.0009990743,0.31191427,0.00046843264,0.00011082609
TTGTGTTGTGAATGTA-1-HCAHeart7905327,1.25131e-05,9.7289985e-06,0.9987571,9.839725e-05,0.00012675817,3.395369e-05,5.6230525e-05,1.17369345e-05,0.00085883174,3.2074938e-06,3.159328e-05
AGTACTGCAGGCCCTA-1-HCAHeart7905332,5.1012976e-06,3.0587664e-06,0.9998536,7.875309e-06,4.3878576e-06,4.6603054e-06,1.4702368e-05,2.4735355e-06,9.7068216e-05,6.5365697e-07,6.41847e-06
TGCGGGTAGGATATAC-1-HCAHeart7844003,4.7284007e-06,8.163058e-06,7.379021e-06,3.1615895e-05,0.9996531,2.996453e-06,0.00022868083,3.0382333e-05,1.6681885e-05,8.259778e-06,8.04328e-06
TAGACCATCGGAAATA-1-HCAHeart7844001,4.780225e-05,4.415783e-06,0.012183577,3.0670297e-05,5.3837135e-05,5.4683067e-05,5.7254485e-05,7.370125e-05,0.9872049,0.00027013101,1.8993143e-05
TCAATCTTCAGCTCGG-1-HCAHeart7843999,3.7131525e-05,8.586237e-06,0.9992811,8.471059e-06,2.5249907e-05,6.8970903e-06,0.00015512513,7.125997e-06,0.00044860647,3.3771823e-06,1.839554e-05
TTCCTCTTCGCGTCGA-1-HCAHeart7905328,1.00748575e-05,5.770367e-06,0.9996804,0.0001663791,1.3594178e-05,1.8885388e-05,1.1815491e-05,1.4361191e-05,6.652908e-05,9.812342e-07,1.1315902e-05
CTCAGAATCTCAAGTG-1-HCAHeart7844004,7.715741e-05,1.44174655e-05,0.9996259,9.829157e-06,1.0468253e-05,9.53829e-06,0.00012387129,1.432102e-05,9.441189e-05,2.3064622e-06,1.7892708e-05
CGTGAGCGTGCTGTAT-1-HCAHeart7844004,2.7175396e-05,6.6736234e-06,0.9998267,8.268598e-06,3.864423e-06,5.794811e-06,2.423474e-05,6.349356e-06,7.6928874e-05,1.0907125e-06,1.30495455e-05
TCAGATGAGAAACGCC-1-HCAHeart7888926,0.00010519555,0.10033885,6.732123e-05,0.00029582158,0.0001307842,0.00050789333,3.0906765e-05,0.00066150585,0.00024436222,3.630465e-05,0.897581
TCAGGTAAGGACATTA-1-HCAHeart7880861,5.9884384e-05,4.981846e-06,7.5831986e-06,0.9998771,7.4860723e-06,4.836544e-06,2.376009e-06,1.6510963e-05,7.472399e-06,3.665523e-06,7.921714e-06
TTAGGACGTCTTGCGG-1-HCAHeart7843999,7.074899e-05,6.396883e-05,2.8634533e-05,8.110447e-06,0.009719993,4.7802776e-05,0.9900187,5.273816e-06,1.2200877e-05,1.3990042e-05,1.0461353e-05
TTCCACGCAGAGGGTT-1-HCAHeart7905328,6.3906255e-06,2.9372761e-06,0.9997937,7.6270458e-06,6.0519824e-06,7.661821e-06,1.6822578e-05,2.4142903e-06,0.00014533223,7.343463e-07,1.0388968e-05
CGCGGTACACAAGACG-1-HCAHeart7844004,2.8152079e-05,1.2354407e-05,0.0132965995,7.431019e-05,0.0005090801,5.0125185e-05,0.00010316358,7.804756e-05,0.9853124,0.0005223327,1.3399127e-05
AAATGCCGTCTCTTTA-1-HCAHeart7880863,0.999931,2.4166443e-06,6.522968e-06,6.643133e-06,3.0547558e-06,3.3255872e-06,1.584828e-05,5.4921456e-06,1.5648517e-05,6.265938e-06,3.7159555e-06
ACCCACTTCCTCTAGC-1-HCAHeart7844004,5.0340812e-05,3.6335074e-05,0.998317,1.1445579e-05,4.0887546e-05,3.644272e-05,0.0012813918,9.780143e-06,0.00017298659,4.1311537e-06,3.931524e-05
TGGCCAGCAACACCCG-1-HCAHeart7880862,5.260044e-06,0.999539,9.362825e-06,6.258152e-05,2.4067898e-05,3.804285e-05,8.098292e-06,2.5575519e-05,5.304748e-06,1.5976279e-05,0.00026666472
ACACTGACAGTACACT-1-HCAHeart7843999,4.7722424e-06,2.9403288e-06,0.9998759,1.3529396e-05,4.6116033e-06,6.526578e-06,8.871406e-06,2.7908652e-06,7.280219e-05,5.3795765e-07,6.671107e-06
CATATTCGTTGCCTCT-1-HCAHeart7844001,4.3717882e-06,8.407096e-06,7.9445945e-06,3.216662e-05,0.99978954,2.468963e-06,0.000112189366,8.345618e-06,1.4724943e-05,1.1302556e-05,8.609214e-06
CGTCACTAGGTGATTA-1-HCAHeart7844003,8.245843e-06,2.834149e-06,0.99984705,1.4688622e-05,3.4187408e-06,1.14554705e-05,9.806152e-06,2.869338e-06,8.5035994e-05,5.757577e-07,1.4051046e-05
TTGATGGGTGACCTGC-1-HCAHeart7905327,1.25075785e-05,3.6066922e-06,0.99972075,6.145098e-06,7.749619e-06,8.014528e-06,2.404215e-05,3.626462e-06,0.00019675991,1.0553626e-06,1.5738968e-05
CACACAAGTCAGCGTC-1-HCAHeart7905331,6.65375e-06,2.3619025e-06,0.99984944,9.771122e-06,4.446774e-06,9.103241e-06,1.2089267e-05,2.3150599e-06,9.190599e-05,6.0941517e-07,1.14952245e-05
GCAGCCAGTCGAGCTC-1-HCAHeart7905327,7.705558e-06,3.9586816e-06,0.9999099,1.0752083e-05,2.8111467e-06,3.4824575e-06,1.0599106e-05,4.5040692e-06,4.0149425e-05,6.5524483e-07,5.4762404e-06
GACGTTATCCGCGTTT-1-HCAHeart7844001,2.0349102e-05,1.2369102e-05,1.3811711e-05,1.3081929e-05,2.8718267e-05,1.7181921e-05,1.0879807e-05,1.8619627e-05,0.0014467291,0.99841166,6.7502224e-06
ATCATCTTCACCTTAT-1-HCAHeart7844003,7.991836e-06,2.8195013e-06,0.9998771,1.483709e-05,2.9538962e-06,9.1156035e-06,8.515236e-06,2.9778448e-06,6.402801e-05,5.0718336e-07,9.356725e-06
CTATCCGTCTCCGAGG-1-HCAHeart7905327,1.01581845e-05,3.2025628e-06,0.99987376,1.9560535e-05,3.0094275e-06,5.0786875e-06,1.0443871e-05,3.966834e-06,5.9972026e-05,6.62477e-07,1.0157515e-05
TAAGCGTAGTGTACTC-1-HCAHeart7843999,4.7316908e-06,3.379543e-06,0.99988616,8.899614e-06,4.2865204e-06,5.9175077e-06,1.2226972e-05,2.0743742e-06,6.3929634e-05,6.1382974e-07,7.658357e-06
TGCCCTATCTGTGCAA-1-HCAHeart7843999,8.065783e-06,3.4312413e-06,0.9998634,6.980447e-06,3.6528822e-06,3.870027e-06,1.24399685e-05,3.071981e-06,8.705108e-05,6.426737e-07,7.3447563e-06
TCCACACAGAACAATC-1-HCAHeart7843999,8.566438e-06,5.9891213e-06,0.99977714,6.0895195e-06,1.1153143e-05,8.152821e-06,4.4706485e-05,3.2156663e-06,0.000109589986,1.0919188e-06,2.4351411e-05
CGCGGTATCGCGTTTC-1-HCAHeart7880862,7.326563e-05,1.0533777e-05,0.99819404,0.00012000108,8.4567855e-06,0.0013039946,0.00014143184,7.800762e-06,0.00010378525,4.3788455e-06,3.237106e-05
CGATGTACAAGCGTAG-1-HCAHeart7844001,0.00068058155,3.4588316e-05,0.99783844,2.6310016e-05,1.7193835e-05,9.735955e-05,0.0008089489,2.2453278e-05,0.0004290432,9.164344e-06,3.58775e-05
CCTACACGTAAAGGAG-1-HCAHeart7843999,5.2380856e-06,6.7475307e-06,0.999877,9.106991e-06,7.720583e-06,7.2240573e-06,1.9805331e-05,3.6676943e-06,4.5778528e-05,6.303697e-07,1.7016906e-05
AGTGAGGGTCGGCACT-1-HCAHeart7844001,0.0001414169,1.6352531e-05,0.11361773,7.600823e-05,0.00012783617,0.00014255961,0.00015157083,0.0003475105,0.8847501,0.0005869547,4.1849748e-05
CTACGTCAGCCCGAAA-1-HCAHeart7843999,2.573626e-05,1.678275e-05,1.4350557e-05,1.3007008e-06,0.0003717168,1.5749494e-05,0.9995425,1.2318463e-06,4.717401e-06,3.99448e-06,2.063409e-06
CGGAGTCGTACCTACA-1-HCAHeart7844004,7.279904e-06,2.8860798e-06,0.99980825,6.83572e-06,5.6441154e-06,7.889309e-06,1.4651217e-05,2.6654047e-06,0.0001284198,7.262751e-07,1.4888313e-05
CATCCACCACTGTTAG-1-HCAHeart7844000,6.0631464e-06,2.9406606e-06,0.9999095,1.2374941e-05,3.2399505e-06,7.957286e-06,7.664966e-06,3.2446133e-06,4.0284227e-05,5.892572e-07,6.2207964e-06
GATGAAAAGGACAGAA-1-HCAHeart7844001,1.1123285e-05,6.3631596e-06,0.9998373,8.284906e-06,5.2079918e-06,8.570009e-06,3.0583244e-05,3.4703062e-06,6.071593e-05,8.5831414e-07,2.7444099e-05
GCATGTATCGCAGGCT-1-HCAHeart7844004,5.072869e-06,9.435305e-06,7.885448e-06,3.9553255e-05,0.99971074,2.466074e-06,0.00018844428,9.690983e-06,1.0745882e-05,7.2457274e-06,8.729745e-06
CGTCCATCAATACCTG-1-HCAHeart7905328,7.76366e-06,3.3685983e-06,0.9997781,6.2787003e-06,6.2488148e-06,6.2453955e-06,2.1519209e-05,3.1108511e-06,0.00015721217,8.7594674e-07,9.348611e-06
GATGAGGTCGCGTAGC-1-HCAHeart7844001,0.0003129526,3.8988586e-05,7.440474e-05,0.00013919965,0.00010967852,0.00068094546,7.431631e-05,0.00016792957,0.044279154,0.9540894,3.302166e-05
GTTACAGCAGTCGATT-1-HCAHeart7844003,3.695275e-06,9.332748e-06,7.0634096e-06,2.5348025e-05,0.9998223,2.4599763e-06,8.6974396e-05,8.582272e-06,1.4997612e-05,1.0689085e-05,8.527878e-06
GCATACACACCCATTC-1-HCAHeart7888927,6.1763756e-05,2.7414819e-05,2.823555e-05,1.3880294e-05,0.0021432245,2.6766375e-05,0.99767584,3.0982292e-06,7.926309e-06,6.3588027e-06,5.507175e-06
TCGTACCCAAGACACG-1-HCAHeart7844001,2.4517385e-05,1.4031846e-05,8.879795e-06,2.1275523e-06,0.00017901936,3.432772e-05,0.99972624,1.1609795e-06,4.5208676e-06,3.503615e-06,1.636527e-06
AAGTCTGAGGTTACCT-1-HCAHeart7844001,2.5452813e-05,3.9023885e-06,0.99973637,3.7568636e-05,6.982023e-06,1.5425814e-05,1.0080362e-05,4.436057e-05,0.00011045859,1.2163639e-06,8.175363e-06
TTCGAAGTCGCCAAAT-1-HCAHeart7844001,1.2187007e-05,4.8945612e-06,0.9998709,1.2042038e-05,3.2097234e-06,8.223423e-06,1.8258419e-05,4.29429e-06,5.1504878e-05,6.60522e-07,1.3851184e-05
TCTCATATCACCATAG-1-HCAHeart7880860,5.117971e-06,9.573787e-07,5.7434263e-05,7.901117e-06,1.4755671e-05,4.646338e-06,4.149849e-06,1.0994405e-05,0.99979323,9.294519e-05,7.830237e-06
CGGGTCAAGAGTAAGG-1-HCAHeart7888926,4.809909e-06,3.8597173e-06,0.9999081,1.6547148e-05,2.599886e-06,5.1890697e-06,9.70343e-06,5.3306535e-06,3.377621e-05,4.6135662e-07,9.480504e-06
GCCTCTACAAGGTTCT-1-HCAHeart7880862,2.661878e-06,0.9997688,6.2058075e-06,1.3292279e-05,2.2836522e-05,1.9071313e-05,6.2801932e-06,2.8265224e-05,3.3863823e-06,1.0006896e-05,0.000119076525
ACTATCTTCTGGGCCA-1-HCAHeart7844003,1.0817818e-05,3.946172e-06,0.99983096,2.0946803e-05,4.4387475e-06,6.976959e-06,1.8148445e-05,4.704326e-06,9.3783994e-05,8.9588445e-07,4.3752684e-06
ACACTGAAGGTACTCT-1-HCAHeart7880862,6.4209617e-06,3.7875186e-06,0.99986124,3.3819204e-05,2.9968169e-06,3.3181248e-05,1.3224202e-05,3.1825439e-06,3.3192864e-05,7.65947e-07,8.141844e-06
TTGTAGGCAAGGACTG-1-HCAHeart7888926,4.465822e-06,1.2472588e-06,2.7504435e-05,1.0602286e-05,1.8425162e-05,3.6904096e-06,3.8224107e-06,1.6232803e-05,0.9997751,0.00012370736,1.5235308e-05
ACTACGAGTGCAGGAT-1-HCAHeart7905327,7.4678646e-06,3.0223903e-06,0.9998642,6.0310676e-06,3.832509e-06,5.281075e-06,1.3804395e-05,2.6282557e-06,8.2072474e-05,6.5020896e-07,1.0952466e-05
ACGGCCACATTATCTC-1-HCAHeart7843999,5.7683956e-06,1.1493073e-06,9.248146e-05,9.383947e-06,3.409144e-05,6.438664e-06,4.9648443e-06,1.2202019e-05,0.9996333,0.00019465857,5.544339e-06
AGCCTAACACCCTATC-1-HCAHeart7888927,1.9087809e-06,3.445901e-05,5.969587e-06,2.1164065e-05,1.18413445e-05,6.1877245e-06,9.070864e-07,4.5951747e-06,3.813861e-05,1.919165e-06,0.9998728
TATCTCAAGCGAAGGG-1-HCAHeart7880860,1.3259483e-06,3.4843735e-05,9.076174e-06,7.089e-06,8.2798e-06,4.9784676e-06,7.927625e-07,2.7791677e-06,3.414061e-05,1.93784e-06,0.99989486
TGGTTAGCAGATTGCT-1-HCAHeart7888927,2.3781358e-06,5.5869783e-05,1.11324425e-05,4.7006444e-05,1.2698537e-05,1.0119591e-05,1.2229201e-06,4.683468e-06,5.249617e-05,2.4675153e-06,0.9998
GTACTCCCAACTGCGC-1-HCAHeart7880861,1.6096753e-06,3.576263e-05,1.2553936e-05,1.1248383e-05,9.090439e-06,7.223599e-06,1.5074804e-06,2.956067e-06,0.00013332847,3.7070386e-06,0.9997811
ATCCACCGTGTGGTTT-1-HCAHeart7844004,1.265684e-05,7.0415363e-06,0.9997049,6.5475106e-06,1.2452809e-05,8.128841e-06,6.230634e-05,5.0680283e-06,0.0001582794,1.4754867e-06,2.1069955e-05
CGCTATCCATCCGGGT-1-HCAHeart7888926,1.9103086e-06,4.654196e-05,6.319811e-06,1.3530037e-05,1.0617711e-05,5.06783e-06,1.1706786e-06,4.3497275e-06,9.4938536e-05,2.8790712e-06,0.99981266
GTCAAGTCAGGGCATA-1-HCAHeart7844004,9.168856e-06,8.160574e-06,0.999877,1.17785585e-05,5.83679e-06,4.3334076e-06,1.8699417e-05,6.3969323e-06,5.1023097e-05,8.5809614e-07,6.6772436e-06
TTCTAGTTCTGAATCG-1-HCAHeart7905328,7.3427464e-06,3.8473368e-06,0.99990153,1.2421843e-05,4.444246e-06,8.859915e-06,1.3845255e-05,4.2951306e-06,3.5138593e-05,8.697689e-07,7.502186e-06
TTTCCTCTCCGTTGTC-1-HCAHeart7844001,4.3164814e-06,8.491161e-06,5.554462e-06,1.9187333e-05,0.99983335,2.2392114e-06,8.9591995e-05,1.0740869e-05,1.1232504e-05,8.268661e-06,6.935143e-06
CTGATAGTCTATCCTA-1-HCAHeart7844003,7.182208e-05,8.614109e-06,0.99674404,0.000119125805,1.3430004e-05,3.2753847e-05,2.8211383e-05,2.6679758e-05,0.0029297345,3.7217033e-06,2.1759191e-05
AGTAGTCAGTGCCCGT-1-HCAHeart7905332,7.0379333e-06,2.5210866e-06,0.99987876,8.488712e-06,3.2961132e-06,4.6758078e-06,1.0212991e-05,2.6893038e-06,7.440522e-05,5.653879e-07,7.2354264e-06
AGTGTCAAGACTTGAA-1-HCAHeart7844004,1.0502011e-05,1.2392605e-05,1.1202397e-05,1.0620265e-05,2.7298087e-05,1.0452343e-05,7.757165e-06,1.1209086e-05,0.0003920365,0.99950206,4.477616e-06
TCATTACAGGCCCGTT-1-HCAHeart7880861,8.290933e-06,1.2061182e-06,2.6644097e-05,8.756235e-06,1.41932005e-05,6.8408126e-06,5.1305383e-06,1.6748512e-05,0.99964607,0.0002575237,8.684059e-06
CCCATTGCATGAGATA-1-HCAHeart7905332,6.9127655e-06,2.3699288e-06,0.9998621,1.2986082e-05,3.157382e-06,7.4007075e-06,1.0161049e-05,2.5433771e-06,8.283852e-05,6.3436346e-07,9.0166595e-06
ATGCATGTCAACGAGG-1-HCAHeart7905332,5.3204117e-06,2.3050711e-06,0.999858,1.7568373e-05,4.491059e-06,1.0563278e-05,9.866108e-06,2.3049063e-06,7.9579426e-05,6.7035603e-07,9.348992e-06
TGCCCTAGTGTTAAGA-1-HCAHeart7844001,5.4210126e-05,4.5012357e-06,0.011667833,2.8804952e-05,5.6842837e-05,5.121891e-05,6.102302e-05,7.1148e-05,0.9876265,0.00036033004,1.7650127e-05
ACTTTCACAAACTGCT-1-HCAHeart7844001,2.1280399e-05,8.280517e-06,0.9997775,9.5168925e-06,4.979194e-06,1.0740411e-05,5.7797377e-05,5.5876008e-06,8.961596e-05,1.5824576e-06,1.3080175e-05
TTTACTGCAAAGTGCG-1-HCAHeart7844000,0.00040615225,9.0487556e-05,0.036036912,0.0002980675,0.0005463617,0.0005157701,0.0005966349,0.0002957128,0.58199275,0.3790951,0.00012605664
TGACCCTTCACCTGTC-1-HCAHeart7905331,7.027516e-06,2.4961619e-06,0.9998728,8.320262e-06,3.6902281e-06,6.698244e-06,1.2069816e-05,2.6081384e-06,7.6360084e-05,5.2977333e-07,7.4245895e-06
AGTCTTTTCAGGCAAG-1-HCAHeart7880861,1.50339e-06,4.253244e-05,8.631066e-06,1.6064185e-05,8.202968e-06,8.9601435e-06,9.698833e-07,2.8611069e-06,4.7023655e-05,2.2419679e-06,0.999861
GAAACTCAGGGAACGG-1-HCAHeart7844004,4.0822742e-06,1.0388773e-05,6.950808e-06,1.9772155e-05,0.9997588,2.3511823e-06,0.00015986308,1.1743138e-05,1.1706428e-05,7.818208e-06,6.536047e-06
CGCTGGAAGCCAGTAG-1-HCAHeart7844004,7.67136e-06,5.0232966e-06,0.99988985,5.894184e-06,4.112093e-06,4.4555586e-06,1.8494813e-05,2.9071364e-06,5.028888e-05,6.5255017e-07,1.0866621e-05
CATGAGTAGGTAGGCT-1-HCAHeart7905330,0.00010913109,1.7271344e-05,0.85200846,0.00037807587,0.00027130483,0.0034023018,0.00012930046,3.5764984e-05,0.1430511,0.00013398414,0.00046338426
CAGGTGCTCTCGGACG-1-HCAHeart7844004,1.3741588e-05,6.1844935e-06,0.9998111,6.3268085e-06,6.091678e-06,7.011238e-06,4.5741694e-05,4.5976303e-06,8.288139e-05,1.1781157e-06,1.5190112e-05
ACTGAGTTCATATCGG-1-HCAHeart7844003,3.0166044e-05,1.0195192e-05,0.99975854,7.2589455e-06,6.7463907e-06,8.021055e-06,6.4787e-05,6.73324e-06,7.5229174e-05,1.4498312e-06,3.0825446e-05
TCTGAGATCAAGAAGT-1-HCAHeart7843999,5.2720607e-06,5.0152157e-06,0.999881,1.02697695e-05,6.520179e-06,6.216936e-06,2.4061581e-05,2.3739753e-06,4.898139e-05,7.1106194e-07,9.5333035e-06
ATGCGATAGCTGCAAG-1-HCAHeart7844004,1.32699015e-05,1.9564679e-05,9.0845315e-06,1.215188e-05,1.8390556e-05,1.000312e-05,4.836353e-06,1.1881798e-05,8.037944e-05,0.9998167,3.6600484e-06
CTTCTCTTCGACAGCC-1-HCAHeart7844001,7.080185e-06,1.0371662e-06,4.899927e-05,1.1075382e-05,2.9999137e-05,7.382877e-06,4.572209e-06,1.3422279e-05,0.9996786,0.0001932717,4.5165284e-06
CTAGCCTTCCAAACTG-1-HCAHeart7844003,0.00010917938,1.8489023e-05,0.1932478,0.000321716,0.00018173661,0.00017878346,0.0001059551,9.923173e-05,0.8055199,0.00016265089,5.471637e-05
TAGTTGGGTTGTGGCC-1-HCAHeart7844004,0.00065954064,0.00031727483,0.26688573,0.00033900113,0.091938466,0.00038461442,0.6376234,0.00016340226,0.00086633075,9.7940014e-05,0.00072434987
AACTGGTTCATACGGT-1-HCAHeart7844003,7.0942897e-06,3.0152137e-06,0.99983776,1.3076649e-05,4.570774e-06,5.701493e-06,9.7395805e-06,4.162642e-06,0.00010763234,5.856608e-07,6.5415525e-06
ACACCAACACTCGACG-1-HCAHeart7844003,1.35361115e-05,6.872143e-06,0.99986005,1.1816049e-05,6.371448e-06,5.787736e-06,3.300252e-05,6.0675084e-06,4.726059e-05,8.678032e-07,8.382901e-06
GTCCTCAGTTGGTAAA-1-HCAHeart7844004,1.634634e-05,5.734663e-06,0.9995763,7.347109e-06,1.4950714e-05,8.641495e-06,9.33772e-05,4.2996544e-06,0.0002570962,1.9001501e-06,1.3937977e-05
TCACACCCAAGCGGAT-1-HCAHeart7905328,8.793337e-06,3.7608975e-06,0.9999126,1.4426566e-05,2.278723e-06,6.1377727e-06,8.220676e-06,5.1132984e-06,3.236065e-05,6.241379e-07,5.712446e-06
TGACTAGCAATCGGTT-1-HCAHeart7844004,4.5589522e-06,9.917711e-06,1.0252431e-05,3.656951e-05,0.9997601,2.824648e-06,0.00012675037,8.703814e-06,1.7558328e-05,1.0525672e-05,1.2139169e-05
CTCCATGGTTCGGTCG-1-HCAHeart7905327,5.7250777e-06,3.2357364e-06,0.9997706,4.2153628e-05,6.5294826e-06,1.1598951e-05,1.5738207e-05,3.7248567e-06,0.00013222531,8.8326914e-07,7.612532e-06
TCATTACGTACGCTGC-1-HCAHeart7880860,2.311228e-06,0.00012006869,4.879743e-06,1.3210623e-05,1.2510191e-05,7.669749e-06,8.431315e-07,9.911696e-06,3.1359657e-05,3.12986e-06,0.9997942
ACGTACATCGATTCCC-1-HCAHeart7905327,6.303654e-06,2.941368e-06,0.99983156,1.71644e-05,4.2400434e-06,6.751595e-06,1.1668258e-05,3.1593038e-06,0.00010693165,6.939043e-07,8.332949e-06
TCGATTTAGGATACCG-1-HCAHeart7905327,3.1909018e-05,1.3891632e-05,1.5259637e-05,1.4436604e-06,0.00042480938,1.5266085e-05,0.9994844,1.1968e-06,5.4264237e-06,3.829497e-06,2.5190493e-06
GGCTCGAGTGAGTATA-1-HCAHeart7844002,6.846738e-06,1.3016874e-05,4.924032e-05,4.70685e-05,0.9992799,6.8126215e-06,0.0004979678,8.424893e-06,2.6984762e-05,1.305001e-05,5.0689647e-05
GTGAAGGCAATCAGAA-1-HCAHeart7844003,1.5233463e-05,3.1033098e-06,0.9998772,1.8719888e-05,2.7629694e-06,8.817192e-06,7.008352e-06,4.1548105e-06,4.900592e-05,5.254811e-07,1.3421285e-05
CCCATTGTCATGCCAA-1-HCAHeart7905329,6.567959e-06,2.6798728e-06,0.9999001,1.4175769e-05,2.624981e-06,5.30631e-06,8.933054e-06,2.927476e-06,4.9969713e-05,5.1629183e-07,6.06741e-06
CAAGATCTCCTGCAGG-1-HCAHeart7844002,3.8653216e-06,9.812292e-06,7.921524e-06,2.5387564e-05,0.99972445,2.5723361e-06,0.0001715861,2.4210292e-05,1.5197459e-05,7.909251e-06,7.059964e-06
GGAACTTCACGTGAGA-1-HCAHeart7844000,9.206903e-06,6.4962337e-06,0.9998877,3.3144017e-05,2.9977966e-06,1.1114196e-05,9.189631e-06,5.4269885e-06,2.855196e-05,7.43115e-07,5.3697913e-06
CTCCGATCAATAGGAT-1-HCAHeart7905331,6.0149e-06,2.5965985e-06,0.9998826,7.2689213e-06,3.394211e-06,4.9647515e-06,1.0118188e-05,2.3489454e-06,7.234588e-05,5.522449e-07,7.694509e-06
GACTAACAGAGGACGG-1-HCAHeart7843999,6.2868367e-06,5.6021217e-06,0.99990857,9.936918e-06,3.4348081e-06,3.548e-06,1.3451191e-05,3.3651042e-06,3.7798694e-05,6.205796e-07,7.3668357e-06
GCTTCCACATGTAGTC-1-HCAHeart7844003,9.220972e-06,3.1962213e-06,0.9998153,8.497683e-06,3.944391e-06,6.593867e-06,1.7166445e-05,2.958018e-06,0.00012492113,1.0432196e-06,7.2820244e-06
GTTTCTATCATTGCGA-1-HCAHeart7844001,1.170027e-05,3.223318e-06,0.9997876,1.9699117e-05,6.3795405e-06,2.5745812e-05,8.779677e-06,4.747161e-06,7.2872455e-05,6.780033e-07,5.848501e-05
GTGAGGAGTCACTAGT-1-HCAHeart7905332,6.6930024e-06,3.828082e-06,0.9997385,2.125955e-05,7.395024e-06,9.735113e-06,1.6341819e-05,4.1483195e-06,0.00018431088,1.5889741e-06,6.160593e-06
ACGGGTCCAATGGAGC-1-HCAHeart7844000,1.7291452e-05,3.7820896e-06,0.9998945,1.1669593e-05,2.2914564e-06,5.3189415e-06,9.786484e-06,6.180563e-06,4.1243522e-05,7.577507e-07,7.0964716e-06
TCGCGTTGTTATCACG-1-HCAHeart7844001,4.172997e-05,1.6109587e-05,0.9995352,4.8174807e-05,1.6682097e-05,3.441756e-05,1.7957167e-05,0.00020502636,6.352583e-05,2.405967e-06,1.872382e-05
CTCGGAGAGTCAAGGC-1-HCAHeart7844001,9.0660425e-05,9.081502e-06,0.9394786,0.00014520167,8.0662976e-05,0.0009733604,9.888814e-05,2.2568478e-05,0.05876892,6.5036686e-05,0.00026694886
GAGTTTGGTGATGGCA-1-HCAHeart7905331,7.036374e-06,4.3144655e-06,0.999887,6.7586434e-06,3.6873678e-06,3.8124876e-06,1.37000625e-05,3.470823e-06,6.2467814e-05,6.415976e-07,6.9930984e-06
TGATTTCCAAGCGAGT-1-HCAHeart7844004,2.059051e-05,6.962628e-06,0.9998185,1.5173285e-05,4.4337294e-06,7.6913975e-06,3.3967703e-05,6.7844567e-06,7.3359464e-05,9.558302e-07,1.1594839e-05
ACTGAGTTCAGGCAAG-1-HCAHeart7888927,1.8355144e-06,3.2141845e-05,7.648976e-06,9.7548955e-06,8.583153e-06,5.215477e-06,9.976587e-07,4.5928027e-06,6.8522524e-05,2.3828102e-06,0.99985826
AGAATAGCAATAGCAA-1-HCAHeart7844004,1.4347056e-05,6.162547e-06,0.9997943,9.939726e-06,5.1792e-06,6.925758e-06,2.9088622e-05,5.06322e-06,0.00011096134,1.0084768e-06,1.7147024e-05
AGTCTCCAGTGATTCC-1-HCAHeart7905331,6.655687e-06,3.2798152e-06,0.9998734,2.209485e-05,4.6694686e-06,8.0116015e-06,8.527899e-06,5.8013024e-06,6.0568564e-05,7.826905e-07,6.195883e-06
AGCGTCGTCACCTCGT-1-HCAHeart7844001,1.3001104e-05,4.806149e-06,0.9998919,1.2050849e-05,3.0468477e-06,1.0858148e-05,1.4499936e-05,4.731894e-06,3.2740896e-05,5.580648e-07,1.170907e-05
CCACAAAAGCCTCTCT-1-HCAHeart7905331,9.664517e-06,2.6975008e-06,0.9998437,8.0760765e-06,3.8041874e-06,5.3661406e-06,1.1381667e-05,3.4902396e-06,0.00010332627,5.9714546e-07,7.839204e-06
TCGTGGGTCTGCCTCA-1-HCAHeart7905332,9.329438e-06,3.951301e-06,0.9998348,6.3355565e-06,5.1660213e-06,5.808701e-06,1.8036773e-05,3.342114e-06,9.4158146e-05,7.5324283e-07,1.8377088e-05
CGGACTGCATCAGTAC-1-HCAHeart7843999,9.754217e-06,6.627679e-06,0.999416,1.4722502e-05,6.9042115e-05,2.5139369e-05,0.00012355106,3.3211084e-06,0.00028726397,1.9894587e-06,4.2499567e-05
ATCTGCCCACAGTCGC-1-HCAHeart7844001,3.868833e-06,1.029882e-05,6.1805144e-06,2.0456662e-05,0.99979514,2.2402237e-06,0.00012630784,1.0195273e-05,1.0937806e-05,7.711687e-06,6.5744634e-06
CGATCGGGTAGGGACT-1-HCAHeart7844001,9.024275e-05,8.582341e-06,0.08914726,5.971973e-05,8.922823e-05,0.0001543825,0.000117867225,6.6315304e-05,0.9096911,0.00051195675,6.328997e-05
CAAGATCCAGCTGTTA-1-HCAHeart7843999,6.1036467e-06,2.4493752e-06,0.999838,1.2347085e-05,4.0319946e-06,6.6664725e-06,1.03918655e-05,2.6449327e-06,0.00010941765,6.58994e-07,7.2938315e-06
ATGAGGGAGGAATTAC-1-HCAHeart7844001,7.098457e-05,2.6271056e-05,8.4949796e-05,4.008242e-05,0.00024270784,6.937216e-05,5.2662184e-05,0.0002008951,0.03953757,0.9596495,2.5049902e-05
GCGCAGTAGCCGTCGT-1-HCAHeart7844001,1.0547752e-05,5.213922e-06,0.9998958,8.449563e-06,3.2550256e-06,7.0324986e-06,1.6530794e-05,3.8889107e-06,3.8663475e-05,6.2873465e-07,9.929223e-06
TTTGCGCTCGACGGAA-1-HCAHeart7844001,3.2703072e-05,1.994751e-05,2.1957543e-05,1.732854e-06,0.0004930013,2.4334864e-05,0.9993932,2.0200966e-06,4.786589e-06,3.96419e-06,2.323016e-06
GTACGTAGTGAGTATA-1-HCAHeart7880862,2.929415e-06,0.99978024,4.5964407e-06,8.55107e-06,1.2936999e-05,3.844983e-05,7.402594e-06,3.0281042e-05,2.690896e-06,1.0135926e-05,0.00010173739
ATGCATGAGCTTCGTA-1-HCAHeart7905329,0.00023275898,5.9587233e-05,3.6316378e-05,1.3111998e-06,0.00022307876,4.0872586e-05,0.9993794,1.8482434e-06,8.98022e-06,1.0566602e-05,5.192844e-06
TAGATCGCAGCTACAT-1-HCAHeart7905328,5.7584134e-06,3.3221027e-06,0.9998392,3.4379696e-05,6.0918896e-06,1.0357526e-05,1.0158143e-05,3.7721045e-06,7.7973134e-05,6.727822e-07,8.289111e-06
GCATCGGGTAACTGCT-1-HCAHeart7905328,1.2891204e-05,5.074875e-06,0.99854493,5.3408865e-05,2.0422764e-05,2.8665621e-05,2.4456534e-05,6.4838973e-06,0.0012878579,2.3912119e-06,1.3480123e-05
GGCTGTGCATGTGCCG-1-HCAHeart7905328,5.4855254e-06,3.2030491e-06,0.99979776,1.6903103e-05,8.986866e-06,1.0250138e-05,1.0658996e-05,3.5202777e-06,0.00013000284,8.116391e-07,1.2571554e-05
AAGGCAGGTCTAGAGG-1-HCAHeart7843999,7.3765564e-06,2.727107e-06,0.999874,1.0302029e-05,4.2673305e-06,1.1766824e-05,8.321406e-06,2.515498e-06,5.310047e-05,5.7011476e-07,2.505059e-05
CCACTTGTCGGTTCAA-1-HCAHeart7905332,0.000104133986,4.073724e-05,0.00030181004,0.00012285344,0.00051912846,0.000115662886,6.752337e-05,0.00015290073,0.44375578,0.5547715,4.7976588e-05
ACAGCCGGTCCGAATT-1-HCAHeart7843999,5.6658228e-06,2.275335e-06,0.9998809,7.818075e-06,3.5578328e-06,6.6209236e-06,1.1954509e-05,2.0151929e-06,7.006123e-05,5.3725745e-07,8.516926e-06
CAGAATCTCTCAAGTG-1-HCAHeart7844002,1.085203e-05,3.6194085e-06,0.99989665,1.2503314e-05,2.5158356e-06,5.6593617e-06,1.0023784e-05,4.2598112e-06,4.1745578e-05,5.2945063e-07,1.1625974e-05
TGACAACAGGTAGCCA-1-HCAHeart7880860,2.5055971e-05,5.313455e-06,1.3409755e-05,0.9998504,1.1269823e-05,9.358617e-06,3.7873945e-06,5.099416e-05,1.637618e-05,4.613593e-06,9.266309e-06
TGATGCAGTCCAGCAC-1-HCAHeart7905328,8.641915e-06,3.1940892e-06,0.9998604,2.4441437e-05,3.955765e-06,8.306538e-06,1.1163596e-05,5.3519457e-06,6.752134e-05,1.2787347e-06,5.5856876e-06
GCGCAGTGTCTAGTCA-1-HCAHeart7844001,2.6012121e-05,1.81182e-05,1.5554027e-05,1.1921835e-06,0.00018571837,1.9794887e-05,0.99972135,1.06374e-06,5.015323e-06,4.1655207e-06,1.9585073e-06
TATCAGGCAGCATGAG-1-HCAHeart7880860,5.0790813e-06,0.0006330101,5.919203e-06,4.6045174e-05,3.1551008e-05,2.4412977e-05,1.6447963e-06,7.2258386e-05,0.000101729085,6.722391e-06,0.9990715
CAGTAACGTGTCGCTG-1-HCAHeart7844004,5.216879e-06,9.163997e-06,8.499789e-06,3.4094584e-05,0.9996693,2.3111422e-06,0.00023572694,8.070434e-06,1.148636e-05,7.469186e-06,8.698917e-06
CAGTCCTAGATGCCTT-1-HCAHeart7844001,0.0001641153,1.9141158e-05,0.00014379587,5.4395587e-05,0.00017983967,0.000108365035,5.4553675e-05,0.00012064806,0.83323777,0.16588368,3.3579367e-05
TCAGGTACATGTCCTC-1-HCAHeart7844004,2.419916e-05,7.773005e-06,0.99966025,7.5862263e-06,1.2546412e-05,8.355273e-06,8.497147e-05,8.207949e-06,0.00016417369,1.6916395e-06,2.023808e-05
GTCATTTCACTCTGTC-1-HCAHeart7880861,2.6494072e-05,4.6267396e-06,5.992393e-06,0.99991786,6.9469297e-06,3.942509e-06,2.347109e-06,1.2069485e-05,7.1279196e-06,2.7504175e-06,9.816887e-06
GTCAAGTTCGTAGGTT-1-HCAHeart7844004,5.3213458e-05,4.648827e-06,7.595482e-05,3.459596e-05,4.6385063e-05,4.3612774e-05,1.5970114e-05,2.6769505e-05,0.9925101,0.007180828,7.94487e-06
TAGGCATGTCGCGTGT-1-HCAHeart7844003,0.0002623767,4.7257337e-05,0.040162027,0.00019585772,0.0003734353,0.00053337176,0.0003446069,0.00014001326,0.8383777,0.1192922,0.00027111932
TACGCTCGTCTCCCTA-1-HCAHeart7905327,5.718589e-06,3.33252e-06,0.9998497,3.159194e-05,5.620832e-06,7.801937e-06,8.95959e-06,5.2811893e-06,7.479e-05,6.52509e-07,6.642631e-06
AACAACCCAATATCCG-1-HCAHeart7905328,6.913143e-06,2.820546e-06,0.9996735,1.5155653e-05,8.5709025e-06,1.0928322e-05,1.3996785e-05,3.3102312e-06,0.00025214945,1.1113568e-06,1.1518471e-05
TTTCCTCGTCAATACC-1-HCAHeart7844001,1.1918953e-05,1.0380237e-06,3.3810305e-05,2.3310397e-05,1.3915266e-05,1.6325012e-05,5.468981e-06,3.0987492e-05,0.9997069,0.0001514074,4.7559624e-06
ACTGTCCGTCACAAGG-1-HCAHeart7880862,2.1651713e-06,0.999848,5.6254935e-06,8.242564e-06,1.1632973e-05,1.7242352e-05,6.0584384e-06,1.8602808e-05,2.3692942e-06,1.0178461e-05,6.985198e-05
CACAAACGTTGGAGGT-1-HCAHeart7880862,1.9834317e-05,9.26608e-06,7.4026066e-06,0.99990404,9.354167e-06,5.0309477e-06,2.3951177e-06,2.043134e-05,8.083021e-06,4.6135806e-06,9.700338e-06
TGACAACCAAGCCGTC-1-HCAHeart7844002,4.37846e-06,8.5517695e-06,7.230766e-06,3.22446e-05,0.99980575,2.6162038e-06,9.412937e-05,9.289244e-06,1.5216113e-05,1.1858201e-05,8.667954e-06
AAGGCAGCATAGTAAG-1-HCAHeart7844001,7.045509e-05,4.8117552e-05,1.958278e-05,9.765959e-07,0.00012694889,5.681947e-05,0.9996629,1.7511795e-06,5.3905624e-06,4.9681175e-06,2.1150813e-06
TGCGTGGGTCTAGTGT-1-HCAHeart7844001,6.7065716e-06,1.1973185e-06,0.00011457496,1.5430816e-05,3.05775e-05,8.520666e-06,6.0837738e-06,1.9043651e-05,0.99963903,0.00015442571,4.3100654e-06
CTTAGGAAGGGTTTCT-1-HCAHeart7843999,9.810419e-06,1.3768241e-05,1.0001003e-05,1.0007853e-05,2.2372244e-05,9.848713e-06,5.795947e-06,9.085267e-06,0.00014340995,0.9997614,4.253682e-06
TCTCTAAAGTTGTCGT-1-HCAHeart7843999,2.877237e-05,1.5486088e-05,1.4487e-05,1.420687e-06,0.00032225848,1.5117201e-05,0.9995907,1.1148144e-06,4.7380763e-06,3.840584e-06,2.1338917e-06
CTGAAACAGGCTAGGT-1-HCAHeart7844000,1.25425795e-05,4.0095415e-06,0.999864,8.015737e-06,3.5202222e-06,5.918088e-06,2.0612173e-05,4.237897e-06,6.728362e-05,7.6739235e-07,8.97922e-06
CCGGGATGTAGGCATG-1-HCAHeart7880862,2.972626e-05,7.727516e-06,1.722274e-05,0.9997409,1.283501e-05,2.1071839e-05,6.614323e-06,7.8909936e-05,6.262252e-05,7.897863e-06,1.45197455e-05
AGGTGTTCACAGTACT-1-HCAHeart7905328,6.155507e-06,3.3880142e-06,0.99988246,2.4193414e-05,5.034372e-06,1.1701224e-05,8.7507415e-06,3.5452656e-06,4.354985e-05,9.1283135e-07,1.0390445e-05
ACGCCGAGTGGCCCTA-1-HCAHeart7888927,1.5618945e-06,3.244032e-05,6.4489536e-06,1.1180655e-05,7.925452e-06,5.7061648e-06,8.971798e-07,3.0576707e-06,5.4428387e-05,2.3447194e-06,0.9998739
ACATGGTGTACCGTAT-1-HCAHeart7844002,6.7978685e-06,2.7461444e-06,0.9998584,6.3400453e-06,4.4002363e-06,6.0314983e-06,1.2638844e-05,2.4614637e-06,8.8142726e-05,6.461692e-07,1.1326243e-05
CCCTCTCCACAGCTTA-1-HCAHeart7905331,8.249346e-06,2.9805635e-06,0.99988556,7.861649e-06,3.2205207e-06,4.3461837e-06,1.1052201e-05,3.5420223e-06,6.5746855e-05,5.2433353e-07,6.91606e-06
GAAACTCTCCATGAAC-1-HCAHeart7844001,4.6048775e-05,2.2774915e-05,3.850845e-05,1.6211318e-06,0.0001649951,2.464174e-05,0.9996834,1.58629e-06,7.657717e-06,5.671791e-06,3.1724119e-06
GGACAAGTCACTTACT-1-HCAHeart7844003,3.6982587e-05,1.5983425e-05,1.3503944e-05,1.7318336e-05,1.9590885e-05,1.8138006e-05,8.124111e-06,1.9327132e-05,0.00030592742,0.9995408,4.4875746e-06
GACTGCGAGTAATCCC-1-HCAHeart7844001,3.9061024e-06,8.604377e-06,6.242791e-06,2.7107986e-05,0.9997912,2.228661e-06,0.00012309855,1.1032836e-05,1.1508122e-05,8.6471455e-06,6.3840307e-06
AAACCTGCATCCGCGA-1-HCAHeart7844003,5.3168515e-05,1.3692607e-05,0.9996555,2.4816844e-05,9.51183e-06,1.9762781e-05,5.5528308e-05,1.0341934e-05,4.359855e-05,1.6081674e-06,0.00011246139
TGGCTGGTCACCTTAT-1-HCAHeart7880862,1.1240311e-05,0.99498075,1.3370113e-05,4.5068184e-05,5.4701315e-05,0.00012779557,2.0869935e-05,0.00011427271,1.2580666e-05,1.4857913e-05,0.004604688
GGGCCATCAACCGTGC-1-HCAHeart7905327,5.3302633e-06,3.6643237e-06,0.9997291,1.39829945e-05,9.691659e-06,9.816344e-06,1.5072548e-05,3.3270665e-06,0.00020109057,1.1075439e-06,7.996157e-06
CGACCTTGTCACAAGG-1-HCAHeart7844004,1.7880457e-05,9.270422e-06,0.9997869,7.943679e-06,6.616211e-06,1.1721639e-05,7.471045e-05,4.3793043e-06,5.8173515e-05,1.1454864e-06,2.1036103e-05
CCCTCCTGTGACCAAG-1-HCAHeart7843999,5.5200976e-06,2.6819453e-06,0.99982435,1.655059e-05,5.1559855e-06,9.438449e-06,1.1224416e-05,2.591601e-06,0.00011265269,6.348024e-07,9.31604e-06
TCGGGACTCGTTTACT-1-HCAHeart7905327,9.945336e-06,1.4357208e-05,8.796949e-06,1.0159273e-05,2.0381123e-05,9.239208e-06,5.3130334e-06,9.880248e-06,0.00013533262,0.9997731,3.501795e-06
GTGTTAGCAGATCCAT-1-HCAHeart7888926,2.5019494e-06,4.6314617e-05,5.3226695e-06,1.48766185e-05,9.5654395e-06,5.382685e-06,1.0151781e-06,5.3253607e-06,6.070861e-05,2.3667253e-06,0.99984646
AAGACCTGTCCAAGTT-1-HCAHeart7888927,8.636358e-05,7.229166e-05,0.00010857118,5.2212985e-05,0.013103593,3.056529e-05,0.9864782,8.392847e-06,2.6417541e-05,1.4207309e-05,1.9235216e-05
CCTCAGTAGTTGCATC-1-HCAHeart7905329,6.6623497e-06,2.9348732e-06,0.9998412,6.3943494e-06,4.9637933e-06,6.540739e-06,1.33535705e-05,2.6992027e-06,9.768475e-05,7.926572e-07,1.6577078e-05
AAGCCGCGTCTGGAGA-1-HCAHeart7844004,1.005069e-05,5.9393656e-06,0.9998785,6.880828e-06,4.6340997e-06,6.4445503e-06,2.3680892e-05,3.901678e-06,4.635649e-05,7.2409017e-07,1.278161e-05
AACTGGTTCGCGGATC-1-HCAHeart7844001,9.42628e-06,6.8720888e-06,0.999877,7.3392057e-06,4.5574598e-06,4.6457967e-06,2.4896191e-05,3.7599993e-06,4.9981045e-05,7.422698e-07,1.0734589e-05
CTGCAGGTCGCCGATG-1-HCAHeart7905330,1.2854518e-05,1.30168755e-05,1.2399025e-05,1.1721586e-05,3.0271955e-05,1.2585817e-05,7.023752e-06,1.0565411e-05,0.00019145022,0.9996928,5.3447443e-06
CTCACACTCGTGGGAA-1-HCAHeart7844001,4.3581886e-06,8.578938e-06,6.418885e-06,3.440843e-05,0.99977237,2.1584374e-06,0.0001345524,9.268175e-06,1.2089846e-05,9.523073e-06,6.281342e-06
TCTACATCAGAAACCG-1-HCAHeart7905327,6.707001e-06,3.3923882e-06,0.9998938,7.821404e-06,2.8701345e-06,3.7776133e-06,1.1773197e-05,3.0128444e-06,5.9309008e-05,6.081185e-07,6.8639188e-06
AAAGTAGTCAGCTCTC-1-HCAHeart7880861,4.359128e-06,7.982664e-05,3.9199433e-05,1.7868846e-05,1.3283875e-05,2.565293e-05,4.4353988e-06,6.003132e-06,7.46793e-05,4.2326947e-06,0.9997305
GTGCTTCTCATAAAGG-1-HCAHeart7844002,4.914366e-06,1.0627013e-05,6.9861876e-06,1.6850036e-05,0.99976045,2.444411e-06,0.00015337474,1.5022807e-05,1.3137736e-05,9.159782e-06,6.9815187e-06
TAGAGCTAGTCAAGCG-1-HCAHeart7844003,2.0499196e-05,6.28321e-06,0.99961203,1.8489163e-05,8.47966e-06,1.686607e-05,4.6164118e-05,9.264011e-06,0.00025431148,1.4626487e-06,6.2372337e-06
CTCTAATGTCTAGCGC-1-HCAHeart7844002,6.2409204e-06,1.1230025e-05,3.3394714e-05,4.9146725e-05,0.9994105,6.1073533e-06,0.00040218935,9.524647e-06,2.0207704e-05,1.0529569e-05,4.0927567e-05
ACCCACTAGATAGTCA-1-HCAHeart7844003,6.300944e-06,8.547989e-06,9.588716e-06,3.4962224e-05,0.9995485,2.7859921e-06,0.0003470674,8.903237e-06,1.5643798e-05,9.104442e-06,8.600878e-06
TGCGTGGTCGCCAGCA-1-HCAHeart7844001,3.0534844e-05,5.5348623e-06,0.993475,2.6453947e-05,2.4214649e-05,3.686677e-05,4.72106e-05,1.044199e-05,0.0063027875,8.138631e-06,3.2905766e-05
TCTATTGAGAGTACAT-1-HCAHeart7888927,3.483707e-06,5.8571495e-05,9.008222e-06,4.1407682e-05,1.1661497e-05,7.6002534e-06,1.864189e-06,7.5273047e-06,0.00015480485,3.7109232e-06,0.9997003
ATAGACCCAGTAAGAT-1-HCAHeart7844003,8.288037e-06,2.9837986e-06,0.99989843,6.7749575e-06,3.0595338e-06,5.0290105e-06,9.354774e-06,2.88604e-06,5.2442338e-05,5.135312e-07,1.0296506e-05
TTAGGACCACATCCGG-1-HCAHeart7844001,7.950132e-06,1.954567e-06,0.9997454,2.1380716e-05,5.955158e-06,3.1832817e-05,9.353593e-06,2.9543494e-06,0.00015528176,7.172445e-07,1.7267486e-05
ACTATCTTCGGCGGTT-1-HCAHeart7844000,1.4789032e-05,6.1907085e-06,0.99988484,1.380418e-05,2.8086913e-06,6.129559e-06,1.5515263e-05,5.0952676e-06,4.2939962e-05,7.526709e-07,7.0275737e-06
CGACCTTAGAGGTTGC-1-HCAHeart7888927,3.075928e-06,2.9343559e-05,8.113007e-06,1.8156243e-05,1.0413077e-05,5.712091e-06,1.4940094e-06,6.061273e-06,0.00020157563,3.8235225e-06,0.99971217
CGCATAAAGCGACTAG-1-HCAHeart7905327,2.022443e-05,1.0204096e-05,0.99964833,8.403392e-06,1.1527885e-05,1.2642867e-05,0.00016002235,5.3660283e-06,8.246607e-05,1.653721e-06,3.905945e-05
TTCCGGTTCTCTATAC-1-HCAHeart7905328,9.243469e-06,1.2366203e-05,9.1456905e-06,9.917852e-06,2.3162629e-05,9.496011e-06,5.5601176e-06,9.901882e-06,0.00020508813,0.9997019,4.2348506e-06
CAGCTGGGTCTGCGGT-1-HCAHeart7844004,9.90331e-06,2.6552784e-06,0.99988616,1.23202735e-05,3.0077517e-06,1.10082065e-05,9.155099e-06,3.1158195e-06,4.720187e-05,4.880692e-07,1.5112038e-05
GTGCAGCTCTTCTGGC-1-HCAHeart7880861,6.898336e-06,9.858941e-06,7.3327637e-06,8.070431e-05,0.9996112,2.7561452e-06,0.00020413897,2.550337e-05,3.085052e-05,9.924741e-06,1.0880337e-05
GCATGATGTCTAGCCG-1-HCAHeart7843999,7.454402e-06,3.1678337e-06,0.99985945,6.5736385e-06,5.410495e-06,8.4541e-06,1.633621e-05,2.5195138e-06,6.829199e-05,6.877728e-07,2.1635646e-05
TAGCCGGCATGATCCA-1-HCAHeart7844001,1.8789897e-05,4.9760692e-06,0.9989272,1.7748993e-05,1.7170312e-05,3.7603975e-05,8.852392e-05,9.213942e-06,0.00085977255,2.9147927e-06,1.6216065e-05
TTAGGACGTAAAGGAG-1-HCAHeart7888926,3.6847094e-05,1.3446735e-05,8.034483e-06,0.99986815,9.692342e-06,8.482173e-06,2.3881892e-06,2.4164821e-05,1.09155635e-05,4.732328e-06,1.3130545e-05
GCAGCTGAGGGATCGT-1-HCAHeart7905328,7.852507e-06,1.3892591e-06,3.760389e-05,1.0374913e-05,2.5011685e-05,7.0024316e-06,3.886602e-06,9.510401e-06,0.9995844,0.00030538804,7.465689e-06
ACTGATGGTAAACCTC-1-HCAHeart7880862,1.1322397e-05,2.7290257e-06,0.9996972,5.7456902e-05,3.8591393e-06,2.9854195e-05,9.534897e-06,9.670669e-06,0.0001689843,1.0280045e-06,8.344799e-06
ATACCTTTCCAAGGGA-1-HCAHeart7905328,0.000104180115,2.969051e-05,6.267668e-05,4.629128e-05,0.0001321415,6.2249026e-05,3.2896005e-05,5.8947433e-05,0.056440223,0.94300663,2.410495e-05
CTACACCGTCCCGACA-1-HCAHeart7844004,2.4487339e-05,9.26621e-06,0.9997893,8.634438e-06,5.2411137e-06,8.057359e-06,4.2534295e-05,6.307278e-06,7.664933e-05,1.233705e-06,2.8222355e-05
GAGGGATCAGGGCTTC-1-HCAHeart7905328,1.0931886e-05,2.6269724e-06,0.9998431,2.2470813e-05,3.422828e-06,1.0225579e-05,8.097496e-06,3.4290947e-06,8.1146776e-05,7.0274245e-07,1.3756714e-05
TTGAACGAGCTTATCG-1-HCAHeart7880862,5.9181816e-06,0.9995309,6.829387e-06,6.934305e-05,3.380948e-05,3.0396151e-05,8.681171e-06,6.339478e-05,8.379118e-06,1.3230315e-05,0.00022908286
AGAATAGTCCGGCACA-1-HCAHeart7844001,2.0755355e-05,1.4055995e-05,1.8453242e-05,1.4177739e-05,5.967873e-05,1.8211818e-05,1.3340809e-05,2.1104774e-05,0.0019711757,0.9978403,8.761691e-06
CTACCTGCACTACACA-1-HCAHeart7905328,9.719997e-06,4.2705124e-06,0.9998373,7.181705e-06,6.0720936e-06,9.1226675e-06,3.204586e-05,3.8896324e-06,8.0964026e-05,7.8881123e-07,8.590868e-06
AGCATACAGAAACGAG-1-HCAHeart7844001,2.5148558e-05,1.0843528e-05,8.619175e-06,2.322706e-06,0.00033443046,2.1853199e-05,0.9995869,1.1627089e-06,3.6250292e-06,3.2407895e-06,1.8071011e-06
CTCTGGTTCAACACTG-1-HCAHeart7844002,8.2001025e-06,1.2473829e-05,3.5177723e-05,7.493453e-05,0.9991086,8.028962e-06,0.00066884793,1.1242372e-05,1.9132365e-05,1.1590187e-05,4.174977e-05
GCTGAATTCGTAGAGG-1-HCAHeart7905327,6.619947e-06,3.4201455e-06,0.9998049,1.0795173e-05,5.8414366e-06,5.371446e-06,1.9071656e-05,3.2073456e-06,0.00013292854,7.8071355e-07,7.0160504e-06
CACATTTGTACCATCA-1-HCAHeart7844001,2.0082645e-05,6.1155397e-06,0.99986386,1.5574413e-05,2.9144446e-06,8.234689e-06,1.7144523e-05,5.349555e-06,4.799568e-05,7.856414e-07,1.1880805e-05
TGGTAGTGTAACCCGC-1-HCAHeart7905331,9.204104e-06,3.7598643e-06,0.99946064,2.717918e-05,1.4600798e-05,2.1723528e-05,1.6262584e-05,3.9410893e-06,0.0004187889,1.3957107e-06,2.2624597e-05
TCGGTAAGTAGCGTGA-1-HCAHeart7844003,2.5214627e-05,5.1567677e-06,0.9989447,1.2534764e-05,1.2444076e-05,1.27015965e-05,3.575852e-05,7.3502156e-06,0.0009263695,2.4585647e-06,1.5347652e-05
ACTTCCGGTACCTGTA-1-HCAHeart7905328,8.821252e-06,1.27782e-05,1.0469872e-05,9.485806e-06,2.5280262e-05,8.860761e-06,6.347768e-06,8.98888e-06,0.00022620198,0.9996785,4.383317e-06
CAGCAGCTCGGTTAAC-1-HCAHeart7844004,7.1896993e-06,1.0314535e-05,0.99988174,8.630108e-06,5.467794e-06,4.5769075e-06,2.314319e-05,4.024626e-06,4.475335e-05,8.0321826e-07,9.454981e-06
GTTTCTACACCGATAT-1-HCAHeart7844004,6.48207e-06,9.444601e-07,3.404362e-05,6.9851476e-06,1.8899005e-05,5.078184e-06,2.9714718e-06,1.52274715e-05,0.99975175,0.00015080547,6.7445303e-06
AGCGTCGAGCGCCTCA-1-HCAHeart7880862,2.1822857e-06,0.9998641,5.832202e-06,7.268496e-06,1.0911461e-05,1.5897642e-05,6.337416e-06,1.7099066e-05,2.2725903e-06,8.933832e-06,5.924275e-05
GTACTCCAGGAGTACC-1-HCAHeart7844004,2.9270892e-05,2.0746475e-05,1.0437754e-05,1.4992821e-06,0.00068566407,1.4998892e-05,0.9992242,1.2627111e-06,5.371896e-06,4.236058e-06,2.2937668e-06
ATCTGCCTCGGCATCG-1-HCAHeart7844001,5.5612163e-05,1.9055813e-05,0.8865045,0.0002072619,0.000110149675,0.00012389825,0.00012699363,5.370351e-05,0.112670824,9.367139e-05,3.4502988e-05
ATGGGTTGTATAATGG-1-HCAHeart7905328,6.567957e-06,3.1645673e-06,0.9999083,6.660497e-06,2.919877e-06,4.141758e-06,1.0740966e-05,3.053737e-06,4.752665e-05,5.171668e-07,6.3671932e-06
GGAGCAACATTCTCAT-1-HCAHeart7844001,2.4933599e-05,1.8626956e-06,3.3528828e-05,1.115089e-05,2.2070195e-05,1.687729e-05,8.176485e-06,2.2863846e-05,0.99868137,0.0011699888,7.148162e-06
CGGGTGTCAGTGTGCC-1-HCAHeart7905328,5.643902e-06,2.8301454e-06,0.9998791,2.0505591e-05,6.396824e-06,1.785617e-05,9.554036e-06,3.0135448e-06,4.313985e-05,8.137925e-07,1.1108622e-05
ATCACGAAGGTAAACT-1-HCAHeart7844001,1.2214069e-05,3.296162e-06,0.9998221,9.506813e-06,4.7797466e-06,1.45150825e-05,2.4625942e-05,4.1344e-06,9.1905575e-05,8.190489e-07,1.2030558e-05
CACAAACTCCGAAGAG-1-HCAHeart7844001,0.0004209756,3.678766e-05,0.0074814055,0.00015498202,0.00030072342,0.000598101,0.000263947,0.0022644412,0.90241045,0.08600191,6.617026e-05
CGCTATCAGCTGTTCA-1-HCAHeart7844001,6.1192964e-05,1.1062512e-05,0.999708,1.0034583e-05,4.945127e-06,1.1221997e-05,4.9382485e-05,1.7042676e-05,0.00011179691,1.908439e-06,1.3549679e-05
CGGAGCTAGTTGTCGT-1-HCAHeart7844004,1.0765521e-05,1.0745795e-05,0.99987435,1.0472063e-05,4.2016018e-06,8.211695e-06,2.4434506e-05,5.029465e-06,4.3460794e-05,1.1215961e-06,7.199561e-06
TCATTTGTCCCTTGTG-1-HCAHeart7880861,4.7532536e-05,4.8517227e-06,6.0833404e-06,0.9998872,6.6312336e-06,5.3727595e-06,2.7118333e-06,1.7569975e-05,8.736425e-06,3.1794805e-06,1.0078403e-05
AGCTCCTTCAACACTG-1-HCAHeart7888926,4.1819992e-05,6.0478804e-05,4.1441515e-05,1.081838e-05,0.002829484,2.0775835e-05,0.9969578,3.346721e-06,1.5767964e-05,9.458943e-06,8.917902e-06
CTAGGTAGTTAGCGGA-1-HCAHeart7905328,7.420197e-06,3.7455482e-06,0.9998542,5.8771966e-06,5.0317913e-06,5.4054694e-06,1.671453e-05,2.84565e-06,8.695329e-05,6.743726e-07,1.1168478e-05
TGGGAAGAGGTTCCTA-1-HCAHeart7844004,8.501829e-06,1.2210153e-06,6.862084e-05,1.5614129e-05,2.2872511e-05,8.299492e-06,4.0907494e-06,1.8766552e-05,0.99974424,0.000101690166,6.1618794e-06
CAAGATCCACAGACTT-1-HCAHeart7844004,1.470704e-05,2.3626221e-06,0.99956864,1.4570033e-05,6.0191333e-06,2.0634896e-05,1.553859e-05,3.8380426e-06,0.0003359632,1.2159904e-06,1.657961e-05
CCTCCTCGTAAGATAC-1-HCAHeart7905331,8.865719e-06,3.4632278e-06,0.999783,7.278991e-06,5.8249034e-06,6.3083694e-06,2.4859213e-05,2.9930409e-06,0.00014724827,9.331193e-07,9.208776e-06
TAGCACAAGCCATATC-1-HCAHeart7905332,6.6758016e-06,4.1109597e-06,0.99988604,1.9564915e-05,4.8833244e-06,9.6852345e-06,1.217236e-05,4.6426494e-06,4.3356522e-05,1.170751e-06,7.7486975e-06
TCAGCAACAGCCTTGG-1-HCAHeart7844004,1.3714881e-05,3.40785e-06,0.99987507,6.098869e-06,3.3612487e-06,7.012462e-06,1.4369837e-05,3.7213542e-06,6.096581e-05,9.595851e-07,1.1299934e-05
GAAATGAGTCAGAGGT-1-HCAHeart7843999,5.3108847e-06,3.0984972e-06,0.9999064,1.11472045e-05,3.1858065e-06,4.6890705e-06,8.15526e-06,2.7192818e-06,4.7547186e-05,5.04553e-07,7.1299596e-06
GTTCATTAGACAATAC-1-HCAHeart7880862,2.196279e-06,0.99984896,5.0981953e-06,8.141837e-06,1.5099879e-05,2.0644798e-05,6.2029676e-06,2.0809952e-05,2.3795635e-06,8.737632e-06,6.179365e-05
CTCGGAGGTAGTACCT-1-HCAHeart7844004,2.7244812e-05,8.626886e-06,0.999762,9.190824e-06,6.9101757e-06,1.7279848e-05,5.2239375e-05,5.2986597e-06,6.518455e-05,1.4362806e-06,4.4748205e-05
TGCAGATGTCTTCAAG-1-HCAHeart7905327,0.00019756291,8.345272e-06,2.9733646e-05,0.9996718,1.11994805e-05,1.1967419e-05,4.5295933e-06,2.0379799e-05,1.910057e-05,1.4923166e-05,1.05146e-05
TCGTAGAAGGTGCAAC-1-HCAHeart7844004,5.9913423e-06,8.083967e-06,7.452237e-06,2.9742727e-05,0.9996158,2.3126058e-06,0.00028889716,7.530761e-06,1.585887e-05,1.1738973e-05,6.6446246e-06
CCTAAAGCAAGAGGCT-1-HCAHeart7844001,0.00016177415,0.0001601171,6.139558e-05,3.036578e-05,0.11139766,6.715627e-05,0.8880028,1.6290765e-05,4.124857e-05,3.3409433e-05,2.7803648e-05
GACGGCTTCTGTCTCG-1-HCAHeart7844001,1.4960778e-05,7.3458104e-06,0.99969125,1.19775395e-05,1.0093201e-05,2.1656031e-05,4.1200703e-05,6.5412482e-06,0.00014990006,1.3762398e-06,4.3516826e-05
AGCGATTTCTCGTGGG-1-HCAHeart7905331,7.213411e-05,1.3401061e-05,0.12068941,9.091879e-05,0.00018279481,7.470086e-05,0.00010132147,6.99937e-05,0.87840605,0.00026085225,3.8497434e-05
CGAACATTCCACTCCA-1-HCAHeart7844004,9.2950446e-05,2.5625004e-05,6.9513175e-05,3.340582e-05,0.00012309225,6.2845626e-05,3.3212113e-05,4.741698e-05,0.055835012,0.94364345,3.342121e-05
AATCCAGTCTATCCTA-1-HCAHeart7844001,0.0013221179,6.2586754e-05,3.973043e-05,6.5628396e-05,8.109314e-05,2.4778139e-05,4.0041064e-06,0.9982602,5.0109433e-05,4.410379e-05,4.5637036e-05
GGATCTAGTAGCTGCC-1-HCAHeart7905329,6.744702e-06,1.1398565e-06,4.3253887e-05,7.848803e-06,2.9065608e-05,5.9959284e-06,3.8617673e-06,1.3080983e-05,0.9996075,0.0002748316,6.6349635e-06
TCAGATGGTCCAGTTA-1-HCAHeart7844000,8.292836e-06,9.987127e-07,2.5405474e-05,9.228698e-06,1.6656059e-05,7.019438e-06,3.13076e-06,1.2438815e-05,0.9997259,0.00018445484,6.592007e-06
AAGCCGCCAGATCGGA-1-HCAHeart7844001,1.00755215e-05,4.358328e-06,0.9998702,9.527365e-06,5.1342636e-06,1.8946941e-05,2.5988096e-05,3.6273086e-06,3.4280187e-05,6.941185e-07,1.7202345e-05
GCGCAGTAGCCAGAAC-1-HCAHeart7844001,0.00033091215,6.936759e-05,0.6475601,0.00018198372,0.00045195103,0.00023981475,0.001113862,0.0001897916,0.34713992,0.0026599215,6.229235e-05
TATTTCGGTCTGCCTT-1-HCAHeart7905327,8.111853e-06,6.0709103e-06,0.9998274,5.477786e-05,9.117019e-06,1.6483162e-05,1.4036438e-05,9.72463e-06,4.357142e-05,1.554545e-06,9.037696e-06
AACTCCCCACCGAATT-1-HCAHeart7844003,4.05435e-05,7.3664116e-05,3.0884985e-05,2.1924307e-05,4.8702612e-05,3.3314664e-05,4.309984e-05,2.9355737e-05,0.0012590791,0.99841166,7.7866525e-06
TTATGCTTCGTTGACA-1-HCAHeart7844002,7.326611e-06,3.0350284e-06,0.9998989,8.176029e-06,2.8232705e-06,5.509622e-06,9.671736e-06,3.0115932e-06,5.273671e-05,6.490018e-07,8.087599e-06
AAGACCTAGTGTACCT-1-HCAHeart7844002,3.274551e-05,1.5967e-05,1.16872225e-05,1.3217876e-06,0.00017256387,3.1917574e-05,0.99972373,1.268339e-06,3.8311737e-06,3.2287726e-06,1.7252123e-06
GTGCATATCTTCCTTC-1-HCAHeart7844003,0.00010378428,3.751866e-05,0.9799672,5.9518497e-05,7.547624e-05,6.498161e-05,0.0003035077,5.6728044e-05,0.019085055,0.00022477431,2.158746e-05
GACACGCAGTGGCACA-1-HCAHeart7843999,7.670555e-06,3.3169742e-06,0.9998907,6.299075e-06,3.9088723e-06,5.897017e-06,1.1845486e-05,3.0163055e-06,5.4169344e-05,5.297424e-07,1.2809685e-05
GCGCGATAGGCATTGG-1-HCAHeart7880860,1.3332641e-06,6.093298e-05,9.699799e-06,7.706725e-06,9.131823e-06,8.831094e-06,7.655386e-07,3.654797e-06,2.8925793e-05,2.2085148e-06,0.9998667
AGCTTGATCTGTCTAT-1-HCAHeart7844003,8.752072e-06,2.48171e-06,0.9998809,1.014123e-05,3.1534903e-06,9.863049e-06,9.810075e-06,3.0808717e-06,5.6754303e-05,5.186853e-07,1.45784215e-05
ATCATGGAGCGACGTA-1-HCAHeart7844000,1.1188847e-05,3.959026e-06,0.9999063,8.775688e-06,2.5899578e-06,5.5411847e-06,1.220349e-05,3.7742434e-06,3.683455e-05,5.995276e-07,8.218288e-06
GAGGTGAAGTGTTTGC-1-HCAHeart7843999,7.3497376e-06,2.5295826e-06,0.9998404,7.309893e-06,4.323144e-06,7.5175835e-06,1.4088737e-05,2.4231363e-06,0.000100395264,6.768684e-07,1.3051827e-05
CCTCTCCCACTAACGT-1-HCAHeart7905328,9.892892e-06,1.400722e-05,1.1913695e-05,9.801181e-06,3.29521e-05,9.944965e-06,7.29985e-06,9.416153e-06,0.00033100336,0.9995585,5.203452e-06
ATAGACCAGAGAGCTC-1-HCAHeart7844001,9.555158e-05,2.3768003e-05,0.9991485,1.5842736e-05,1.1177254e-05,5.4276406e-05,0.00047738286,1.1581203e-05,0.00014205638,3.1455538e-06,1.672181e-05
TGGGCGTAGGCCGAAT-1-HCAHeart7844003,0.00012181342,1.1526185e-05,2.2459908e-05,1.8815764e-06,0.00015272517,9.1373615e-05,0.9995828,1.3645864e-06,5.8037717e-06,4.543796e-06,3.7783875e-06
GCCCGAACATTGTAGC-1-HCAHeart7905332,6.234494e-06,3.4224752e-06,0.99981827,2.8535553e-05,5.7441093e-06,7.901187e-06,1.6080068e-05,3.5255846e-06,0.000101177444,7.7586014e-07,8.4570665e-06
CGAAGTTAGGTACAGC-1-HCAHeart7905332,1.3366551e-05,6.337269e-06,0.9998534,8.330708e-06,4.5515144e-06,3.3912613e-06,3.1084295e-05,4.6288196e-06,6.496219e-05,9.734305e-07,8.912546e-06
GCTCTGTCAATCTACG-1-HCAHeart7843999,6.6471853e-06,2.3598782e-06,0.9998865,1.1936804e-05,3.18328e-06,9.849259e-06,8.599636e-06,2.1149594e-06,5.6819066e-05,4.6652497e-07,1.1477488e-05
CTAACCCGTGATTCTG-1-HCAHeart7905332,8.193148e-06,3.42395e-06,0.9998447,5.8564812e-05,3.903414e-06,8.70348e-06,1.0049939e-05,5.6167046e-06,5.0323837e-05,7.824568e-07,5.782725e-06
ACGCAGCTCCAAATGC-1-HCAHeart7888926,1.6839015e-06,2.7346905e-05,8.71919e-06,9.2127e-06,8.399497e-06,5.0905514e-06,9.906636e-07,2.7573126e-06,3.9831993e-05,1.7212205e-06,0.9998944
CGACTTCCAATGAAAC-1-HCAHeart7888926,1.4992718e-06,2.871911e-05,5.4151633e-06,8.404264e-06,9.092663e-06,3.8327444e-06,8.0592605e-07,3.5435696e-06,4.2607087e-05,1.9646454e-06,0.99989414
CACATAGCATAGACTC-1-HCAHeart7843999,5.882696e-06,1.2178911e-05,1.0932787e-05,5.5205586e-05,0.99973184,3.733671e-06,0.00010848084,1.0243062e-05,2.2900558e-05,1.445173e-05,2.4180637e-05
CTGCCTATCAGATAAG-1-HCAHeart7888927,8.323224e-05,2.3581499e-05,2.3287925e-05,0.9990852,2.5848723e-05,3.252649e-05,9.877322e-06,0.0005534919,8.953426e-05,7.5148646e-06,6.598928e-05
TAGAGCTAGGGTATCG-1-HCAHeart7888926,1.988283e-06,0.00010871208,8.046298e-06,1.3987297e-05,1.0741946e-05,1.3413547e-05,8.0602564e-07,5.6426816e-06,2.1080366e-05,1.9579224e-06,0.9998136
CGTCAGGAGGGATGGG-1-HCAHeart7844004,5.4171487e-06,4.043556e-06,0.99990785,1.0987783e-05,3.967378e-06,5.0479607e-06,1.15083785e-05,2.9209534e-06,4.1284093e-05,6.0686284e-07,6.3279276e-06
CGCGGTATCAGCGACC-1-HCAHeart7844001,3.806395e-05,1.5953021e-05,9.4987145e-06,1.1085415e-06,0.00014871448,3.3353885e-05,0.99974436,1.0120875e-06,3.705697e-06,2.7987999e-06,1.478799e-06
GGATTACTCTCGTTTA-1-HCAHeart7844004,7.703342e-06,2.8274897e-06,0.99990547,1.5958043e-05,2.4930862e-06,9.465681e-06,6.5722616e-06,2.8863521e-06,4.0107156e-05,4.567151e-07,6.1305677e-06
AAATGCCGTTGACGTT-1-HCAHeart7844000,1.1899432e-05,3.2974526e-06,0.99990547,1.6253802e-05,2.2779486e-06,5.8064757e-06,8.982471e-06,4.7521326e-06,3.3506276e-05,5.2461456e-07,7.2586345e-06
ATGGGAGTCCTAGTGA-1-HCAHeart7844004,8.01508e-06,9.672877e-07,4.2847725e-05,6.3637913e-06,1.3910022e-05,7.328242e-06,3.827457e-06,8.9362e-06,0.99966097,0.00024153285,5.471891e-06
GACGTTACACGGTTTA-1-HCAHeart7880862,2.6467108e-06,0.99982613,5.511738e-06,8.1606495e-06,9.838525e-06,2.4691557e-05,6.6047696e-06,2.071979e-05,2.3376995e-06,9.150997e-06,8.421033e-05
TCCTCGAGTCGGTGTC-1-HCAHeart7905328,1.1024574e-05,1.2238706e-05,1.1450521e-05,9.633895e-06,2.5630528e-05,1.051631e-05,6.780199e-06,9.114136e-06,0.00033610116,0.99956185,5.7374086e-06
GACAGAGTCCGTCAAA-1-HCAHeart7844004,3.6294747e-05,8.799552e-06,0.9997142,6.791795e-06,8.9434625e-06,8.14442e-06,9.388866e-05,6.283229e-06,9.2851296e-05,1.6738883e-06,2.2047787e-05
CGTTGGGAGTATGACA-1-HCAHeart7888926,2.1546218e-06,2.9805879e-05,9.746449e-06,2.433439e-05,9.8643195e-06,7.0756155e-06,1.4294301e-06,3.2726377e-06,9.480603e-05,2.5126596e-06,0.99981505
GTACTCCTCGGAGGTA-1-HCAHeart7888927,2.3443874e-06,2.756938e-05,9.1890615e-06,1.7450202e-05,1.1394028e-05,5.8185565e-06,1.5555925e-06,5.0449144e-06,0.00017260139,3.3088036e-06,0.99974376
GTTAAGCCAATCCAAC-1-HCAHeart7844001,0.00011728255,1.6942542e-05,1.6242937e-05,1.3478427e-06,0.00020751363,4.6096528e-05,0.99958116,1.4128262e-06,4.999316e-06,4.2786055e-06,2.7181434e-06
TGCGATAAGTAACAGT-1-HCAHeart7905331,5.5415167e-06,2.565578e-06,0.9998441,1.1728515e-05,4.7874382e-06,6.823895e-06,1.01777605e-05,2.6925052e-06,0.000103353515,5.976316e-07,7.764972e-06
TACTGCCTCGAATGCT-1-HCAHeart7905329,1.3339833e-05,1.7036786e-05,1.0757023e-05,1.7723143e-05,2.1613629e-05,1.37056e-05,4.98825e-06,1.1290466e-05,0.00013209168,0.9997532,4.3155546e-06
GATTCAGCAGCATGAG-1-HCAHeart7844004,2.0597749e-05,9.191568e-06,0.99982953,7.349966e-06,5.62862e-06,5.7243014e-06,4.58397e-05,5.3428353e-06,5.311229e-05,1.0648479e-06,1.661742e-05
AACGTTGTCAAACGGG-1-HCAHeart7844003,6.0515436e-06,3.8161406e-06,0.9998909,1.301269e-05,4.0799605e-06,8.437773e-06,1.0823751e-05,3.0650713e-06,5.4008473e-05,7.602235e-07,5.0328204e-06
GTTGTAGGTGAACGGT-1-HCAHeart7905327,4.7552403e-06,2.5238712e-06,0.9998765,1.5350837e-05,3.7501354e-06,7.803842e-06,8.790998e-06,2.3257335e-06,6.9495545e-05,5.60952e-07,8.073146e-06
CTACCCAGTACCGTTA-1-HCAHeart7844001,0.00040392796,6.378805e-05,0.010801718,0.000188183,0.00053342903,0.000704076,0.00043878256,0.00042215243,0.40205368,0.58431584,7.444149e-05
AGTAGTCAGAATGTTG-1-HCAHeart7844001,3.4405464e-05,7.092774e-06,0.9986142,1.168471e-05,1.2185744e-05,1.32872265e-05,5.5367298e-05,1.437769e-05,0.0012162258,4.5808983e-06,1.6547121e-05
TCACGAACATGGTAGG-1-HCAHeart7844004,7.5971134e-06,3.0247224e-06,0.9997954,8.551878e-06,6.5392164e-06,1.149413e-05,1.5707079e-05,3.00778e-06,0.0001331017,6.847731e-07,1.4929041e-05
TCGTAGAAGCCAGTAG-1-HCAHeart7844004,1.1868806e-05,1.0048209e-05,0.99987566,8.506864e-06,4.2241268e-06,3.7596863e-06,2.666013e-05,5.425981e-06,4.436003e-05,9.075632e-07,8.478824e-06
GGTGCGTTCAACGAAA-1-HCAHeart7844001,2.2604954e-05,1.3473329e-05,7.2909347e-06,1.3341255e-06,0.00019503321,1.5379235e-05,0.99973446,9.270824e-07,4.1377534e-06,3.7872046e-06,1.4800344e-06
ATCTTCACATGTTACG-1-HCAHeart7905332,5.6754734e-06,2.556795e-06,0.99986136,1.1129038e-05,4.2304923e-06,6.582723e-06,1.0865616e-05,2.3353352e-06,8.740027e-05,6.0466255e-07,7.334417e-06
CATCGGGTCAGTTTGG-1-HCAHeart7844001,1.2231279e-05,3.4908312e-06,0.99988544,8.449718e-06,2.9179062e-06,6.4154065e-06,1.1634029e-05,4.2053603e-06,5.4865115e-05,5.884826e-07,9.8174105e-06
CACACAATCGCGTTTC-1-HCAHeart7844003,0.00052239874,3.4953704e-05,0.0016990514,0.00015754547,0.00021173387,0.00062202197,0.00032592696,0.00029058623,0.8106947,0.1854062,3.5001704e-05
ATAAGAGAGCTTCGCG-1-HCAHeart7844001,0.00019596334,1.594448e-05,0.00017983721,9.12221e-05,0.00013498992,0.00017537583,7.907824e-05,0.00022205406,0.8866037,0.112279266,2.2712911e-05
GAAGAATCATGAGAAT-1-HCAHeart7905332,8.954317e-06,3.6554275e-06,0.99985516,6.1553915e-06,3.862227e-06,4.710572e-06,1.9473602e-05,3.3268543e-06,8.385255e-05,8.1572404e-07,1.0056026e-05
TCAGCAAGTATATGAG-1-HCAHeart7844002,4.2164495e-05,5.233425e-06,0.99980515,8.109847e-06,3.9287897e-06,6.803927e-06,2.0405896e-05,8.629077e-06,8.252606e-05,1.0812768e-06,1.613051e-05
AGGTCCGTCTCCAGGG-1-HCAHeart7844004,7.5531875e-06,3.0706112e-06,0.9998399,8.662879e-06,4.2201705e-06,8.060995e-06,1.2142117e-05,3.3845404e-06,9.829963e-05,6.0323504e-07,1.4017591e-05
CGTTAGACATCGGACC-1-HCAHeart7844000,1.2599549e-05,2.9478492e-06,0.99987066,9.1810125e-06,3.3524686e-06,1.1481817e-05,1.2710339e-05,3.634471e-06,5.1150226e-05,6.463084e-07,2.166347e-05
AAGGCAGAGTGTTGAA-1-HCAHeart7844002,2.5301446e-05,1.2207952e-05,1.0878022e-05,2.4257397e-05,0.9991479,3.9932497e-06,0.00070700684,9.917066e-06,3.1041367e-05,1.6680277e-05,1.0721596e-05
ACACCGGTCCTATGTT-1-HCAHeart7880862,4.0861282e-06,0.9997546,6.481211e-06,3.5422763e-05,2.1095531e-05,2.0491721e-05,6.0524903e-06,3.31397e-05,4.072489e-06,1.4194132e-05,0.000100411264
CACTGGGAGTAAGAGG-1-HCAHeart7905332,8.186225e-06,2.7405624e-06,0.9998864,1.2250786e-05,2.8310026e-06,4.819295e-06,8.583821e-06,3.426141e-06,6.286454e-05,5.254052e-07,7.415887e-06
CACAGGCCATTGTGCA-1-HCAHeart7844003,3.6015217e-06,9.324796e-06,7.632977e-06,3.1455285e-05,0.9997929,2.4814183e-06,0.0001132258,1.1959535e-05,1.1484318e-05,7.317504e-06,8.6670825e-06
CGGACTGTCACATGCA-1-HCAHeart7844000,1.1516635e-05,3.7922348e-06,0.99982965,2.3778719e-05,3.516833e-06,1.3593602e-05,9.045917e-06,4.0345767e-06,7.810867e-05,6.2531285e-07,2.2172659e-05
GGGACCTTCTCCGGTT-1-HCAHeart7880863,3.330089e-05,5.5744963e-06,0.9992655,0.00024426045,6.2436575e-06,0.00030437578,1.8643157e-05,6.917594e-06,8.296526e-05,2.1166938e-06,2.9999781e-05
CACTCCAAGAGCCCAA-1-HCAHeart7880862,0.9995908,5.9773276e-05,2.2138694e-05,1.2101456e-05,1.0470821e-05,4.8985483e-05,0.0001268514,3.7052996e-05,4.813115e-05,1.465503e-05,2.8855635e-05
AATTTCCGTCTACGTA-1-HCAHeart7905332,1.0595059e-05,3.3203632e-06,0.99968934,2.4942323e-05,5.992366e-06,8.023835e-06,1.423778e-05,4.384142e-06,0.00022871005,1.0364347e-06,9.500521e-06
CGTCAGGGTAAGGATT-1-HCAHeart7844004,8.327136e-06,3.8892367e-06,0.9998728,8.852068e-06,3.8572853e-06,5.3126214e-06,1.8017156e-05,2.896836e-06,6.57007e-05,6.42578e-07,9.760621e-06
GTTCTCGGTAGCTCCG-1-HCAHeart7844001,9.249811e-05,8.021776e-06,7.0778864e-05,5.1767074e-05,8.006334e-05,7.1554954e-05,3.1420393e-05,6.3309344e-05,0.9685338,0.030981245,1.5644748e-05
GATAGAACAAACAGGC-1-HCAHeart7905327,8.007224e-06,3.2033154e-06,0.9998361,9.3056815e-06,4.619682e-06,4.8320762e-06,1.6076e-05,3.3974047e-06,0.0001075194,6.851225e-07,6.127372e-06
GTAATGCCACAAGTGG-1-HCAHeart7905328,2.6667454e-05,5.7078896e-06,0.99979275,8.013279e-06,4.80796e-06,7.8879075e-06,3.459454e-05,7.1438158e-06,9.53024e-05,1.1398351e-06,1.6110647e-05
AGGCCGTTCGGAAACG-1-HCAHeart7844001,6.0234397e-05,1.7798497e-05,1.2449491e-05,1.2729702e-06,0.00013483485,3.4345998e-05,0.9997273,1.0907278e-06,4.406302e-06,4.382102e-06,1.9187685e-06
AGCCTAAGTTTGTTGG-1-HCAHeart7888926,2.0885552e-06,2.4939907e-05,6.869767e-06,1.1042568e-05,7.900631e-06,4.4621925e-06,1.0871871e-06,3.7837895e-06,9.5407246e-05,2.9335806e-06,0.9998394
TCGCGTTAGAAGGTTT-1-HCAHeart7880862,2.095258e-05,0.00020556935,0.00014053844,0.000159828,1.1784208e-05,0.9991629,0.0001808148,1.43177585e-05,4.8157555e-05,1.3171559e-05,4.201174e-05
AGCCAGCCATGGATCT-1-HCAHeart7905328,8.721069e-06,3.4542186e-06,0.9998914,1.0106087e-05,3.5809085e-06,7.483667e-06,9.901492e-06,3.832379e-06,5.1190425e-05,1.0889289e-06,9.180301e-06
GCACTCTAGATCGGGT-1-HCAHeart7880860,1.5914123e-06,6.2660474e-05,6.121277e-06,1.0096746e-05,1.0957407e-05,6.814336e-06,7.0754663e-07,5.013481e-06,2.8951854e-05,2.0712546e-06,0.99986506
TGTCCCACATGTTGAC-1-HCAHeart7843999,3.9626735e-05,1.7003405e-05,1.8389012e-05,7.576105e-06,0.0031134484,2.2735285e-05,0.9967559,2.4714118e-06,8.377383e-06,8.000374e-06,6.4871856e-06
CAGCTGGCAAGCCTAT-1-HCAHeart7844001,2.0635882e-05,3.8430167e-06,0.99984527,1.4828046e-05,2.9368057e-06,9.584394e-06,1.2482823e-05,5.678463e-06,7.3979056e-05,7.008051e-07,1.00069265e-05
CTGCGGATCTACTTAC-1-HCAHeart7844003,1.098512e-05,1.4162729e-05,8.868347e-06,1.0521384e-05,1.853185e-05,1.0143504e-05,6.179177e-06,1.1153461e-05,0.00024653113,0.9996588,4.0005684e-06
GTCTTCGTCTGTACGA-1-HCAHeart7843999,4.155414e-06,9.787148e-06,7.8780595e-06,3.46874e-05,0.99980026,2.3345424e-06,9.961787e-05,8.328804e-06,1.3509986e-05,1.0556917e-05,8.755557e-06
TTTATGCAGGTCATAA-1-HCAHeart7905328,1.2120941e-05,3.9787687e-06,0.99926955,2.3375671e-05,1.5574658e-05,1.917893e-05,1.9416406e-05,8.406667e-06,0.0006143019,1.3088693e-06,1.2784757e-05
ACGGCCAAGCGAAGGG-1-HCAHeart7844002,1.4362682e-05,1.9796982e-05,1.0046056e-05,1.1407275e-05,2.3603583e-05,1.4100312e-05,6.0551297e-06,2.0642536e-05,0.00014432441,0.9997309,4.6926802e-06
CTCTAATTCGGTGTTA-1-HCAHeart7880862,4.1457464e-05,2.0639542e-05,1.2123553e-05,0.9998442,1.3658919e-05,1.049301e-05,2.841654e-06,2.8996981e-05,7.6134193e-06,6.74473e-06,1.1148977e-05
CGGCTAGGTCGTTGTA-1-HCAHeart7880860,1.743972e-06,4.8801903e-05,9.319746e-06,1.012363e-05,1.4542701e-05,8.109662e-06,7.4952953e-07,8.957841e-06,2.4577757e-05,2.0643668e-06,0.999871
TACGGTACAATCTACG-1-HCAHeart7844001,9.610243e-06,1.1516294e-06,5.8508645e-05,8.6193495e-06,2.231682e-05,1.1392742e-05,7.5066173e-06,1.1468996e-05,0.99920964,0.00065461424,5.213973e-06
CTCTGGTGTGTGCCTG-1-HCAHeart7844001,1.0575498e-05,3.1391576e-06,0.9998259,7.835342e-06,4.940364e-06,1.0145364e-05,1.7031574e-05,4.6588516e-06,0.00010335498,7.2956317e-07,1.1792679e-05
TTTATGCTCCTCAACC-1-HCAHeart7844000,7.0708616e-06,3.1482687e-06,0.9998945,2.40822e-05,2.8365064e-06,6.661091e-06,6.644861e-06,4.343227e-06,4.3423886e-05,4.8407276e-07,6.8039903e-06
CGCTTCAAGGGAACGG-1-HCAHeart7844002,8.417627e-06,5.0074603e-05,0.00011516055,3.3419157e-05,0.99870193,3.5066158e-05,0.00015619546,3.1775486e-05,9.6077834e-05,5.5474753e-05,0.00071633334
TAACCAGCAAGGCCTC-1-HCAHeart7905330,7.1908007e-06,1.9597944e-06,0.9998394,1.5119318e-05,3.893857e-06,2.1947242e-05,1.0639088e-05,2.7308693e-06,7.969399e-05,9.90797e-07,1.6337253e-05
CGTGAGCCAACGATCT-1-HCAHeart7843999,4.119873e-06,9.007963e-06,8.126298e-06,2.7594324e-05,0.99977165,2.0790758e-06,0.00014145867,6.7497613e-06,1.3160204e-05,9.229508e-06,6.7869405e-06
AGCGTATAGCACAGGT-1-HCAHeart7888926,1.8069053e-06,2.7711643e-05,1.1518061e-05,2.1155036e-05,9.830689e-06,6.9869234e-06,1.438268e-06,3.0719293e-06,0.00010743915,2.5115266e-06,0.9998066
CGTAAGTTCATTCGGA-1-HCAHeart7905328,9.776497e-06,2.5867832e-06,0.9998586,7.820615e-06,3.7896007e-06,8.916062e-06,1.3316694e-05,2.9405387e-06,7.8593715e-05,5.959761e-07,1.2824615e-05
GCACTCTAGTGCCAGA-1-HCAHeart7880861,6.2986044e-05,1.519157e-05,2.0523441e-05,5.7815146e-06,0.00064565736,1.7822114e-05,0.9992112,1.4580187e-06,1.0105995e-05,5.550275e-06,3.7258733e-06
CGGACACTCACCACCT-1-HCAHeart7888927,1.8628331e-06,2.9085028e-05,9.528091e-06,1.2923474e-05,8.22649e-06,5.193006e-06,1.189475e-06,3.0938197e-06,8.1265825e-05,2.3767695e-06,0.99984527
ACTGATGCACTGCCAG-1-HCAHeart7844004,1.8641453e-05,6.382701e-06,0.9998518,7.4289737e-06,4.775943e-06,4.1721237e-06,3.0839143e-05,4.722413e-06,5.7369307e-05,8.981e-07,1.28363845e-05
AAGCCGCGTCTCTCGT-1-HCAHeart7844004,5.0029803e-06,2.6663456e-06,0.99986076,9.2474675e-06,4.9366695e-06,7.28471e-06,1.0649801e-05,2.4530848e-06,8.787008e-05,6.635901e-07,8.4718595e-06
GACCAATTCCACTCCA-1-HCAHeart7844004,4.9760934e-06,9.578252e-06,6.7147057e-06,2.2458302e-05,0.99972683,2.2184622e-06,0.00019268693,7.804564e-06,1.191578e-05,7.107398e-06,7.650269e-06
GGAACTTTCCCGGATG-1-HCAHeart7844003,2.5079826e-05,5.691209e-06,9.2864895e-05,3.464642e-05,0.0006077175,2.7864944e-05,3.0740488e-05,0.00013840565,0.99642146,0.0026045737,1.096223e-05
TCAGCAACACTAAGTC-1-HCAHeart7844003,6.8339596e-06,3.01987e-06,0.9999217,1.1049977e-05,2.684448e-06,5.415953e-06,6.0971415e-06,3.9205975e-06,3.0296707e-05,4.2572964e-07,8.551425e-06
GACATCACATGACCCG-1-HCAHeart7905327,7.101055e-06,5.3897543e-06,0.99963796,3.2431428e-05,2.5676374e-05,8.410023e-06,8.188052e-05,6.7240667e-06,0.0001828463,2.1191374e-06,9.5287505e-06
GCGAGAACAATGGATA-1-HCAHeart7844001,6.931814e-05,1.8606743e-05,0.99939966,1.1470653e-05,8.941962e-06,4.29398e-05,0.00027356626,1.2472453e-05,0.00012765836,2.8653694e-06,3.2521435e-05
CTCATTAAGTGTTAGA-1-HCAHeart7844001,1.1392913e-05,3.2625962e-06,0.9994543,5.696641e-05,1.9711675e-05,0.00014522056,2.0837278e-05,3.9532383e-06,0.00021043561,1.2503427e-06,7.2682444e-05
AACTCTTAGGTACTCT-1-HCAHeart7844001,3.057988e-05,5.3004264e-06,0.99981016,1.2635426e-05,4.1265753e-06,1.4485524e-05,3.3755063e-05,5.8813057e-06,6.8128014e-05,1.0183138e-06,1.399308e-05
AACTCTTAGCGCTCCA-1-HCAHeart7844004,3.5584108e-05,1.4494755e-05,0.9996662,1.0021206e-05,7.6260735e-06,1.4175293e-05,0.00014474208,6.8169516e-06,7.200778e-05,1.7625972e-06,2.6589449e-05
AGACGTTGTAAAGTCA-1-HCAHeart7844003,0.00019087635,1.680094e-05,0.059562746,0.00010071503,0.00017720141,0.00018849503,0.00038745577,0.00010869751,0.93558294,0.003642446,4.1644158e-05
CAGCGTGGTACAGCGA-1-HCAHeart7905331,7.919669e-06,3.619235e-06,0.9998859,6.930469e-06,3.4580694e-06,3.862924e-06,1.608993e-05,3.026387e-06,6.119919e-05,6.265526e-07,7.4823415e-06
CTGCGGAAGGTCGGAT-1-HCAHeart7880860,8.892483e-06,3.882594e-06,0.9998809,6.7902206e-06,2.9924204e-06,3.6697277e-06,1.2498086e-05,5.437406e-06,6.6385095e-05,6.3242305e-07,7.846757e-06
GCTGCGAAGCAACGGT-1-HCAHeart7844001,2.8197146e-05,4.3274563e-06,0.9983877,3.3757482e-05,1.3633013e-05,0.0001258172,4.308487e-05,5.8075675e-06,0.0013197664,3.3703486e-06,3.448381e-05
TGACGGCTCTACGAGT-1-HCAHeart7843999,6.51412e-06,2.7874803e-06,0.9998344,7.0439332e-06,5.226496e-06,7.3545457e-06,1.3243499e-05,2.659226e-06,0.00010544213,6.945995e-07,1.4496157e-05
CGAGCACAGAGACGAA-1-HCAHeart7844001,1.06968855e-05,1.0457069e-05,9.22745e-06,2.0666665e-05,0.9993362,2.850821e-06,0.0005652089,9.631968e-06,1.5263004e-05,1.2566865e-05,7.2184293e-06
TTGGAACAGATCCCGC-1-HCAHeart7844004,1.3039761e-05,6.1729784e-06,0.9998348,1.9173276e-05,1.1249609e-05,1.8116816e-05,1.2291545e-05,2.4979805e-05,4.6206475e-05,8.559954e-07,1.3103349e-05
CACATAGGTCGTGGCT-1-HCAHeart7844001,4.9299615e-06,6.460899e-06,7.992683e-06,3.4248467e-05,0.999696,2.1774601e-06,0.00021018079,9.671009e-06,1.1943104e-05,8.857283e-06,7.5782327e-06
TCGAAGTCATGGCCCA-1-HCAHeart7905332,6.2438536e-05,5.0605872e-06,1.36552235e-05,0.9998702,7.5147395e-06,6.4531623e-06,2.3892762e-06,8.929158e-06,6.7225897e-06,4.0865734e-06,1.25637625e-05
CAAGATCCATGGTCTA-1-HCAHeart7844001,9.503313e-06,3.8392864e-06,0.99984205,1.0467841e-05,4.669104e-06,7.5148864e-06,1.9564635e-05,3.5759235e-06,9.059831e-05,6.9837364e-07,7.4959758e-06
CTTCGGTCACTAACGT-1-HCAHeart7905329,2.3040333e-05,4.5499182e-06,0.9992568,2.0083453e-05,1.0804268e-05,1.34925895e-05,2.1813192e-05,1.4872156e-05,0.00062360044,1.5073654e-06,9.467374e-06
GCATGTATCTTGCCGT-1-HCAHeart7844004,1.3931325e-05,7.494659e-06,0.9998275,7.257688e-06,5.883663e-06,4.9090413e-06,4.0087813e-05,5.241739e-06,7.691873e-05,1.0606618e-06,9.753629e-06
GAGGCAACACGCTTAA-1-HCAHeart7905332,1.2165543e-05,2.201489e-06,4.929343e-05,2.1537582e-05,5.8850637e-05,1.441996e-05,7.1365944e-06,1.7554035e-05,0.99887544,0.00093301147,8.472079e-06
ACTATCTTCGTCTGCT-1-HCAHeart7880861,5.4235193e-06,1.0435674e-06,9.3091534e-05,1.1264736e-05,1.3678108e-05,7.490405e-06,6.190393e-06,1.0604993e-05,0.9997595,8.170443e-05,9.936214e-06
GTTGTGACAGAGGACT-1-HCAHeart7905332,5.7501156e-06,2.0146879e-06,0.99982387,1.30814815e-05,6.2143226e-06,1.8613504e-05,1.1537609e-05,2.1461094e-06,0.00010293946,5.9417687e-07,1.3218854e-05
ATTGGTGGTAAACACA-1-HCAHeart7888926,1.610658e-05,8.493102e-06,1.0712753e-05,0.9998654,1.6685317e-05,9.343739e-06,3.7610282e-06,4.408662e-05,7.4031536e-06,4.275759e-06,1.3660368e-05
CGCGTTTTCACCACCT-1-HCAHeart7844001,7.526366e-05,1.33949325e-05,0.13604271,0.00014913153,0.00012504702,0.00015047185,0.0001249483,8.076684e-05,0.8626941,0.00050582696,3.8334492e-05
GCATGTAAGACGACGT-1-HCAHeart7844004,8.3193245e-06,2.6861521e-06,0.9997849,1.4316442e-05,5.292009e-06,8.416169e-06,1.29911e-05,2.8460606e-06,0.00014798029,7.240686e-07,1.15334415e-05
TGCACCTTCCAGAAGG-1-HCAHeart7844001,3.5107543e-05,7.368842e-06,0.9998405,1.0267111e-05,3.538311e-06,5.963545e-06,2.4617777e-05,8.60641e-06,5.0381637e-05,1.0429367e-06,1.24691405e-05
CGAGCCACATGTCCTC-1-HCAHeart7844004,8.842851e-06,1.5041405e-05,0.999859,3.6464324e-05,5.1563165e-06,9.378085e-06,2.1644799e-05,4.942342e-06,3.245943e-05,1.2130305e-06,5.8427777e-06
GCTTCCATCCACGTTC-1-HCAHeart7844001,4.277862e-05,6.781865e-06,7.708837e-05,2.976455e-05,6.501869e-05,4.7562524e-05,2.5180461e-05,4.5135897e-05,0.97904074,0.02060203,1.7739882e-05
CGTTGGGGTTCTGTTT-1-HCAHeart7844004,4.1266332e-05,7.306168e-06,0.99974746,1.684058e-05,5.031292e-06,9.23175e-06,4.6172398e-05,7.929704e-06,0.000104272025,1.4108999e-06,1.3202524e-05
CAGTCCTGTCTTGTCC-1-HCAHeart7844001,2.4261175e-05,5.780147e-06,0.99984694,1.3321784e-05,3.6093534e-06,1.0924642e-05,2.2236634e-05,6.202908e-06,4.8075948e-05,8.0858166e-07,1.7759405e-05
ACGAGCCCAGTCGATT-1-HCAHeart7844004,1.0294353e-05,3.8334542e-06,0.9998553,6.2666345e-06,4.225906e-06,6.5840763e-06,1.9780873e-05,3.293343e-06,7.5999706e-05,7.403506e-07,1.3696506e-05
CGTCACTTCATGCAAC-1-HCAHeart7844004,3.2708278e-05,8.285721e-06,0.99015766,3.6686142e-05,3.80843e-05,3.5118177e-05,6.257442e-05,1.0836297e-05,0.009587742,1.1483218e-05,1.8675775e-05
AGAGAGCCATCGGAAG-1-HCAHeart7905331,5.832249e-06,3.2660369e-06,0.9998235,1.4674205e-05,4.847778e-06,5.271989e-06,1.38188225e-05,3.409599e-06,0.000120267374,7.7466274e-07,4.2435818e-06
GTCACGGGTGACACAG-1-HCAHeart7905332,6.5293984e-06,2.471775e-06,0.9998568,6.727791e-06,5.210011e-06,1.201537e-05,1.506815e-05,2.382566e-06,7.6882854e-05,6.593364e-07,1.531214e-05
TCTTGCGCAACTTCTT-1-HCAHeart7905332,5.8858564e-06,2.6823163e-06,0.99984646,1.5446032e-05,4.0207283e-06,5.959271e-06,1.2211454e-05,2.817775e-06,9.768469e-05,6.8077424e-07,6.054322e-06
CTCAACCCAACCCTAA-1-HCAHeart7905327,6.8025797e-06,2.5292672e-06,0.99986076,8.884641e-06,3.7266816e-06,5.0862163e-06,1.2684288e-05,2.7445724e-06,8.989512e-05,6.048923e-07,6.192745e-06
GAGTTGTAGGCTGGAT-1-HCAHeart7905328,8.62405e-06,4.0192895e-06,0.99990046,2.6763657e-05,2.826486e-06,6.567335e-06,9.613027e-06,5.4832853e-06,2.8810588e-05,6.736543e-07,6.0776338e-06
TTGGGTACAAGCACCC-1-HCAHeart7905332,5.7257757e-06,3.0941076e-06,0.9998915,1.32674395e-05,3.043928e-06,4.3174778e-06,1.0292978e-05,2.6819307e-06,5.810524e-05,5.8360257e-07,7.4121635e-06
TGATTTCGTCTCCCTA-1-HCAHeart7844004,9.05645e-06,2.8131365e-06,0.9998784,8.985971e-06,3.1281245e-06,5.416251e-06,9.9469535e-06,3.279494e-06,7.1451745e-05,5.357646e-07,7.00691e-06
CTGAAGTCAGGGCATA-1-HCAHeart7843999,9.596905e-06,7.1038676e-06,0.99985087,7.709816e-06,6.105402e-06,3.893248e-06,4.1784413e-05,4.0675673e-06,5.6176585e-05,9.661622e-07,1.151868e-05
ACTTGTTTCTATCGCC-1-HCAHeart7844004,6.642126e-05,2.001578e-05,9.5433956e-05,3.513063e-05,0.00011355489,5.6915553e-05,4.2755135e-05,5.3629148e-05,0.056820784,0.9426718,2.378529e-05
GACTACAGTTGGTAAA-1-HCAHeart7844001,0.0007416342,3.016119e-05,0.38531697,0.00013974325,0.00015113538,0.00024645776,0.00030004507,0.0011268576,0.6114872,0.0003629777,9.688174e-05
TGAAAGAGTTCGTCTC-1-HCAHeart7880862,3.3675644e-06,0.9996667,5.3721587e-06,1.5421443e-05,1.75558e-05,4.0115858e-05,7.835462e-06,3.3921566e-05,3.872721e-06,8.205411e-06,0.00019762333
CTATCCGCAAATGGAT-1-HCAHeart7905332,1.0894368e-05,5.1913216e-06,0.999806,3.3914905e-05,1.1307863e-05,2.3782783e-05,1.8203164e-05,1.0270341e-05,6.531916e-05,3.5236892e-06,1.1482169e-05
TGAGGTTAGCAACAAT-1-HCAHeart7905328,1.6694194e-05,4.5267984e-06,0.9996792,0.00015117739,8.894633e-06,1.723502e-05,1.7510354e-05,1.6343718e-05,7.615514e-05,2.0684695e-06,1.0121264e-05
CAGTTAGTCCTGTACC-1-HCAHeart7905328,5.13288e-05,5.8782707e-06,7.444879e-05,0.0005994278,9.619351e-05,6.856255e-05,2.1448634e-05,3.962057e-05,0.9985216,0.00047626847,4.522693e-05
AGGCCACAGGTGATTA-1-HCAHeart7880861,0.00016584215,0.00010873249,4.0915264e-05,6.248312e-05,0.013792544,2.399433e-05,0.9856852,6.891978e-06,6.70222e-05,2.306841e-05,2.3262024e-05
CCTTACGGTGTTGGGA-1-HCAHeart7880862,5.5340947e-06,1.3255873e-06,3.102252e-05,1.6123306e-05,1.2300064e-05,4.6615705e-06,4.714262e-06,1.4923045e-05,0.99982375,7.0708775e-05,1.5126437e-05
TACGGTACAACACCTA-1-HCAHeart7843999,1.3710845e-05,1.9750734e-05,1.0224301e-05,1.4042322e-05,2.1074775e-05,1.3359277e-05,4.9055984e-06,1.3372609e-05,0.00010120688,0.99978393,4.455167e-06
TCTATTGTCAGGCGAA-1-HCAHeart7844004,1.0335547e-05,3.9256743e-06,0.9998435,6.422207e-06,4.9980104e-06,5.9981044e-06,1.800239e-05,3.4921397e-06,8.4462015e-05,7.36754e-07,1.8276645e-05
CGTTGGGAGGTCGGAT-1-HCAHeart7844004,7.509842e-06,6.6644902e-06,0.9998658,9.522099e-06,6.248117e-06,5.8693e-06,2.1625137e-05,4.0523455e-06,6.4721076e-05,7.45453e-07,7.382147e-06
TACGGGCGTTTGTGTG-1-HCAHeart7888926,6.013167e-06,1.0268184e-06,2.6374273e-05,1.0135735e-05,1.1407548e-05,6.176117e-06,4.182347e-06,1.2051966e-05,0.9997328,0.00018153146,8.342073e-06
AATAGAGAGTAATCCC-1-HCAHeart7905328,9.084847e-06,3.075934e-06,0.99985147,6.1332016e-06,4.5001916e-06,5.533804e-06,1.4535152e-05,3.0420733e-06,9.099931e-05,6.502224e-07,1.10000165e-05
TGGTTAGGTACAGCAG-1-HCAHeart7880860,1.4628374e-06,5.627824e-05,6.485748e-06,9.0733065e-06,9.22494e-06,6.2226195e-06,7.292884e-07,4.2699744e-06,3.2554606e-05,2.1972755e-06,0.9998716
CAGTCCTTCTATCCCG-1-HCAHeart7880861,2.3781402e-06,3.9356713e-05,1.2871672e-05,8.953669e-06,8.061835e-06,6.8929567e-06,1.2145714e-06,4.3847067e-06,5.8336667e-05,3.1561867e-06,0.9998543
CTGCGGACAATGAATG-1-HCAHeart7844001,4.6166668e-05,1.9173354e-05,0.9995976,1.1860685e-05,9.72655e-06,9.069376e-06,0.00017911484,8.783762e-06,0.00010057939,2.111598e-06,1.57181e-05
TTACCATGTGAGGATC-1-HCAHeart7905331,6.8225374e-05,9.227156e-06,0.056493845,9.5185824e-05,0.00010997306,6.282855e-05,7.322076e-05,4.293255e-05,0.94281757,0.0001974688,2.9614517e-05
GGCTGGTCATTGGTAC-1-HCAHeart7844000,1.4598353e-05,1.2897347e-05,0.99986625,1.6568105e-05,3.1098587e-06,5.0403573e-06,2.138171e-05,7.567389e-06,4.577066e-05,9.603328e-07,5.9420627e-06
ATCCGAAGTTCGGGCT-1-HCAHeart7844004,1.2756698e-05,3.2533223e-06,0.99981207,9.813677e-06,4.950686e-06,1.3232345e-05,1.6930851e-05,3.6635236e-06,9.485341e-05,8.3026634e-07,2.7619004e-05
AGGGTGAGTGACGGTA-1-HCAHeart7844001,7.4716394e-05,5.513514e-05,1.6745318e-05,2.804181e-06,0.000101244674,5.5564764e-05,0.99967384,2.032645e-06,8.526994e-06,6.173686e-06,3.270575e-06
AGATCTGTCACGATGT-1-HCAHeart7844001,3.2341275e-05,1.13247825e-05,7.817652e-06,3.761236e-05,5.205526e-05,6.4452865e-06,1.501165e-06,0.9998191,1.168398e-05,6.5538497e-06,1.3574713e-05
CATGCCTGTCAAACTC-1-HCAHeart7880863,4.2927463e-06,0.9997249,7.692599e-06,1.9818719e-05,1.0305534e-05,3.1970103e-05,9.187688e-06,1.7091079e-05,3.58063e-06,1.3950051e-05,0.00015741863
CGGAATTCAGAATCGG-1-HCAHeart7905328,8.568128e-06,6.625616e-06,0.9997054,0.0001444813,1.8264434e-05,3.5577395e-05,1.3476844e-05,7.1179625e-06,4.3516276e-05,1.3458008e-06,1.5591842e-05
AGTGAGGGTGAACCTT-1-HCAHeart7844000,3.424566e-05,5.4934276e-06,0.99974567,6.871681e-05,3.6994556e-06,1.5990072e-05,1.1116222e-05,5.87164e-06,8.839112e-05,9.22745e-07,1.9906172e-05
CGTAGGCTCTGCTGTC-1-HCAHeart7844003,7.978658e-06,3.5984033e-06,0.99979836,1.1817719e-05,5.374988e-06,8.743825e-06,1.684253e-05,3.0467834e-06,0.00013380921,7.234641e-07,9.808845e-06
TCTCATAGTTTAGGAA-1-HCAHeart7844004,6.138371e-06,3.0216497e-06,0.99991,1.6482463e-05,2.543555e-06,6.1445207e-06,7.525804e-06,3.0051083e-06,3.9098897e-05,4.5634926e-07,5.585581e-06
CACAGGCAGCACTCTA-1-HCAHeart7905329,5.1328716e-06,2.0704765e-06,0.99988127,1.5713267e-05,4.6841033e-06,2.0273697e-05,1.0574701e-05,2.1685125e-06,4.4232947e-05,5.9041616e-07,1.3345232e-05
CCCATACGTGACCAAG-1-HCAHeart7880862,5.2013103e-05,1.278472e-05,1.2009331e-05,0.99983,2.0027514e-05,1.0326492e-05,3.1830546e-06,3.7712518e-05,7.1610875e-06,6.8770173e-06,7.878623e-06
CTCGTCAGTTTGTGTG-1-HCAHeart7843999,9.59916e-06,4.9917853e-06,0.99983597,5.7197376e-06,5.9966583e-06,4.7475532e-06,3.1550888e-05,3.2135838e-06,8.542162e-05,8.818876e-07,1.1807777e-05
AACACGTAGTCTCCTC-1-HCAHeart7844004,6.9255104e-05,1.1420582e-05,0.99975616,1.4605448e-05,4.9436107e-06,9.0277845e-06,3.49835e-05,8.062965e-06,5.2161162e-05,1.4978474e-06,3.7782265e-05
TGTTCCGTCGCAAGCC-1-HCAHeart7844003,1.8552071e-05,5.8724445e-06,0.99988925,1.0675924e-05,3.0869412e-06,9.059883e-06,1.0516254e-05,8.136653e-06,3.4338493e-05,7.1867e-07,9.773813e-06
CGCCAAGCAAGCTGTT-1-HCAHeart7844001,0.0004501927,3.6614914e-05,2.6850961e-05,6.058539e-05,0.000106614076,2.2109993e-05,7.521857e-06,0.99915683,3.3247197e-05,7.369821e-05,2.5682843e-05
ATCATGGGTTCCGGCA-1-HCAHeart7888926,3.7207123e-05,3.8834896e-05,0.0001107664,9.7248616e-05,5.5488752e-05,3.653744e-05,2.6098585e-05,4.6097262e-05,0.9629566,0.0012743403,0.035320852
TATGCCCAGCGTTCCG-1-HCAHeart7844000,0.00066592963,3.478311e-05,0.000102700345,0.00011424068,0.00015551705,0.00035261878,6.211395e-05,0.00014841804,0.16360432,0.8347171,4.2207746e-05
CTTCTCTTCGACCAGC-1-HCAHeart7843999,3.70569e-05,4.702355e-06,0.99071676,4.2955446e-05,3.4947785e-05,0.00011061744,5.861478e-05,1.1796379e-05,0.008941618,9.4239185e-06,3.1419175e-05
GCGCCAATCGTCTGAA-1-HCAHeart7844001,2.368073e-05,6.1282512e-06,0.99959046,1.2280985e-05,6.7421565e-06,8.591467e-06,3.2079253e-05,8.3431605e-06,0.00029867023,1.5457393e-06,1.1419681e-05
CTGATCCTCGAGGTAG-1-HCAHeart7844004,0.0007973583,0.00039023024,0.28071845,0.00051008153,0.45982006,0.00040910442,0.25498566,0.0001806308,0.0015501414,0.00017674314,0.00046149798
ACTTGTTGTCTTCTCG-1-HCAHeart7844003,6.642845e-05,3.6402114e-05,0.00047730384,6.1111554e-05,0.000103901526,0.00010255236,6.5809254e-05,6.231764e-05,0.015679255,0.98333263,1.2320227e-05
TTCCCAGCAGCCTTTC-1-HCAHeart7880862,2.858549e-06,0.99972576,5.512625e-06,1.0134793e-05,2.0687068e-05,2.6261596e-05,6.5315007e-06,2.9073813e-05,3.0250194e-06,9.478811e-06,0.00016067321
TCAATCTTCGAATGCT-1-HCAHeart7843999,4.184452e-06,9.713826e-06,6.739951e-06,3.0626295e-05,0.99978775,2.1740598e-06,0.00012246243,8.559335e-06,1.1533056e-05,8.864569e-06,7.405382e-06
CGTTAGAGTAACGATA-1-HCAHeart7905331,7.366496e-06,2.4340036e-06,0.99981385,1.0276741e-05,4.2191273e-06,7.770871e-06,1.2342242e-05,2.7427873e-06,0.00012931987,6.721854e-07,9.018255e-06
TGTTGGAGTAGCTTGT-1-HCAHeart7905328,6.883327e-06,2.149996e-06,0.99975055,1.5122733e-05,5.3389554e-06,1.3707551e-05,1.1355747e-05,2.6898847e-06,0.0001818575,8.07552e-07,9.581466e-06
GGTGCGTAGACCGGAT-1-HCAHeart7844004,1.0166527e-05,7.138734e-06,0.99988985,7.661359e-06,3.487213e-06,3.3136516e-06,1.8007997e-05,4.448353e-06,4.5627e-05,7.2383807e-07,9.662945e-06
CACAAACCATTATCTC-1-HCAHeart7880861,0.00011448193,4.4728422e-05,6.407881e-05,0.0001085627,0.004411608,3.1984135e-05,0.9951355,5.5017817e-06,4.759709e-05,1.7069367e-05,1.8900304e-05
GTAGTCATCAGGCAAG-1-HCAHeart7844001,5.4664415e-05,2.5771687e-06,0.0027349314,2.9351646e-05,4.608208e-05,0.00012697246,4.6938385e-05,5.1982275e-05,0.9953218,0.00157162,1.3184505e-05
CCGTTCAGTATAGTAG-1-HCAHeart7844001,0.0004944722,9.659171e-05,0.057007626,0.00028037358,0.00044143546,0.0004705509,0.00078081817,0.00032575775,0.7904093,0.14959794,9.504741e-05
CCACCTAAGTACGCGA-1-HCAHeart7880862,2.1754922e-05,0.00014661044,0.0001619467,0.00012586443,8.008319e-06,0.9992693,0.00016481905,1.0308326e-05,4.642236e-05,1.0670831e-05,3.4157438e-05
GACCTGGTCCCACTTG-1-HCAHeart7844001,1.5835734e-05,3.39076e-06,0.9996989,1.19993765e-05,5.9675926e-06,1.9732921e-05,2.3970608e-05,5.40828e-06,0.00019976679,1.068884e-06,1.3993151e-05
AGCGTATAGGGCTCTC-1-HCAHeart7844001,1.8200537e-05,4.4100193e-06,0.9996779,1.3945337e-05,7.084664e-06,1.0649722e-05,2.15934e-05,9.9613035e-06,0.00022619408,1.0265309e-06,9.161314e-06
GACACGCAGGGTTTCT-1-HCAHeart7844001,1.0392357e-05,2.72578e-06,0.9997956,2.6590913e-05,4.0202863e-06,1.5482277e-05,8.661627e-06,4.0339705e-06,0.000121148325,5.696608e-07,1.0780762e-05
CCCAATCTCTGAGTGT-1-HCAHeart7844004,6.8021427e-06,5.8599394e-06,0.9999043,8.782243e-06,3.2596943e-06,4.6441246e-06,1.7362245e-05,2.4604924e-06,3.6318856e-05,6.2272005e-07,9.55846e-06
TCTCATATCCATGCTC-1-HCAHeart7844001,1.26163095e-05,1.7899314e-06,3.468131e-05,9.007206e-06,4.3375912e-05,1.2571151e-05,6.355069e-06,2.0377127e-05,0.9986432,0.0012045287,1.1562151e-05
CTGATCCAGGCATTGG-1-HCAHeart7843999,7.2229195e-06,3.6986175e-06,0.9998567,6.158836e-06,4.347671e-06,5.1706593e-06,2.1420201e-05,2.4550502e-06,8.037637e-05,7.719119e-07,1.164355e-05
ACCTTTATCAGTGCAT-1-HCAHeart7843999,5.396079e-06,2.922697e-06,0.99990654,1.2428304e-05,2.7503522e-06,5.098513e-06,8.827001e-06,2.478382e-06,4.6958354e-05,5.366117e-07,6.1323876e-06
AAGCCGCTCGCGGATC-1-HCAHeart7843999,6.294562e-06,3.0875567e-06,0.9998816,2.3592602e-05,5.134151e-06,1.3035609e-05,1.00651205e-05,3.9753218e-06,4.4746303e-05,9.0855326e-07,7.624298e-06
TGATCTTTCGGAGATG-1-HCAHeart7905331,8.636093e-06,2.3271102e-06,0.99987316,8.449356e-06,3.0221725e-06,5.406154e-06,9.538213e-06,2.765349e-06,7.722516e-05,5.92304e-07,8.897631e-06
CACATAGGTGCATCTA-1-HCAHeart7888927,1.9904103e-06,3.1481188e-05,1.1925413e-05,2.9906409e-05,9.991841e-06,8.308687e-06,1.7915803e-06,2.9797359e-06,0.0001972965,4.8294214e-06,0.9996995
GACGCGTGTGAGCGAT-1-HCAHeart7843999,4.985866e-05,8.449915e-06,0.03962403,6.2271465e-05,0.00012833768,7.928998e-05,6.5301705e-05,2.9764415e-05,0.9595417,0.00037834965,3.2691125e-05
CTCAACCAGGAGATAG-1-HCAHeart7905332,6.6705925e-06,1.2676276e-06,4.5358425e-05,6.9855423e-06,2.9445902e-05,5.895193e-06,3.7143623e-06,1.025093e-05,0.99958044,0.00030082263,9.179723e-06
TTTGTCAAGCGTAGTG-1-HCAHeart7844004,1.2237592e-05,3.7584432e-06,0.9993869,2.0288386e-05,8.482587e-06,1.4459507e-05,1.4024381e-05,5.3638782e-06,0.0005253293,1.27698e-06,7.964179e-06
AGGCCACGTGCTCCGA-1-HCAHeart7905332,7.2192906e-06,5.3795843e-06,0.99984443,4.0385345e-05,8.015863e-06,1.3446057e-05,1.417275e-05,7.2377316e-06,4.9508584e-05,1.5123597e-06,8.585949e-06
CGATTGACATCAGTCA-1-HCAHeart7888926,5.234588e-06,1.5349426e-06,2.2445478e-05,2.466588e-05,1.3011164e-05,4.43573e-06,5.35142e-06,1.535636e-05,0.9997775,8.189195e-05,4.854497e-05
AAAGTAGAGGATGTAT-1-HCAHeart7880860,1.6166814e-06,5.3048923e-05,5.6439244e-06,9.932469e-06,8.024473e-06,5.370028e-06,8.168757e-07,5.1285706e-06,4.5334746e-05,2.9874002e-06,0.9998622
ATTCATCGTGAGGCAT-1-HCAHeart7905327,1.961658e-05,3.9826637e-06,0.006399662,2.4677482e-05,8.161097e-05,2.1576263e-05,2.6903077e-05,1.7875549e-05,0.9932174,0.00016576806,2.0953095e-05
GTTACAGGTAAGCACG-1-HCAHeart7844004,2.2855704e-05,5.1488028e-06,0.9998493,6.837585e-06,3.2691346e-06,4.98387e-06,1.7069633e-05,5.4867924e-06,6.961186e-05,9.76913e-07,1.449929e-05
GGCGTGTAGGTGATAT-1-HCAHeart7843999,7.17911e-05,5.9665153e-06,0.006667381,8.649599e-05,8.12333e-05,0.00018209136,5.211679e-05,3.319085e-05,0.9890294,0.0037656568,2.453755e-05
AAGGTTCTCTTACCGC-1-HCAHeart7880861,5.748994e-05,5.1992265e-06,7.889296e-06,0.99987996,7.629399e-06,5.539871e-06,2.29566e-06,1.6673692e-05,7.0391507e-06,3.711498e-06,6.6640637e-06
CAGCAGCCACTTAAGC-1-HCAHeart7880862,5.387606e-05,1.0331505e-05,8.750509e-06,0.99986434,8.557272e-06,6.5092286e-06,2.4996616e-06,2.186946e-05,1.0478182e-05,4.9135924e-06,7.78463e-06
AGGGAGTCATAAGACA-1-HCAHeart7844004,4.0996812e-05,8.476468e-06,6.808007e-06,1.6781574e-06,0.00032168106,1.5737905e-05,0.9995921,1.049042e-06,4.8865095e-06,4.6061236e-06,1.9054409e-06
TCTCATATCCATGAAC-1-HCAHeart7888926,4.2252495e-06,7.47312e-06,0.99974185,2.1221498e-05,6.483762e-06,1.3504328e-05,1.9295434e-05,5.301561e-06,0.00015781244,8.6984153e-07,2.2091648e-05
TCAACGAGTGGTCCGT-1-HCAHeart7843999,5.6636447e-05,2.7691438e-05,1.4401466e-05,1.3873953e-06,0.00035453477,2.7490383e-05,0.99950266,1.4348171e-06,5.1340458e-06,5.9783993e-06,2.6562632e-06
ACTTAGGGTGGCTCTG-1-HCAHeart7905327,5.51724e-06,2.7734197e-06,0.9998148,1.0735713e-05,5.05788e-06,6.5867494e-06,1.340892e-05,2.7459541e-06,0.00013017887,6.622219e-07,7.583659e-06
TGGTTAGGTGGTACAG-1-HCAHeart7844001,0.044647444,0.00022202446,0.02342481,0.9204454,0.000110597415,0.005487366,0.00097071147,0.001010414,0.0033321604,0.00016991998,0.00017905995
GCGAGAAAGCGACGTA-1-HCAHeart7880862,2.7986944e-05,1.1659476e-05,9.904408e-06,0.99985206,2.0642756e-05,6.4912147e-06,3.2778034e-06,4.583352e-05,7.3719566e-06,5.67998e-06,9.044438e-06
TAGCCGGCAGTCAGCC-1-HCAHeart7844003,1.1778081e-05,4.4668673e-06,0.99989665,2.1496795e-05,2.165256e-06,8.718678e-06,8.420868e-06,4.21909e-06,3.395993e-05,5.3410315e-07,7.65291e-06
ATCCATTTCTTCGACC-1-HCAHeart7905332,5.7583698e-06,4.1684084e-06,0.9998716,2.3851462e-05,5.451915e-06,8.542943e-06,1.3434988e-05,4.2970996e-06,5.5689772e-05,1.0515201e-06,6.0501056e-06
TCGCGAGCACAGCGTC-1-HCAHeart7844004,6.284939e-06,3.4098125e-06,0.9998642,1.8371811e-05,4.395904e-06,5.747278e-06,1.0256521e-05,3.7777504e-06,7.480128e-05,5.709896e-07,8.147941e-06
GGGAGATTCACTTATC-1-HCAHeart7844003,8.388196e-06,6.4025435e-06,0.9999069,9.19107e-06,3.2965077e-06,5.8815385e-06,1.3761449e-05,3.829052e-06,3.2701228e-05,5.8071345e-07,9.222442e-06
CAACCTCTCCACGACG-1-HCAHeart7843999,1.0911422e-05,4.1557123e-06,0.99982244,6.327532e-06,5.979725e-06,4.8578017e-06,2.6690152e-05,3.5680662e-06,0.00010432948,8.291584e-07,9.906495e-06
AGTTCGATCACGGAGA-1-HCAHeart7905328,5.9459537e-05,5.28864e-06,0.010548138,6.87148e-05,8.152384e-05,0.00015975055,2.9920266e-05,1.9830555e-05,0.9888065,0.00018583667,3.5187175e-05
AGTGAGGAGTACGTAA-1-HCAHeart7888927,4.4312924e-06,9.86664e-07,4.20467e-05,8.30518e-06,1.2259005e-05,4.1816024e-06,4.1546123e-06,1.2791115e-05,0.9998085,8.684349e-05,1.5477117e-05
TCCACCAAGGGTTAAT-1-HCAHeart7905328,0.00017385383,3.8306465e-05,0.00025118463,0.0001422589,0.00035206863,0.00017971593,6.988115e-05,0.00010620237,0.48849273,0.5101486,4.527068e-05
TCCCGATTCTGAGGGA-1-HCAHeart7844004,4.4885264e-06,9.163276e-06,8.136094e-06,1.9541967e-05,0.9997223,2.46488e-06,0.00019345256,1.1669654e-05,1.4475123e-05,7.6116057e-06,6.6455104e-06
GTGCATATCTCCTATA-1-HCAHeart7844004,6.9402354e-06,8.816176e-07,3.480734e-05,5.624658e-06,1.4307345e-05,6.0169427e-06,2.96313e-06,9.833519e-06,0.9997539,0.0001550494,9.774092e-06
AGCTCTCGTAGTGAAT-1-HCAHeart7844001,0.00017217823,2.7373497e-05,0.9991634,1.4010258e-05,1.130949e-05,3.381662e-05,0.00027659384,1.6105989e-05,0.00026168206,4.740353e-06,1.8809169e-05
GACAGAGAGGTAAACT-1-HCAHeart7888926,2.3877058e-06,8.530027e-05,7.2222692e-06,2.9209745e-05,1.235643e-05,9.099911e-06,1.3294324e-06,6.0982434e-06,6.263382e-05,2.4017806e-06,0.999782
CGTAGGCAGTTCGCGC-1-HCAHeart7880862,2.3239593e-06,0.9998324,4.9533605e-06,6.4321453e-06,1.2919796e-05,2.4778874e-05,6.1659325e-06,2.1129288e-05,2.2311092e-06,8.554698e-06,7.817737e-05
GTAGGCCTCCGAATGT-1-HCAHeart7844001,1.6217304e-05,1.4229647e-06,8.155712e-05,1.3899362e-05,1.8120856e-05,2.5666193e-05,1.2465463e-05,2.666506e-05,0.9991216,0.0006762068,6.2744284e-06
CCTAAGATCGAGAGAC-1-HCAHeart7905332,7.4895106e-06,3.5163612e-06,0.9997012,3.8221704e-05,9.668477e-06,1.4524696e-05,1.8638219e-05,3.5499343e-06,0.00018917191,1.1104405e-06,1.2892562e-05
GACCAATTCCGCTAGG-1-HCAHeart7905327,6.301718e-06,2.9293162e-06,0.9996722,1.1182004e-05,9.592353e-06,1.07528895e-05,1.9114352e-05,2.7757812e-06,0.00025309811,1.0226906e-06,1.1228136e-05
TTAACTCCATATACCG-1-HCAHeart7844001,2.95874e-05,2.3885797e-05,2.741384e-05,3.7302789e-06,0.0015091697,1.06436955e-05,0.99837214,1.8123528e-06,1.0033912e-05,6.945948e-06,4.636434e-06
CCACCTAGTTCATGGT-1-HCAHeart7844001,1.3548093e-05,4.38081e-06,0.9998903,1.8701021e-05,2.5226357e-06,5.7396283e-06,1.0048318e-05,8.788437e-06,4.0007566e-05,6.385586e-07,5.3250205e-06
CAGAATCTCGCGCCAA-1-HCAHeart7844001,7.084304e-06,4.1565413e-06,0.99984825,1.572501e-05,8.817501e-06,6.815956e-06,1.5091188e-05,4.8689244e-06,8.06445e-05,6.0755747e-07,7.919756e-06
TGGCGCAAGTACTTGC-1-HCAHeart7888927,0.0002781576,0.00060823903,0.0007150453,0.0016550823,0.2639393,5.099281e-05,0.73148406,5.7934936e-05,0.00069351116,9.099464e-05,0.0004267626
TGGGCGTTCCTCCTAG-1-HCAHeart7880862,3.069125e-06,0.99968386,5.941075e-06,8.812386e-06,1.6293916e-05,3.6364425e-05,8.857234e-06,2.4224206e-05,3.3483789e-06,9.8393875e-06,0.00019939092
ATCGGCGCACACAGAG-1-HCAHeart7905327,6.257879e-06,3.2911983e-06,0.99989617,1.3833211e-05,3.933808e-06,6.4875717e-06,7.6874185e-06,5.9462373e-06,4.9655606e-05,4.7020376e-07,6.3151815e-06
TGACTAGGTTGACGTT-1-HCAHeart7843999,5.0998506e-06,1.0763866e-05,1.2463651e-05,5.3034782e-05,0.9997178,3.352691e-06,0.0001488419,9.804332e-06,1.4861942e-05,9.127285e-06,1.4901482e-05
CAACCAATCCCAGGTG-1-HCAHeart7844001,0.04140727,0.00037972102,0.04227845,0.0065684887,0.00030636237,0.0047176736,0.0012230163,0.0024890974,0.11686496,0.7835793,0.00018574498
GTGGGTCCAGCTTCGG-1-HCAHeart7844001,4.954955e-06,1.0086307e-05,1.4251849e-05,2.7090897e-05,0.9997366,4.162582e-06,0.00012550416,8.338264e-06,2.7933213e-05,1.9315014e-05,2.1738293e-05
ACTTACTCAGGTCCAC-1-HCAHeart7844001,0.00016840312,0.00023107603,8.6277e-05,2.6998461e-05,0.08800595,0.00010042699,0.9111939,1.4830778e-05,5.146679e-05,8.0600286e-05,4.0024166e-05
CGCTTCATCTCCCTGA-1-HCAHeart7880863,7.0627652e-06,3.644459e-06,0.99975497,7.7169134e-05,4.8338325e-06,4.2182648e-05,1.2780067e-05,3.6522633e-06,8.335399e-05,1.272992e-06,8.950312e-06
CCAGCGAAGAGAACAG-1-HCAHeart7888926,7.7324454e-05,2.2629307e-05,0.99895954,1.3675261e-05,2.0923557e-05,1.8480936e-05,0.000473885,1.9718515e-05,0.00036560406,4.4569733e-06,2.3693787e-05
GTCACGGCAACAACCT-1-HCAHeart7844001,3.6619425e-05,5.100365e-06,0.9997013,1.7596654e-05,4.6463583e-06,8.807675e-06,2.6654312e-05,6.9183284e-06,0.00018148194,1.3926983e-06,9.314548e-06
ACCCTTGGTGTCTTAG-1-HCAHeart7905328,6.449589e-06,2.5189383e-06,0.9998074,9.561008e-06,5.214585e-06,7.1746995e-06,1.4522235e-05,2.5019567e-06,0.00013659504,6.9880116e-07,7.443756e-06
GGACGTCTCAAGATCC-1-HCAHeart7844001,6.890308e-05,1.3894991e-05,0.99936765,1.357951e-05,9.947382e-06,6.557795e-05,0.00027604372,1.0045288e-05,0.0001440399,2.8526376e-06,2.7674656e-05
CCTTGTGAGGTTAGTA-1-HCAHeart7905330,1.0376143e-05,8.905904e-06,0.9995952,6.7561785e-05,3.9035553e-05,2.9307352e-05,2.7184342e-05,1.268017e-05,0.00017780156,1.2201589e-05,1.9819418e-05
AACCTGACACGCGTCA-1-HCAHeart7905329,3.6310337e-06,9.866907e-06,7.816472e-06,3.2492568e-05,0.99981135,2.3052185e-06,9.3019684e-05,9.807812e-06,1.1476132e-05,9.265045e-06,9.137659e-06
CTCTACGGTCACACGC-1-HCAHeart7843999,1.2932663e-05,4.1510116e-06,0.99970055,4.1700863e-05,9.531337e-06,2.6775922e-05,7.8540415e-06,2.024158e-05,0.00014916006,7.786402e-07,2.6261232e-05
CCGTTCATCCTTAATC-1-HCAHeart7888926,1.6374228e-06,3.1159878e-05,6.0350612e-06,1.1971105e-05,8.157677e-06,4.4607846e-06,8.683309e-07,3.5201024e-06,5.342693e-05,2.1178453e-06,0.99987674
CCCTCCTGTGACTCAT-1-HCAHeart7844004,0.0001210731,4.7352987e-05,1.3892959e-05,1.2951631e-06,0.0002835,2.9345245e-05,0.99948454,1.3659845e-06,6.6033253e-06,7.813277e-06,3.272745e-06
TAGACTGAGCGTCGAA-1-HCAHeart7905332,4.6598856e-05,4.203984e-06,8.674101e-06,0.9998852,8.7472035e-06,5.311704e-06,2.3925224e-06,2.068427e-05,5.8970522e-06,4.3097943e-06,7.928604e-06
CCTAACCTCGGCTGTG-1-HCAHeart7905331,5.7749176e-06,2.4958947e-06,0.99985254,2.1780743e-05,3.8107678e-06,8.408284e-06,8.897108e-06,3.0465042e-06,8.617787e-05,5.6773587e-07,6.3648895e-06
GCTGCGATCTGGCGAC-1-HCAHeart7844001,4.7145408e-05,4.031132e-06,6.221188e-05,1.4903892e-05,4.936633e-05,2.557984e-05,1.6766999e-05,5.7492103e-05,0.9932799,0.0064299256,1.2569405e-05
GGAGGATCACGGCTAC-1-HCAHeart7905331,6.2580234e-06,2.5499032e-06,0.9998697,2.1748197e-05,4.380114e-06,9.9924755e-06,7.3825768e-06,3.505709e-06,6.4392385e-05,5.141888e-07,9.600967e-06
CAACCTCTCTGGCGTG-1-HCAHeart7844003,0.005503892,0.00026512888,0.037646674,0.00046545744,0.00048491862,0.0006272806,0.0014079708,0.00058297766,0.6134382,0.33940542,0.00017221009
ACTGATGTCACCATAG-1-HCAHeart7905328,5.887695e-05,1.4527388e-05,0.93984675,3.879375e-05,0.0001389218,7.9738726e-05,0.00022527136,2.2706407e-05,0.059389308,0.00012546373,5.950721e-05
TTAGTTCAGACGCACA-1-HCAHeart7844001,0.000116945135,7.518204e-05,0.9984616,1.66828e-05,2.5250598e-05,4.1627543e-05,0.0010289372,3.404635e-05,0.00016504037,5.475259e-06,2.918021e-05
CCTATTATCTATCGCC-1-HCAHeart7880860,1.2489638e-06,1.8169241e-05,8.6032505e-06,7.415277e-06,8.116578e-06,4.8063876e-06,7.4506954e-07,2.293173e-06,3.6131718e-05,1.7119831e-06,0.99991095
ACGAGCCTCAAACGGG-1-HCAHeart7880862,5.808572e-05,8.159764e-06,8.417409e-06,0.99987113,6.175764e-06,8.357634e-06,2.5248978e-06,1.3494268e-05,1.02379745e-05,4.741765e-06,8.708119e-06
GCACGGTTCTGCTTAT-1-HCAHeart7905332,6.5031254e-06,4.2058027e-06,0.9998723,6.402566e-06,5.4004195e-06,5.6175886e-06,1.8246661e-05,3.0663828e-06,6.9025766e-05,6.855473e-07,8.439813e-06
CGTGAGCCATAAGACA-1-HCAHeart7844000,5.7018906e-06,2.4908647e-06,0.9999075,1.2027559e-05,2.9641876e-06,1.0808376e-05,8.024454e-06,2.2044194e-06,4.0638486e-05,4.933937e-07,7.1564873e-06
GGCAATTGTGTTGGGA-1-HCAHeart7844001,3.125632e-05,2.1034472e-05,9.333091e-06,1.6002219e-06,0.00014894047,2.3611132e-05,0.9997532,1.2842826e-06,4.045036e-06,3.8029868e-06,1.9321035e-06
CGATGGCAGGGTCTTT-1-HCAHeart7905327,4.923085e-06,3.0503306e-06,0.99990606,1.2388383e-05,3.6216525e-06,6.1881724e-06,7.196501e-06,2.9956766e-06,4.536818e-05,4.837881e-07,7.753213e-06
AGTTGGTTCCGTTGCT-1-HCAHeart7880862,3.1896222e-06,0.9997074,6.6717894e-06,2.4796649e-05,2.4328172e-05,2.9824534e-05,6.813521e-06,2.6529195e-05,3.875742e-06,1.16052315e-05,0.0001550552
GTTACGACAGTAGTGG-1-HCAHeart7905332,7.6997885e-06,2.6463406e-06,0.9998246,1.0723149e-05,5.746184e-06,1.3485652e-05,1.5890131e-05,2.536028e-06,0.00010426486,6.4921784e-07,1.1973825e-05
TTAGGACGTGGAAAGA-1-HCAHeart7888927,1.3431904e-05,4.655759e-05,4.881472e-06,1.7511626e-05,2.2895489e-05,8.387478e-06,9.467371e-07,0.99985373,6.5980016e-06,7.473614e-06,1.7511524e-05
CTCTCGACAGCTCATA-1-HCAHeart7905328,7.878582e-06,2.6904538e-06,0.99978954,3.3437595e-05,4.6385994e-06,1.2217061e-05,1.0310752e-05,3.607742e-06,0.00012775995,7.5617623e-07,7.0443625e-06
GACCTGGCAAACAACA-1-HCAHeart7844001,5.3803986e-05,7.435497e-06,0.02088903,3.3471275e-05,0.0001292251,6.6771965e-05,0.00012330429,8.2790626e-05,0.9780692,0.0005253667,1.9589084e-05
CTAACTTTCACCCTGT-1-HCAHeart7905328,2.5103054e-05,4.702397e-06,0.008681256,3.7566453e-05,8.1848695e-05,4.2586154e-05,3.7843798e-05,1.9002598e-05,0.99073595,0.00032028227,1.3789265e-05
ATGAGTCCACGCGCTA-1-HCAHeart7905331,5.7485768e-06,3.187875e-06,0.99987185,6.9330094e-06,4.208088e-06,5.97685e-06,1.3356986e-05,2.4595704e-06,7.364581e-05,6.015079e-07,1.2032728e-05
CGAGAAGCAATGGACG-1-HCAHeart7843999,4.07628e-06,3.2681912e-06,0.99988973,1.343923e-05,4.002912e-06,5.2615533e-06,1.0280109e-05,2.425674e-06,6.034176e-05,5.3592396e-07,6.719894e-06
AGGGAGTGTGTCAATC-1-HCAHeart7880861,5.3816293e-05,8.47972e-05,0.00047344976,0.00056926784,1.0494684e-05,0.9983114,0.00029754115,1.2607356e-05,0.00013193025,1.5566464e-05,3.9205097e-05
CATGACAGTGCCTGCA-1-HCAHeart7880861,4.7592614e-05,2.862066e-05,4.5740962e-05,1.4023369e-05,0.0025363225,1.8296585e-05,0.99726784,2.6887583e-06,2.2781482e-05,8.875539e-06,7.138834e-06
ATAGACCAGACCCACC-1-HCAHeart7844003,0.00010609522,1.4252057e-05,0.0014673857,0.00011646614,0.00014576704,0.0001855757,0.0001422047,9.811492e-05,0.9744912,0.023220094,1.2865778e-05
GATCGTATCGTTGCCT-1-HCAHeart7888926,2.3021305e-06,2.9439012e-05,7.383818e-06,1.3412434e-05,8.178849e-06,5.0585445e-06,1.2834688e-06,3.5380706e-06,0.00011925757,3.1588313e-06,0.99980694
CTTCCGAGTGCAGGAT-1-HCAHeart7905329,2.636718e-05,3.7930433e-06,8.60587e-06,0.9999169,9.835853e-06,5.1941556e-06,2.0500706e-06,1.2386166e-05,5.5733553e-06,3.7607488e-06,5.4766856e-06
GGACGTCGTGACCGAA-1-HCAHeart7905332,7.484518e-06,2.7055062e-06,0.9999136,1.1395018e-05,2.4015906e-06,4.7487097e-06,9.265267e-06,3.1954564e-06,3.916416e-05,4.770017e-07,5.4540624e-06
TGGACGCTCTACCAGA-1-HCAHeart7844001,2.0164445e-05,2.4895194e-06,3.3511857e-05,1.9669724e-05,4.2335578e-05,2.0117252e-05,9.307566e-06,2.6303784e-05,0.9970143,0.0028014362,1.0539092e-05
GTACAACGTTCGGTCG-1-HCAHeart7905332,8.623322e-06,3.1835566e-06,0.999879,7.270594e-06,3.1600111e-06,4.979153e-06,1.3321385e-05,3.1812135e-06,6.6512475e-05,5.992905e-07,9.982377e-06
CCCTGATTCTCCGAAA-1-HCAHeart7905332,7.267528e-06,3.2668902e-06,0.9998902,7.4340996e-06,3.1255313e-06,3.90697e-06,1.1189169e-05,3.3026738e-06,6.384082e-05,5.6266725e-07,5.8963674e-06
GGCAATTTCGCTGATA-1-HCAHeart7844001,3.842005e-06,3.3715914e-06,0.99988997,1.9161083e-05,4.8591355e-06,1.26513505e-05,1.0108126e-05,2.051447e-06,4.5697903e-05,4.4403663e-07,7.782491e-06
CGCTATCCAAGGCTCC-1-HCAHeart7844001,7.742766e-06,2.2625152e-06,0.99975353,2.8279217e-05,6.739206e-06,5.5994242e-05,1.1502762e-05,2.7765286e-06,0.000108059125,6.900453e-07,2.2428998e-05
GAACACTCAGACGCTC-1-HCAHeart7905331,9.175465e-06,3.1201753e-06,0.99987745,6.30834e-06,3.0560345e-06,4.287918e-06,1.0566607e-05,3.5624312e-06,7.298076e-05,5.864665e-07,8.8734505e-06
AAGGTTCGTCGGCACT-1-HCAHeart7844000,1.20117575e-05,1.8156024e-05,8.675705e-06,1.1615357e-05,1.9033936e-05,9.185332e-06,4.9645323e-06,1.1348236e-05,9.489427e-05,0.99980694,3.2214102e-06
CCTCCAAAGAGAGCGG-1-HCAHeart7905328,5.9287386e-06,2.6294697e-06,0.9997967,1.4116714e-05,9.494203e-06,1.8661789e-05,1.3060384e-05,2.0451905e-06,0.00012649923,7.179136e-07,1.0122048e-05
GCGAGAACATATGGTC-1-HCAHeart7888926,1.93894e-06,2.2844042e-05,7.780831e-06,1.5859458e-05,7.532534e-06,4.7102612e-06,1.1238978e-06,2.7201247e-06,6.588468e-05,2.2808745e-06,0.9998673
GGTAGAGTCTGTCGCT-1-HCAHeart7905331,7.4509335e-06,4.151473e-06,0.9998661,6.1077553e-06,4.0760365e-06,3.8410562e-06,1.9452693e-05,3.0106617e-06,7.711165e-05,8.0666086e-07,7.997879e-06
TCGAAGTTCGTTATCT-1-HCAHeart7905331,6.9280754e-06,3.1547027e-06,0.99990857,9.940255e-06,2.6099433e-06,4.0666578e-06,1.0300705e-05,3.3459294e-06,4.4898534e-05,5.6907305e-07,5.714232e-06
CATTCGCTCACGATGT-1-HCAHeart7880862,2.3945951e-05,1.3521711e-05,8.723748e-06,2.0906643e-06,0.00042695663,4.3266173e-05,0.9994671,1.0956926e-06,7.781225e-06,3.668898e-06,1.8750249e-06
TTCTCCTAGCGTAGTG-1-HCAHeart7880860,3.884875e-06,0.00027927215,5.597576e-06,2.9032577e-05,4.9187533e-05,1.1198383e-05,1.908512e-06,1.6987493e-05,9.136032e-05,4.3727878e-06,0.99950707
CCCTCTCAGGAGAGGC-1-HCAHeart7905332,7.329713e-06,2.3894995e-06,0.99983394,1.3634051e-05,4.2086745e-06,7.71788e-06,7.85697e-06,3.0757717e-06,0.00010913188,6.567778e-07,9.967601e-06
CGGCTAGGTCCGTGAC-1-HCAHeart7844004,4.7084046e-05,3.129822e-05,4.30762e-05,1.2830557e-06,0.00021774099,2.7107439e-05,0.99961567,1.4948572e-06,6.7640303e-06,5.5284227e-06,2.8556867e-06
TTTGGTTAGTGTCTCA-1-HCAHeart7844001,9.941976e-05,6.295626e-06,0.9994615,2.6825768e-05,7.1781224e-06,0.00016694529,7.64943e-05,8.057253e-06,9.755345e-05,5.3304984e-06,4.4390643e-05
TTTCCTCCAGGACATG-1-HCAHeart7905331,8.727611e-06,1.3054874e-05,9.95972e-06,9.661017e-06,2.5384667e-05,8.532269e-06,6.4815617e-06,9.823401e-06,0.00018317373,0.999721,4.1666676e-06
TATCTGTTCGCAGTGC-1-HCAHeart7905332,6.248297e-06,2.7130818e-06,0.99985635,1.27444955e-05,4.083155e-06,6.095237e-06,8.388012e-06,3.045827e-06,9.10541e-05,5.7986944e-07,8.722061e-06
AACTGGTGTATAAACG-1-HCAHeart7888927,1.8899739e-06,3.2995744e-05,7.042056e-06,1.3712421e-05,8.601251e-06,4.865253e-06,9.158206e-07,3.3854308e-06,4.400098e-05,1.8951991e-06,0.9998807
AGTGAGGAGCCAGTAG-1-HCAHeart7844000,1.0803243e-05,6.6809575e-06,0.999897,9.1961865e-06,3.975402e-06,9.276634e-06,1.5267697e-05,5.2251335e-06,2.7386672e-05,7.292693e-07,1.446137e-05
GTGCTTCAGTTTGCGT-1-HCAHeart7844001,0.0001786115,1.3893817e-05,0.097629845,0.00019192886,0.000106447515,0.00016350065,0.0001504054,0.00025798666,0.90106547,0.0002010515,4.084695e-05
GCGGAAAAGGATACCG-1-HCAHeart7905332,8.320166e-06,5.1885045e-06,0.9995485,1.2012226e-05,9.161282e-06,6.3563125e-06,1.8699156e-05,7.0783176e-06,0.0003756718,2.5658226e-06,6.3910447e-06
CCACAAAAGACTGGGT-1-HCAHeart7905330,6.3494595e-06,1.9832487e-06,0.9997495,2.296257e-05,6.099988e-06,3.7289137e-05,1.1257858e-05,2.836982e-06,0.0001357959,1.1595204e-06,2.4794099e-05
GCCCGAACATCCTTCG-1-HCAHeart7905328,7.11695e-06,2.8666664e-06,0.9998797,2.0916204e-05,3.2686978e-06,9.6344875e-06,7.104987e-06,3.2140956e-06,5.19185e-05,4.7668726e-07,1.3873318e-05
CAACTAGAGGAGTCTG-1-HCAHeart7844001,2.2370226e-05,3.955726e-06,0.9994425,8.329028e-05,9.277566e-06,9.170987e-05,1.33198755e-05,1.3018283e-05,0.00030087208,1.274603e-06,1.8322236e-05
CCTTTCTTCAGAAATG-1-HCAHeart7844001,3.21411e-05,3.3831835e-05,8.280141e-06,1.8775372e-06,0.00020058152,2.1455147e-05,0.9996902,1.2400936e-06,4.2833753e-06,4.281346e-06,1.8849055e-06
CTCATTACATTACGGT-1-HCAHeart7905328,7.488587e-06,2.4785575e-06,0.99978,2.006911e-05,5.222604e-06,1.4123372e-05,8.544083e-06,3.1597042e-06,0.0001451048,7.55939e-07,1.2998323e-05
TTGGAACGTAGAGGAA-1-HCAHeart7844001,2.728562e-05,9.011599e-06,5.9426125e-06,1.6552398e-06,0.00034813193,1.7482591e-05,0.99958116,1.0062598e-06,3.7995014e-06,2.9763446e-06,1.5468781e-06
CCACTACGTTCGTTGA-1-HCAHeart7844001,2.6540576e-05,5.2858827e-06,0.9960594,2.3864624e-05,1.7608238e-05,4.5433535e-05,5.592824e-05,8.5720485e-06,0.0037203073,7.040437e-06,2.9985862e-05
TCGGGACTCGAACTGT-1-HCAHeart7843999,6.2861836e-06,2.6541484e-06,0.9998753,1.3039792e-05,3.3459362e-06,6.7905903e-06,8.119356e-06,2.6925252e-06,7.1397095e-05,5.080102e-07,9.895734e-06
ACGGAGAAGAAGGTTT-1-HCAHeart7844003,5.1384868e-05,9.245902e-06,0.9996991,1.3887833e-05,5.828093e-06,1.9164278e-05,8.015275e-05,7.920198e-06,9.374525e-05,1.5436327e-06,1.8050001e-05
TCAGCTCGTTCGCTAA-1-HCAHeart7844002,7.6200777e-06,2.4256833e-06,0.9998429,8.694273e-06,4.036693e-06,7.4903583e-06,1.05477975e-05,3.6057365e-06,0.00010089568,1.05994e-06,1.0737539e-05
TGATTTCCAGCATGAG-1-HCAHeart7880863,5.253292e-05,8.177762e-06,1.1535758e-05,0.9998704,7.35e-06,9.106314e-06,2.3978068e-06,1.7920447e-05,9.334523e-06,5.6196673e-06,5.690733e-06
TCAGTCCAGTAATCCC-1-HCAHeart7905328,4.953827e-06,2.7876733e-06,0.99990654,1.1646808e-05,2.8664565e-06,4.8949787e-06,1.0137496e-05,2.4976844e-06,4.5411576e-05,5.32615e-07,7.73716e-06
AGGGAGTGTCACACGC-1-HCAHeart7844001,3.727162e-05,1.3931824e-05,8.666866e-06,1.6527695e-06,0.000110031644,4.4941524e-05,0.9997737,1.0031916e-06,4.2555034e-06,3.134381e-06,1.5380022e-06
TCAGTCCCACCACATA-1-HCAHeart7905327,3.948043e-06,8.145813e-06,6.5146432e-06,2.0314596e-05,0.9998242,1.9874017e-06,9.349867e-05,6.7867863e-06,1.6263955e-05,1.2261631e-05,6.093786e-06
GCTGCGAAGACAAGCC-1-HCAHeart7844004,1.3156692e-05,6.816423e-06,0.99983954,6.331606e-06,6.3135594e-06,4.8257657e-06,4.1540858e-05,4.475076e-06,5.5212637e-05,9.521428e-07,2.079547e-05
ACCTACCAGGCCGCTT-1-HCAHeart7905328,6.910256e-06,2.6225198e-06,0.9998652,2.0933141e-05,3.4551033e-06,9.319167e-06,8.102372e-06,2.9928872e-06,6.985943e-05,6.0859884e-07,1.0049963e-05
GAGTTTGAGGAAGTAG-1-HCAHeart7905328,6.3851394e-06,3.953519e-06,0.99980086,7.0362375e-06,6.0139723e-06,4.7524964e-06,2.3712228e-05,2.6220034e-06,0.00013683822,1.0161896e-06,6.916187e-06
CAAGAAACAGCTGTGC-1-HCAHeart7844003,2.748776e-05,7.031509e-06,0.9995178,1.3356025e-05,9.481107e-06,1.6793158e-05,5.440459e-05,7.2103144e-06,0.00030677902,1.860879e-06,3.7602214e-05
CCTATTAGTGATGTGG-1-HCAHeart7880860,1.5326264e-06,3.123019e-05,6.087248e-06,6.7668834e-06,8.2944e-06,4.1844587e-06,7.360778e-07,3.2809287e-06,3.1882464e-05,2.125326e-06,0.9999038
CTGCTGTCATGCTGGC-1-HCAHeart7880861,5.7631296e-06,4.053047e-06,0.99986625,7.768692e-06,3.5641788e-06,6.501709e-06,1.5206546e-05,3.6827998e-06,7.671381e-05,6.2290843e-07,9.714367e-06
CAGCATAGTTCACCTC-1-HCAHeart7843999,6.159116e-06,8.360261e-06,0.9998592,1.6229926e-05,9.988313e-06,1.2063841e-05,2.1331374e-05,4.253883e-06,5.0218856e-05,1.1523715e-06,1.0973373e-05
CGTTAGATCCTACAGA-1-HCAHeart7844002,6.7393917e-06,1.143316e-05,2.6872347e-05,6.1692415e-05,0.99948454,6.0174734e-06,0.00029376367,1.0308344e-05,2.9132321e-05,1.2334307e-05,5.6946188e-05
CGTTCTGGTCGAGTTT-1-HCAHeart7844004,5.5049827e-06,3.0200854e-06,0.99991286,1.258027e-05,2.7551241e-06,4.7672647e-06,8.6845885e-06,2.6094322e-06,4.07647e-05,4.6915582e-07,6.00913e-06
CAGGTATGTAGACACG-1-HCAHeart7905328,5.9429635e-06,2.4119265e-06,0.9998709,7.0482693e-06,3.833262e-06,5.6874696e-06,1.2340287e-05,2.2152701e-06,8.113247e-05,6.045588e-07,7.711874e-06
AAACGGGCACATCCAA-1-HCAHeart7844001,0.00801638,0.00061300804,0.09312467,0.0017832449,0.00053418125,0.4067181,0.20022662,0.00057566125,0.2826863,0.0045931693,0.0011286024
AACTTTCAGCACCGTC-1-HCAHeart7844001,1.5581903e-05,1.873523e-05,9.996536e-06,1.3398408e-05,1.8802946e-05,1.3920399e-05,5.4519414e-06,1.3627481e-05,0.00010320438,0.999783,4.336104e-06
CACACAATCTTAGCCC-1-HCAHeart7844001,2.6633908e-05,1.4089598e-05,7.668319e-06,1.0384832e-06,0.00018406232,2.7506732e-05,0.99972993,1.0550825e-06,3.7790517e-06,2.9894188e-06,1.1915357e-06
AGTCTTTTCTTGTACT-1-HCAHeart7888926,3.5849884e-05,2.2867796e-05,1.1710309e-05,0.9991893,0.00010402763,2.1449532e-05,1.147408e-05,0.00052321824,2.6052436e-05,6.4364613e-06,4.7587728e-05
AGTGAGGAGGCTAGCA-1-HCAHeart7844002,2.9398829e-05,1.4283655e-05,1.2497076e-05,2.1618982e-06,0.00067425316,2.3061766e-05,0.999231,1.4476711e-06,4.9526852e-06,4.14668e-06,2.862701e-06
TCGTGGGAGTACAACA-1-HCAHeart7905332,6.1023597e-06,2.4778478e-06,0.9998865,1.0802604e-05,3.5939088e-06,7.510907e-06,7.478194e-06,2.6132882e-06,6.13559e-05,4.9367986e-07,1.1024926e-05
CGATTGAGTGGCCCTA-1-HCAHeart7844000,5.7191914e-06,9.020817e-06,6.714074e-06,2.0209845e-05,0.99976426,2.0607063e-06,0.00015321918,7.2105104e-06,1.608239e-05,8.43035e-06,6.966448e-06
TAGTTGGGTACTCGCG-1-HCAHeart7844004,6.5322047e-06,1.00307725e-05,8.982064e-06,4.429593e-05,0.99965334,3.4124275e-06,0.0002198974,9.912956e-06,1.9270537e-05,1.1797517e-05,1.2557313e-05
CAAGTTGAGGTGCACA-1-HCAHeart7844004,6.025485e-06,3.7075908e-06,0.99989855,7.656532e-06,3.1222862e-06,4.9695773e-06,1.0020075e-05,2.4940798e-06,5.5103952e-05,5.4991654e-07,7.708131e-06
GTTACAGGTACTCTCC-1-HCAHeart7844004,1.6297692e-05,2.1635979e-06,3.2155487e-05,2.567001e-05,5.252467e-05,1.7467952e-05,8.056086e-06,2.0381149e-05,0.99862134,0.0011957347,8.101782e-06
CGATCGGCACATCCGG-1-HCAHeart7844003,0.000100468955,5.9953974e-05,1.1753479e-05,1.3976909e-06,0.00029072628,3.166275e-05,0.9994842,1.8671519e-06,6.357322e-06,8.469363e-06,3.06232e-06
AGCGTATCACACTGCG-1-HCAHeart7888926,1.4728878e-06,1.567502e-05,8.372688e-06,7.959015e-06,7.165933e-06,3.8030516e-06,8.9394734e-07,2.0653913e-06,4.9899692e-05,1.9837687e-06,0.9999008
TCACAAGCATCCCATC-1-HCAHeart7888927,1.5975089e-05,6.894496e-06,6.8244085e-06,0.99991167,8.298128e-06,5.6977287e-06,2.5855e-06,1.2566525e-05,8.5680485e-06,3.2157589e-06,1.759448e-05
CCTACACTCTGGTATG-1-HCAHeart7844004,5.347975e-06,4.4919593e-06,0.9998964,1.7709695e-05,4.88494e-06,1.3994914e-05,1.1444701e-05,2.5297772e-06,3.3744327e-05,8.6788356e-07,8.543986e-06
TCACAAGCAGGGTACA-1-HCAHeart7888926,1.6798165e-06,3.7433263e-05,5.9315753e-06,1.2474524e-05,9.189343e-06,5.755229e-06,7.3548506e-07,3.6412814e-06,2.9698776e-05,1.7702527e-06,0.99989164
CCCTTAGCATATACCG-1-HCAHeart7905328,9.24054e-06,2.6948035e-06,0.99965966,1.787576e-05,5.2643877e-06,1.156485e-05,1.36098e-05,3.4167474e-06,0.00026646224,9.601949e-07,9.3346125e-06
GTTCATTCATAGTCAC-1-HCAHeart7905331,7.406529e-06,4.1008666e-06,0.99988544,2.401737e-05,5.46355e-06,9.752621e-06,1.0443605e-05,5.661927e-06,3.8686092e-05,1.0225577e-06,7.868301e-06
CATCCACCATCACAAC-1-HCAHeart7844001,5.134361e-05,2.5952291e-05,9.234224e-06,1.9432466e-06,0.00018405468,3.1722055e-05,0.99968266,1.6628587e-06,4.772358e-06,3.9673923e-06,2.657821e-06
AGTGAGGGTTACTGAC-1-HCAHeart7844004,0.00020234124,6.148443e-05,0.0048515885,0.00027070558,0.00046948442,0.0003595089,0.00022077463,0.0002787089,0.2296178,0.7636145,5.3247903e-05
AATGCCAAGAAACTCA-1-HCAHeart7905328,8.655139e-06,5.261396e-06,0.9998235,7.094646e-05,8.769373e-06,1.6488255e-05,1.093189e-05,9.975818e-06,3.5368357e-05,1.0688949e-06,9.032415e-06
TATCTGTGTAATCAGA-1-HCAHeart7905328,6.0833036e-06,2.4990698e-06,0.9998221,1.0206385e-05,5.6227573e-06,1.0088246e-05,1.1750917e-05,2.2766183e-06,0.00011885007,5.947903e-07,9.910781e-06
GTGCATAAGTTGTAGA-1-HCAHeart7843999,3.68932e-06,1.1199051e-05,6.317497e-06,2.7782304e-05,0.9998098,2.1256494e-06,0.000103318336,8.89526e-06,1.1456203e-05,8.289017e-06,7.0882757e-06
CTCGGGAAGCCACTAT-1-HCAHeart7844004,6.4518317e-06,4.1674075e-06,0.9999167,1.0068161e-05,2.5255617e-06,5.668842e-06,1.147895e-05,2.2428776e-06,3.28639e-05,5.083865e-07,7.4281306e-06
GGACAGAAGCACACAG-1-HCAHeart7844001,1.6642576e-05,6.14568e-06,0.99976295,9.478893e-06,6.2249283e-06,1.4306301e-05,4.5981786e-05,6.3535485e-06,0.00011020037,1.2301972e-06,2.0544645e-05
CGTCCATAGTACACCT-1-HCAHeart7843999,6.557889e-06,3.701153e-06,0.9998,4.189972e-05,1.3979667e-05,2.4963172e-05,9.056767e-06,5.0272065e-06,6.93641e-05,7.7582746e-07,2.4626079e-05
ACAGCTAAGTGGACGT-1-HCAHeart7844001,4.1112045e-05,8.439366e-06,0.98733354,2.8312676e-05,6.0422786e-05,3.507771e-05,0.00015007202,1.196488e-05,0.012289029,1.9343563e-05,2.2610064e-05
AAAGTCCAGCCGTTGC-1-HCAHeart7905327,5.8914397e-06,2.534621e-06,0.9998123,1.5693793e-05,4.643078e-06,8.283293e-06,9.936512e-06,2.9354965e-06,0.0001295693,6.3876456e-07,7.646306e-06
CCGTACTTCAAGCCTA-1-HCAHeart7844001,6.950909e-05,9.148896e-06,0.00014579788,3.8464845e-05,0.00014644195,9.589757e-05,4.8806745e-05,0.00013474008,0.954414,0.044876974,2.0240283e-05
GGCCGATTCTGTGCAA-1-HCAHeart7844001,2.2234275e-05,3.89672e-06,0.9998324,3.86597e-05,2.566407e-06,1.556307e-05,8.60218e-06,8.638913e-06,5.769646e-05,6.356332e-07,9.044278e-06
CTTCTAAAGGCGTTGA-1-HCAHeart7905330,6.276945e-06,5.016425e-06,0.99967873,2.7230544e-05,1.271641e-05,1.6973081e-05,1.9567316e-05,4.8532e-06,0.00021621866,2.6780021e-06,9.823117e-06
ATGCGATAGTGGTAAT-1-HCAHeart7843999,6.2174354e-06,2.5522609e-06,0.9998221,1.7646864e-05,4.9020673e-06,9.336289e-06,9.56455e-06,2.789105e-06,0.00011525508,6.719551e-07,9.129029e-06
TCGTCCAAGGTTCATC-1-HCAHeart7905329,1.5128245e-05,3.616451e-06,0.999316,8.236784e-05,5.981343e-06,3.0690626e-05,1.1284162e-05,7.3862543e-06,0.0005122844,1.5873865e-06,1.3663294e-05
TACGGATGTCTACCTC-1-HCAHeart7844001,0.00019683644,2.7303766e-05,1.5179931e-05,1.5204539e-06,0.00018109642,6.800682e-05,0.99949455,2.1161393e-06,5.5594787e-06,4.6591113e-06,3.0747392e-06
CATTATCGTTGAGTTC-1-HCAHeart7844001,8.245848e-06,1.1173333e-06,5.0283168e-05,1.1926283e-05,2.7042615e-05,8.142805e-06,6.381312e-06,3.4114266e-05,0.9995627,0.00028548547,4.672476e-06
GACGGCTTCCCGGATG-1-HCAHeart7880860,1.3506179e-06,3.0709154e-05,6.4848764e-06,7.617246e-06,8.440903e-06,4.64431e-06,7.2465104e-07,3.7750092e-06,4.122917e-05,2.3089508e-06,0.9998927
CGTTGGGAGCTGCGAA-1-HCAHeart7888927,1.8538801e-06,3.784688e-05,7.0691135e-06,1.6601482e-05,8.43867e-06,5.9153886e-06,1.1862072e-06,3.5373505e-06,9.647577e-05,3.097183e-06,0.9998179
CCTATTAGTATAGGTA-1-HCAHeart7844003,8.01587e-06,2.778696e-06,0.99988055,6.4337682e-06,3.6928268e-06,6.659677e-06,9.380309e-06,2.929209e-06,6.6556044e-05,5.463839e-07,1.2265936e-05
ATGAGGGCACCCATGG-1-HCAHeart7880862,3.037465e-06,0.9997993,6.0827474e-06,2.0276482e-05,1.5184777e-05,2.8602797e-05,5.7626003e-06,2.8313732e-05,2.747229e-06,1.335082e-05,7.7337216e-05
TCCACGTAGTCCTGCG-1-HCAHeart7905330,5.1161437e-06,2.0095174e-06,0.9998586,2.235567e-05,5.6232197e-06,2.5005975e-05,9.908346e-06,2.2762456e-06,5.5280816e-05,6.152845e-07,1.3081686e-05
CATCGTCAGGCTAGCA-1-HCAHeart7905328,6.1937976e-06,3.2731502e-06,0.9998324,2.4439983e-05,5.140321e-06,8.686614e-06,1.0608588e-05,3.929144e-06,9.648766e-05,9.575102e-07,7.87581e-06
AAGGAGCCAAGCCGTC-1-HCAHeart7880862,5.288922e-05,1.6873453e-05,0.99234664,0.0011192511,2.0703916e-05,0.004915037,8.503626e-05,1.6013477e-05,0.0013428841,3.4147393e-05,5.064226e-05
ACAGCTAGTCAACTGT-1-HCAHeart7844001,1.5351641e-05,3.07058e-06,0.99936646,4.4516146e-05,7.753938e-06,6.081648e-05,1.1886985e-05,5.1127627e-06,0.00045016885,1.2728626e-06,3.3575194e-05
TTTGGTTCATGGTTGT-1-HCAHeart7844003,0.00010042558,5.757438e-05,0.0043169507,0.00013421137,0.00058197277,0.00025249974,0.00029554183,0.00020770467,0.41855514,0.5754387,5.9289643e-05
CAAGGGATCAAAGAAC-1-HCAHeart7905327,1.2392677e-05,4.855069e-06,0.9998186,5.405344e-06,6.7050323e-06,4.7481817e-06,3.337571e-05,3.7072273e-06,9.5722775e-05,9.178604e-07,1.3552936e-05
GGGATGATCTAGAGTC-1-HCAHeart7844001,1.3595512e-05,4.2584343e-06,0.9997613,9.624833e-06,4.8788283e-06,9.130625e-06,2.2125834e-05,5.486696e-06,0.00015564953,1.0300362e-06,1.2820933e-05
GCTCCTAGTTGGTAAA-1-HCAHeart7844002,4.0597056e-06,9.123439e-06,6.4698133e-06,2.967156e-05,0.99979216,2.272158e-06,0.000118394346,9.323331e-06,1.1718325e-05,8.787139e-06,8.059219e-06
TAGCCGGCATGCTAGT-1-HCAHeart7844001,0.0001570575,1.444067e-05,0.00017201241,7.356112e-05,0.00019103462,0.0001888297,7.415249e-05,0.0002454028,0.8773379,0.12151606,2.9591081e-05
TGCCCATAGTCCCACG-1-HCAHeart7844000,0.00016038292,5.1894905e-05,2.6831778e-05,9.5238116e-05,5.0641444e-05,0.00014916009,2.2168828e-05,9.263618e-05,0.0014277069,0.99791473,8.4703015e-06
CAAGTTGAGTTTCCTT-1-HCAHeart7888926,2.3277819e-06,0.00018348884,6.505827e-06,1.5384738e-05,1.5839152e-05,1.2035999e-05,9.635362e-07,7.3695655e-06,2.9414152e-05,3.4585614e-06,0.99972314
GCAGCCAAGGATATAC-1-HCAHeart7880862,2.9918913e-06,0.99976605,5.8775927e-06,1.7172542e-05,1.6615431e-05,2.5573987e-05,7.0828837e-06,2.3016819e-05,3.3884373e-06,1.0238871e-05,0.00012205485
TCCTAATGTAAGGTCG-1-HCAHeart7905328,9.081922e-06,4.4724857e-06,0.9999081,1.2458204e-05,3.56546e-06,8.365502e-06,1.1841344e-05,4.899017e-06,2.8786968e-05,7.723352e-07,7.5819366e-06
GACTGCGTCAACGAAA-1-HCAHeart7880862,0.00011919183,0.00017793571,0.00026353783,0.00029572286,9.172225e-06,0.99860317,0.0003640606,1.9017005e-05,8.937226e-05,1.7223168e-05,4.16184e-05
TGTGCGGAGCCTGGAA-1-HCAHeart7905332,7.2774565e-06,2.9174762e-06,0.99991167,1.4821409e-05,2.7837477e-06,4.923164e-06,8.8196575e-06,3.978771e-06,3.7722e-05,5.915354e-07,4.6778214e-06
GCACTCTAGGATGTAT-1-HCAHeart7888926,3.913002e-06,9.531333e-06,6.5012423e-06,2.2749506e-05,0.9997811,1.6741598e-06,0.00014113862,7.3516567e-06,1.3564582e-05,7.379276e-06,5.159476e-06
TGAGACTGTGGAACCA-1-HCAHeart7905330,0.001307313,4.636447e-05,0.0010242909,0.04291883,0.00022485285,0.0017834281,0.00010190893,0.0002918664,0.9465553,0.005679497,6.634428e-05
GGCGACTTCGAACTGT-1-HCAHeart7844001,8.8437664e-05,5.1381183e-05,7.7071556e-05,8.474832e-05,0.8808298,2.527878e-05,0.11868,2.6050937e-05,6.72457e-05,4.2615513e-05,2.739287e-05
TGGCCAGTCACTCCTG-1-HCAHeart7843999,1.9767724e-05,5.995537e-06,0.9997949,6.429837e-06,5.7292473e-06,4.5551737e-06,3.624534e-05,5.0667686e-06,0.00010008346,1.1550513e-06,2.0046493e-05
TGGATGTAGGTACCTT-1-HCAHeart7905327,5.500712e-06,3.7230473e-06,0.9997625,3.2069234e-05,1.2465718e-05,1.4404494e-05,1.0811983e-05,5.001625e-06,0.00013926163,8.8390414e-07,1.3344856e-05
CGCTTCAGTTCGAATC-1-HCAHeart7844001,1.7807677e-05,3.6046072e-06,0.9998605,1.27796975e-05,3.503451e-06,9.130565e-06,1.0686027e-05,9.447805e-06,6.320436e-05,6.212354e-07,8.699867e-06
GCGAGAACATGTCCTC-1-HCAHeart7843999,9.066208e-06,1.3307351e-05,9.102283e-06,9.915304e-06,1.9104156e-05,8.928093e-06,5.182256e-06,8.87375e-06,0.00011723794,0.99979573,3.6411404e-06
TGTATTCAGATGTAAC-1-HCAHeart7844004,4.4976964e-06,7.966394e-06,1.0929428e-05,4.51108e-05,0.9997708,4.4810927e-06,8.635164e-05,1.41539995e-05,2.3561119e-05,1.3989714e-05,1.8070037e-05
AACCTGATCCGCGATG-1-HCAHeart7905332,1.2135423e-05,4.233419e-06,0.99988735,7.1225654e-06,2.9820642e-06,3.244439e-06,1.5244968e-05,4.6434843e-06,5.3441458e-05,6.933881e-07,8.918052e-06
AACCGCGGTCCGAGTC-1-HCAHeart7844003,0.000119653545,1.543779e-05,0.9981224,3.7463367e-05,3.163873e-05,6.0586422e-05,9.298342e-05,0.0004266006,0.0010631311,7.304031e-06,2.2885113e-05
AAGACAAGTGCTCTCT-1-HCAHeart7905328,6.105381e-06,3.0595322e-06,0.9998417,1.508296e-05,4.2597844e-06,6.2479135e-06,1.5013214e-05,2.789729e-06,9.685493e-05,6.807431e-07,8.189263e-06
AACTCAGAGGACTGGT-1-HCAHeart7844000,3.6849844e-05,2.4623323e-05,1.0110549e-05,1.089045e-06,0.00019278094,2.6851127e-05,0.9996977,1.3477736e-06,3.8010246e-06,3.3805013e-06,1.6025001e-06
TGTCCACAGTATAGGT-1-HCAHeart7905328,2.7888324e-05,5.0672056e-06,6.333491e-05,2.6824135e-05,7.3125026e-05,2.5749816e-05,1.0916487e-05,2.3288681e-05,0.9944027,0.0053299377,1.1352184e-05
GGAACCCTCCAGTACA-1-HCAHeart7905327,7.472813e-06,2.3630291e-06,0.9998591,9.035717e-06,3.6875601e-06,5.9230442e-06,9.034562e-06,2.7308631e-06,9.0096924e-05,5.696497e-07,9.951876e-06
GAGTCATAGCATTGTC-1-HCAHeart7905328,7.2829603e-06,2.9648238e-06,0.99981695,2.0950285e-05,7.027358e-06,1.1662813e-05,9.95775e-06,5.8006817e-06,0.000108014465,1.303655e-06,7.927752e-06
CCCAACTCAGCGCTTG-1-HCAHeart7905331,5.346126e-05,6.879717e-06,0.9984737,4.057356e-05,0.00013779041,0.00038893806,0.00029139477,9.695898e-06,0.0004722813,4.2340953e-06,0.00012106629
TACTCATGTCTTCAAG-1-HCAHeart7844001,1.6392009e-05,3.6260992e-06,0.999228,4.3426655e-05,5.624987e-06,4.0916235e-05,1.5293523e-05,7.005819e-06,0.00062820513,2.670772e-06,8.947762e-06
TTAGGCAGTCTCGTTC-1-HCAHeart7844000,0.00012025256,1.1346592e-05,0.034859158,0.000114416114,0.00012585486,0.00019984426,0.00012147285,6.928988e-05,0.9600867,0.0042524044,3.9253126e-05
TTCATGTTCATCCCGT-1-HCAHeart7905327,1.8435752e-05,3.4443358e-06,0.99975187,4.4465964e-05,4.381064e-06,7.3581054e-06,1.1460597e-05,7.7324075e-06,0.00014057259,9.3520697e-07,9.244635e-06
TTCGAAGTCGTTACAG-1-HCAHeart7844000,4.7219073e-05,1.8200493e-05,0.99968696,1.7368673e-05,6.7739766e-06,3.4041124e-05,8.1010854e-05,8.432305e-06,5.4271284e-05,1.536605e-06,4.4070894e-05
GCGCCAATCTGACCTC-1-HCAHeart7888926,1.4444304e-06,3.1537576e-05,6.0947664e-06,1.067143e-05,8.659131e-06,4.815122e-06,8.993519e-07,3.4931572e-06,7.2175426e-05,2.822399e-06,0.9998573
CGATCGGCAAAGCAAT-1-HCAHeart7843999,6.102311e-06,2.9564903e-06,0.99990904,1.2014897e-05,2.8767083e-06,5.3590393e-06,6.6599114e-06,2.965473e-06,4.3662003e-05,4.7014433e-07,7.9108695e-06
GGTGAAGAGCAACGGT-1-HCAHeart7844004,0.00011036982,3.5973208e-05,0.7792358,0.0006124337,0.00024546142,0.00016043193,0.00013549154,0.0002172947,0.21908651,7.282494e-05,8.7436034e-05
CAGCAGCCAGACGTAG-1-HCAHeart7844004,0.0014235416,3.7455477e-05,0.997759,2.023223e-05,1.8069757e-05,3.055188e-05,0.00037602635,4.6001394e-05,0.00023460721,8.730525e-06,4.5784836e-05
GATGAGGTCCTGCTTG-1-HCAHeart7844004,1.3066196e-05,2.0069225e-05,9.075461e-06,1.1613083e-05,1.9300054e-05,9.767499e-06,5.1753436e-06,1.1424526e-05,8.314077e-05,0.99981433,3.171091e-06
GTAACTGAGAGGGATA-1-HCAHeart7888927,4.096249e-06,0.00021000115,8.808488e-06,0.00011199826,2.0878233e-05,1.396018e-05,1.8323229e-06,1.065754e-05,8.7493434e-05,4.6220375e-06,0.9995258
ACGATGTAGACGCAAC-1-HCAHeart7843999,5.5682603e-06,3.0299814e-06,0.9999131,1.1348952e-05,2.7296412e-06,4.407651e-06,8.2765155e-06,2.6859075e-06,4.2856365e-05,4.962903e-07,5.5232467e-06
GTGCTTCGTTACGTCA-1-HCAHeart7844003,0.0048826244,0.00036545878,5.233238e-05,0.00029653177,6.236342e-05,0.00021198536,0.00013021524,0.000104236875,0.0010832286,0.9927817,2.9311575e-05
TACGGTAGTCGGCATC-1-HCAHeart7844001,0.0001827271,3.443591e-05,0.99354595,3.651584e-05,9.941941e-05,0.00016550785,0.005518702,1.649284e-05,0.00035944112,8.826618e-06,3.2081243e-05
TACCTATAGCAATATG-1-HCAHeart7844001,9.658044e-06,3.4271463e-06,0.99980026,1.6888176e-05,4.4968506e-06,2.1368718e-05,1.5157056e-05,3.1963716e-06,0.000108119326,7.22933e-07,1.6700244e-05
ATGGGTTGTCTAGTGT-1-HCAHeart7905329,1.2140761e-05,3.037243e-06,0.9990791,1.4695659e-05,9.541286e-06,1.37928455e-05,2.4303496e-05,4.0546174e-06,0.0008241679,2.5456304e-06,1.2643828e-05
AGGTCATCAAATAGCA-1-HCAHeart7905331,1.1215236e-05,1.3305827e-05,1.34495185e-05,1.0418686e-05,3.642309e-05,1.1010162e-05,8.319844e-06,1.0728569e-05,0.0006563411,0.9992229,5.9945532e-06
GACGGCTCAGTCGTGC-1-HCAHeart7844004,1.20003215e-05,8.3407995e-06,0.9998691,7.832655e-06,4.338331e-06,6.267205e-06,3.0421432e-05,4.2675615e-06,4.2391985e-05,8.491225e-07,1.41337405e-05
TCGTCCAAGCGAATGC-1-HCAHeart7905327,5.945632e-06,2.4570752e-06,0.9998745,9.83056e-06,3.4878512e-06,6.7927285e-06,1.0769085e-05,2.4325407e-06,7.242889e-05,5.83286e-07,1.1012341e-05
TCGAGGCGTAGCTCCG-1-HCAHeart7843999,4.7548983e-06,1.0182454e-05,8.558777e-06,4.713855e-05,0.9997483,2.540717e-06,0.0001387858,9.7925395e-06,1.1430355e-05,8.476724e-06,1.0019983e-05
ATAGACCAGAGTACCG-1-HCAHeart7843999,6.63069e-06,3.7768716e-06,0.9998939,1.5208678e-05,5.096543e-06,1.3781916e-05,1.058439e-05,3.2844243e-06,3.758373e-05,8.219562e-07,9.036592e-06
CATATGGGTGGTAACG-1-HCAHeart7844001,5.8556772e-05,5.485027e-05,2.3069877e-05,1.2311281e-05,0.010624549,2.950823e-05,0.98915124,6.7444817e-06,1.3430553e-05,1.5078646e-05,1.0657819e-05
TGTGTTTCACTCTGTC-1-HCAHeart7880862,8.585546e-06,1.3446329e-06,3.7575843e-05,1.629131e-05,1.4251263e-05,9.0351605e-06,5.785023e-06,1.982515e-05,0.9997527,0.00012862468,5.815785e-06
ACGATCAAGACCAGAC-1-HCAHeart7905327,0.0001986885,0.00021457131,0.3801182,0.0008920789,0.012193942,0.0012086438,0.0012823414,0.00073431164,0.57606864,0.02693933,0.00014928977
CTGATCCGTCTCAACA-1-HCAHeart7844001,4.3711316e-05,7.040863e-06,0.99224937,3.7637223e-05,1.845851e-05,2.7727056e-05,4.7859878e-05,1.8713998e-05,0.007524442,8.686995e-06,1.643388e-05
GACGTTATCGTAGGTT-1-HCAHeart7888927,2.1081498e-05,5.7095353e-06,8.088878e-06,0.99991786,7.716136e-06,4.410889e-06,2.0901339e-06,1.2031319e-05,6.4117303e-06,3.1196796e-06,1.1393936e-05
GACGGCTGTCGCCATG-1-HCAHeart7844003,5.370044e-06,7.2644575e-06,8.809514e-06,3.5485788e-05,0.9996488,2.4223484e-06,0.00024752706,8.952614e-06,1.6657697e-05,8.915194e-06,9.8333385e-06
ACGATACTCACAAACC-1-HCAHeart7844004,9.79212e-06,6.6210246e-06,0.99986374,6.32427e-06,5.047579e-06,4.933893e-06,2.9387218e-05,3.4269356e-06,5.1405776e-05,8.4923863e-07,1.8484967e-05
GTGTTAGTCAACTCTT-1-HCAHeart7844004,2.1925549e-05,1.1229253e-05,7.3221795e-06,1.410431e-06,0.00024933522,1.6282718e-05,0.999683,8.5222143e-07,3.9889924e-06,3.229799e-06,1.4777019e-06
GGTGCGTCATTAACCG-1-HCAHeart7844003,3.4490957e-05,2.0575231e-05,1.1614921e-05,3.258111e-06,0.0005318335,1.4151416e-05,0.9993691,1.2221343e-06,5.7608186e-06,4.849176e-06,3.1799248e-06
CACCTTGCATCCTAGA-1-HCAHeart7844003,1.0159014e-05,3.1961208e-06,0.9997886,6.6772836e-06,4.6926466e-06,7.262702e-06,1.4966629e-05,3.7097225e-06,0.00014776563,9.921774e-07,1.2053926e-05
CATCAAGCAGATCACT-1-HCAHeart7905331,1.193041e-05,4.7670856e-06,0.99974364,5.6240265e-06,9.435383e-06,6.261174e-06,3.8855553e-05,4.1175736e-06,0.00016289351,1.143265e-06,1.1357943e-05
TTGACTTAGCACCGTC-1-HCAHeart7844000,1.0195862e-05,3.291392e-06,0.9998826,8.534193e-06,3.1130699e-06,5.4048596e-06,1.0099668e-05,4.9258524e-06,6.25766e-05,5.335875e-07,8.719279e-06
AGTTAGCGTTGAGAGC-1-HCAHeart7905327,6.7720584e-06,5.513074e-06,0.99960405,1.0850985e-05,1.0138055e-05,5.5162664e-06,2.2722106e-05,4.3380787e-06,0.0003214978,1.5316526e-06,7.121912e-06
GGAATAACATGTAAGA-1-HCAHeart7844001,2.1367629e-05,6.293051e-06,0.998722,2.1684693e-05,8.355006e-06,1.8480594e-05,3.066896e-05,1.1524718e-05,0.0011478091,3.4938794e-06,8.262732e-06
GGGACCTCACATTTCT-1-HCAHeart7888926,1.5653776e-06,4.3207227e-05,8.074662e-06,8.681556e-06,8.06056e-06,6.7053056e-06,7.518439e-07,3.3479544e-06,2.5135534e-05,1.784789e-06,0.9998927
CTGATAGTCACATGCA-1-HCAHeart7844001,1.3829716e-05,3.849926e-06,0.99984384,1.5985144e-05,5.272578e-06,1.1895249e-05,1.8260398e-05,6.362091e-06,7.035383e-05,6.944008e-07,9.787724e-06
GACGTTACAAGCGTAG-1-HCAHeart7880862,2.8746525e-05,2.0057314e-06,3.171855e-05,3.7268554e-05,2.4976174e-05,1.9749737e-05,1.0143873e-05,7.506116e-05,0.9993216,0.00044169906,6.954563e-06
AGTCAACCACGCACCA-1-HCAHeart7905327,6.3434936e-06,2.6682678e-06,0.99989474,7.5723115e-06,3.3488584e-06,6.317654e-06,8.303853e-06,2.469065e-06,5.7624828e-05,5.4226626e-07,9.878738e-06
GACCCTTAGTCCGCCA-1-HCAHeart7905328,7.0631845e-06,3.4075715e-06,0.9998324,1.5712754e-05,4.0440873e-06,9.196943e-06,9.323316e-06,3.3891208e-06,9.356606e-05,6.490335e-07,2.1278787e-05
GTGTGCGCACGCTTTC-1-HCAHeart7844004,1.7861015e-05,8.6720265e-06,0.9998425,9.788812e-06,4.1610824e-06,8.283685e-06,3.8938637e-05,5.371439e-06,5.3044896e-05,9.4063466e-07,1.0401074e-05
GCTGGGTTCGTACCGG-1-HCAHeart7880862,2.6026114e-06,0.9998305,6.228485e-06,1.7602099e-05,1.7948807e-05,1.955663e-05,5.5901464e-06,3.1779953e-05,2.7511533e-06,1.2342719e-05,5.28619e-05
CAAGAAAAGTCCAGGA-1-HCAHeart7843999,5.4652137e-06,1.0595654e-05,9.933762e-06,3.7065936e-05,0.99973494,2.8379316e-06,0.00013533625,7.890123e-06,2.7756603e-05,1.5974065e-05,1.2164451e-05
TGTATTCTCCCATTTA-1-HCAHeart7843999,5.0228555e-05,9.737222e-06,0.051500008,7.2597664e-05,0.00014398224,6.816395e-05,6.0770006e-05,3.4753735e-05,0.9477818,0.000234326,4.3575903e-05
CACAGGCTCAACTCTT-1-HCAHeart7844004,4.505714e-05,1.788428e-05,9.800319e-06,1.1574726e-06,0.000121281744,3.38769e-05,0.99976045,1.1800463e-06,4.189477e-06,3.5353798e-06,1.5283667e-06
GGAACTTTCCAAGTAC-1-HCAHeart7880860,9.356421e-06,4.3507293e-06,0.99982077,9.006267e-06,4.3845557e-06,7.9609745e-06,1.8199857e-05,6.4166193e-06,0.00010764981,7.8305396e-07,1.1001358e-05
TTGGAACTCAACCAAC-1-HCAHeart7888927,2.7069152e-06,0.00025783447,8.359853e-06,4.1225627e-05,1.9477526e-05,1.9029416e-05,1.3055428e-06,1.8435694e-05,5.1108927e-05,3.475347e-06,0.999577
GATGCTAGTGAGGGTT-1-HCAHeart7844004,1.1063966e-05,2.334963e-06,0.99970776,8.820424e-06,5.632923e-06,1.23410855e-05,1.6109108e-05,2.6160124e-06,0.00022001908,1.038382e-06,1.2323632e-05
AAACGGGAGTCTCGGC-1-HCAHeart7844002,1.0644793e-05,4.495707e-06,0.9998758,1.3762412e-05,2.6957664e-06,7.673601e-06,9.965851e-06,4.4642825e-06,5.4221255e-05,5.4472e-07,1.5857959e-05
TTCCGGTGTAACGCGA-1-HCAHeart7905328,4.5961668e-05,1.4878882e-05,0.9542135,0.00022867676,0.000112617854,0.00014279783,7.632797e-05,3.3300254e-05,0.045045815,4.002697e-05,4.615313e-05
AGAATAGCACAGCCCA-1-HCAHeart7888927,2.4591207e-05,7.685148e-06,6.805074e-06,0.99988115,1.0490056e-05,6.914058e-06,3.290678e-06,2.7128192e-05,1.435635e-05,3.5702262e-06,1.3900353e-05
TCAACGAGTACCTACA-1-HCAHeart7844000,7.0477004e-06,3.094018e-06,0.99984074,1.6783995e-05,4.7235994e-06,1.9384643e-05,1.1081785e-05,2.2794763e-06,7.7474935e-05,5.6640744e-07,1.6673263e-05
AATCCAGGTGCGCTTG-1-HCAHeart7844004,3.252123e-05,3.6766482e-06,4.164681e-05,1.9886353e-05,4.0564402e-05,2.4829249e-05,1.2459703e-05,2.8290284e-05,0.99457574,0.005210267,1.0195182e-05
TTGCGTCAGGCGTACA-1-HCAHeart7844004,2.1623984e-05,4.274713e-06,0.9998067,2.6699941e-05,3.5793933e-06,8.215518e-06,1.3609491e-05,5.3466842e-06,9.9013e-05,8.242738e-07,1.0150288e-05
TTCCGGTAGTAACGTA-1-HCAHeart7905327,0.00011095495,2.2247013e-05,0.095900536,0.00014036497,0.0002701514,0.00020080197,0.0001956456,0.00010432411,0.8998338,0.0031712244,4.9885173e-05
GACACGCAGTATGACA-1-HCAHeart7844003,5.742798e-06,1.097965e-05,1.0623134e-05,8.8759654e-05,0.99970347,4.3800414e-06,0.00011519152,1.570613e-05,1.8467661e-05,1.11537665e-05,1.5445457e-05
GAAGCGAGTTGTGGCC-1-HCAHeart7905328,7.4407426e-06,4.1411836e-06,0.9996362,2.7398806e-05,1.8258677e-05,1.4687288e-05,1.577728e-05,4.6557025e-06,0.00025677614,1.2583417e-06,1.3521121e-05
CGGGTCAAGAGTACCG-1-HCAHeart7844001,1.8946634e-05,3.3607641e-06,0.99951935,1.883131e-05,7.5573507e-06,4.900343e-05,2.5954436e-05,5.6416984e-06,0.0003214488,1.5025365e-06,2.8512686e-05
CCCAGTTTCTCAACTT-1-HCAHeart7888927,5.736744e-06,1.2421826e-06,2.2824424e-05,1.026119e-05,1.7123813e-05,4.686321e-06,4.7639437e-06,2.0461886e-05,0.9997024,0.00019300995,1.7436105e-05
TCAGGTACATACTCTT-1-HCAHeart7880862,2.9516389e-06,0.99973065,5.8951173e-06,1.5961386e-05,1.4746265e-05,3.0686144e-05,6.581247e-06,2.5834019e-05,3.3091073e-06,9.699553e-06,0.0001536706
TCCTCTTGTCTTCCGT-1-HCAHeart7905328,8.963194e-06,2.810379e-06,0.9998485,2.744561e-05,3.3770057e-06,8.775507e-06,8.8077695e-06,3.6759693e-06,7.835583e-05,6.718037e-07,8.606167e-06
CTGATCCAGAATTCCC-1-HCAHeart7844001,0.00013325844,1.168466e-05,0.99952364,1.3431312e-05,6.273404e-06,3.5484896e-05,0.00010083519,1.3811871e-05,0.00013438058,2.419358e-06,2.4623498e-05
AGGTTACCAAGTACCT-1-HCAHeart7905332,1.1457028e-05,4.9808014e-06,0.99978083,6.360495e-06,6.942799e-06,5.0621093e-06,2.9833609e-05,4.428086e-06,0.00014025863,1.0216106e-06,9.052432e-06
TTAGTTCTCCTGCTTG-1-HCAHeart7844003,4.0652998e-05,1.5119157e-05,8.337504e-06,9.785696e-07,0.00013116318,4.289662e-05,0.9997515,1.1355664e-06,3.7460422e-06,2.9799364e-06,1.3957599e-06
GGTGAAGAGTTCGCGC-1-HCAHeart7844001,7.4308978e-06,3.32675e-06,0.9998952,7.666209e-06,3.266159e-06,9.099509e-06,1.2212132e-05,2.728978e-06,4.6784873e-05,4.989123e-07,1.1912969e-05
TGACTTTGTACCGAGA-1-HCAHeart7843999,4.843287e-06,9.413352e-06,8.01183e-06,2.7678096e-05,0.99976164,2.281275e-06,0.00014247267,6.4802125e-06,1.7767174e-05,1.1398285e-05,8.1798125e-06
CCTTCAGAGCACTGGA-1-HCAHeart7905332,5.7833718e-06,3.7925781e-06,0.9998667,7.1002555e-06,4.7905796e-06,4.370742e-06,2.0772013e-05,2.746432e-06,7.400774e-05,6.836299e-07,9.172068e-06
AGGGATGAGAAGGACA-1-HCAHeart7880861,3.6359434e-05,4.8295906e-06,8.040383e-06,0.9998889,7.415297e-06,5.3801264e-06,2.6576292e-06,2.0055415e-05,1.1897544e-05,2.6935738e-06,1.1863214e-05
TACACGAGTCAGGACA-1-HCAHeart7844002,9.887059e-06,3.5608145e-06,0.9998184,3.854834e-05,3.26812e-06,1.7501054e-05,7.818794e-06,4.5695047e-06,8.358576e-05,5.3464834e-07,1.2429389e-05
TGACTTTTCAGTCAGT-1-HCAHeart7844003,0.00023668399,3.7703383e-05,0.26667842,0.00015707331,0.00024655196,0.00025839804,0.00041799428,0.00028093762,0.73123324,0.00041025665,4.2822492e-05
CCCATACGTCTCCACT-1-HCAHeart7880862,2.7678352e-06,0.9997161,5.0462663e-06,1.2230211e-05,1.4737755e-05,2.8061922e-05,6.3905313e-06,4.00874e-05,3.3172523e-06,9.522854e-06,0.00016169818
CGTAGTACACGAGAAC-1-HCAHeart7905328,8.373453e-06,3.4097902e-06,0.9997185,6.748868e-06,8.266339e-06,8.194395e-06,2.5168356e-05,2.8051245e-06,0.00020604725,1.0207698e-06,1.1492622e-05
CCTACCAGTCTTTCAT-1-HCAHeart7888927,1.9398383e-05,7.881241e-06,6.2957033e-06,0.99989796,1.5068309e-05,4.6240934e-06,2.6286177e-06,2.2482056e-05,7.4600584e-06,3.0686876e-06,1.3106753e-05
GAAGCAGAGTTGAGAT-1-HCAHeart7880861,2.8829189e-05,4.8702177e-06,5.528045e-06,0.9999126,6.387814e-06,4.4613957e-06,2.2528238e-06,1.29349e-05,8.233936e-06,3.068323e-06,1.0703506e-05
TTCCGGTGTCTACGAT-1-HCAHeart7905329,9.216666e-06,2.6608118e-06,0.9998336,6.725235e-06,4.200557e-06,8.617981e-06,1.6522577e-05,3.2851628e-06,0.000100937665,8.1150876e-07,1.3460473e-05
TTGTTCACACTAACCA-1-HCAHeart7905332,6.0394664e-06,3.173486e-06,0.99977773,2.3007979e-05,5.827562e-06,7.3154047e-06,1.1936508e-05,4.950719e-06,0.00015394407,7.633484e-07,5.321882e-06
TGCGCAGCAATAGCAA-1-HCAHeart7843999,9.102267e-06,5.747022e-06,0.99986076,6.0337734e-06,5.2550727e-06,4.6720506e-06,2.9513885e-05,2.73818e-06,6.332595e-05,8.946731e-07,1.1929794e-05
GTTTCTACAACTGCTA-1-HCAHeart7844000,7.5897544e-05,5.507477e-06,4.467083e-05,0.00010124736,3.8318896e-05,0.00014987511,2.2682461e-05,8.492489e-05,0.99253756,0.006926954,1.2190147e-05
CCTACCAGTTTAGGAA-1-HCAHeart7888926,1.4866436e-06,3.0829437e-05,6.949631e-06,8.226645e-06,7.3567353e-06,4.7427634e-06,8.049156e-07,2.8327843e-06,3.9916198e-05,2.1184244e-06,0.9998946
ATACTTCAGGTAAACT-1-HCAHeart7905327,1.9625417e-05,5.107926e-06,0.9987953,1.5381296e-05,1.3240008e-05,9.252973e-06,3.1644788e-05,6.6095354e-06,0.0010906826,2.2455795e-06,1.0820916e-05
AACCATGTCCATACTT-1-HCAHeart7905332,6.633697e-06,2.7995613e-06,0.9998418,9.6793765e-06,4.028328e-06,5.1255124e-06,1.2319245e-05,3.146716e-06,0.00010741118,6.126189e-07,6.587486e-06
CTGAAACCAAACTGCT-1-HCAHeart7844001,0.00015829495,1.2717325e-05,0.999275,2.4489009e-05,1.1710019e-05,6.758537e-05,0.00016778028,3.415102e-05,0.00023043183,3.1789766e-06,1.4642913e-05
AAACGCTCACAGCTTA-1-HCAHeart7905328,9.09737e-06,3.3092185e-06,0.9998319,7.321217e-06,4.870015e-06,4.65356e-06,1.6803562e-05,3.150994e-06,0.000111697154,7.553772e-07,6.4888e-06
TTCTACAGTCCTCCAT-1-HCAHeart7880862,8.719784e-06,3.476617e-06,3.2781198e-05,2.4921026e-05,1.5529848e-05,1.9504352e-05,1.0064838e-05,9.590563e-06,0.9993112,0.0005393553,2.4831019e-05
TCAAGCACAATTGCGT-1-HCAHeart7905328,1.1703036e-05,5.104586e-06,0.99925655,0.00014230063,2.3232731e-05,5.3995314e-05,1.8248575e-05,8.55903e-06,0.00045187052,2.342856e-06,2.6029229e-05
CCATGTCCATGATCCA-1-HCAHeart7844001,1.1495601e-05,9.858633e-06,0.99913114,5.068809e-05,4.47256e-05,2.0769186e-05,4.0722967e-05,2.8923789e-05,0.00064599246,7.944809e-06,7.648087e-06
GATCTAGGTTGAGTTC-1-HCAHeart7844003,0.0006578344,1.3914645e-05,0.99361926,6.8558445e-05,3.058609e-05,0.0002458872,0.0001968445,0.0001711489,0.00495139,1.6881982e-05,2.7620163e-05
AAATGCCCATATACGC-1-HCAHeart7888926,2.230764e-06,4.9574923e-05,2.0140124e-05,3.2597967e-05,1.1364204e-05,1.8664994e-05,1.8020366e-06,4.8658476e-06,0.00014301883,3.603663e-06,0.99971205
ATGAGGGAGAACTGTA-1-HCAHeart7844004,7.2826333e-06,4.082192e-06,0.9999056,6.29631e-06,3.4510276e-06,5.726599e-06,1.4225726e-05,2.7662643e-06,4.1943564e-05,5.3901306e-07,8.092899e-06
TGTTCCGTCACTATTC-1-HCAHeart7843999,6.0972147e-06,3.9166794e-06,0.999765,1.8987288e-05,1.1183222e-05,1.0515851e-05,2.071473e-05,2.8592228e-06,0.00014571499,9.5349566e-07,1.4113775e-05
CGTAGCGGTGACTCAT-1-HCAHeart7880860,1.4473968e-06,2.4193045e-05,6.1131454e-06,7.639195e-06,9.230019e-06,3.9988345e-06,8.09141e-07,3.6583904e-06,3.6762045e-05,1.9028104e-06,0.9999043
TCACGAACATGAAGTA-1-HCAHeart7844001,3.4991193e-05,6.0290567e-06,0.9990677,3.7657646e-05,1.6009872e-05,2.6819394e-05,2.2241715e-05,0.00010512311,0.0006696717,3.889034e-06,9.882435e-06
CTGAGGCGTCACTCGG-1-HCAHeart7905332,5.8809337e-06,2.9045234e-06,0.99989855,1.2239958e-05,3.3426713e-06,4.2580973e-06,9.406188e-06,3.4929017e-06,5.3871434e-05,5.6593586e-07,5.454402e-06
TACCGGGGTGGTGATG-1-HCAHeart7905327,1.0234065e-05,1.8798255e-06,5.6292407e-05,2.0580588e-05,4.131209e-05,1.1634166e-05,5.3311446e-06,1.1692095e-05,0.9994816,0.00034985182,9.488922e-06
AACCTTTCATACAGCT-1-HCAHeart7905332,6.0092107e-06,2.4499418e-06,0.9999014,6.992439e-06,3.0536926e-06,5.1611355e-06,9.47997e-06,2.3593911e-06,5.420269e-05,4.927343e-07,8.179496e-06
TCACAAGCACGCTTTC-1-HCAHeart7880862,4.2684504e-05,4.9425744e-06,0.9996419,5.47311e-05,3.963078e-06,0.0001507866,2.195281e-05,6.039435e-06,4.6588226e-05,1.8245474e-06,2.468536e-05
ATGGTTGGTTTCGACA-1-HCAHeart7905328,7.0565475e-06,2.2977042e-06,0.9998288,1.0241926e-05,3.8573066e-06,8.118157e-06,1.1932144e-05,2.717466e-06,0.00011454099,6.872908e-07,9.732428e-06
GCGCAGTAGTGTTGAA-1-HCAHeart7844002,3.0442168e-05,1.2842784e-05,6.786518e-06,1.0189864e-06,0.00020071016,1.8044595e-05,0.9997209,9.1986055e-07,3.6447204e-06,3.1626646e-06,1.5248966e-06
CGCTTCAAGAGTCGGT-1-HCAHeart7844001,3.3554094e-05,1.8267714e-05,9.519586e-06,1.5366103e-06,0.0001353865,2.9060728e-05,0.99976283,1.1981316e-06,3.6969761e-06,3.3946235e-06,1.6136897e-06
TACGGATTCGCGCCAA-1-HCAHeart7888927,1.914258e-06,2.177351e-05,8.861524e-06,1.0792936e-05,8.663068e-06,4.6055566e-06,1.1392791e-06,3.0700521e-06,7.12416e-05,2.116172e-06,0.99986565
TATCTCATCTGGTGTA-1-HCAHeart7844004,7.713462e-06,2.0986756e-06,0.9997906,2.8438293e-05,5.0733806e-06,2.5705507e-05,8.021702e-06,2.6625507e-06,0.000117646145,8.422798e-07,1.1220098e-05
AAACGAATCATTTGCT-1-HCAHeart7905331,6.0294674e-06,2.5673842e-06,0.9998173,1.6804055e-05,4.9249907e-06,9.405746e-06,9.603414e-06,2.7739504e-06,0.00012200873,6.1700956e-07,8.016655e-06
CAAGAAACACCAGGTC-1-HCAHeart7888926,1.9258874e-05,1.2268006e-05,1.2815945e-05,0.9998204,2.0817495e-05,1.2788085e-05,4.029356e-06,3.8100225e-05,3.5185705e-05,4.949618e-06,1.9368004e-05
CTAACTTCATCGTCGG-1-HCAHeart7844001,3.6035788e-05,1.2253534e-05,0.9995766,1.04169985e-05,1.7682958e-05,9.947839e-06,0.0002154106,7.584036e-06,9.686435e-05,1.9742977e-06,1.529301e-05
GATCAGTTCTCCAACC-1-HCAHeart7843999,6.4757583e-06,1.2089658e-05,1.3745246e-05,7.483727e-05,0.9996387,3.753354e-06,0.00019338031,1.0295264e-05,1.7005974e-05,1.1029596e-05,1.8828814e-05
CGGCTAGGTCGGGTCT-1-HCAHeart7844004,1.350053e-05,3.990121e-06,0.9998487,6.16938e-06,4.0607756e-06,4.966061e-06,1.8876826e-05,3.893106e-06,8.5478045e-05,8.2829587e-07,9.47347e-06
TTTGTCATCGTTGCCT-1-HCAHeart7844001,3.302456e-05,8.42056e-06,0.99973327,9.750579e-06,6.0767798e-06,1.215462e-05,5.699606e-05,1.0361783e-05,0.00011776051,1.4297085e-06,1.0705658e-05
GGGATGAGTCTTGTCC-1-HCAHeart7880861,1.3897223e-06,2.6150663e-05,1.1547058e-05,1.0382828e-05,7.2096577e-06,8.454746e-06,1.1090045e-06,2.6323423e-06,8.760883e-05,4.0282307e-06,0.99983954
CGTCACTCACATGGGA-1-HCAHeart7844001,1.71541e-05,5.343863e-06,0.99978155,2.592908e-05,5.305155e-06,8.736943e-06,1.4598773e-05,2.5721605e-05,0.00010644292,8.2673296e-07,8.3062705e-06
CCGTACTCATGTAGTC-1-HCAHeart7888926,1.5871294e-06,1.5594722e-05,1.7204e-05,9.36272e-06,8.03938e-06,5.4085663e-06,1.2117387e-06,2.3012396e-06,6.0433693e-05,2.2322724e-06,0.99987674
TGAGAGGGTAGATTAG-1-HCAHeart7844001,2.8696108e-05,1.9392266e-06,3.7958816e-05,1.7996104e-05,3.8069757e-05,2.1234282e-05,1.0232928e-05,7.494595e-05,0.9983151,0.0014465726,7.263578e-06
CATCAAGTCCTGTTGC-1-HCAHeart7905327,5.627932e-06,3.1670074e-06,0.9997826,2.9599349e-05,7.913543e-06,1.2909213e-05,1.6361222e-05,2.9601056e-06,0.00012707771,8.280121e-07,1.1085274e-05
CCACTACAGAATAGGG-1-HCAHeart7844004,1.1498454e-05,4.6434257e-06,0.9998853,1.07224305e-05,3.2096016e-06,6.630387e-06,1.39876465e-05,3.2904122e-06,4.691219e-05,6.0210255e-07,1.3075787e-05
AGATTGCTCTCGCATC-1-HCAHeart7844004,1.1661135e-05,8.244015e-06,0.99987614,1.5431193e-05,3.2460712e-06,5.323457e-06,1.5672511e-05,4.6783116e-06,5.2841584e-05,7.5195834e-07,6.061169e-06
ACACCGGCATTGTGCA-1-HCAHeart7844004,0.00010068829,2.8602308e-05,0.00013272729,4.859523e-05,0.0002480202,8.539585e-05,6.3037856e-05,6.531549e-05,0.13089569,0.8682838,4.8163838e-05
AGTGGGACAATGACCT-1-HCAHeart7843999,3.628125e-05,3.151319e-05,1.6789205e-05,1.3813392e-06,0.00051794224,2.0425905e-05,0.9993606,1.3226943e-06,5.7664256e-06,5.630264e-06,2.3952934e-06
GCTGCGAAGGTGCTTT-1-HCAHeart7888926,1.3729505e-06,2.8093593e-05,1.1500803e-05,1.651693e-05,1.1075953e-05,5.7906273e-06,1.3176391e-06,2.4642857e-06,8.3477535e-05,2.2608942e-06,0.99983597
GGCAATTTCTCTAAGG-1-HCAHeart7843999,2.5041943e-05,1.1651707e-05,1.2592996e-05,1.3957474e-06,0.00030170407,1.8384804e-05,0.99961853,9.4357085e-07,4.470069e-06,3.3777974e-06,1.9145004e-06
AGAGCTTAGGCATGGT-1-HCAHeart7888927,7.437402e-06,1.3539504e-06,2.3529008e-05,9.964566e-06,2.1175552e-05,5.4413194e-06,3.3866438e-06,1.551003e-05,0.999683,0.00022117575,8.084665e-06
CGTAGGCGTGGGTATG-1-HCAHeart7844004,7.46494e-05,1.9456955e-05,0.99922717,7.505525e-06,2.0499552e-05,1.5097197e-05,0.0003692459,9.912369e-06,0.00022183942,4.2080383e-06,3.0336503e-05
GTCACGGAGTATGACA-1-HCAHeart7844001,2.4008677e-05,1.774777e-05,0.9997733,9.996268e-06,4.6303076e-06,8.347337e-06,6.821899e-05,6.582457e-06,6.9252994e-05,1.3911155e-06,1.6614236e-05
GCAAACTGTACCGAGA-1-HCAHeart7844004,6.4602384e-05,4.1943786e-05,0.9982672,1.0302909e-05,3.1336975e-05,3.7732723e-05,0.0013400932,1.2615649e-05,0.0001558356,4.606823e-06,3.3707955e-05
TATCTCACACACCGCA-1-HCAHeart7844001,8.385231e-06,1.2258257e-06,3.4842436e-05,9.7465845e-06,2.5073408e-05,7.62221e-06,5.338926e-06,2.156795e-05,0.9994972,0.00038388866,5.2491655e-06
TAAACCGCAAGAAGAG-1-HCAHeart7880862,2.6345942e-06,0.999821,5.702463e-06,1.5771771e-05,1.3551948e-05,1.9387939e-05,5.485684e-06,2.4519688e-05,2.825119e-06,1.1731611e-05,7.74231e-05
AGCGTATGTGCTCCGA-1-HCAHeart7905329,2.139673e-05,3.308633e-06,0.99983716,1.0882848e-05,3.3440288e-06,5.7299435e-06,1.2455917e-05,4.947162e-06,8.598805e-05,7.5623745e-07,1.3896059e-05
ACGTCAATCTGGTGTA-1-HCAHeart7844000,2.4929579e-05,6.491967e-06,0.99986017,1.330935e-05,3.232507e-06,8.473083e-06,1.6380338e-05,5.656306e-06,3.7350106e-05,7.9621344e-07,2.3227263e-05
CATCAGAAGAATGTGT-1-HCAHeart7844003,9.579722e-05,1.67982e-05,0.055391297,0.00010249636,0.00021139088,0.00016949634,0.00018743078,0.00011788283,0.93951964,0.0041504516,3.7482223e-05
AACCCAATCGACATAC-1-HCAHeart7905327,5.6550552e-06,3.0342192e-06,0.9998603,2.6714693e-05,3.8429353e-06,5.466175e-06,1.0963709e-05,4.431488e-06,7.3192365e-05,6.869539e-07,5.743825e-06
TGAGCATTCACCATAG-1-HCAHeart7880860,1.5337622e-06,4.7736154e-05,5.7244365e-06,1.05986755e-05,1.0406781e-05,5.650309e-06,7.1973653e-07,3.7572358e-06,3.1945645e-05,2.049035e-06,0.99987984
AACTCCCGTCATGCCG-1-HCAHeart7844001,0.00049243786,1.7411481e-05,0.79033667,0.00027410776,7.274675e-05,0.00033206432,0.00015319583,0.00034821502,0.20778063,0.00010886589,8.366076e-05
TTCCCAGTCGGTTAAC-1-HCAHeart7844004,1.0635552e-05,3.3685876e-06,0.99990463,1.2671207e-05,3.0317476e-06,7.814296e-06,1.1632832e-05,3.2235812e-06,3.6883983e-05,6.5610806e-07,5.4306215e-06
CGAGCCAAGAAGGACA-1-HCAHeart7843999,6.8220697e-06,2.5067357e-06,0.9998684,7.716651e-06,3.8973544e-06,7.0726937e-06,1.09697485e-05,2.4338995e-06,7.704978e-05,5.341216e-07,1.2595952e-05
GCTTCCACATTCTCAT-1-HCAHeart7880862,3.9208666e-05,6.4145042e-06,1.3256173e-05,0.9998611,7.1889067e-06,8.711778e-06,3.5212931e-06,2.7895001e-05,1.9370846e-05,5.5555593e-06,7.690881e-06
GATCGCGGTGATGTGG-1-HCAHeart7880861,1.5361869e-06,3.1062373e-05,1.8399423e-05,9.055283e-06,8.504655e-06,9.577081e-06,1.3143839e-06,3.2705516e-06,5.4684348e-05,3.5043552e-06,0.9998592
TACTTGTAGCGTAGTG-1-HCAHeart7844003,8.532128e-06,3.1914326e-06,0.9999019,5.9143345e-06,3.1273566e-06,4.831012e-06,1.1493854e-05,2.9414682e-06,4.705667e-05,5.414268e-07,1.0355706e-05
TGCGTGGGTTATGCGT-1-HCAHeart7844002,4.943319e-06,7.740815e-06,6.138937e-06,2.264124e-05,0.9998124,2.5691938e-06,0.000102357786,1.0096927e-05,1.2785715e-05,1.0671724e-05,7.572049e-06
TGCGCAGTCTTCATGT-1-HCAHeart7880862,2.4610008e-06,0.99982005,5.7190796e-06,1.3825207e-05,1.41070705e-05,2.1661983e-05,5.2989476e-06,2.3420289e-05,2.7245003e-06,1.0761333e-05,8.007779e-05
GCTCCTATCAACCAAC-1-HCAHeart7844004,2.055773e-05,1.747507e-06,2.596593e-05,9.152153e-06,1.5425749e-05,1.3918417e-05,4.38466e-06,9.225904e-06,0.9991278,0.0007615267,1.02088925e-05
CATTATCAGCGATGAC-1-HCAHeart7880863,0.00015468422,1.2666776e-05,2.2650765e-05,0.99967515,9.248785e-06,2.507333e-05,4.1110843e-06,4.639903e-05,2.7352646e-05,1.4993674e-05,7.795347e-06
TAATCTCCAAGGTTGG-1-HCAHeart7905331,1.2607072e-05,2.807722e-06,0.9998925,8.296607e-06,2.5663921e-06,5.6130802e-06,9.346399e-06,3.9298297e-06,5.3411823e-05,5.542194e-07,8.379736e-06
TGTTCCGCATCCCATC-1-HCAHeart7844001,8.016942e-05,1.1832232e-05,0.99964094,2.0653202e-05,8.011121e-06,1.8046576e-05,0.00012081613,1.2521797e-05,7.022668e-05,1.8770169e-06,1.4989e-05
AAGTACCGTTTCACTT-1-HCAHeart7905332,7.430814e-06,3.2724204e-06,0.9998802,2.5696632e-05,5.007049e-06,1.1054219e-05,1.0633091e-05,4.169434e-06,4.29911e-05,1.1833342e-06,8.378154e-06
CTCCTAGAGTGGACGT-1-HCAHeart7843999,9.975996e-06,4.794896e-06,0.9998728,6.559661e-06,3.9985216e-06,5.918597e-06,2.2457918e-05,3.3859274e-06,5.4989563e-05,7.5520785e-07,1.4292339e-05
GCGGGTTTCTCGCTTG-1-HCAHeart7844000,7.082354e-05,9.392438e-06,0.9891584,3.3143366e-05,2.9899931e-05,3.218053e-05,5.5409808e-05,4.993343e-05,0.0105265435,1.0793694e-05,2.352322e-05
ATACTTCGTCCCTCAT-1-HCAHeart7905328,5.9591443e-06,2.931053e-06,0.9998252,1.027237e-05,4.2149277e-06,5.5258697e-06,1.4316172e-05,2.8299603e-06,0.0001200526,7.586367e-07,8.159171e-06
CGGACACGTTGAGTTC-1-HCAHeart7844000,8.9687255e-06,1.1287359e-06,3.188845e-05,6.553561e-06,1.6917893e-05,7.238298e-06,4.0874434e-06,9.342574e-06,0.9995233,0.00038315126,7.562586e-06
CGAGCCATCCGCTGTT-1-HCAHeart7844004,4.8866486e-06,9.884858e-06,1.3251164e-05,1.8183653e-05,0.9996892,2.0723287e-06,0.00021170119,5.1329084e-06,2.6664033e-05,1.1878493e-05,7.3100987e-06
GTATTCTGTTGGTGGA-1-HCAHeart7844001,0.00041035016,2.4766403e-05,0.40950555,0.00011515531,0.00013182692,0.00025920424,0.00027745325,0.00041549202,0.58843243,0.00032312528,0.00010474306
CTGTGCTAGACAAAGG-1-HCAHeart7844003,1.3465668e-05,4.6012938e-06,0.9998914,1.6333302e-05,2.5614502e-06,5.891996e-06,1.169197e-05,4.5771526e-06,4.3343607e-05,6.8739087e-07,5.5895594e-06
TCATTACCACATGTGT-1-HCAHeart7880862,5.8027936e-06,2.5021134e-06,0.9999025,1.4535783e-05,2.1970334e-06,7.0874185e-06,8.295772e-06,3.9306524e-06,4.7063248e-05,4.654667e-07,5.762019e-06
GTACGTATCATCGATG-1-HCAHeart7880861,2.6348387e-05,4.497865e-06,4.8766815e-06,0.99991906,9.99805e-06,3.3510069e-06,2.354674e-06,1.2602214e-05,5.886778e-06,2.8256304e-06,8.17447e-06
TGAAAGATCGCAAACT-1-HCAHeart7843999,6.7015776e-06,4.5800225e-06,0.9999031,7.6154656e-06,4.169557e-06,6.943138e-06,1.3560442e-05,2.8694715e-06,4.1562085e-05,6.904764e-07,8.213467e-06
GAAACTCCAAAGCGGT-1-HCAHeart7844003,7.118616e-06,2.938365e-06,0.9998734,1.3079123e-05,3.199524e-06,7.116077e-06,9.853865e-06,3.0110452e-06,7.376478e-05,7.865028e-07,5.6572444e-06
CAGCTGGCAAGGTGTG-1-HCAHeart7880862,3.4270565e-06,0.9997569,6.1198907e-06,2.3314118e-05,1.3736453e-05,2.7632443e-05,6.6721195e-06,2.5978337e-05,3.8135404e-06,1.0292662e-05,0.00012213092
TGGGCGTCATCCGAGC-1-HCAHeart7905328,1.0248669e-05,5.1032935e-06,0.9998528,4.644672e-05,6.271605e-06,2.0144744e-05,1.4292912e-05,6.0827942e-06,2.8201897e-05,1.6520303e-06,8.7146045e-06
TGGTTAGCACGGCTAC-1-HCAHeart7844003,6.0499506e-06,3.3760923e-06,0.9998946,1.4919775e-05,4.918739e-06,1.4289067e-05,9.574671e-06,2.870635e-06,3.4334287e-05,8.7634294e-07,1.4325484e-05
TAAGAGAAGTGTACGG-1-HCAHeart7844001,1.185889e-05,1.1563478e-06,3.1897944e-05,9.742139e-06,2.1519701e-05,9.865788e-06,4.436642e-06,1.6638494e-05,0.9994854,0.0004028525,4.500835e-06
GTGCTTCCATGTAGTC-1-HCAHeart7844004,4.3024634e-06,8.447265e-06,6.6626358e-06,1.9749683e-05,0.9998355,2.214898e-06,8.454321e-05,6.620238e-06,1.3913008e-05,1.1830721e-05,6.181377e-06
TACGGTAGTTTACTCT-1-HCAHeart7844002,5.2525634e-06,7.443544e-06,7.372009e-06,2.5762487e-05,0.9996941,2.1561082e-06,0.00022279518,7.432216e-06,1.2339636e-05,8.8506795e-06,6.5568374e-06
TCTTTCCAGATCCCGC-1-HCAHeart7844004,0.00015828075,6.2697372e-06,0.999413,2.5254347e-05,7.3452156e-06,3.6458663e-05,4.76828e-05,1.0275717e-05,0.00023632325,2.4475262e-06,5.6660323e-05
AAGCCGCGTAAGTGGC-1-HCAHeart7844004,1.6901344e-05,5.397591e-06,0.99979097,1.0346739e-05,4.2478687e-06,5.73175e-06,2.1901918e-05,5.741882e-06,0.0001315014,1.7285003e-06,5.4364755e-06
ACGTCCTCAACTACGT-1-HCAHeart7905327,6.4825026e-06,2.9982637e-06,0.9997888,8.144376e-06,5.985994e-06,6.7064634e-06,1.898823e-05,2.7372912e-06,0.00015085147,7.6157386e-07,7.639216e-06
CCACGAGCAAATGGTA-1-HCAHeart7905330,1.6672904e-05,1.0334803e-05,0.99974865,3.7953305e-05,2.054678e-05,3.097886e-05,3.4370652e-05,9.794541e-06,5.1597293e-05,1.3827609e-05,2.540804e-05
GCGACCATCCGTTGTC-1-HCAHeart7844004,2.2771164e-05,7.698263e-06,0.9996189,9.870579e-06,8.415237e-06,1.3957965e-05,7.512052e-05,6.778362e-06,0.00020837759,2.0983214e-06,2.6016425e-05
AGTGGGACAGGATCGA-1-HCAHeart7844004,9.083977e-06,4.6714795e-06,0.99989295,1.1688721e-05,3.576225e-06,1.0280779e-05,1.788312e-05,3.3254607e-06,3.8876147e-05,5.8516275e-07,7.1143027e-06
GGAAAGCCAGTATGCT-1-HCAHeart7844004,0.000109881665,0.00011447851,0.016939394,0.00020727841,0.00060557865,0.0002659551,0.00041784963,0.00023328351,0.8186836,0.16236845,5.4302334e-05
CTCTACGAGTATGACA-1-HCAHeart7880862,4.8141843e-05,0.000103901824,2.4558332e-05,0.9996526,2.5692525e-05,1.1579037e-05,3.7232526e-06,7.497762e-05,1.1649382e-05,2.3401097e-05,1.9753226e-05
TACAGTGTCATTCACT-1-HCAHeart7844000,6.6561824e-06,2.8262323e-06,0.99990594,2.2368116e-05,3.5053513e-06,1.0772239e-05,7.487238e-06,3.5394944e-06,2.9865812e-05,5.4967995e-07,6.4395053e-06
TGTCCCACATTGTACG-1-HCAHeart7905328,1.8072655e-05,6.3699126e-06,0.9998528,7.5764724e-06,4.5478887e-06,4.9339988e-06,3.0047659e-05,4.6226364e-06,5.5032007e-05,8.9395553e-07,1.5145526e-05
ACGGAGATCGACGGAA-1-HCAHeart7880861,7.9849015e-06,1.9518955e-06,3.9999206e-05,2.4956256e-05,2.4695471e-05,1.2794186e-05,1.2927653e-05,1.6937165e-05,0.99965465,0.00019671726,6.6468474e-06
ATAAGAGGTCTACCTC-1-HCAHeart7844001,2.2597587e-05,5.335801e-06,0.9998271,1.2777942e-05,3.9780743e-06,1.1532234e-05,2.5912634e-05,7.133359e-06,7.112426e-05,8.6002353e-07,1.18388825e-05
AAACCTGCATACGCTA-1-HCAHeart7844001,0.00012594691,2.7700316e-05,0.00010113539,7.666654e-05,0.0002224337,0.000109679604,6.975597e-05,0.00033445528,0.07895599,0.91994774,2.8530194e-05
GAAACTCCAGCCAATT-1-HCAHeart7844004,1.0044942e-05,1.1511526e-06,3.6844172e-05,1.5077951e-05,1.3777657e-05,1.7438746e-05,6.04113e-06,6.5803e-06,0.99952006,0.00036496055,7.9379015e-06
ACACCAATCTATCGCC-1-HCAHeart7844001,1.1456288e-05,5.589753e-06,0.99980587,2.2846581e-05,6.1003725e-06,9.100709e-06,2.2981741e-05,8.743548e-06,0.00010156492,9.0002555e-07,4.9445875e-06
ATTTCTGCATGTAAGA-1-HCAHeart7844001,1.5133449e-05,2.4951625e-05,9.111588e-06,1.2212715e-05,1.8054765e-05,9.793391e-06,5.15673e-06,1.3942397e-05,6.623498e-05,0.99982184,3.7252325e-06
GTCGTAAGTGAAATCA-1-HCAHeart7844000,1.8637715e-05,1.3263557e-05,1.394877e-05,1.27107505e-05,4.0062405e-05,1.5554093e-05,1.0676683e-05,1.7358332e-05,0.0017291064,0.9981205,8.067787e-06
GCAGTTACAGGCGATA-1-HCAHeart7844004,2.0524358e-05,7.1868026e-06,0.9998097,6.995019e-06,7.4991294e-06,5.032517e-06,4.8714744e-05,4.607825e-06,7.106188e-05,1.1150161e-06,1.7562865e-05
TACGGTAGTTTGACTG-1-HCAHeart7844000,6.6011535e-06,2.391354e-06,0.99989927,2.1548372e-05,2.855274e-06,1.2201936e-05,6.389557e-06,3.5845142e-06,3.8405185e-05,5.17584e-07,6.2328586e-06
CCTCAGTCAGACGTAG-1-HCAHeart7844001,0.0014034824,5.0071754e-05,0.0010353398,0.9948637,0.000109019675,0.0004288533,4.0242074e-05,0.00037556072,0.00026361525,0.0014019206,2.8273036e-05
CCTACACAGAATGTGT-1-HCAHeart7888927,5.19982e-06,1.4558514e-06,3.0051706e-05,2.482532e-05,2.111657e-05,5.0994504e-06,5.637046e-06,1.9990686e-05,0.9997757,9.6222604e-05,1.4656133e-05
ATTATCCCAGGAATCG-1-HCAHeart7843999,7.891377e-06,1.3967751e-06,3.7829188e-05,1.4373451e-05,3.1435127e-05,6.47617e-06,4.070804e-06,1.6704149e-05,0.99967647,0.00019487874,8.4891e-06
CAGATACTCCGAGGCT-1-HCAHeart7905331,1.3318379e-05,3.4122224e-06,0.99985266,2.4655694e-05,3.3197277e-06,4.8680727e-06,1.1756299e-05,5.4155485e-06,7.319648e-05,7.91981e-07,6.5466797e-06
TACGGGCCACCAGATT-1-HCAHeart7844001,0.000110837296,8.74181e-05,7.704239e-05,4.202815e-05,0.13893744,4.2977903e-05,0.8605576,2.1027376e-05,5.2982683e-05,4.23453e-05,2.826533e-05
GTTCATTAGCCCAATT-1-HCAHeart7844004,3.7473543e-05,6.27333e-06,0.99766624,1.7226646e-05,1.4166792e-05,1.5053745e-05,3.7351732e-05,1.5760415e-05,0.0021631548,4.2182146e-06,2.2952165e-05
TGTGGTATCCGTCAAA-1-HCAHeart7843999,4.7353305e-06,9.866858e-06,1.4414856e-05,3.365102e-05,0.9997491,3.2086227e-06,0.00011409318,7.786948e-06,3.1075808e-05,1.6147183e-05,1.5950025e-05
CATTGTTAGAGTCGAC-1-HCAHeart7905331,5.9713684e-06,2.0982336e-06,0.99985456,1.1991257e-05,4.3461405e-06,1.0867832e-05,8.903458e-06,2.4950646e-06,8.610189e-05,5.2905784e-07,1.19796905e-05
TCTGGAAGTTATCACG-1-HCAHeart7844003,5.108464e-06,2.8527702e-06,0.99988604,8.825574e-06,3.5726994e-06,7.5553085e-06,1.0992007e-05,2.3138775e-06,6.1339255e-05,4.929218e-07,1.0962392e-05
TTGGAACTCCAAATGC-1-HCAHeart7888926,8.7146516e-05,0.0001617595,0.00010271377,5.6284272e-05,0.053853545,3.279787e-05,0.9454986,1.378218e-05,0.00012968297,3.1343858e-05,3.2412336e-05
TGTATTCGTACAGTGG-1-HCAHeart7843999,4.3975892e-06,1.24134895e-05,6.866707e-06,2.7128814e-05,0.9997906,2.2222014e-06,0.00011642377,6.9467615e-06,1.4987314e-05,1.0224359e-05,7.809873e-06
GAAACTCCATCTCGCT-1-HCAHeart7844001,3.255821e-05,1.0377261e-05,5.181982e-06,1.9151935e-06,0.00044568224,1.8730498e-05,0.99947506,1.3289444e-06,3.954448e-06,3.6136134e-06,1.6292772e-06
ACTTTCATCGGGAGTA-1-HCAHeart7843999,6.836501e-06,2.7796157e-06,0.9998996,7.28034e-06,3.0572974e-06,5.3107783e-06,9.944422e-06,2.611531e-06,5.158142e-05,5.02699e-07,1.0320279e-05
AACCCAAGTAGGAGTC-1-HCAHeart7905332,3.126214e-05,5.5253786e-06,2.0647965e-05,0.9998374,4.3334945e-05,7.680805e-06,4.288932e-06,3.1176394e-05,4.590496e-06,6.668363e-06,7.356251e-06
GACTGCGCACCAGCAC-1-HCAHeart7844004,1.1161755e-05,6.29895e-06,0.9997508,0.00010785683,1.6278153e-05,2.9369974e-05,1.7804057e-05,1.1747289e-05,3.5072e-05,9.1368133e-07,1.2774091e-05
CCGTTCACATCCTAGA-1-HCAHeart7888927,0.00010512671,0.00011480985,0.00030518346,0.00017897805,0.75838816,6.257618e-05,0.2405436,3.0579642e-05,0.00013080884,4.5718312e-05,9.4530296e-05
TACTTACCACGGCCAT-1-HCAHeart7843999,5.353045e-06,3.267031e-06,0.99990463,1.1979662e-05,2.9361008e-06,4.1485146e-06,9.960969e-06,2.6900505e-06,4.8312075e-05,5.5618204e-07,5.947496e-06
GACAGAGGTTACAGAA-1-HCAHeart7880861,1.8673145e-06,7.221521e-05,7.4843883e-06,1.41592855e-05,9.676646e-06,9.1464135e-06,1.1079055e-06,3.9810598e-06,4.0105635e-05,2.1895462e-06,0.9998381
TGTGGTATCGTGGTCG-1-HCAHeart7888926,4.823896e-06,3.9436013e-06,0.99985635,1.3751846e-05,3.5303078e-06,6.728243e-06,1.2314467e-05,4.248244e-06,7.9455305e-05,5.6561953e-07,1.4302099e-05
CCTTCGACATGCAACT-1-HCAHeart7844001,1.26572295e-05,4.069818e-06,0.9996517,1.4741725e-05,6.66258e-06,1.1960218e-05,2.4135088e-05,5.340968e-06,0.00025976708,1.0770275e-06,7.846845e-06
CAAGGCCGTAAGTGGC-1-HCAHeart7843999,9.869363e-06,4.824166e-06,0.99984086,6.2512936e-06,4.537667e-06,7.747128e-06,2.2132956e-05,3.7938653e-06,7.76193e-05,9.1247136e-07,2.1398402e-05
CTTTCAACACCCTAGG-1-HCAHeart7905332,1.3171683e-05,8.807835e-06,0.9998311,3.595672e-05,7.734052e-06,1.5480744e-05,2.168442e-05,9.559329e-06,4.1523752e-05,3.629132e-06,1.1306012e-05
TTGGGCGCAAGCGATG-1-HCAHeart7905328,5.4861825e-06,2.6245161e-06,0.9998975,9.2759665e-06,4.379768e-06,1.42395365e-05,1.2189994e-05,2.181878e-06,3.4978297e-05,5.7009663e-07,1.6637452e-05
GACCTGGCAATGAATG-1-HCAHeart7844004,9.463382e-06,8.5021e-06,0.9998667,6.6950865e-06,5.312001e-06,8.118209e-06,3.5800196e-05,3.282087e-06,4.4052213e-05,8.884147e-07,1.1111303e-05
AGAGTGGCACCTATCC-1-HCAHeart7844002,6.651405e-06,7.268121e-06,7.0629435e-06,2.1953185e-05,0.99979347,2.743932e-06,0.00011184859,8.259678e-06,1.7455865e-05,1.556745e-05,7.845024e-06
TGAGGGACATCACGAT-1-HCAHeart7844001,3.028967e-05,2.4231629e-06,6.94177e-05,2.2472135e-05,3.6474798e-05,3.6969355e-05,1.585287e-05,8.1248894e-05,0.99700063,0.002696444,7.743273e-06
CTGAAGTCAATAGAGT-1-HCAHeart7843999,9.058492e-05,7.1833015e-06,0.99892527,0.00017915062,5.370814e-05,4.0916984e-05,1.810189e-05,0.0001589392,0.0005015509,2.9809457e-06,2.157278e-05
TAGTTGGGTTTAGCTG-1-HCAHeart7844001,4.257911e-06,8.405254e-06,6.460261e-06,2.6698906e-05,0.99978226,2.2763388e-06,0.00012963053,8.61606e-06,1.3747706e-05,1.0231834e-05,7.444719e-06
CTGTATTCAAGATCCT-1-HCAHeart7905331,5.2505143e-06,2.672119e-06,0.9998894,1.3175655e-05,3.0585727e-06,4.8356583e-06,9.0265075e-06,2.9207547e-06,6.313299e-05,5.2911616e-07,5.7021734e-06
AACCTTTTCCCAACTC-1-HCAHeart7905327,9.756333e-06,4.4995763e-06,0.99978536,6.7089222e-06,7.3867855e-06,6.279046e-06,4.1891715e-05,3.6625595e-06,0.00012480617,1.0951502e-06,8.577913e-06
CATCCCACACATACTG-1-HCAHeart7905328,7.91193e-06,3.888712e-06,0.9998658,3.520049e-05,3.6968736e-06,4.916871e-06,1.1309348e-05,5.901191e-06,5.5303462e-05,7.529344e-07,5.3924946e-06
ACGATGTGTACAGTGG-1-HCAHeart7888927,6.0365032e-06,1.077658e-06,4.3514545e-05,6.897777e-06,1.5210151e-05,4.444125e-06,3.0258445e-06,1.1570942e-05,0.9997676,0.00013187193,8.632728e-06
CGAGTTAGTGACATCT-1-HCAHeart7905332,6.804836e-06,2.645502e-06,0.9998605,6.9499374e-06,3.839753e-06,5.4293364e-06,9.626128e-06,2.7106569e-06,8.9817884e-05,6.1304183e-07,1.0931993e-05
AAACCTGTCTCGGACG-1-HCAHeart7844001,1.0781352e-05,6.851168e-06,0.99987125,9.4136485e-06,4.1603607e-06,5.4782226e-06,2.1745493e-05,5.3537697e-06,5.1508334e-05,6.8848897e-07,1.2799802e-05
AGCTTCCTCGGTGTTA-1-HCAHeart7905328,1.031431e-05,1.5576788e-05,9.251112e-06,1.0410842e-05,2.2126058e-05,9.735999e-06,5.519189e-06,1.0398737e-05,0.00010584147,0.99979705,3.7970146e-06
TCGCGTTAGCTCCCAG-1-HCAHeart7844001,4.6817055e-05,2.5072202e-05,1.38571095e-05,9.537918e-07,0.00014162074,2.842519e-05,0.99973124,1.3391013e-06,4.6538016e-06,4.214106e-06,1.8207611e-06
CTGAAACAGGACGAAA-1-HCAHeart7880861,1.4597258e-06,6.1602834e-05,6.1228834e-06,8.5852025e-06,9.705457e-06,6.2533e-06,7.1871636e-07,4.3228392e-06,2.3916682e-05,1.8398893e-06,0.99987566
GTCGTAAGTGATGCCC-1-HCAHeart7844003,0.00033703292,8.56921e-05,0.98859847,5.98387e-05,0.00017952561,0.00079199986,0.0010971989,0.00010135172,0.006583369,0.0020557337,0.00010980943
AAGCGAGGTCCCAAAT-1-HCAHeart7905331,6.119733e-06,2.613555e-06,0.9999027,1.4333157e-05,3.3166568e-06,6.3393472e-06,6.6308685e-06,3.3098538e-06,4.6003348e-05,4.9482435e-07,8.101548e-06
ATTCTACTCTGTCTAT-1-HCAHeart7880862,3.199615e-06,0.99965775,6.0308575e-06,1.693491e-05,1.663294e-05,3.7270074e-05,7.4964523e-06,2.9616067e-05,3.67968e-06,9.560853e-06,0.00021165052
AGCCTAATCTGGGCCA-1-HCAHeart7843999,8.507417e-06,5.2971563e-06,0.99963367,2.8564831e-05,1.43562875e-05,1.45450185e-05,2.0779733e-05,6.552803e-06,0.00025268176,4.2607057e-06,1.089437e-05
ACAGCCGCACTCGACG-1-HCAHeart7880861,0.0001560711,1.22510655e-05,0.00011993257,0.00050605077,5.4345503e-05,0.00017477851,6.122484e-05,0.000112312424,0.9793711,0.019406745,2.5260115e-05
ACACCCTGTGTGTGCC-1-HCAHeart7844001,0.00022686522,2.0372152e-05,0.41243836,0.00022481012,7.192552e-05,0.00018315572,0.00010765301,0.00010698775,0.5863217,0.00018077658,0.00011740806
TCAGCTCGTAGCGTGA-1-HCAHeart7880862,5.5519026e-06,1.0707754e-06,4.7952613e-05,9.8865075e-06,1.8320137e-05,6.815554e-06,5.887378e-06,1.2718714e-05,0.99973494,0.0001499638,6.850796e-06
AAGACCTGTGCCTGTG-1-HCAHeart7844001,8.711962e-06,2.8226718e-06,0.9998919,1.6610978e-05,3.012675e-06,1.1100938e-05,6.765867e-06,6.038486e-06,4.6216428e-05,5.817262e-07,6.3736984e-06
TACTCGCAGAGCAATT-1-HCAHeart7844004,3.159725e-05,2.8149901e-05,0.999419,1.0717501e-05,1.7883254e-05,1.3740326e-05,0.00035441277,6.590361e-06,7.142456e-05,2.2976385e-06,4.435457e-05
GAATAAGGTACCATCA-1-HCAHeart7844004,9.152434e-06,2.9403327e-06,0.999902,1.4706614e-05,2.3114158e-06,5.9252648e-06,8.028183e-06,3.304039e-06,4.4838718e-05,5.8794086e-07,6.2051076e-06
AAGGTTCAGACCTTTG-1-HCAHeart7844004,1.8725388e-05,5.604453e-06,0.99955505,2.826298e-05,1.0231547e-05,6.564895e-05,3.7727972e-05,4.2759725e-06,0.00021172891,1.4342794e-06,6.1241226e-05
GAGATGGCAAAGCTCT-1-HCAHeart7905332,6.0317843e-06,2.573225e-06,0.99989057,1.18686885e-05,2.942518e-06,4.671611e-06,9.670022e-06,2.5843954e-06,6.277363e-05,5.9351703e-07,5.6607255e-06
AGTCACATCACTGATG-1-HCAHeart7905328,8.2530805e-06,4.756851e-06,0.99974877,9.252567e-05,1.3709382e-05,2.4391255e-05,1.3996932e-05,6.1960145e-06,7.462493e-05,2.1898413e-06,1.0555789e-05
ATGAGGGCATGTCGAT-1-HCAHeart7844004,5.9525264e-06,2.5213503e-06,0.9998976,1.0028881e-05,3.5573223e-06,1.1000996e-05,8.960865e-06,2.230642e-06,4.880441e-05,5.8940526e-07,8.7616045e-06
TTGCCGTAGGTGACCA-1-HCAHeart7844003,8.953914e-05,4.557357e-06,0.009259872,3.7616097e-05,6.0825e-05,0.00012684324,9.430648e-05,4.176719e-05,0.9886451,0.0016150195,2.4637617e-05
TTCGAAGGTCTTCTCG-1-HCAHeart7888926,5.0650313e-05,3.979116e-05,0.22196989,0.00040827872,0.00022819925,8.0784426e-05,0.0001960406,0.00016721929,0.77650523,0.00016124798,0.00019259675
CACACCTGTCTTGTCC-1-HCAHeart7880861,1.997258e-06,0.00019741399,1.0241747e-05,1.1050548e-05,1.33714575e-05,1.8175888e-05,1.3667426e-06,6.402157e-06,4.1597523e-05,3.388151e-06,0.99969494
AAAGTAGCATCAGTAC-1-HCAHeart7843999,1.1236908e-05,3.7581397e-06,0.9998104,5.610762e-06,5.068292e-06,6.6649536e-06,2.1081303e-05,3.591117e-06,0.00011243378,9.745422e-07,1.9192712e-05
GGATGTTAGTGCGATG-1-HCAHeart7888927,3.765059e-06,0.00011836128,7.34478e-06,4.660083e-05,1.5580621e-05,1.0457321e-05,1.9522702e-06,1.3640375e-05,0.0002246383,4.696008e-06,0.9995529
TCCCAGTAGAGGGTAA-1-HCAHeart7905328,7.34047e-06,2.4789792e-06,0.99969447,1.2278984e-05,6.607875e-06,1.008166e-05,1.4188934e-05,2.863671e-06,0.00023905451,1.0307456e-06,9.686631e-06
TTATGCTTCAGGATCT-1-HCAHeart7880862,1.3237042e-05,2.030861e-06,4.7030644e-05,5.0478226e-05,1.4108723e-05,2.2089958e-05,7.1310897e-06,3.0699186e-05,0.99967873,0.00012743489,7.043656e-06
CATCCACGTCAAAGAT-1-HCAHeart7844001,6.974095e-06,5.3369226e-06,0.99975795,1.7477014e-05,1.5242646e-05,1.2306986e-05,3.8403716e-05,6.9758707e-06,0.00012972545,2.579815e-06,7.0758792e-06
TAAGTGCAGTCTTGCA-1-HCAHeart7888926,2.3395016e-06,0.00010748809,8.817288e-06,1.4183321e-05,9.639917e-06,1.0336492e-05,9.01089e-07,6.324768e-06,2.3858112e-05,2.2741713e-06,0.99981374
CCTTCGAAGTGCTGCC-1-HCAHeart7844004,0.0001789356,1.891941e-05,1.9854411e-05,1.2610022e-06,0.00016852349,7.552191e-05,0.9995215,1.6549168e-06,5.8030723e-06,4.901538e-06,3.1368643e-06
TCTTTCCTCCCACTTG-1-HCAHeart7844001,5.73816e-06,9.993594e-06,7.3033652e-06,1.6079706e-05,0.999749,2.5869836e-06,0.00016218491,1.1493027e-05,1.5496504e-05,1.3093432e-05,7.0204906e-06
CGGACTGGTCTTGATG-1-HCAHeart7844001,1.0032764e-05,2.5109146e-06,0.99987185,9.122407e-06,3.333678e-06,9.036401e-06,1.5766467e-05,2.9984496e-06,6.493254e-05,6.795999e-07,9.629111e-06
AGTCTTTCAAGAAGAG-1-HCAHeart7844004,3.5366073e-05,2.1831002e-05,8.443478e-06,1.2266543e-06,0.00014756157,2.0672232e-05,0.9997551,1.0308858e-06,3.8676117e-06,3.2801436e-06,1.6135049e-06
TCTTCGGGTAAACCTC-1-HCAHeart7844001,5.7568894e-05,8.746299e-06,0.9996903,1.0133081e-05,5.436774e-06,1.801191e-05,7.514653e-05,1.0043817e-05,0.00010876867,1.8231798e-06,1.41148885e-05
ACAGCTAGTTGACGTT-1-HCAHeart7880861,2.4885074e-05,7.205072e-06,8.330202e-06,0.9998566,2.415033e-05,4.8591537e-06,4.0455084e-06,4.7321533e-05,7.790384e-06,3.3371803e-06,1.1372461e-05
TCTTCGGGTACTTAGC-1-HCAHeart7843999,1.0794965e-05,4.63412e-06,0.9996836,6.983006e-06,8.6031805e-06,7.0914984e-06,3.7575395e-05,3.3368287e-06,0.00022475832,1.3314102e-06,1.1213497e-05
ACGGGCTTCCCATTTA-1-HCAHeart7844001,2.3109096e-05,1.1793037e-05,1.4267343e-05,1.3951149e-05,3.5158548e-05,2.402276e-05,1.1281318e-05,2.3628996e-05,0.0011460242,0.99868876,8.101101e-06
CGCGTTTCAGGACGTA-1-HCAHeart7844004,0.00020800837,5.5407596e-05,0.99905413,1.4337761e-05,1.5422022e-05,1.6323238e-05,0.00044373996,1.992637e-05,0.00012726773,4.532821e-06,4.113359e-05
ATCACGATCTATACGG-1-HCAHeart7905327,5.728044e-06,3.272958e-06,0.99989855,1.8144325e-05,3.3742388e-06,5.5886185e-06,7.979876e-06,3.6883248e-06,4.6422232e-05,5.852173e-07,6.6753887e-06
GGACATTAGTATGACA-1-HCAHeart7844000,4.565138e-06,8.000995e-06,6.1202536e-06,2.1913018e-05,0.9997656,2.0957332e-06,0.00015777405,9.033191e-06,1.1077507e-05,7.810503e-06,5.9444574e-06
CCACGGAGTGTCGCTG-1-HCAHeart7844001,3.6643585e-05,1.8711731e-05,2.1603473e-05,1.4961712e-06,0.0002537674,2.0087338e-05,0.99963415,1.3354007e-06,5.461005e-06,4.2060683e-06,2.503461e-06
GACTGCGGTCATCCCT-1-HCAHeart7844004,1.1362766e-05,6.4309006e-06,0.99982387,8.89207e-06,4.7885196e-06,7.2229022e-06,3.5845496e-05,3.921949e-06,8.139866e-05,1.000373e-06,1.5085468e-05
CGACAGCAGCGCTGAA-1-HCAHeart7905329,5.9237614e-06,2.5152299e-06,0.99980944,1.6556833e-05,4.7033454e-06,8.841974e-06,1.1272672e-05,2.701007e-06,0.0001298668,8.3127355e-07,7.3684027e-06
TAAGAGAAGTGTCTCA-1-HCAHeart7844004,2.8579863e-05,1.6416285e-06,0.00014539363,2.651198e-05,1.4149704e-05,4.1551026e-05,9.55126e-06,1.2803689e-05,0.99941313,0.00030019856,6.354258e-06
GTACGTATCGTAGATC-1-HCAHeart7888927,1.6391257e-05,8.996139e-06,7.901485e-06,0.9999114,1.0032731e-05,5.0182816e-06,2.1829908e-06,1.469321e-05,6.4766846e-06,4.1729177e-06,1.2840382e-05
CTCTACGAGAATCTCC-1-HCAHeart7844001,0.00031193777,8.654928e-06,1.4678353e-05,0.9995751,1.4690299e-05,1.5384661e-05,3.822634e-06,2.4940136e-05,1.0021047e-05,6.4132682e-06,1.4418891e-05
CTAACTTTCAATCACG-1-HCAHeart7844003,0.00025754815,8.3684965e-05,0.017506808,0.00023628549,0.00061028224,0.0004403254,0.00063963066,0.0002343755,0.44092667,0.5389655,9.886015e-05
TTTCCTCAGTGCCAGA-1-HCAHeart7880860,1.2494421e-06,4.082701e-05,7.364475e-06,8.652855e-06,9.383184e-06,8.316387e-06,6.1731595e-07,4.027902e-06,2.6252297e-05,1.7868764e-06,0.9998914
CCGGGATTCACTTATC-1-HCAHeart7844000,0.000120714394,2.3129602e-05,1.6945329e-05,3.441177e-05,0.9980889,6.679181e-06,0.0016021278,1.5860838e-05,5.2200765e-05,2.6393733e-05,1.274944e-05
AAAGGGCTCCCGATCT-1-HCAHeart7905331,8.280977e-06,6.011471e-06,0.99983406,3.5090878e-05,9.567465e-06,9.936747e-06,1.1739006e-05,1.22696e-05,6.4847656e-05,1.232904e-06,7.1389895e-06
TGACAGTCACCAAAGG-1-HCAHeart7905328,5.4842967e-06,2.8643906e-06,0.9998217,1.4062137e-05,5.18459e-06,6.5424706e-06,1.0903155e-05,2.9427558e-06,0.00012225399,7.345911e-07,7.4450554e-06
GTCTCGTTCGGTTCGG-1-HCAHeart7888926,1.7876629e-06,3.209716e-05,8.306506e-06,1.5683208e-05,1.4240542e-05,6.409497e-06,1.3670951e-06,3.7327625e-06,9.2710194e-05,2.4269611e-06,0.99982125
AGATTGCCAGTAAGAT-1-HCAHeart7844004,1.7101636e-05,1.8769875e-06,2.933452e-05,1.6861679e-05,3.471598e-05,1.5152207e-05,6.513192e-06,1.5385933e-05,0.9988201,0.0010358827,6.817804e-06
AGCGCCAAGAGAATCT-1-HCAHeart7905332,6.8140416e-06,2.4284238e-06,0.9997676,8.505344e-06,5.586017e-06,8.130529e-06,1.7554792e-05,2.4830504e-06,0.00017149778,8.482019e-07,8.612442e-06
TAGAGCTGTAACGTTC-1-HCAHeart7844004,6.252881e-06,1.887696e-06,0.999843,1.114739e-05,4.8765523e-06,1.8712823e-05,1.43326015e-05,1.9957733e-06,8.2266095e-05,6.953332e-07,1.4747444e-05
GCACGGTTCAGTCCGG-1-HCAHeart7905327,5.4724123e-06,2.4417607e-06,0.99987054,1.4614017e-05,3.1893856e-06,7.2955368e-06,1.0290515e-05,2.4157794e-06,7.620692e-05,5.3825346e-07,7.0275805e-06
AGCAGCCAGCGGCTTC-1-HCAHeart7844001,0.00017914281,9.960539e-06,4.615798e-05,0.00015908632,5.9846905e-05,0.00013403058,2.261783e-05,3.5421785e-05,0.9871869,0.012119791,4.7087895e-05
GGAAGTGAGTGACACG-1-HCAHeart7905331,1.2458406e-05,4.019784e-06,0.99984133,6.520598e-06,4.3297914e-06,7.100244e-06,2.1710155e-05,4.3395225e-06,8.2569975e-05,8.3817486e-07,1.4757872e-05
GACTAACAGAGTCGGT-1-HCAHeart7844001,0.0050552976,5.7644018e-05,0.000114277944,6.86386e-06,0.0011343211,9.398473e-05,0.9934703,9.562901e-06,2.3030498e-05,2.028484e-05,1.4355246e-05
TCAACGAGTCCATCCT-1-HCAHeart7843999,9.397462e-06,4.9454598e-06,0.99980587,5.806595e-06,6.9460457e-06,5.4776815e-06,3.7104714e-05,3.1603647e-06,0.00010760488,9.699982e-07,1.2774991e-05
ACGATACGTCAAGCGA-1-HCAHeart7888927,1.0371032e-05,4.1584695e-05,0.99894935,3.2073724e-05,2.0997044e-05,4.669678e-05,0.00016391244,2.0384385e-05,0.00069631136,3.7331263e-06,1.4791677e-05
AAGACCTCATACAGCT-1-HCAHeart7844004,6.5389836e-06,1.0741757e-05,6.743047e-06,1.8500432e-05,0.99971396,2.0661162e-06,0.00020445416,6.6794537e-06,1.5253042e-05,8.550447e-06,6.5157888e-06
GCGAGAATCATCGCTC-1-HCAHeart7844004,3.91006e-06,6.847373e-06,7.2424546e-06,3.0714673e-05,0.99979585,2.1985722e-06,0.00011467602,1.0699469e-05,1.137945e-05,9.509002e-06,7.0870683e-06
GACCAATGTAAGTTCC-1-HCAHeart7844004,0.00016827801,1.18004e-05,0.00012327144,0.00015326345,8.042467e-05,0.00028218672,3.7157733e-05,4.72274e-05,0.954372,0.044695828,2.8636154e-05
CATCCACAGAGGGATA-1-HCAHeart7843999,1.172588e-05,2.9656321e-06,0.99983585,2.9201707e-05,3.6079298e-06,8.316536e-06,9.385312e-06,3.7546456e-06,8.212856e-05,7.2232194e-07,1.22488e-05
TGCACCTAGGCGCTCT-1-HCAHeart7844004,6.4047555e-05,1.7674747e-05,0.9996654,2.0036443e-05,6.4536252e-06,6.349482e-06,6.0529175e-05,1.6055666e-05,0.00012946305,1.9944619e-06,1.199719e-05
CTCGGAGAGGACATTA-1-HCAHeart7844001,2.8743207e-05,2.197215e-06,8.0465696e-05,1.7844051e-05,3.7558566e-05,3.395095e-05,1.4498868e-05,0.0001604166,0.9983176,0.0012972369,9.349948e-06
CAGAGCCGTACTGCGC-1-HCAHeart7905332,5.1907227e-06,4.3137425e-06,0.9997718,1.219432e-05,9.244414e-06,6.2983677e-06,2.6689893e-05,2.9717296e-06,0.0001542728,1.131391e-06,5.8087785e-06
GGAGGATCACACACGC-1-HCAHeart7905328,0.00015365415,3.5496134e-05,0.00014725147,8.5679945e-05,0.00032745383,0.00013077172,6.0323975e-05,0.00014322743,0.54063654,0.45822883,5.085857e-05
CTCCACATCAAGTCGT-1-HCAHeart7905328,1.0442179e-05,2.4492078e-06,0.99967253,7.996262e-06,6.307738e-06,1.3728498e-05,2.0102236e-05,3.1035624e-06,0.0002447861,1.2413865e-06,1.7257962e-05
GAAACCTGTTTGGCTA-1-HCAHeart7905330,7.802306e-06,5.366692e-06,0.99957186,0.0001130175,2.3457073e-05,3.2902735e-05,1.5987413e-05,7.923519e-06,0.00020267491,1.5939253e-06,1.748985e-05
GGTCACGAGTTTCGAC-1-HCAHeart7905328,4.552968e-05,5.2630244e-06,5.0414932e-05,0.9998374,8.418105e-06,1.0443841e-05,3.3354902e-06,1.350817e-05,1.0533515e-05,4.371773e-06,1.0704343e-05
CGTAGGCCAAGCGCTC-1-HCAHeart7844000,9.311172e-06,6.1860133e-06,0.9998604,2.9269953e-05,2.8191905e-06,1.44448795e-05,8.44059e-06,4.3284576e-06,5.0198807e-05,5.3582653e-07,1.3925779e-05
CATCAAGCATCAGTCA-1-HCAHeart7844001,2.7351833e-05,1.933017e-05,7.387506e-06,1.6614163e-06,0.00015102013,2.7029899e-05,0.99975604,1.2681611e-06,3.628337e-06,3.534269e-06,1.6871066e-06
GCATACAAGAGCTGGT-1-HCAHeart7844002,3.011262e-05,1.6699583e-05,1.0019173e-05,1.3321976e-06,0.00021048146,1.9764524e-05,0.9997017,1.1398031e-06,3.7187224e-06,3.2341156e-06,1.7871423e-06
TCATCCGTCTATACGG-1-HCAHeart7905328,8.542476e-06,2.4652568e-06,0.9998332,1.0568941e-05,3.967638e-06,1.0268222e-05,1.1444764e-05,2.8431546e-06,0.00010222266,6.192264e-07,1.3844204e-05
GAAATGAGTAAATACG-1-HCAHeart7844004,1.0215059e-05,3.5438945e-06,0.9998752,6.6991925e-06,3.8554776e-06,6.3327134e-06,1.4392551e-05,2.9287517e-06,5.77947e-05,6.734099e-07,1.839514e-05
CTCCGATAGAGCAACC-1-HCAHeart7905328,5.7167554e-06,2.829006e-06,0.9998369,2.8519897e-05,5.758258e-06,1.1629338e-05,9.671266e-06,3.3999715e-06,8.597254e-05,5.836152e-07,8.88082e-06
ATGAGGGTCCGTAGGC-1-HCAHeart7880860,1.3502246e-06,1.8640307e-05,8.928113e-06,6.1544115e-06,7.280933e-06,4.231814e-06,7.8695285e-07,2.3960743e-06,3.307552e-05,1.8070829e-06,0.99991524
GTACTTTAGAGTGAGA-1-HCAHeart7843999,3.7053265e-05,1.7448043e-05,4.2969383e-05,2.095595e-05,8.377513e-05,2.8167864e-05,2.2571028e-05,3.2592015e-05,0.015256419,0.98443776,2.0177275e-05
ATTACTCCATTGGCGC-1-HCAHeart7844004,1.3404223e-05,1.0624956e-06,3.0346431e-05,1.1218109e-05,1.2331402e-05,8.76421e-06,2.982066e-06,2.052843e-05,0.99974865,0.00014528912,5.5751925e-06
CCTACCAGTTACAGAA-1-HCAHeart7844004,1.7445544e-05,1.0105568e-05,0.9998497,1.3180335e-05,5.4381176e-06,7.765711e-06,3.3747416e-05,4.3859495e-06,3.5949677e-05,9.118513e-07,2.1372263e-05
ATTCTACGTATTCGTG-1-HCAHeart7844001,0.0041672727,3.8129663e-05,0.000287568,0.9915393,6.37231e-05,0.0013180798,6.2661136e-05,0.00029450064,0.001160749,0.0010373702,3.0687697e-05
CTAGAGTAGAAGGGTA-1-HCAHeart7844004,9.660209e-05,1.3500488e-05,0.089804076,0.0001797977,0.00013561234,0.0002624638,0.00012895168,7.0471266e-05,0.90756893,0.0016992048,4.0499785e-05
GAGTCCGTCTCTGCTG-1-HCAHeart7888927,1.6258616e-06,4.7305213e-05,6.94383e-06,1.10719075e-05,9.563022e-06,5.7104776e-06,1.0621841e-06,4.0381587e-06,9.840306e-05,3.2140404e-06,0.9998111
GAATGAACATGGTTGT-1-HCAHeart7844002,7.464969e-06,2.658913e-06,0.9996891,4.085146e-05,1.1438336e-05,5.1971267e-05,1.2768858e-05,3.2502833e-06,0.00014681295,1.0979027e-06,3.2611115e-05
ACAGCCGGTGAAAGAG-1-HCAHeart7888926,2.2713195e-06,1.9102119e-05,9.555082e-06,2.0525917e-05,1.079138e-05,5.817412e-06,1.2979261e-06,4.076139e-06,8.794093e-05,2.5958684e-06,0.99983597
AACGTCACAAGAATAC-1-HCAHeart7905332,6.5605095e-06,2.9374291e-06,0.9999106,6.859728e-06,2.8959564e-06,3.9947317e-06,9.987291e-06,2.6805963e-06,4.4350112e-05,5.092059e-07,8.56509e-06
CATGGCGGTTACAGAA-1-HCAHeart7844000,1.1339443e-05,3.2671114e-06,0.99987113,1.4702164e-05,2.813473e-06,1.2541402e-05,7.586792e-06,3.0372717e-06,6.065542e-05,5.0432214e-07,1.240352e-05
ACGATACCAATTCCTT-1-HCAHeart7843999,7.960634e-06,3.1347774e-06,0.9998105,8.02947e-06,4.8567204e-06,6.001935e-06,1.1654877e-05,3.6082135e-06,0.00013308506,6.681465e-07,1.0585708e-05
CCCTCCTCAAGAAAGG-1-HCAHeart7843999,5.183577e-06,3.5357552e-06,0.999838,8.529516e-06,5.9732233e-06,7.246007e-06,1.9290263e-05,1.9980162e-06,0.00010068258,7.017899e-07,8.694504e-06
CTGCCTACACAACTGT-1-HCAHeart7888927,6.2366344e-06,1.287443e-06,2.2954382e-05,1.43719535e-05,1.8472389e-05,5.3919402e-06,4.836213e-06,2.1093556e-05,0.99975055,0.00014639944,8.3556215e-06
GGGCATCAGTTGAGTA-1-HCAHeart7880862,5.533455e-06,3.9747993e-06,0.99987984,2.395143e-05,2.8296588e-06,1.0745527e-05,1.6467811e-05,5.652093e-06,4.368905e-05,6.195506e-07,6.7325223e-06
CTCCTAGCACCGTTGG-1-HCAHeart7844004,0.00047248052,5.6178993e-05,8.058934e-05,0.00020309586,0.000117247524,0.00043264605,6.27223e-05,0.00026652362,0.10047642,0.8978029,2.9121884e-05
TATCAGGCATGGTCTA-1-HCAHeart7843999,5.8220016e-06,4.069435e-06,0.9998522,4.7244128e-05,5.81485e-06,1.0079982e-05,7.9647025e-06,6.45589e-06,5.1249965e-05,6.50824e-07,8.432926e-06
AGCCTAAGTGTCCTCT-1-HCAHeart7844004,9.422371e-06,2.7166072e-06,0.99984264,1.0105449e-05,3.8614676e-06,8.03985e-06,1.1873847e-05,3.0132767e-06,9.833177e-05,6.109222e-07,9.365312e-06
GGTGTCGGTGCAACAG-1-HCAHeart7905329,8.040529e-06,3.2825105e-06,0.99982506,4.4066557e-05,4.340996e-06,8.339343e-06,1.1178234e-05,4.5337542e-06,8.363528e-05,7.927866e-07,6.759359e-06
AGGTAGGTCCAATGCA-1-HCAHeart7905331,5.942248e-06,2.680456e-06,0.99991167,1.35295695e-05,2.5054699e-06,5.4546294e-06,9.410393e-06,2.7028627e-06,3.846923e-05,4.840539e-07,6.9999296e-06
CGGAGTCCAGCCTTTC-1-HCAHeart7844003,0.003095064,1.1496048e-05,0.0037095512,5.637191e-05,0.00015451938,0.000112402915,0.00010503035,6.99094e-05,0.9922362,0.00041797015,3.1509644e-05
GCATGATAGATGTAAC-1-HCAHeart7843999,6.9750895e-06,3.3341648e-06,0.9998634,1.8907444e-05,5.590778e-06,9.453853e-06,1.0211227e-05,4.827506e-06,6.842081e-05,1.0380356e-06,7.715399e-06
TGGTTCCAGCTTATCG-1-HCAHeart7844002,6.424022e-06,1.3435447e-05,1.1288022e-05,3.9358776e-05,0.99951386,3.7931165e-06,0.00036319913,1.32592795e-05,1.0696084e-05,9.412689e-06,1.5367441e-05
GTTTCTACATAGACTC-1-HCAHeart7844001,5.1980598e-05,2.556532e-05,1.3753706e-05,1.2098477e-06,0.00016981446,3.397109e-05,0.9996922,1.4252065e-06,4.277865e-06,3.8890275e-06,1.9224672e-06
TGACGGCCAAAGGAAG-1-HCAHeart7844001,3.7370413e-05,3.3507968e-06,9.7825694e-05,3.174827e-05,8.748607e-05,3.6356792e-05,2.24838e-05,0.0006190952,0.9973289,0.0017226767,1.2695076e-05
TACGGATGTCAGAGGT-1-HCAHeart7843999,6.815756e-05,5.5800836e-05,0.00015999752,0.00010438519,0.9129462,2.760543e-05,0.086387634,1.672892e-05,8.8319095e-05,5.1652685e-05,9.34276e-05
ATTCTACCACCTTGTC-1-HCAHeart7844001,1.1153042e-05,9.626353e-07,3.080887e-05,1.0835527e-05,1.6871776e-05,9.622247e-06,4.5145553e-06,2.933815e-05,0.99966896,0.0002123648,4.4460685e-06
TGATCAGCATAGAAAC-1-HCAHeart7905328,1.2117294e-05,4.4232033e-06,0.9998753,2.8687857e-05,4.38367e-06,1.1028567e-05,1.3562613e-05,6.122998e-06,3.587477e-05,1.6909806e-06,6.704306e-06
AGCTCAAGTGGCTTGC-1-HCAHeart7905330,1.6886295e-05,7.513147e-06,0.9994,0.00030696584,2.2588063e-05,2.7094873e-05,1.6800357e-05,6.969155e-05,0.00011573424,2.0567481e-06,1.4654175e-05
CTGTGGGGTACCTGTA-1-HCAHeart7905327,6.620315e-06,3.3458966e-06,0.9997814,5.542953e-05,6.4170886e-06,1.58081e-05,1.2014407e-05,4.0387013e-06,0.000101548874,8.502895e-07,1.235793e-05
ATTGGTGAGGCCGAAT-1-HCAHeart7880862,3.9193756e-06,0.99941087,5.545569e-06,1.6195627e-05,2.0289279e-05,5.8260153e-05,7.467711e-06,5.286633e-05,4.4709604e-06,9.973717e-06,0.00041007367
TTCTCAAAGTTCGCGC-1-HCAHeart7888927,1.6873206e-06,4.4614306e-05,8.992784e-06,1.6163565e-05,8.780279e-06,6.8251097e-06,9.198683e-07,3.6086462e-06,3.5186156e-05,1.7756341e-06,0.9998714
AAAGTCCTCTCAATCT-1-HCAHeart7905328,8.947324e-05,3.6494198e-06,5.8930847e-05,9.343179e-05,1.9318855e-05,0.00013553842,8.126483e-06,2.5341322e-05,0.9986204,0.00093486515,1.086637e-05
GCGCAGTGTGCGCTTG-1-HCAHeart7880862,3.2605346e-06,0.9997482,5.035554e-06,1.3119095e-05,1.3958359e-05,4.6636836e-05,8.149491e-06,2.9835393e-05,3.1927989e-06,8.718041e-06,0.00012011539
TGAGCCGTCATGCATG-1-HCAHeart7844004,1.4869775e-05,2.0294783e-05,9.031205e-06,1.1705865e-05,1.9808649e-05,1.0321359e-05,5.220738e-06,1.2601475e-05,0.000106122185,0.99978596,4.1311805e-06
GTGCTGGAGGAGCTGT-1-HCAHeart7905332,1.3798739e-05,3.566583e-06,0.99987113,7.6268216e-06,4.172447e-06,6.8061026e-06,2.4619378e-05,4.1419553e-06,5.048197e-05,7.5924487e-07,1.27246085e-05
GTGCTTCTCCCAAGAT-1-HCAHeart7843999,6.9298844e-06,3.1154666e-06,0.9998816,6.184723e-06,3.3520384e-06,4.464692e-06,1.3058927e-05,2.4690912e-06,6.9417605e-05,6.309247e-07,8.6496675e-06
TTTACCATCACACGAT-1-HCAHeart7905329,9.446679e-06,2.7688266e-06,0.9998958,9.903537e-06,2.7821618e-06,4.854106e-06,1.0709687e-05,3.4341124e-06,5.2830834e-05,5.351969e-07,6.9006223e-06
TACCTATGTTACAGAA-1-HCAHeart7880860,5.392987e-06,3.7280572e-06,0.999835,9.7962475e-06,4.3813534e-06,5.9362646e-06,1.8522658e-05,3.658346e-06,0.00010178615,7.4258554e-07,1.1001819e-05
GCTTCCACAGCCTGTG-1-HCAHeart7844004,7.1121954e-06,4.3791442e-06,0.9998847,1.009681e-05,3.5488324e-06,4.232621e-06,1.3733861e-05,3.6220586e-06,6.257256e-05,6.102881e-07,5.356523e-06
GGGAGATTCCGCGTTT-1-HCAHeart7844001,0.00011692129,9.466097e-06,0.97390115,0.00015132889,5.9051043e-05,0.0020861314,0.0002065462,1.6097321e-05,0.023270626,4.5495235e-05,0.00013711186
AGGGTTTTCATGAAAG-1-HCAHeart7905328,0.0002020399,0.00035403352,0.8445844,0.008946199,0.10769468,0.020494634,0.0024085108,0.0001299755,0.005711752,0.000117052325,0.009356715
GCTGCTTCAAACGCGA-1-HCAHeart7880862,3.311523e-06,0.999666,5.5655732e-06,2.883852e-05,2.0265272e-05,4.2788688e-05,7.5669486e-06,5.5410288e-05,4.55466e-06,1.0825166e-05,0.00015490217
GCCAAATCACGGCTAC-1-HCAHeart7844003,3.4190056e-05,1.9878476e-05,0.9995122,1.3875944e-05,1.608898e-05,2.0713404e-05,0.00029161913,7.3302476e-06,6.441984e-05,2.0980071e-06,1.768502e-05
CTAGCCTGTCACCTAA-1-HCAHeart7880862,2.8514694e-06,0.9997142,4.988403e-06,9.206316e-06,1.50434735e-05,3.0986153e-05,6.707728e-06,3.392881e-05,3.2099674e-06,7.85495e-06,0.00017105188
GATGCTAAGGGAGTAA-1-HCAHeart7844004,5.4786856e-06,3.662754e-06,0.9999081,1.5108177e-05,2.8730703e-06,4.8976854e-06,8.257497e-06,3.2002636e-06,4.2666765e-05,4.983823e-07,5.196235e-06
AAAGCAAAGCTAGTCT-1-HCAHeart7880860,1.3236665e-06,2.5124156e-05,8.44672e-06,7.006778e-06,8.871575e-06,5.008679e-06,6.7704343e-07,3.6196918e-06,3.1795942e-05,1.8242347e-06,0.9999063
CTGTTTAGTTACTGAC-1-HCAHeart7843999,1.23002455e-05,4.426817e-06,0.9991284,2.824445e-05,1.20426475e-05,1.27046105e-05,2.717276e-05,4.644001e-06,0.00075991626,2.6208247e-06,7.5137923e-06
GGTAACTAGAGCCCAA-1-HCAHeart7905328,1.2420165e-05,3.7424775e-06,0.99985325,7.0183305e-06,3.4176437e-06,6.2481104e-06,1.52553275e-05,4.248478e-06,8.161435e-05,7.356701e-07,1.19108e-05
CATGCTCAGATACTGA-1-HCAHeart7905332,8.314896e-06,6.531599e-06,0.9994653,0.00012398776,2.6518546e-05,2.2988837e-05,2.865466e-05,7.0282836e-06,0.00029103007,1.8929832e-06,1.7577757e-05
CGAACATCAGGTGCCT-1-HCAHeart7880861,5.6512883e-05,5.8632777e-05,5.786105e-05,1.647977e-05,0.0015450671,2.1691272e-05,0.9982079,2.8483e-06,1.6444963e-05,8.657164e-06,7.866734e-06
TCAGCTCAGGGTTTCT-1-HCAHeart7888927,4.6934438e-06,0.0012083515,1.6969963e-05,0.000114150804,2.3716846e-05,9.7884214e-05,3.2756645e-06,2.840582e-05,0.0001275463,5.911866e-06,0.99836904
GGAACTTTCAGGCAAG-1-HCAHeart7844003,1.1302169e-05,4.615785e-06,0.99985445,6.79558e-06,4.295645e-06,7.3509623e-06,2.2096308e-05,3.822918e-06,7.2573195e-05,8.3670835e-07,1.1910666e-05
TGTGTTTAGGCTCTTA-1-HCAHeart7844001,4.0588825e-06,8.840104e-06,7.1002155e-06,1.9008703e-05,0.9997973,2.064059e-06,0.00012687311,8.766392e-06,1.187861e-05,8.561751e-06,5.4518005e-06
TACTCGCAGAATTGTG-1-HCAHeart7888926,2.062364e-06,4.8160913e-05,5.273623e-06,1.3063077e-05,9.960038e-06,4.9573573e-06,9.723753e-07,4.8767038e-06,5.2282365e-05,2.2591635e-06,0.999856
GTTGCGGAGCATTTGC-1-HCAHeart7905332,6.65539e-06,2.8425998e-06,0.99986315,7.866602e-06,3.821045e-06,7.0309006e-06,1.4081643e-05,2.8723055e-06,8.175959e-05,5.8854187e-07,9.273976e-06
AAGAACAGTGTTTCTT-1-HCAHeart7905328,8.812501e-06,3.6211848e-06,0.99990094,2.5955234e-05,3.0031472e-06,8.552176e-06,8.2815395e-06,4.669824e-06,2.9409675e-05,7.288488e-07,6.0362668e-06
CAGCATAGTCGAATCT-1-HCAHeart7844004,1.0043443e-05,6.4940214e-06,0.99959105,8.341988e-06,1.5980038e-05,7.241924e-06,5.7003446e-05,3.9829424e-06,0.00028836288,1.6048679e-06,9.951921e-06
ACGCCGAGTTCTGTTT-1-HCAHeart7844001,7.357338e-05,6.4515785e-05,1.4852079e-05,9.4953776e-07,0.0001360189,3.57242e-05,0.9996586,1.766754e-06,5.593547e-06,6.080859e-06,2.2932106e-06
CTTAACTAGCACCGTC-1-HCAHeart7844003,0.0011092356,5.2719923e-05,2.3104778e-05,6.514351e-05,6.8631794e-05,2.9061834e-05,4.6118557e-06,0.9985221,3.3984245e-05,1.8966488e-05,7.248001e-05
TCAGATGTCGACCAGC-1-HCAHeart7844004,8.578862e-06,3.859785e-06,0.99988174,8.3057885e-06,3.481901e-06,9.430335e-06,2.0262883e-05,3.3699469e-06,4.799498e-05,6.5655183e-07,1.2310118e-05
GCACGGTCAAAGGCAC-1-HCAHeart7905327,5.2148057e-06,3.1477764e-06,0.9998221,1.5053652e-05,5.1121287e-06,6.2954236e-06,1.184804e-05,3.3509343e-06,0.000121190016,8.193458e-07,5.9931963e-06
TGTGGTATCTTGCAAG-1-HCAHeart7880860,4.5355437e-06,1.5130948e-06,5.085072e-05,1.0878554e-05,4.3126533e-05,4.7151493e-06,4.7318345e-06,1.5222938e-05,0.99965143,0.00019726857,1.5683341e-05
AAGGCAGTCATAAAGG-1-HCAHeart7844001,1.1157011e-05,3.5142766e-06,0.99985206,8.422236e-06,3.824798e-06,8.577071e-06,1.6340418e-05,4.036584e-06,7.688073e-05,6.8634455e-07,1.4418746e-05
ACACCCTCAATACGCT-1-HCAHeart7880862,2.1413727e-05,4.020793e-06,0.9997137,3.4122546e-05,3.9244087e-06,0.00010668946,2.5330482e-05,5.3134127e-06,5.799317e-05,1.8120351e-06,2.558692e-05
TTCCTCTCATATCTGG-1-HCAHeart7905331,5.4518114e-06,3.7945867e-06,0.99989367,1.9642017e-05,3.2364342e-06,3.9435454e-06,1.0487127e-05,5.4200536e-06,4.8859307e-05,6.057874e-07,4.9322066e-06
CTCGAGGGTCTCCCTA-1-HCAHeart7844002,3.1662064e-05,4.650173e-06,0.9995084,0.00013384047,8.976626e-06,2.7830432e-05,1.0438552e-05,6.8349116e-05,0.00018647058,1.0019255e-06,1.8339424e-05
TGATGCATCCAAGCCG-1-HCAHeart7905327,4.9184946e-06,3.0582003e-06,0.9999031,1.0922475e-05,3.589536e-06,4.666762e-06,8.715808e-06,2.7969736e-06,4.904913e-05,5.013497e-07,8.754069e-06
TACCTTACACAGGTTT-1-HCAHeart7888927,3.6326514e-06,0.00035598938,8.297122e-06,2.3132625e-05,1.4134407e-05,1.8970975e-05,1.5393692e-06,1.5285374e-05,5.125066e-05,3.3456556e-06,0.99950445
ATTATCCGTCTCTCTG-1-HCAHeart7844001,3.486666e-05,2.0228505e-05,8.659387e-06,1.5392711e-06,0.00012034086,2.7049942e-05,0.9997763,1.2422911e-06,4.2036427e-06,3.8533317e-06,1.7609431e-06
AGCAGCCAGTCATCCA-1-HCAHeart7888926,2.1736753e-06,4.245944e-05,5.825745e-06,1.7657747e-05,8.522246e-06,6.316855e-06,1.0639432e-06,5.9667605e-06,7.484226e-05,2.9596708e-06,0.99983215
CTAAGTGGTTAAGACA-1-HCAHeart7905331,8.861091e-06,4.390744e-06,0.99982834,7.0385824e-05,6.8228182e-06,1.6218408e-05,1.1421374e-05,6.7219426e-06,3.82607e-05,1.1579741e-06,7.3387364e-06
CCACTACTCCTAGGGC-1-HCAHeart7843999,4.6342907e-06,3.2948308e-06,0.9997986,1.33938e-05,7.5493185e-06,1.139085e-05,1.7818415e-05,1.9817296e-06,0.00013138418,1.0068898e-06,8.913002e-06
TAAACCGAGCCAGTAG-1-HCAHeart7844004,1.442071e-05,2.3832257e-05,8.998382e-06,1.22369e-05,1.8868137e-05,1.0117153e-05,5.08704e-06,1.4393341e-05,7.3663585e-05,0.9998147,3.6873753e-06
CAGCAGCGTGATGTGG-1-HCAHeart7844000,7.2033627e-06,2.4426352e-06,0.99985385,1.949699e-05,4.738587e-06,3.2859018e-05,1.1358641e-05,2.7528208e-06,4.4009576e-05,5.7744046e-07,2.0606796e-05
GCACTCTAGCCAGTTT-1-HCAHeart7844001,1.2313317e-05,4.034473e-06,0.9998678,7.887846e-06,3.4313514e-06,5.5295322e-06,1.5804279e-05,3.5479027e-06,6.144194e-05,6.947049e-07,1.7573455e-05
AGCCTAACAAGTTAAG-1-HCAHeart7844001,4.733901e-06,8.0325335e-06,7.405275e-06,2.4810823e-05,0.9997485,2.3451994e-06,0.00016691761,7.636556e-06,1.25608085e-05,9.34836e-06,7.642967e-06
TGGACGCAGCCGTCGT-1-HCAHeart7844004,8.684226e-06,2.6091964e-06,0.9998692,1.21018265e-05,3.1957902e-06,7.64513e-06,9.572319e-06,2.734091e-06,7.300375e-05,5.5643875e-07,1.06210455e-05
AATCGGTGTTCGCGAC-1-HCAHeart7844001,1.2862152e-05,9.85077e-07,4.6840294e-05,9.036805e-06,1.4842274e-05,9.833815e-06,4.3877317e-06,2.2903521e-05,0.99966,0.00021329615,4.8473785e-06
GATGAGGGTCGAACAG-1-HCAHeart7888926,1.7087785e-06,2.7181142e-05,6.3501057e-06,1.02550475e-05,7.4326545e-06,5.468701e-06,8.597237e-07,3.632401e-06,5.941234e-05,2.8174636e-06,0.99987507
CTAACTTCAAGACACG-1-HCAHeart7880862,2.7560127e-06,0.99979573,4.862455e-06,1.13483575e-05,1.796913e-05,3.0835767e-05,6.7646424e-06,2.9448734e-05,2.861212e-06,8.233821e-06,8.9192894e-05
CGGAGTCAGGGATGGG-1-HCAHeart7880862,7.087665e-06,0.9993205,8.939497e-06,0.00012251102,2.8407685e-05,5.813207e-05,8.653862e-06,5.0898598e-05,6.9954913e-06,1.6606567e-05,0.00037141156
ATGTGTGAGGACATTA-1-HCAHeart7844004,1.4604095e-05,1.5111181e-05,0.9996568,9.070232e-06,1.8663572e-05,9.1172105e-06,0.00014310738,5.6081353e-06,0.00011317099,1.7599469e-06,1.28708225e-05
GGTGAAGGTCCGTGAC-1-HCAHeart7844002,0.00040504316,8.273418e-06,3.057741e-05,0.9994035,1.2736864e-05,2.5335185e-05,5.1801585e-06,5.740136e-05,2.3566123e-05,1.8505378e-05,9.939394e-06
CGATGGCCACAACGTT-1-HCAHeart7880863,5.1598354e-06,0.99950945,9.424234e-06,8.17166e-06,1.2349893e-05,4.3851534e-05,1.6787013e-05,2.8084738e-05,3.988037e-06,1.1277987e-05,0.00035125602
CAAGATCGTACTTCTT-1-HCAHeart7844004,2.3339622e-05,1.3260485e-05,1.482503e-05,1.4070621e-05,3.9904015e-05,1.746892e-05,1.0768532e-05,1.61104e-05,0.0016970637,0.9981444,8.898034e-06
AGTACCAAGAATACAC-1-HCAHeart7905332,8.738266e-06,2.7824613e-06,0.9998166,5.984065e-06,5.3311414e-06,6.6039447e-06,1.56491e-05,2.8120455e-06,0.00012349842,7.2708787e-07,1.1318988e-05
CACTCCACATGTCGAT-1-HCAHeart7844004,6.230777e-06,1.1853427e-05,1.2085118e-05,3.04195e-05,0.9995272,3.0648653e-06,0.0003555269,8.383092e-06,1.8962708e-05,8.565057e-06,1.7744333e-05
AGGCCACCAAAGGCGT-1-HCAHeart7844002,7.63797e-06,1.2531807e-05,5.1803196e-05,7.156515e-05,0.9991025,6.69339e-06,0.00066584186,9.833533e-06,2.062122e-05,1.1080311e-05,3.9899525e-05
ACGGAGAAGTTCGCAT-1-HCAHeart7844003,4.178094e-05,2.8698809e-05,0.9989729,1.3979148e-05,2.7419428e-05,3.468677e-05,0.0007552607,1.027955e-05,8.4411e-05,3.0314252e-06,2.7767046e-05
CCCAGTTGTTTGTTTC-1-HCAHeart7880860,7.3410188e-06,1.3177458e-06,2.8809309e-05,1.2172075e-05,2.2348451e-05,4.8469187e-06,4.53488e-06,3.8937043e-05,0.99973494,0.00013336161,1.11924255e-05
AATCGGTCAGCCTATA-1-HCAHeart7880862,4.160682e-06,0.99964046,6.0115394e-06,4.6675414e-05,2.7626827e-05,3.8250335e-05,7.6975775e-06,5.796083e-05,5.0722365e-06,1.210028e-05,0.00015390532
GGTGAAGGTTCCACAA-1-HCAHeart7844001,4.991134e-06,1.135581e-05,1.4216072e-05,5.9275902e-05,0.9997398,4.288121e-06,0.000111028334,1.07101e-05,1.6265174e-05,1.0495808e-05,1.7520184e-05
