cell_id,predicted_label,confidence,entropy,query_donor,method,status
AACTCCCCACGAGAGT-1-HCAHeart7844001,Myeloid,0.9997770190238953,0.0023964701596398044,D6,scanvi_scarches,predicted
AGAATAGAGTACGATA-1-HCAHeart7844003,Endothelial,0.9998358488082886,0.0018933027813793784,D6,scanvi_scarches,predicted
ATCCACCCATACTACG-1-HCAHeart7844004,Endothelial,0.9995507597923279,0.004680711325166609,D6,scanvi_scarches,predicted
TTGATGGCAGGACATG-1-HCAHeart7905327,Endothelial,0.999854326248169,0.0016805698454050333,D6,scanvi_scarches,predicted
CATTCGCTCTTGGGTA-1-HCAHeart7844003,Pericytes,0.9754763841629028,0.12172018189438323,D6,scanvi_scarches,predicted
TGCATGAAGGTTCTAC-1-HCAHeart7905332,Endothelial,0.9998677968978882,0.0015342241199260672,D6,scanvi_scarches,predicted
CATATTCCAGGGCATA-1-HCAHeart7844003,Endothelial,0.9998226761817932,0.001939316700857117,D6,scanvi_scarches,predicted
CATCGGGGTCATGCCG-1-HCAHeart7844004,Endothelial,0.9993811845779419,0.006144857056489729,D6,scanvi_scarches,predicted
TCTGAGATCCTAAGTG-1-HCAHeart7844004,Smooth_muscle_cells,0.9908500909805298,0.05406324857779469,D6,scanvi_scarches,predicted
TCCTCGATCGGCTGTG-1-HCAHeart7905332,Pericytes,0.8348158597946167,0.5820067901134088,D6,scanvi_scarches,predicted
TATCAGGCAAGGCTTT-1-HCAHeart7905327,Endothelial,0.9998437166213989,0.0017343164649359063,D6,scanvi_scarches,predicted
ACGATGTAGTTCGCGC-1-HCAHeart7880861,Ventricular_Cardiomyocyte,0.9998899698257446,0.0013093715913666444,D6,scanvi_scarches,predicted
GTAGATCAGAGTTGTA-1-HCAHeart7905327,Fibroblast,0.9998831748962402,0.0014073455813490947,D6,scanvi_scarches,predicted
CTGCTGTTCCTAGTGA-1-HCAHeart7844001,Myeloid,0.9997202754020691,0.0029068606827454186,D6,scanvi_scarches,predicted
CACACCTTCATTCACT-1-HCAHeart7844002,Endothelial,0.9998998641967773,0.0012148143503381648,D6,scanvi_scarches,predicted
CGATGTAAGTGAACGC-1-HCAHeart7844004,Endothelial,0.9998852014541626,0.001346926250561409,D6,scanvi_scarches,predicted
ACTGCTCAGGGATACC-1-HCAHeart7844001,Pericytes,0.9774543642997742,0.12757112019613479,D6,scanvi_scarches,predicted
GGTATTGCATTCGACA-1-HCAHeart7844001,Endothelial,0.9987932443618774,0.010853934532516398,D6,scanvi_scarches,predicted
CGGACACGTAGCGTAG-1-HCAHeart7844001,Endothelial,0.9998644590377808,0.0015544530115526509,D6,scanvi_scarches,predicted
CGATCGGCACCGAATT-1-HCAHeart7843999,Endothelial,0.9998741149902344,0.0014796256461029425,D6,scanvi_scarches,predicted
ACACCCTAGCCACTAT-1-HCAHeart7844001,Endothelial,0.9996227025985718,0.004015500557522315,D6,scanvi_scarches,predicted
AACACGTAGAAACGCC-1-HCAHeart7843999,Endothelial,0.9987409710884094,0.010460652742573589,D6,scanvi_scarches,predicted
CTTTCGGTCGCCTATC-1-HCAHeart7905327,Endothelial,0.9998652935028076,0.0015736431670547288,D6,scanvi_scarches,predicted
TGCGGCAAGGGAGTTC-1-HCAHeart7905328,Endothelial,0.999805748462677,0.0021823903769684076,D6,scanvi_scarches,predicted
CGTTAGAGTAACATGA-1-HCAHeart7905330,Pericytes,0.9903666973114014,0.060068599357617186,D6,scanvi_scarches,predicted
CCACTACAGAGCCTAG-1-HCAHeart7844004,Myeloid,0.9996645450592041,0.003446231149924216,D6,scanvi_scarches,predicted
TCATTCACAACTTGCA-1-HCAHeart7905327,Endothelial,0.9996030926704407,0.004108042958883204,D6,scanvi_scarches,predicted
CTAGAGTGTCTCCATC-1-HCAHeart7843999,Endothelial,0.9996028542518616,0.003962152567338875,D6,scanvi_scarches,predicted
CTGCCTACAGCCTATA-1-HCAHeart7844000,Endothelial,0.9998883008956909,0.0013399274534012272,D6,scanvi_scarches,predicted
GTGGGAATCAAGATAG-1-HCAHeart7905327,Endothelial,0.9997517466545105,0.0026789861860081715,D6,scanvi_scarches,predicted
CGCCAAGGTCGAATCT-1-HCAHeart7880862,Atrial_Cardiomyocyte,0.9997472167015076,0.0028043189481389906,D6,scanvi_scarches,predicted
ACCAGTAAGACTAGAT-1-HCAHeart7880862,Atrial_Cardiomyocyte,0.9993001222610474,0.006542161892148559,D6,scanvi_scarches,predicted
GAGACTTCAACGCCCA-1-HCAHeart7905332,Fibroblast,0.9999133348464966,0.0010762383099485401,D6,scanvi_scarches,predicted
GATCTAGTCGCATGAT-1-HCAHeart7880862,Atrial_Cardiomyocyte,0.9997795224189758,0.0024565223149302304,D6,scanvi_scarches,predicted
CGTTCTGTCGAGAGCA-1-HCAHeart7844001,Myeloid,0.999744713306427,0.0027134194038616584,D6,scanvi_scarches,predicted
CAGCAGCAGGACCACA-1-HCAHeart7844004,Endothelial,0.9998227953910828,0.0020181599149789765,D6,scanvi_scarches,predicted
CAGTCCTCACTTAACG-1-HCAHeart7844004,Endothelial,0.9996976852416992,0.0031448169187530037,D6,scanvi_scarches,predicted
ACTGAACCAGTCGTGC-1-HCAHeart7880860,Fibroblast,0.9999139308929443,0.0010689442958443402,D6,scanvi_scarches,predicted
GTACAGTTCGACCATA-1-HCAHeart7905331,Endothelial,0.9992895126342773,0.006570171814391223,D6,scanvi_scarches,predicted
CTTGATTCAAGTGGGT-1-HCAHeart7905328,Endothelial,0.9998185038566589,0.0020279204967257537,D6,scanvi_scarches,predicted
CCCATACGTTCAGGCC-1-HCAHeart7843999,Lymphoid,0.9997202754020691,0.0029531432547580502,D6,scanvi_scarches,predicted
CCTACCATCGGCATCG-1-HCAHeart7844003,Pericytes,0.9997027516365051,0.0030794986252125844,D6,scanvi_scarches,predicted
GCGGGTTCACGGCTAC-1-HCAHeart7844000,Lymphoid,0.9997361302375793,0.002804072716382457,D6,scanvi_scarches,predicted
CACCTTGGTCAGCTAT-1-HCAHeart7844001,Pericytes,0.9910405278205872,0.05792872087056101,D6,scanvi_scarches,predicted
CCTTCGATCCTTCAAT-1-HCAHeart7844001,Endothelial,0.999632716178894,0.0036877179979500916,D6,scanvi_scarches,predicted
GGGAGATGTTCACGGC-1-HCAHeart7880862,Endothelial,0.9983735084533691,0.014081686804568283,D6,scanvi_scarches,predicted
AAAGATGGTTAGTGGG-1-HCAHeart7844001,Endothelial,0.9997379183769226,0.002852250291815589,D6,scanvi_scarches,predicted
TGGACGCCAAGACGTG-1-HCAHeart7880862,Atrial_Cardiomyocyte,0.999427080154419,0.0057123784446273945,D6,scanvi_scarches,predicted
AAGACCTGTATATGGA-1-HCAHeart7844000,Endothelial,0.9998871088027954,0.001344014725040352,D6,scanvi_scarches,predicted
CTTACCGAGTATCGAA-1-HCAHeart7844004,Endothelial,0.9993938207626343,0.006177600622275623,D6,scanvi_scarches,predicted
TATCAGGAGCCGGTAA-1-HCAHeart7844001,Pericytes,0.9996519088745117,0.003528969715606774,D6,scanvi_scarches,predicted
CAAGTTGCAGGGATTG-1-HCAHeart7844003,Endothelial,0.9999085664749146,0.0011125999603233097,D6,scanvi_scarches,predicted
ACCCAAAGTTAGGGAC-1-HCAHeart7905328,Smooth_muscle_cells,0.9998037219047546,0.002206185967674656,D6,scanvi_scarches,predicted
ACGCCGACACGTCTCT-1-HCAHeart7844001,Pericytes,0.9669262170791626,0.16012399966828864,D6,scanvi_scarches,predicted
TAGTGGTGTTGTCGCG-1-HCAHeart7844004,Endothelial,0.9998838901519775,0.0013487714072435858,D6,scanvi_scarches,predicted
GATCGTACAAAGTATG-1-HCAHeart7905332,Endothelial,0.9998968839645386,0.0012203059826659515,D6,scanvi_scarches,predicted
ATGCCTCTCGCCAACG-1-HCAHeart7905329,Myeloid,0.9993108510971069,0.006646010551050984,D6,scanvi_scarches,predicted
CACCAGGGTGTGACGA-1-HCAHeart7888927,Ventricular_Cardiomyocyte,0.9997888207435608,0.002306184393471708,D6,scanvi_scarches,predicted
AAGGCAGTCCAAACTG-1-HCAHeart7844001,Pericytes,0.9996434450149536,0.0036164093562245357,D6,scanvi_scarches,predicted
TTAATCCAGGTCGCCT-1-HCAHeart7905329,Smooth_muscle_cells,0.9997058510780334,0.0030623021589268546,D6,scanvi_scarches,predicted
GGACGTCGTTGCGTTA-1-HCAHeart7844004,Endothelial,0.9996156692504883,0.0040340775146109255,D6,scanvi_scarches,predicted
TGCACCTAGGGTTCCC-1-HCAHeart7844003,Endothelial,0.999852180480957,0.0016927916965140688,D6,scanvi_scarches,predicted
GTAACCACATGACCCG-1-HCAHeart7905327,Endothelial,0.9998266100883484,0.001900122674088739,D6,scanvi_scarches,predicted
AGCCTAACAGTTCATG-1-HCAHeart7844000,Endothelial,0.9998465776443481,0.0017993253527574166,D6,scanvi_scarches,predicted
TACGGTATCCATGAGT-1-HCAHeart7844000,Endothelial,0.9998822212219238,0.001404836005234212,D6,scanvi_scarches,predicted
CATGCCTCATGAACCT-1-HCAHeart7844004,Endothelial,0.9998782873153687,0.001422731714035916,D6,scanvi_scarches,predicted
CTGAAACCATCCGGGT-1-HCAHeart7888926,Fibroblast,0.999885082244873,0.0014029102403968663,D6,scanvi_scarches,predicted
GACTAACCACGGCTAC-1-HCAHeart7844004,Smooth_muscle_cells,0.9873097538948059,0.07018101186565738,D6,scanvi_scarches,predicted
TAAGTCGGTGGTAATA-1-HCAHeart7905332,Endothelial,0.9998997449874878,0.0011856556771859905,D6,scanvi_scarches,predicted
CGTCCATCAACGAGGT-1-HCAHeart7905327,Endothelial,0.9996315240859985,0.003755769706222382,D6,scanvi_scarches,predicted
ATTCACTAGTAAGACT-1-HCAHeart7905328,Endothelial,0.9999088048934937,0.0011112843822916124,D6,scanvi_scarches,predicted
TCTGGAAGTCAAAGAT-1-HCAHeart7888926,Ventricular_Cardiomyocyte,0.9998855590820312,0.0013479204512695548,D6,scanvi_scarches,predicted
GCAATCATCTTGCCGT-1-HCAHeart7844001,Endothelial,0.9998317956924438,0.0019495141747578916,D6,scanvi_scarches,predicted
TTGTTTGGTACAGAAT-1-HCAHeart7905327,Endothelial,0.9998891353607178,0.0012996592736939903,D6,scanvi_scarches,predicted
GATCGCGAGAAAGTGG-1-HCAHeart7843999,Endothelial,0.9998779296875,0.0014343105034510294,D6,scanvi_scarches,predicted
TCAGCAACATTACCTT-1-HCAHeart7844003,Endothelial,0.9997461438179016,0.0028177572992423966,D6,scanvi_scarches,predicted
CGCGGTATCAGCGACC-1-HCAHeart7880862,Fibroblast,0.999699592590332,0.0033403375891539696,D6,scanvi_scarches,predicted
TACGGATCAAAGTCAA-1-HCAHeart7844002,Endothelial,0.9999004602432251,0.00120008274823687,D6,scanvi_scarches,predicted
TACTTGTTCCACTGGG-1-HCAHeart7844001,Pericytes,0.9989877343177795,0.008631883374294944,D6,scanvi_scarches,predicted
CCTCATGCAAGAGTTA-1-HCAHeart7905332,Endothelial,0.9666786193847656,0.14937552590593478,D6,scanvi_scarches,predicted
GTTACAGCACCAGTTA-1-HCAHeart7880862,Atrial_Cardiomyocyte,0.9997697472572327,0.002530249059474854,D6,scanvi_scarches,predicted
TATCAGGGTTTGTTTC-1-HCAHeart7880862,Fibroblast,0.9998432397842407,0.0018395152115584178,D6,scanvi_scarches,predicted
ATACCGATCAGTGTCA-1-HCAHeart7905329,Endothelial,0.9998317956924438,0.0018570334006668614,D6,scanvi_scarches,predicted
TGCACCTGTTCTGAAC-1-HCAHeart7888926,Myeloid,0.9934141039848328,0.041418472012030715,D6,scanvi_scarches,predicted
GATCAGTTCGCATGGC-1-HCAHeart7844000,Endothelial,0.9998199343681335,0.002114367355629888,D6,scanvi_scarches,predicted
ATAAGAGTCAGTTAGC-1-HCAHeart7844003,Lymphoid,0.9997206330299377,0.0029008147546879244,D6,scanvi_scarches,predicted
TACACGATCCCGACTT-1-HCAHeart7844001,Endothelial,0.9930115342140198,0.043743596720966046,D6,scanvi_scarches,predicted
GAATGAACAGGATCGA-1-HCAHeart7844004,Endothelial,0.9995837807655334,0.0043800022139313805,D6,scanvi_scarches,predicted
CCTAGCTAGGCACATG-1-HCAHeart7843999,Smooth_muscle_cells,0.9793639779090881,0.10302384272616784,D6,scanvi_scarches,predicted
TTGACTTGTCATATGC-1-HCAHeart7844000,Smooth_muscle_cells,0.9918856620788574,0.04875005770345849,D6,scanvi_scarches,predicted
CAACCTCAGTCGTACT-1-HCAHeart7843999,Pericytes,0.9235934615135193,0.3318767023752025,D6,scanvi_scarches,predicted
TCTGAGAAGAAGGACA-1-HCAHeart7844004,Smooth_muscle_cells,0.9593743085861206,0.1734926125984156,D6,scanvi_scarches,predicted
TTGTAGGTCCTAGAAC-1-HCAHeart7844001,Pericytes,0.977786660194397,0.12664654976030185,D6,scanvi_scarches,predicted
GCAGCTGTCCACAAGT-1-HCAHeart7905328,Endothelial,0.9997828602790833,0.002366598972660735,D6,scanvi_scarches,predicted
GTTAAGCTCCTGCAGG-1-HCAHeart7888926,Ventricular_Cardiomyocyte,0.9997840523719788,0.0023259380625957624,D6,scanvi_scarches,predicted
GAGTCTAGTCTTGGTA-1-HCAHeart7905330,Fibroblast,0.9997798800468445,0.0024625587465011292,D6,scanvi_scarches,predicted
TGAGGGATCGTTGCCT-1-HCAHeart7844000,Endothelial,0.999904990196228,0.0011485788000639451,D6,scanvi_scarches,predicted
CTCGTCAAGCTAGTGG-1-HCAHeart7844001,Myeloid,0.9997124075889587,0.003084544329231345,D6,scanvi_scarches,predicted
TTTATGCGTTCCTCCA-1-HCAHeart7888926,Lymphoid,0.9996789693832397,0.0034502795478948936,D6,scanvi_scarches,predicted
GGACAAGCACTCAGGC-1-HCAHeart7844001,Smooth_muscle_cells,0.5970660448074341,0.6866755831302542,D6,scanvi_scarches,predicted
CACCGTTGTCAGTTTG-1-HCAHeart7905328,Pericytes,0.9931463599205017,0.04358826870181131,D6,scanvi_scarches,predicted
TGCCCTATCGAGCCCA-1-HCAHeart7844001,Endothelial,0.9998430013656616,0.0018096896862580827,D6,scanvi_scarches,predicted
CGATGGCTCTATCCCG-1-HCAHeart7844004,Endothelial,0.9998745918273926,0.0014868433171197001,D6,scanvi_scarches,predicted
CATGGCGAGTGTTAGA-1-HCAHeart7888926,Pericytes,0.9683752655982971,0.19285703448562747,D6,scanvi_scarches,predicted
AAGACCTCATCTACGA-1-HCAHeart7843999,Endothelial,0.999515175819397,0.00465111732434305,D6,scanvi_scarches,predicted
CGACCTTGTGGCGAAT-1-HCAHeart7880862,Atrial_Cardiomyocyte,0.9997604489326477,0.0026285382410362983,D6,scanvi_scarches,predicted
TACCGAACAACTGCCG-1-HCAHeart7905328,Endothelial,0.9997797608375549,0.0023779014780239754,D6,scanvi_scarches,predicted
TGCGTGGGTTATTCTC-1-HCAHeart7888926,Pericytes,0.9997552037239075,0.0026496180659478135,D6,scanvi_scarches,predicted
AGCAGCCGTCTACCTC-1-HCAHeart7844003,Pericytes,0.9704429507255554,0.13739249692050476,D6,scanvi_scarches,predicted
TTTGATCTCCCGTAAA-1-HCAHeart7905328,Smooth_muscle_cells,0.9867101311683655,0.07352710090953712,D6,scanvi_scarches,predicted
TTGTAGGAGTCAATAG-1-HCAHeart7888926,Ventricular_Cardiomyocyte,0.9997748732566833,0.002470050949948066,D6,scanvi_scarches,predicted
GGAATAATCTAGCACA-1-HCAHeart7844004,Endothelial,0.9998214840888977,0.002030595629435542,D6,scanvi_scarches,predicted
GGAGCAACATATGCTG-1-HCAHeart7844000,Endothelial,0.9996554851531982,0.0036983550053570763,D6,scanvi_scarches,predicted
GGGATGAGTCGGTAAG-1-HCAHeart7905332,Endothelial,0.999549925327301,0.004563046242422191,D6,scanvi_scarches,predicted
CACATTTCATCGATGT-1-HCAHeart7888927,Ventricular_Cardiomyocyte,0.9997095465660095,0.0030734096482661726,D6,scanvi_scarches,predicted
AGAGCGACAATGTAAG-1-HCAHeart7844001,Endothelial,0.9998117089271545,0.0020899166046102224,D6,scanvi_scarches,predicted
TGAGCATTCTTAGAGC-1-HCAHeart7844004,Endothelial,0.9996417760848999,0.003807954176296887,D6,scanvi_scarches,predicted
TTAGTTCGTAAAGTCA-1-HCAHeart7844001,Pericytes,0.9996269941329956,0.003912099625034294,D6,scanvi_scarches,predicted
TTGACTTAGCCCTAAT-1-HCAHeart7880863,Atrial_Cardiomyocyte,0.999333918094635,0.006261981191221085,D6,scanvi_scarches,predicted
CCCAACTGTCAAAGAT-1-HCAHeart7905332,Endothelial,0.9997667670249939,0.0024853656289053256,D6,scanvi_scarches,predicted
AAGTCTGGTTAGGGTG-1-HCAHeart7844004,Endothelial,0.9996663331985474,0.0035389194966234036,D6,scanvi_scarches,predicted
CTCGGAGGTGCCTGTG-1-HCAHeart7843999,Endothelial,0.999864935874939,0.0015389061551969042,D6,scanvi_scarches,predicted
GTGAAGGAGTGCGATG-1-HCAHeart7844004,Myeloid,0.999530553817749,0.004470822622533169,D6,scanvi_scarches,predicted
CACAGGCTCACAACGT-1-HCAHeart7844004,Endothelial,0.9998892545700073,0.0013240869722460102,D6,scanvi_scarches,predicted
AGGCCGTGTCATATGC-1-HCAHeart7844004,Endothelial,0.9998792409896851,0.001432948307959748,D6,scanvi_scarches,predicted
GACTAACTCAGCTCTC-1-HCAHeart7844003,Endothelial,0.9998819828033447,0.0013902854607803076,D6,scanvi_scarches,predicted
TCGGGACAGAGCTATA-1-HCAHeart7844002,Endothelial,0.999862790107727,0.0016081810660322558,D6,scanvi_scarches,predicted
GAGGCAAAGAGAGTGA-1-HCAHeart7905327,Endothelial,0.9999021291732788,0.0011681720117112792,D6,scanvi_scarches,predicted
TCGGATACAGCCGTCA-1-HCAHeart7905328,Pericytes,0.9479988813400269,0.2107140360892947,D6,scanvi_scarches,predicted
CTGCCTACATGTAAGA-1-HCAHeart7888927,Ventricular_Cardiomyocyte,0.9998434782028198,0.0017826972404491705,D6,scanvi_scarches,predicted
CTCTAATCACCATGTA-1-HCAHeart7844004,Endothelial,0.9998546838760376,0.0016716690073231024,D6,scanvi_scarches,predicted
GTATTCTCAAAGGTGC-1-HCAHeart7844004,Endothelial,0.9998266100883484,0.002010737326210309,D6,scanvi_scarches,predicted
ACGAGCCCACCTCGGA-1-HCAHeart7844001,Endothelial,0.9999030828475952,0.0011741265473798415,D6,scanvi_scarches,predicted
TCGCAGGGTTGTGGCC-1-HCAHeart7905330,Endothelial,0.999729335308075,0.0029724434810806887,D6,scanvi_scarches,predicted
ACCAACAAGTCTGGAG-1-HCAHeart7905328,Endothelial,0.6397790908813477,0.8193474704705357,D6,scanvi_scarches,predicted
GACTAACCAACACCCG-1-HCAHeart7844001,Endothelial,0.9911162853240967,0.05295331693958235,D6,scanvi_scarches,predicted
CATCCGTCACTGTGTA-1-HCAHeart7905328,Endothelial,0.9992631077766418,0.007343205201010517,D6,scanvi_scarches,predicted
GTACGTAGTGCACGAA-1-HCAHeart7844001,Pericytes,0.548530638217926,0.7008326999806171,D6,scanvi_scarches,predicted
CACAGGCTCACCGTAA-1-HCAHeart7844002,Lymphoid,0.9916604161262512,0.049850516929941226,D6,scanvi_scarches,predicted
AGGCCACAGAACCGCA-1-HCAHeart7905329,Fibroblast,0.9999027252197266,0.0011864626712428468,D6,scanvi_scarches,predicted
TTGCCGTTCATCTGTT-1-HCAHeart7888926,Ventricular_Cardiomyocyte,0.999875545501709,0.001449495951469035,D6,scanvi_scarches,predicted
TGCGGGTCAGGAATGC-1-HCAHeart7888927,Ventricular_Cardiomyocyte,0.9998045563697815,0.002196183711709319,D6,scanvi_scarches,predicted
TAGGCATGTCTCCCTA-1-HCAHeart7844004,Endothelial,0.999664306640625,0.003580593827027657,D6,scanvi_scarches,predicted
TTCTCCTAGTGACTCT-1-HCAHeart7844003,Endothelial,0.9885993003845215,0.07397982141235515,D6,scanvi_scarches,predicted
TAACTTCTCAGGACGA-1-HCAHeart7905327,Endothelial,0.9995361566543579,0.004460936715557318,D6,scanvi_scarches,predicted
GACGTGCGTGAAAGAG-1-HCAHeart7888926,Ventricular_Cardiomyocyte,0.9998385906219482,0.0018071754356592216,D6,scanvi_scarches,predicted
GCTGCAGCACTCTGTC-1-HCAHeart7844000,Pericytes,0.9995642304420471,0.004223104947807393,D6,scanvi_scarches,predicted
CATCGGGCATTGAGGG-1-HCAHeart7905331,Endothelial,0.9998751878738403,0.0014635876901138347,D6,scanvi_scarches,predicted
CTAAGACAGAGACGAA-1-HCAHeart7888927,Endothelial,0.9987251162528992,0.010432661103801071,D6,scanvi_scarches,predicted
TGTCCTGAGCCAGAGT-1-HCAHeart7905327,Pericytes,0.7592527866363525,0.5997765063831927,D6,scanvi_scarches,predicted
TCGACGGAGTGGCGAT-1-HCAHeart7905328,Endothelial,0.9969534873962402,0.02219442188755883,D6,scanvi_scarches,predicted
TCGGGCATCTCAATCT-1-HCAHeart7905331,Endothelial,0.9998818635940552,0.0013790565173889152,D6,scanvi_scarches,predicted
AGGCCGTTCATAACCG-1-HCAHeart7844004,Endothelial,0.9995917677879333,0.004267616987877897,D6,scanvi_scarches,predicted
CTCAGAAGTCTTCAAG-1-HCAHeart7844000,Endothelial,0.9998348951339722,0.0019231740334600094,D6,scanvi_scarches,predicted
CGGGTCATCGGCTTGG-1-HCAHeart7844004,Myeloid,0.9996447563171387,0.0035281320143486688,D6,scanvi_scarches,predicted
CCATGTCTCAAACAAG-1-HCAHeart7843999,Endothelial,0.9998865127563477,0.0013190908564216354,D6,scanvi_scarches,predicted
CCTCTCCGTCGGCCTA-1-HCAHeart7905327,Endothelial,0.9998691082000732,0.0014906131921621805,D6,scanvi_scarches,predicted
AGCTCCTTCTGCGGCA-1-HCAHeart7844004,Endothelial,0.99985671043396,0.0016844642699863762,D6,scanvi_scarches,predicted
AGACAAATCTAGTGTG-1-HCAHeart7905327,Endothelial,0.9998893737792969,0.001294276657643963,D6,scanvi_scarches,predicted
CAGATCAAGTTGAGAT-1-HCAHeart7888927,Ventricular_Cardiomyocyte,0.9998470544815063,0.0017546724627362734,D6,scanvi_scarches,predicted
ACCGTAAAGGCAGTCA-1-HCAHeart7844004,Myeloid,0.9992678761482239,0.006940166296562242,D6,scanvi_scarches,predicted
GGACATTTCTTAGCCC-1-HCAHeart7888926,Endothelial,0.9997995495796204,0.0022032235250899427,D6,scanvi_scarches,predicted
TGGTAGTCAGACCTGC-1-HCAHeart7905329,Endothelial,0.999845027923584,0.0018271329038972513,D6,scanvi_scarches,predicted
TCTACATTCGAGAACG-1-HCAHeart7905328,Pericytes,0.985202968120575,0.08071904701229353,D6,scanvi_scarches,predicted
GTCTTCGCAGAGCCAA-1-HCAHeart7880862,Mesothelial,0.9992795586585999,0.007339977006913945,D6,scanvi_scarches,predicted
CAACCAACACTAGTAC-1-HCAHeart7880862,Atrial_Cardiomyocyte,0.9998373985290527,0.0018922460873469506,D6,scanvi_scarches,predicted
GTCAGCGGTGTCGATT-1-HCAHeart7905328,Endothelial,0.9998965263366699,0.0012374866716410762,D6,scanvi_scarches,predicted
CACACCTAGATGGGTC-1-HCAHeart7843999,Lymphoid,0.9998095631599426,0.0021510312306087707,D6,scanvi_scarches,predicted
GGGATGAGTAGATTAG-1-HCAHeart7905332,Endothelial,0.9997542500495911,0.00254119521364187,D6,scanvi_scarches,predicted
CTGTTTAAGCGATAGC-1-HCAHeart7844001,Smooth_muscle_cells,0.9965655207633972,0.02401333324259939,D6,scanvi_scarches,predicted
AACCATGTCTTAGAGC-1-HCAHeart7888927,Endothelial,0.9994813799858093,0.005232081592435689,D6,scanvi_scarches,predicted
ATAACGCTCCTCTAGC-1-HCAHeart7844001,Lymphoid,0.9991355538368225,0.007641792811650138,D6,scanvi_scarches,predicted
CTGCCATTCAGGACGA-1-HCAHeart7905331,Smooth_muscle_cells,0.9994531273841858,0.005163729187366321,D6,scanvi_scarches,predicted
CATCAAGCACAGACAG-1-HCAHeart7844004,Endothelial,0.9998838901519775,0.0013656024116529427,D6,scanvi_scarches,predicted
TGCACCTCAATTCCTT-1-HCAHeart7844004,Smooth_muscle_cells,0.9996126294136047,0.003877084784429469,D6,scanvi_scarches,predicted
CCACCTACACATTTCT-1-HCAHeart7844003,Endothelial,0.999921441078186,0.0009741298055979736,D6,scanvi_scarches,predicted
GTATTTCAGGTTTGAA-1-HCAHeart7905328,Endothelial,0.9998518228530884,0.0017315640792639074,D6,scanvi_scarches,predicted
AATCCAGTCGAACGGA-1-HCAHeart7844003,Endothelial,0.9999092817306519,0.0011103604948405773,D6,scanvi_scarches,predicted
GAACATCTCTACTCAT-1-HCAHeart7844004,Endothelial,0.9997403025627136,0.0028466436377980442,D6,scanvi_scarches,predicted
AGATTGCGTACCGTTA-1-HCAHeart7843999,Endothelial,0.9990851879119873,0.007971446143811931,D6,scanvi_scarches,predicted
ATTACTCCACATTCGA-1-HCAHeart7844003,Pericytes,0.8420462012290955,0.44269323396948107,D6,scanvi_scarches,predicted
AGCATACAGGTGACCA-1-HCAHeart7888926,Endothelial,0.9995155334472656,0.0047883613756061465,D6,scanvi_scarches,predicted
AGTTGGTAGATATGCA-1-HCAHeart7844001,Endothelial,0.9999079704284668,0.0011180241808919948,D6,scanvi_scarches,predicted
GGGAGATCACCAGCCA-1-HCAHeart7905330,Endothelial,0.9997989535331726,0.002181980536728995,D6,scanvi_scarches,predicted
GGGTTGCGTTAAAGAC-1-HCAHeart7880862,Atrial_Cardiomyocyte,0.999850869178772,0.0017372227858134157,D6,scanvi_scarches,predicted
GTGCAGCAGGCAATTA-1-HCAHeart7844001,Endothelial,0.9998354911804199,0.001848623122988894,D6,scanvi_scarches,predicted
CAGCAGCGTGGTTTCA-1-HCAHeart7888927,Ventricular_Cardiomyocyte,0.9998363256454468,0.0018602240204681239,D6,scanvi_scarches,predicted
TATGCCCTCATGTAGC-1-HCAHeart7843999,Endothelial,0.9998700618743896,0.001525842300269124,D6,scanvi_scarches,predicted
GATCTAGGTTATTCTC-1-HCAHeart7888927,Ventricular_Cardiomyocyte,0.9998613595962524,0.0015928632389117816,D6,scanvi_scarches,predicted
TTCTAGTGTTAGAAAC-1-HCAHeart7905328,Endothelial,0.9996340274810791,0.0036039578298074173,D6,scanvi_scarches,predicted
GCGCGATTCAAAGACA-1-HCAHeart7844001,Endothelial,0.9976790547370911,0.017219303006880127,D6,scanvi_scarches,predicted
GATGAGGAGAGACTTA-1-HCAHeart7880861,Endothelial,0.9998418092727661,0.0017723561975244357,D6,scanvi_scarches,predicted
ATTATCCTCACTCCGT-1-HCAHeart7905328,Lymphoid,0.7660419344902039,0.6246426749540656,D6,scanvi_scarches,predicted
CGTCAGGCAGCAGTTT-1-HCAHeart7844003,Myeloid,0.9994327425956726,0.005432179118036326,D6,scanvi_scarches,predicted
GGGAATGGTGTGAATA-1-HCAHeart7888926,Ventricular_Cardiomyocyte,0.9938821792602539,0.040546899228050055,D6,scanvi_scarches,predicted
GGTTCTCCATCCGCGA-1-HCAHeart7905328,Endothelial,0.9998935461044312,0.001285929470603196,D6,scanvi_scarches,predicted
AAAGTAGCACGAAAGC-1-HCAHeart7888927,Ventricular_Cardiomyocyte,0.9997912049293518,0.002307996112050047,D6,scanvi_scarches,predicted
GCATGCGCAGTCACTA-1-HCAHeart7844001,Endothelial,0.9996923208236694,0.0033173618350005284,D6,scanvi_scarches,predicted
CTTGGCTTCAGTTCGA-1-HCAHeart7880862,Pericytes,0.9995031356811523,0.00492321069503084,D6,scanvi_scarches,predicted
TGTGGTAAGTACACCT-1-HCAHeart7844001,Lymphoid,0.9981817007064819,0.015372736067100323,D6,scanvi_scarches,predicted
GCAATCACATCTCCCA-1-HCAHeart7880861,Ventricular_Cardiomyocyte,0.9977304339408875,0.017402036503065484,D6,scanvi_scarches,predicted
AGATTGCAGCGTTTAC-1-HCAHeart7844003,Endothelial,0.6993045210838318,0.775025664419035,D6,scanvi_scarches,predicted
TATCTCATCTTTAGGG-1-HCAHeart7844004,Pericytes,0.9994997978210449,0.004917669980019293,D6,scanvi_scarches,predicted
AGGCTGCAGACCGTTT-1-HCAHeart7905328,Endothelial,0.9997120499610901,0.0029324933161884756,D6,scanvi_scarches,predicted
TTTGCGCTCAGTACGT-1-HCAHeart7844004,Endothelial,0.9997572302818298,0.002713931869114389,D6,scanvi_scarches,predicted
CGTAGCGAGACTAGGC-1-HCAHeart7844003,Pericytes,0.7492303252220154,0.5826944732377318,D6,scanvi_scarches,predicted
ATTTACCTCACCTCTG-1-HCAHeart7905327,Pericytes,0.9457703232765198,0.2164202663869645,D6,scanvi_scarches,predicted
TCACGAAAGACCCACC-1-HCAHeart7888926,Ventricular_Cardiomyocyte,0.9998633861541748,0.00157226284552222,D6,scanvi_scarches,predicted
GACGCGTCAAACGTGG-1-HCAHeart7880861,Fibroblast,0.9999082088470459,0.001137914074887488,D6,scanvi_scarches,predicted
TTCTTAGCAGCTGTGC-1-HCAHeart7888926,Ventricular_Cardiomyocyte,0.9998629093170166,0.001585974161776967,D6,scanvi_scarches,predicted
AGGGAGTCATGCAACT-1-HCAHeart7844004,Myeloid,0.9995174407958984,0.0046212699338725885,D6,scanvi_scarches,predicted
GACGGCTGTGTCCTCT-1-HCAHeart7880861,Ventricular_Cardiomyocyte,0.9997512698173523,0.0027086124729075378,D6,scanvi_scarches,predicted
AATCGGTTCTACCAGA-1-HCAHeart7843999,Neuronal,0.8589750528335571,0.4410152010526583,D6,scanvi_scarches,predicted
GCACATATCGGCGGTT-1-HCAHeart7844002,Lymphoid,0.9996957778930664,0.0031821022112607966,D6,scanvi_scarches,predicted
GCATGTATCCAGTATG-1-HCAHeart7843999,Endothelial,0.9998766183853149,0.0014453932761930844,D6,scanvi_scarches,predicted
GTCTCGTCACAGGAGT-1-HCAHeart7844001,Myeloid,0.9995334148406982,0.004588597637214201,D6,scanvi_scarches,predicted
ACACCGGCAAGCCATT-1-HCAHeart7844003,Endothelial,0.9998630285263062,0.0015653228630643984,D6,scanvi_scarches,predicted
CTCATGCCAGTATTCG-1-HCAHeart7905331,Endothelial,0.9998904466629028,0.0013043076257775372,D6,scanvi_scarches,predicted
CGTCCATGTCGCGAAA-1-HCAHeart7888927,Ventricular_Cardiomyocyte,0.9997981190681458,0.0021855897928532895,D6,scanvi_scarches,predicted
ATTGGACCATCACCCT-1-HCAHeart7880860,Ventricular_Cardiomyocyte,0.9999114274978638,0.0010714194578097097,D6,scanvi_scarches,predicted
CATATGGAGCCCAACC-1-HCAHeart7844000,Myeloid,0.9997461438179016,0.0026813000512723407,D6,scanvi_scarches,predicted
TCAGGTACATCACGAT-1-HCAHeart7880862,Atrial_Cardiomyocyte,0.99960857629776,0.004003067985142673,D6,scanvi_scarches,predicted
GATCGTAAGCCCTAAT-1-HCAHeart7844001,Endothelial,0.9993041753768921,0.006870451023595824,D6,scanvi_scarches,predicted
GTGAGTTGTGTTGATC-1-HCAHeart7905332,Endothelial,0.9997918009757996,0.002241603936166517,D6,scanvi_scarches,predicted
GAGTCCGTCCATGAGT-1-HCAHeart7844001,Endothelial,0.999890923500061,0.0012887807795810187,D6,scanvi_scarches,predicted
CAGGTGCTCTTTAGGG-1-HCAHeart7844001,Pericytes,0.9977158308029175,0.01775280221685348,D6,scanvi_scarches,predicted
CAGTAACCAGTCCTTC-1-HCAHeart7844003,Smooth_muscle_cells,0.5958290696144104,0.6896521068164693,D6,scanvi_scarches,predicted
TGACTAGAGCGTCAAG-1-HCAHeart7880861,Lymphoid,0.999775230884552,0.0024735901396640845,D6,scanvi_scarches,predicted
CGTTAGAGTAGGGACT-1-HCAHeart7844004,Endothelial,0.9998916387557983,0.001301267442340251,D6,scanvi_scarches,predicted
AGTGCCGGTAAGCTCT-1-HCAHeart7905328,Endothelial,0.9999213218688965,0.0009708560821954226,D6,scanvi_scarches,predicted
ACACTGACAAACCTAC-1-HCAHeart7844004,Endothelial,0.9998146891593933,0.002030236701451264,D6,scanvi_scarches,predicted
ACTTACTTCTTTAGGG-1-HCAHeart7844001,Endothelial,0.9998699426651001,0.001552230503954822,D6,scanvi_scarches,predicted
TACTTGTGTTACGCCG-1-HCAHeart7905330,Endothelial,0.9998044371604919,0.0021546286490289755,D6,scanvi_scarches,predicted
TCTATACTCCTTCTTC-1-HCAHeart7905328,Endothelial,0.9998923540115356,0.0012586800360398465,D6,scanvi_scarches,predicted
ATTATCCCAACACGCC-1-HCAHeart7844003,Endothelial,0.9997155070304871,0.003138982664861578,D6,scanvi_scarches,predicted
CGTCAGGAGCGTTGCC-1-HCAHeart7844001,Pericytes,0.9739511609077454,0.12693705202307515,D6,scanvi_scarches,predicted
TAGGCATAGATATGGT-1-HCAHeart7844002,Lymphoid,0.9996192455291748,0.003875665037340699,D6,scanvi_scarches,predicted
TTCTCCTAGGCTATCT-1-HCAHeart7843999,Myeloid,0.9994183778762817,0.005740213176424133,D6,scanvi_scarches,predicted
AACTTTCAGTCTCGGC-1-HCAHeart7844003,Endothelial,0.9998830556869507,0.0013803282815106556,D6,scanvi_scarches,predicted
TGACAACAGCTAGTCT-1-HCAHeart7844000,Myeloid,0.9995505213737488,0.004601661446136774,D6,scanvi_scarches,predicted
GACGGCTGTGCGGTAA-1-HCAHeart7844001,Myeloid,0.9997627139091492,0.002546924680080584,D6,scanvi_scarches,predicted
TTCTCCTTCATGCATG-1-HCAHeart7880863,Endothelial,0.9995037317276001,0.005167771858605315,D6,scanvi_scarches,predicted
CTACGTCTCATCTGCC-1-HCAHeart7843999,Endothelial,0.999904990196228,0.0011440967824784066,D6,scanvi_scarches,predicted
GAGATGGAGAGAGCAA-1-HCAHeart7905331,Endothelial,0.9999079704284668,0.0011115713683646565,D6,scanvi_scarches,predicted
GAAACTCTCCTTGCCA-1-HCAHeart7844001,Smooth_muscle_cells,0.998281717300415,0.013600160088442571,D6,scanvi_scarches,predicted
ATGTCCCGTCGCAACC-1-HCAHeart7905327,Endothelial,0.9998999834060669,0.0012217353444267842,D6,scanvi_scarches,predicted
TGGTTAGAGGGAGTAA-1-HCAHeart7844004,Endothelial,0.9997560381889343,0.0025728215411991205,D6,scanvi_scarches,predicted
GAGTTTGGTCGTTATG-1-HCAHeart7905328,Endothelial,0.9995317459106445,0.004494533914723311,D6,scanvi_scarches,predicted
AGTTGGTTCCGTAGGC-1-HCAHeart7880861,Ventricular_Cardiomyocyte,0.9998144507408142,0.0020951566571622443,D6,scanvi_scarches,predicted
GCTGGGTTCTGCCAGG-1-HCAHeart7844000,Endothelial,0.9998130202293396,0.0021281141874220245,D6,scanvi_scarches,predicted
GGTAACTCAAATGAAC-1-HCAHeart7905330,Endothelial,0.9997795224189758,0.002443778877398019,D6,scanvi_scarches,predicted
TAGTTGGGTCGAACAG-1-HCAHeart7880863,Atrial_Cardiomyocyte,0.9996449947357178,0.0036639429206383046,D6,scanvi_scarches,predicted
TAAGAGATCATAACCG-1-HCAHeart7880862,Atrial_Cardiomyocyte,0.9997227787971497,0.0029879530036709895,D6,scanvi_scarches,predicted
TTAGGCAAGGCGTTAG-1-HCAHeart7905328,Endothelial,0.999874472618103,0.0014452496540250164,D6,scanvi_scarches,predicted
TGGGAAGTCCCGACTT-1-HCAHeart7843999,Endothelial,0.999901294708252,0.0011713026424564708,D6,scanvi_scarches,predicted
CGAGCACAGCTGTCTA-1-HCAHeart7844001,Myeloid,0.9997125267982483,0.0030683141808411944,D6,scanvi_scarches,predicted
ACGGGTCAGCACAGGT-1-HCAHeart7844004,Endothelial,0.9997461438179016,0.0027198466429205407,D6,scanvi_scarches,predicted
CAGCCGACATTGAGCT-1-HCAHeart7844001,Endothelial,0.9995649456977844,0.0046118735008931,D6,scanvi_scarches,predicted
CCTCTGAGTACCGAGA-1-HCAHeart7844004,Endothelial,0.9998646974563599,0.0015753443483286478,D6,scanvi_scarches,predicted
AGGAAATAGCTACAAA-1-HCAHeart7905328,Endothelial,0.9999111890792847,0.0010875477285915167,D6,scanvi_scarches,predicted
TACAGGTAGTCGAAAT-1-HCAHeart7905328,Endothelial,0.9998608827590942,0.0015893068837082296,D6,scanvi_scarches,predicted
CGCTGGAGTAGAAAGG-1-HCAHeart7843999,Smooth_muscle_cells,0.5507336258888245,0.6980448289242961,D6,scanvi_scarches,predicted
CTGGTCTGTCATGCCG-1-HCAHeart7844004,Myeloid,0.9958862662315369,0.02764160198468619,D6,scanvi_scarches,predicted
ACCCTCAAGGACGCAT-1-HCAHeart7905330,Endothelial,0.9997473359107971,0.0026481271819450247,D6,scanvi_scarches,predicted
TCAACGATCTTCTGGC-1-HCAHeart7844004,Endothelial,0.9998192191123962,0.0020695098310191803,D6,scanvi_scarches,predicted
TAGAGCTTCAAGGCTT-1-HCAHeart7880860,Ventricular_Cardiomyocyte,0.9999028444290161,0.0011624405616436323,D6,scanvi_scarches,predicted
TAAGAGATCCTTGGTC-1-HCAHeart7844004,Endothelial,0.9998226761817932,0.0020473432909894657,D6,scanvi_scarches,predicted
TCAGTGAAGTGGAATT-1-HCAHeart7905332,Endothelial,0.9998946189880371,0.0012639760280024085,D6,scanvi_scarches,predicted
GATGAAAGTACAGCAG-1-HCAHeart7888926,Ventricular_Cardiomyocyte,0.9998289346694946,0.0019314275594940183,D6,scanvi_scarches,predicted
CGAATGTTCGTGGTCG-1-HCAHeart7888927,Pericytes,0.9996660947799683,0.0035312460441711646,D6,scanvi_scarches,predicted
TTTACCACATAAGCGG-1-HCAHeart7905330,Endothelial,0.9997844099998474,0.0023243967268491545,D6,scanvi_scarches,predicted
GCATGATCATGCATGT-1-HCAHeart7880860,Endothelial,0.9998025298118591,0.0021700989172170177,D6,scanvi_scarches,predicted
TCACACCAGGTAGCCA-1-HCAHeart7905328,Endothelial,0.999656081199646,0.003719344714781462,D6,scanvi_scarches,predicted
TTCCACGTCTGCTGAA-1-HCAHeart7905332,Endothelial,0.9999033212661743,0.001161104237924979,D6,scanvi_scarches,predicted
ACGTCAATCCACGTTC-1-HCAHeart7888926,Endothelial,0.9998332262039185,0.001927603983265794,D6,scanvi_scarches,predicted
GTAGGCCAGGCGACAT-1-HCAHeart7844002,Endothelial,0.9996844530105591,0.0033495818671299875,D6,scanvi_scarches,predicted
TTGGCAACAGCCAGAA-1-HCAHeart7844004,Myeloid,0.9996131062507629,0.003778551233239137,D6,scanvi_scarches,predicted
GATCACACAACCAGAG-1-HCAHeart7905328,Pericytes,0.6207064390182495,0.8720425938817963,D6,scanvi_scarches,predicted
CATTCGCGTATGAATG-1-HCAHeart7880862,Atrial_Cardiomyocyte,0.9998492002487183,0.0017638000469382422,D6,scanvi_scarches,predicted
CTTAACTGTCTAAAGA-1-HCAHeart7844001,Endothelial,0.9998188614845276,0.0020175920779205094,D6,scanvi_scarches,predicted
AGAACAATCTACAGGT-1-HCAHeart7905327,Endothelial,0.9998224377632141,0.0019612093080684997,D6,scanvi_scarches,predicted
GCAAACTCATGATCCA-1-HCAHeart7843999,Endothelial,0.9999016523361206,0.0011696310183623184,D6,scanvi_scarches,predicted
CAACCAATCCTTTACA-1-HCAHeart7880862,Fibroblast,0.9996857643127441,0.0034037292401516575,D6,scanvi_scarches,predicted
TTTCCTCCAATCTACG-1-HCAHeart7844004,Pericytes,0.9938657879829407,0.03989673888097461,D6,scanvi_scarches,predicted
TTAGGCACAGTTTACG-1-HCAHeart7844001,Endothelial,0.9838674068450928,0.0917378755333597,D6,scanvi_scarches,predicted
GACACGCAGAGCTTCT-1-HCAHeart7844000,Endothelial,0.9998941421508789,0.0012629288062633688,D6,scanvi_scarches,predicted
CAAGATCTCCCTGACT-1-HCAHeart7844004,Endothelial,0.9998664855957031,0.001570743853819729,D6,scanvi_scarches,predicted
CGCCAAGTCGTGGACC-1-HCAHeart7844000,Endothelial,0.9998937845230103,0.0012624795490894373,D6,scanvi_scarches,predicted
TACCTTAGTGAGGGTT-1-HCAHeart7844004,Pericytes,0.7964277863502502,0.5621089859697835,D6,scanvi_scarches,predicted
TTGACTTAGAGTACAT-1-HCAHeart7844004,Endothelial,0.9998251795768738,0.0019802459186649825,D6,scanvi_scarches,predicted
TTTATGCGTCTAGTGT-1-HCAHeart7905332,Endothelial,0.9998418092727661,0.00178019917830241,D6,scanvi_scarches,predicted
ACATACGCAGTTCCCT-1-HCAHeart7880862,Endothelial,0.9994749426841736,0.005334588061429008,D6,scanvi_scarches,predicted
GCCAAATAGAGCTATA-1-HCAHeart7844002,Endothelial,0.9998927116394043,0.0012797981232367016,D6,scanvi_scarches,predicted
CCGTAGGCAACGCCCA-1-HCAHeart7905327,Endothelial,0.9998461008071899,0.0017124330544402032,D6,scanvi_scarches,predicted
CAGAATCTCTGCAGTA-1-HCAHeart7880862,Atrial_Cardiomyocyte,0.9997954964637756,0.0022965144437141352,D6,scanvi_scarches,predicted
GTACGTATCTACTCAT-1-HCAHeart7888926,Ventricular_Cardiomyocyte,0.9998157620429993,0.0020671327251448515,D6,scanvi_scarches,predicted
CGTGAGCTCTTTAGGG-1-HCAHeart7880862,Atrial_Cardiomyocyte,0.9996703863143921,0.003402996697885793,D6,scanvi_scarches,predicted
AAGCGAGTCCCGTTGT-1-HCAHeart7905328,Endothelial,0.9998518228530884,0.001651411273006155,D6,scanvi_scarches,predicted
TACCGAACACAGAAGC-1-HCAHeart7905327,Smooth_muscle_cells,0.9997979998588562,0.002279938463801183,D6,scanvi_scarches,predicted
CTCGTCAGTAAACACA-1-HCAHeart7844003,Pericytes,0.9989268183708191,0.009200933818432119,D6,scanvi_scarches,predicted
CCGATGGAGCGTGTCC-1-HCAHeart7905330,Endothelial,0.9997187256813049,0.0031326821590818756,D6,scanvi_scarches,predicted
TCAGCTCGTTCCCGAG-1-HCAHeart7844000,Myeloid,0.9997180104255676,0.002926519701230012,D6,scanvi_scarches,predicted
GGTGAAGGTAAAGTCA-1-HCAHeart7888927,Ventricular_Cardiomyocyte,0.9998472929000854,0.0017540125857028676,D6,scanvi_scarches,predicted
AGCTCTCGTAAACGCG-1-HCAHeart7888926,Pericytes,0.999805748462677,0.002168033912169424,D6,scanvi_scarches,predicted
TTGGGTATCCACTAGA-1-HCAHeart7905328,Endothelial,0.9998602867126465,0.0015915466575517159,D6,scanvi_scarches,predicted
GCATCTCCAAACGGCA-1-HCAHeart7905328,Endothelial,0.9998890161514282,0.0012873782550007424,D6,scanvi_scarches,predicted
TCTAACTTCAGTCAGT-1-HCAHeart7905327,Endothelial,0.9998769760131836,0.001436412595714774,D6,scanvi_scarches,predicted
ATCGAGTCAGTCAGCC-1-HCAHeart7844004,Endothelial,0.9998584985733032,0.0016455731269537047,D6,scanvi_scarches,predicted
ACGCCGAAGTTCGATC-1-HCAHeart7844000,Myeloid,0.9995143413543701,0.004630364132612659,D6,scanvi_scarches,predicted
ATTATCCTCCCTTTGG-1-HCAHeart7905327,Endothelial,0.9998202919960022,0.0019979834238399124,D6,scanvi_scarches,predicted
TACTTGTAGTGGTAAT-1-HCAHeart7844000,Endothelial,0.9998871088027954,0.001360020327302365,D6,scanvi_scarches,predicted
ACTGAGTGTGAAAGAG-1-HCAHeart7844001,Endothelial,0.9998183846473694,0.0020547527639880074,D6,scanvi_scarches,predicted
TGACTAGCAGGAATCG-1-HCAHeart7888926,Ventricular_Cardiomyocyte,0.9991402626037598,0.007964372714851356,D6,scanvi_scarches,predicted
CATCCACGTAAGAGAG-1-HCAHeart7843999,Lymphoid,0.9998111128807068,0.0020972032553066462,D6,scanvi_scarches,predicted
TTGCGTCGTAGAGGAA-1-HCAHeart7844004,Endothelial,0.9998928308486938,0.0012970281526312162,D6,scanvi_scarches,predicted
CAACTAGCAACTGCGC-1-HCAHeart7844002,Smooth_muscle_cells,0.9984007477760315,0.013194254976056669,D6,scanvi_scarches,predicted
TTATGCTCAGGTCCAC-1-HCAHeart7843999,Endothelial,0.9998241066932678,0.0019391746561428353,D6,scanvi_scarches,predicted
CGCTGGATCCGAAGAG-1-HCAHeart7880862,Atrial_Cardiomyocyte,0.9998468160629272,0.001778458413162725,D6,scanvi_scarches,predicted
TACTTACCATAGACTC-1-HCAHeart7844004,Smooth_muscle_cells,0.998848557472229,0.009605760798038336,D6,scanvi_scarches,predicted
CAACCTCAGCCAGTAG-1-HCAHeart7844001,Endothelial,0.9945066571235657,0.03765915025544945,D6,scanvi_scarches,predicted
ACGCAGCGTACAAGTA-1-HCAHeart7888927,Endothelial,0.9998997449874878,0.0012126490351741992,D6,scanvi_scarches,predicted
GTAACTGGTAGTGAAT-1-HCAHeart7880862,Atrial_Cardiomyocyte,0.9997743964195251,0.002505460570359907,D6,scanvi_scarches,predicted
GTCGGGTAGTGAATTG-1-HCAHeart7844001,Myeloid,0.9988391995429993,0.009452859033622774,D6,scanvi_scarches,predicted
CGGACTGGTGACCAAG-1-HCAHeart7844003,Endothelial,0.9947070479393005,0.03754129799412988,D6,scanvi_scarches,predicted
TCTTTCCTCGCCTGAG-1-HCAHeart7880862,Smooth_muscle_cells,0.9997795224189758,0.002490560008498583,D6,scanvi_scarches,predicted
GTGTGGCAGAGCCGAT-1-HCAHeart7905328,Endothelial,0.9998531341552734,0.0017278637438655033,D6,scanvi_scarches,predicted
TCACAAGGTTCAGTAC-1-HCAHeart7844001,Pericytes,0.9891604781150818,0.06431473575575117,D6,scanvi_scarches,predicted
AGATCTGGTTCACGGC-1-HCAHeart7888927,Ventricular_Cardiomyocyte,0.9998792409896851,0.001407041160577144,D6,scanvi_scarches,predicted
CGAGCACGTTTAGCTG-1-HCAHeart7880861,Myeloid,0.9996053576469421,0.003925389426409619,D6,scanvi_scarches,predicted
CAGCTAAAGAGTGAGA-1-HCAHeart7888926,Ventricular_Cardiomyocyte,0.9999043941497803,0.0011491023062507094,D6,scanvi_scarches,predicted
ATTATCCTCTCTAGGA-1-HCAHeart7844004,Endothelial,0.9998362064361572,0.0018645806089846553,D6,scanvi_scarches,predicted
GGAAAGCCAGTCACTA-1-HCAHeart7844000,Endothelial,0.9998916387557983,0.0013160090547597435,D6,scanvi_scarches,predicted
ATGAGGGCAAGAAGAG-1-HCAHeart7844001,Pericytes,0.9752407073974609,0.11875546980277278,D6,scanvi_scarches,predicted
TCGTAGATCCACGTTC-1-HCAHeart7844001,Endothelial,0.9962342381477356,0.026094312619531275,D6,scanvi_scarches,predicted
GTCGTAAAGTGTGGCA-1-HCAHeart7888926,Endothelial,0.9998553991317749,0.0016838904972447319,D6,scanvi_scarches,predicted
AGTGGGAAGTACGTTC-1-HCAHeart7844004,Lymphoid,0.9996223449707031,0.004078856167553952,D6,scanvi_scarches,predicted
ACCCACTTCCAGATCA-1-HCAHeart7843999,Smooth_muscle_cells,0.5215073823928833,0.7025874065161116,D6,scanvi_scarches,predicted
CCTACCAGTACCGGCT-1-HCAHeart7844000,Endothelial,0.9998586177825928,0.0016675534054672381,D6,scanvi_scarches,predicted
ATCCACCTCAGTTAGC-1-HCAHeart7844004,Endothelial,0.9998351335525513,0.0018389846827549148,D6,scanvi_scarches,predicted
CACACTCCAAGGTGTG-1-HCAHeart7844000,Endothelial,0.9997757077217102,0.0024474464963544613,D6,scanvi_scarches,predicted
GACTGCGAGTACTTGC-1-HCAHeart7844004,Endothelial,0.999908447265625,0.0011203478389995786,D6,scanvi_scarches,predicted
CATTATCAGTTAACGA-1-HCAHeart7844003,Endothelial,0.9961366057395935,0.026626472473447252,D6,scanvi_scarches,predicted
TTCTCCTTCAATCTCT-1-HCAHeart7844000,Smooth_muscle_cells,0.9977444410324097,0.016881347002858083,D6,scanvi_scarches,predicted
CTCGGAGTCTACCAGA-1-HCAHeart7844001,Endothelial,0.9997614026069641,0.002598621854835928,D6,scanvi_scarches,predicted
AAACCTGCACAAGTAA-1-HCAHeart7844003,Endothelial,0.9997851252555847,0.0023963345270161204,D6,scanvi_scarches,predicted
ACACCCTAGTTGAGAT-1-HCAHeart7844003,Endothelial,0.9994743466377258,0.005181948080943565,D6,scanvi_scarches,predicted
TTCTCTCCACGGGCTT-1-HCAHeart7905328,Pericytes,0.9763491153717041,0.11708099982487179,D6,scanvi_scarches,predicted
TATGTTCTCTCGAACA-1-HCAHeart7905328,Endothelial,0.9998958110809326,0.0012287822581862169,D6,scanvi_scarches,predicted
TGCGGGTCACTGAGGA-1-HCAHeart7905328,Endothelial,0.9998582601547241,0.0015934006512032242,D6,scanvi_scarches,predicted
AAAGTGAAGTAATTGG-1-HCAHeart7905327,Endothelial,0.9998694658279419,0.0014840796038786976,D6,scanvi_scarches,predicted
GACACGCAGAAAGTGG-1-HCAHeart7844000,Endothelial,0.9998192191123962,0.002036276064139326,D6,scanvi_scarches,predicted
CCACGGACAATCCAAC-1-HCAHeart7844003,Lymphoid,0.9997726082801819,0.0024606735828104267,D6,scanvi_scarches,predicted
TGAGCCGGTTCGGGCT-1-HCAHeart7844004,Endothelial,0.9998829364776611,0.0013938366945217891,D6,scanvi_scarches,predicted
GCACGTGCAGGTGGAT-1-HCAHeart7905331,Endothelial,0.9998691082000732,0.0015087283721399339,D6,scanvi_scarches,predicted
CGCTATCGTTTCGCTC-1-HCAHeart7844001,Endothelial,0.999854326248169,0.0016725234110516636,D6,scanvi_scarches,predicted
GCGCAACTCCGCAAGC-1-HCAHeart7888926,Ventricular_Cardiomyocyte,0.9997037053108215,0.0030695568252177316,D6,scanvi_scarches,predicted
GAGGCAATCGCTCATC-1-HCAHeart7905328,Endothelial,0.9998925924301147,0.0012907683267493733,D6,scanvi_scarches,predicted
AGTGAGGTCCTCGCAT-1-HCAHeart7880860,Ventricular_Cardiomyocyte,0.999883770942688,0.0013664466993348588,D6,scanvi_scarches,predicted
TTGCTGCCAAATGAGT-1-HCAHeart7905327,Endothelial,0.9998236298561096,0.0019279533465080584,D6,scanvi_scarches,predicted
TGCGATATCACAGAGG-1-HCAHeart7905328,Endothelial,0.9998613595962524,0.0015817211292450516,D6,scanvi_scarches,predicted
CAGCTGGCATACCATG-1-HCAHeart7844002,Endothelial,0.9998859167098999,0.0013437635336441588,D6,scanvi_scarches,predicted
GAACATCGTCCTAGCG-1-HCAHeart7843999,Smooth_muscle_cells,0.9988574981689453,0.009547060989026628,D6,scanvi_scarches,predicted
GGGTCTGCAAGAGTTA-1-HCAHeart7905331,Endothelial,0.9998906850814819,0.0012848535300302014,D6,scanvi_scarches,predicted
CAGCGACGTCTCCATC-1-HCAHeart7888927,Ventricular_Cardiomyocyte,0.9997963309288025,0.0022299880885631044,D6,scanvi_scarches,predicted
CAGCGACGTGCAACTT-1-HCAHeart7888926,Ventricular_Cardiomyocyte,0.9998464584350586,0.001744013125379272,D6,scanvi_scarches,predicted
CCCTGATAGAGGTTTA-1-HCAHeart7905332,Endothelial,0.9998998641967773,0.0011954339864175684,D6,scanvi_scarches,predicted
GACCTGGCACTATCTT-1-HCAHeart7880862,Atrial_Cardiomyocyte,0.99981290102005,0.002136690086005112,D6,scanvi_scarches,predicted
AGTACTGGTCTTCGAA-1-HCAHeart7905330,Endothelial,0.9998629093170166,0.0015932669254068292,D6,scanvi_scarches,predicted
GTTCTCGTCTACCAGA-1-HCAHeart7843999,Lymphoid,0.9997989535331726,0.002229576090000857,D6,scanvi_scarches,predicted
CCGGTAGTCACCACCT-1-HCAHeart7844003,Pericytes,0.9902783036231995,0.0570142386241549,D6,scanvi_scarches,predicted
CGTCACTGTACCGGCT-1-HCAHeart7844001,Myeloid,0.9996170997619629,0.003955831664912058,D6,scanvi_scarches,predicted
GTGGAAGAGCCTCAAT-1-HCAHeart7905329,Smooth_muscle_cells,0.9994753003120422,0.004991437780582879,D6,scanvi_scarches,predicted
CTGCCTAGTACTCGCG-1-HCAHeart7844001,Endothelial,0.9998782873153687,0.00145844473068997,D6,scanvi_scarches,predicted
ACACTGAAGGTGTTAA-1-HCAHeart7843999,Endothelial,0.9998551607131958,0.0016410754082600838,D6,scanvi_scarches,predicted
ACATCAGTCGAGGTAG-1-HCAHeart7844001,Endothelial,0.9997105002403259,0.0030950393706444587,D6,scanvi_scarches,predicted
CCACGGAGTAGCTCCG-1-HCAHeart7844001,Lymphoid,0.9996562004089355,0.0034572961234499325,D6,scanvi_scarches,predicted
AGGCCACCAGGTTTAC-1-HCAHeart7905332,Endothelial,0.9998660087585449,0.001541689861498693,D6,scanvi_scarches,predicted
ACACCGGTCTACTTAC-1-HCAHeart7844004,Myeloid,0.9989752769470215,0.008540453429994623,D6,scanvi_scarches,predicted
CAGGTGCGTGACGGTA-1-HCAHeart7844001,Smooth_muscle_cells,0.5003412961959839,0.7532467697110788,D6,scanvi_scarches,predicted
CGTCAGGAGCTACCTA-1-HCAHeart7844001,Fibroblast,0.9995248317718506,0.0047972052220639026,D6,scanvi_scarches,predicted
ACCTTTATCATCATTC-1-HCAHeart7844003,Endothelial,0.8457397222518921,0.46350927341390885,D6,scanvi_scarches,predicted
TCCTGCACAGGCACTC-1-HCAHeart7905327,Endothelial,0.961330771446228,0.1673797491437665,D6,scanvi_scarches,predicted
GACTACATCAGAGACG-1-HCAHeart7844004,Endothelial,0.9998941421508789,0.001245968056381172,D6,scanvi_scarches,predicted
GATCGCGAGCGAGAAA-1-HCAHeart7843999,Endothelial,0.9997366070747375,0.0027254096229628816,D6,scanvi_scarches,predicted
AGTCACATCGAAGGAC-1-HCAHeart7905330,Endothelial,0.9998151659965515,0.00208382502741545,D6,scanvi_scarches,predicted
TGGAGGAAGTTGTAAG-1-HCAHeart7905328,Endothelial,0.9998385906219482,0.0018238517703448164,D6,scanvi_scarches,predicted
TAGAGCTTCCTGCCAT-1-HCAHeart7844001,Lymphoid,0.999779999256134,0.0024063666923074107,D6,scanvi_scarches,predicted
CACGAATAGGTCGTGA-1-HCAHeart7905328,Endothelial,0.9994959831237793,0.005053293849748764,D6,scanvi_scarches,predicted
CACACAAGTTCTGAAC-1-HCAHeart7880861,Ventricular_Cardiomyocyte,0.9998724460601807,0.0014740100005190503,D6,scanvi_scarches,predicted
GAGGCAAGTAACACGG-1-HCAHeart7905328,Fibroblast,0.9998993873596191,0.0012281064721774884,D6,scanvi_scarches,predicted
TCGTACCGTCCGAATT-1-HCAHeart7844003,Lymphoid,0.9997681975364685,0.002555245352884437,D6,scanvi_scarches,predicted
GGACGTCGTAACGCGA-1-HCAHeart7844001,Pericytes,0.9976073503494263,0.020455216153223536,D6,scanvi_scarches,predicted
TACTCATAGATAGGAG-1-HCAHeart7843999,Endothelial,0.9999123811721802,0.0010633318215291254,D6,scanvi_scarches,predicted
TACCTTACAGTTAACC-1-HCAHeart7888927,Fibroblast,0.999866247177124,0.001607144875108898,D6,scanvi_scarches,predicted
GCGGGTTGTGCGCTTG-1-HCAHeart7843999,Pericytes,0.9609255194664001,0.16950044873708675,D6,scanvi_scarches,predicted
CGCGTTTGTCCGAGTC-1-HCAHeart7888927,Ventricular_Cardiomyocyte,0.9998109936714172,0.002051109116045659,D6,scanvi_scarches,predicted
ACCTGTCGTGGTCTTA-1-HCAHeart7905328,Endothelial,0.9998080134391785,0.002080464727200158,D6,scanvi_scarches,predicted
GTGGGTCCAACTTGAC-1-HCAHeart7880861,Myeloid,0.999663233757019,0.0034839121144414668,D6,scanvi_scarches,predicted
CGATGGCAGGATTCAA-1-HCAHeart7905332,Endothelial,0.9997480511665344,0.0027909934969656313,D6,scanvi_scarches,predicted
AGGACTTTCACGAGGA-1-HCAHeart7905328,Endothelial,0.9998760223388672,0.0014266830849107757,D6,scanvi_scarches,predicted
TCCATCGGTTCTAAGC-1-HCAHeart7905327,Endothelial,0.999678373336792,0.0033487677229146976,D6,scanvi_scarches,predicted
TCCACACGTTCAGGCC-1-HCAHeart7880861,Lymphoid,0.9990671277046204,0.00885946657095753,D6,scanvi_scarches,predicted
CGGCTAGTCCGGGTGT-1-HCAHeart7880860,Ventricular_Cardiomyocyte,0.9984115362167358,0.012941388638964685,D6,scanvi_scarches,predicted
ACGAGGACAATGAAAC-1-HCAHeart7880862,Atrial_Cardiomyocyte,0.9997150301933289,0.0031718617443149103,D6,scanvi_scarches,predicted
GACTAACAGGCAGTCA-1-HCAHeart7844001,Endothelial,0.9998238682746887,0.0019982976193213117,D6,scanvi_scarches,predicted
CAGCCGACACACCGCA-1-HCAHeart7844001,Endothelial,0.999829888343811,0.0019649378878525965,D6,scanvi_scarches,predicted
TGACTTTTCAGTTCGA-1-HCAHeart7844004,Lymphoid,0.9996128678321838,0.0038607471397780696,D6,scanvi_scarches,predicted
TACACGACATCCTTGC-1-HCAHeart7844004,Endothelial,0.9998553991317749,0.0016823829675821017,D6,scanvi_scarches,predicted
CAAGAAAGTTCCCTTG-1-HCAHeart7844004,Endothelial,0.999866247177124,0.0015442156598615391,D6,scanvi_scarches,predicted
TACGGTAGTACTAAGA-1-HCAHeart7905328,Endothelial,0.9998427629470825,0.0017468024863401736,D6,scanvi_scarches,predicted
GTTAAGCCACCAACCG-1-HCAHeart7844004,Endothelial,0.9998186230659485,0.0020672266209618008,D6,scanvi_scarches,predicted
TTGCCGTCATCTCGCT-1-HCAHeart7844004,Endothelial,0.9999088048934937,0.0010946170998201593,D6,scanvi_scarches,predicted
AGTAGCTTCGACGCTG-1-HCAHeart7905332,Endothelial,0.9998959302902222,0.0012265194170009344,D6,scanvi_scarches,predicted
AATTTCCCAGGGTCTC-1-HCAHeart7905327,Endothelial,0.9999029636383057,0.0011699372824260082,D6,scanvi_scarches,predicted
CGCTGGACACCGATAT-1-HCAHeart7844004,Endothelial,0.999864935874939,0.0015439718039931731,D6,scanvi_scarches,predicted
GTATTGGCAAAGAACT-1-HCAHeart7905328,Endothelial,0.9998594522476196,0.0015922497311972616,D6,scanvi_scarches,predicted
GTCTGTCAGAGAGTGA-1-HCAHeart7905328,Pericytes,0.9994588494300842,0.005181380268809717,D6,scanvi_scarches,predicted
GACAGCCGTTCACCGG-1-HCAHeart7905327,Endothelial,0.9998313188552856,0.0018694041866746886,D6,scanvi_scarches,predicted
AGCCTAAAGTGAACAT-1-HCAHeart7844001,Lymphoid,0.9992092251777649,0.006983465019858535,D6,scanvi_scarches,predicted
ATGCGATGTTCTCATT-1-HCAHeart7844002,Lymphoid,0.9995989203453064,0.00399229936898522,D6,scanvi_scarches,predicted
CATGGCGGTAGAGGAA-1-HCAHeart7880861,Ventricular_Cardiomyocyte,0.9998892545700073,0.0013076270463497717,D6,scanvi_scarches,predicted
TCTGGAACACGGACAA-1-HCAHeart7844004,Endothelial,0.9998082518577576,0.002096821432616803,D6,scanvi_scarches,predicted
AGTAACCAGGCACCAA-1-HCAHeart7905327,Endothelial,0.9998973608016968,0.001209442172810046,D6,scanvi_scarches,predicted
ACGTAGTCACACAGCC-1-HCAHeart7905332,Endothelial,0.9998428821563721,0.0017299459547839336,D6,scanvi_scarches,predicted
CGAGTGCTCGTTAGAC-1-HCAHeart7905332,Endothelial,0.9998027682304382,0.0022878189724667235,D6,scanvi_scarches,predicted
CAACCAAAGCAATCTC-1-HCAHeart7880861,Ventricular_Cardiomyocyte,0.9998082518577576,0.002158434925726604,D6,scanvi_scarches,predicted
AGTCTTTAGATCTGAA-1-HCAHeart7844000,Myeloid,0.9997128844261169,0.0029612082124079947,D6,scanvi_scarches,predicted
TTGGGATGTACGTACT-1-HCAHeart7905329,Endothelial,0.9998414516448975,0.0017518107570427552,D6,scanvi_scarches,predicted
ACGATACGTCACCCAG-1-HCAHeart7880862,Fibroblast,0.9999157190322876,0.0010569824263838054,D6,scanvi_scarches,predicted
TTCACGCGTATGCGGA-1-HCAHeart7905332,Endothelial,0.9997583031654358,0.002716967818873932,D6,scanvi_scarches,predicted
TGAGCCGGTATGGTTC-1-HCAHeart7888926,Pericytes,0.9979233741760254,0.01586459695576294,D6,scanvi_scarches,predicted
GGGATGACAAATCCGT-1-HCAHeart7844003,Endothelial,0.9999054670333862,0.001158227030435541,D6,scanvi_scarches,predicted
AAAGTAGAGCGATTCT-1-HCAHeart7844001,Pericytes,0.9860793948173523,0.07701117064345213,D6,scanvi_scarches,predicted
CTACCCACACGCCACA-1-HCAHeart7905330,Fibroblast,0.9998983144760132,0.001241253024657823,D6,scanvi_scarches,predicted
AGTGATCGTGTCGCTG-1-HCAHeart7905330,Endothelial,0.9997190833091736,0.0031191996363486687,D6,scanvi_scarches,predicted
CAAGGCCCATGGGAAC-1-HCAHeart7844000,Pericytes,0.9909396171569824,0.05815778657316876,D6,scanvi_scarches,predicted
ACGGGTCAGGTGACCA-1-HCAHeart7844004,Endothelial,0.9997573494911194,0.002674219437532299,D6,scanvi_scarches,predicted
TTTCCTCAGACTAAGT-1-HCAHeart7844000,Endothelial,0.9984704852104187,0.012293577503158806,D6,scanvi_scarches,predicted
TCGTACCTCCGCGTTT-1-HCAHeart7888927,Ventricular_Cardiomyocyte,0.9997943043708801,0.0022924003194192324,D6,scanvi_scarches,predicted
CGTCCATCAATGGTCT-1-HCAHeart7844004,Endothelial,0.9999040365219116,0.0011587890459206765,D6,scanvi_scarches,predicted
CCGGTAGCAGCCTTGG-1-HCAHeart7880862,Atrial_Cardiomyocyte,0.9998302459716797,0.0019408984862459779,D6,scanvi_scarches,predicted
CGGAGCTGTGGGTATG-1-HCAHeart7843999,Endothelial,0.9998598098754883,0.0016368789344006877,D6,scanvi_scarches,predicted
GTTACAGAGCCCGAAA-1-HCAHeart7844004,Endothelial,0.9998959302902222,0.0012484366901293034,D6,scanvi_scarches,predicted
GGGATGAGTCATTAGC-1-HCAHeart7843999,Endothelial,0.9999061822891235,0.0011222844009904046,D6,scanvi_scarches,predicted
TGAATCGCAAAGGCAC-1-HCAHeart7905332,Endothelial,0.9998725652694702,0.0014955094990870108,D6,scanvi_scarches,predicted
CTACTATGTCTTTATC-1-HCAHeart7905328,Pericytes,0.9996727705001831,0.0033519232458714405,D6,scanvi_scarches,predicted
ACTGCTCTCGTTACGA-1-HCAHeart7888926,Ventricular_Cardiomyocyte,0.999890923500061,0.001297879889218141,D6,scanvi_scarches,predicted
GGCCGATAGTCTCCTC-1-HCAHeart7880861,Pericytes,0.999718964099884,0.0029809201056927373,D6,scanvi_scarches,predicted
TACGGATTCAGTCCCT-1-HCAHeart7844003,Endothelial,0.9994519352912903,0.005491130270858218,D6,scanvi_scarches,predicted
ACGCCGATCTTCAACT-1-HCAHeart7844003,Smooth_muscle_cells,0.7117121815681458,0.7404233633707901,D6,scanvi_scarches,predicted
GCGCAGTAGTAGGTGC-1-HCAHeart7844004,Endothelial,0.9998699426651001,0.0015164158216471716,D6,scanvi_scarches,predicted
GTGCTTCTCTCTTGAT-1-HCAHeart7843999,Endothelial,0.9999046325683594,0.0011347029496099805,D6,scanvi_scarches,predicted
CGATTGATCTGCGGCA-1-HCAHeart7843999,Endothelial,0.9999163150787354,0.0010215293946672407,D6,scanvi_scarches,predicted
GGGACCTAGTACGTAA-1-HCAHeart7880860,Myeloid,0.9993971586227417,0.005697014585163866,D6,scanvi_scarches,predicted
GTCTTCGAGTTAACGA-1-HCAHeart7844001,Endothelial,0.9997896552085876,0.0022932784853860557,D6,scanvi_scarches,predicted
TCTCATACAGTCACTA-1-HCAHeart7844001,Endothelial,0.9998346567153931,0.0018948037342629215,D6,scanvi_scarches,predicted
GGTGAAGGTGATAGTA-1-HCAHeart7905328,Endothelial,0.9998459815979004,0.0018164208892532353,D6,scanvi_scarches,predicted
AAAGCAACAATCGAAA-1-HCAHeart7844001,Endothelial,0.9993728995323181,0.006205015814331694,D6,scanvi_scarches,predicted
AAGTACCTCGCGGACT-1-HCAHeart7905328,Endothelial,0.999913215637207,0.0010575734358257442,D6,scanvi_scarches,predicted
TCATGCCTCCCTCGTA-1-HCAHeart7905327,Endothelial,0.9998989105224609,0.0012133508737860379,D6,scanvi_scarches,predicted
AAGTTCGAGTCTAGCT-1-HCAHeart7905331,Endothelial,0.9954434633255005,0.034652479032428546,D6,scanvi_scarches,predicted
CGGCTAGTCCAGAAGG-1-HCAHeart7844001,Myeloid,0.9996789693832397,0.0032257977674035056,D6,scanvi_scarches,predicted
GGTTGTAAGAGAGCAA-1-HCAHeart7905331,Endothelial,0.9998989105224609,0.0012019506089289195,D6,scanvi_scarches,predicted
GTCGTAACATTGGGCC-1-HCAHeart7880861,Ventricular_Cardiomyocyte,0.9998728036880493,0.0014913089713861553,D6,scanvi_scarches,predicted
TACACGATCCTTTACA-1-HCAHeart7844002,Endothelial,0.9998705387115479,0.0015026208449800053,D6,scanvi_scarches,predicted
CCACGTTGTGCTCGTG-1-HCAHeart7905328,Endothelial,0.9998589754104614,0.0015827334854043957,D6,scanvi_scarches,predicted
CCTATTATCTCGCATC-1-HCAHeart7843999,Endothelial,0.9998619556427002,0.0015562750590570821,D6,scanvi_scarches,predicted
CATGGCGCAAGCGATG-1-HCAHeart7844003,Endothelial,0.9999077320098877,0.0011122329548626528,D6,scanvi_scarches,predicted
CTGTCGTAGTCTGCGC-1-HCAHeart7905327,Endothelial,0.9998039603233337,0.002119576487138537,D6,scanvi_scarches,predicted
TCTACCGCAAGTCCAT-1-HCAHeart7905331,Endothelial,0.9998811483383179,0.0013819900779165851,D6,scanvi_scarches,predicted
AGCAGCCGTAAGTGGC-1-HCAHeart7844001,Myeloid,0.9997491240501404,0.0027062363069605285,D6,scanvi_scarches,predicted
GGCCGATAGCACACAG-1-HCAHeart7880861,Ventricular_Cardiomyocyte,0.9998315572738647,0.0019064012220636377,D6,scanvi_scarches,predicted
CAACCAATCGACACCG-1-HCAHeart7905332,Endothelial,0.9990321397781372,0.008291860305335106,D6,scanvi_scarches,predicted
ATCCGAATCAAGGTAA-1-HCAHeart7888926,Ventricular_Cardiomyocyte,0.9998956918716431,0.0012438452352462406,D6,scanvi_scarches,predicted
TGAAAGAGTCAGAGGT-1-HCAHeart7844001,Myeloid,0.709850013256073,0.6127421144212837,D6,scanvi_scarches,predicted
TCGTACCTCTGAGTGT-1-HCAHeart7844004,Pericytes,0.9781956672668457,0.1085442849007077,D6,scanvi_scarches,predicted
AGACAAAGTTGATCGT-1-HCAHeart7905330,Endothelial,0.9995988011360168,0.004150594144537022,D6,scanvi_scarches,predicted
ACGAGGATCGGCCGAT-1-HCAHeart7844004,Endothelial,0.9998595714569092,0.0016006969725483903,D6,scanvi_scarches,predicted
CTGAAACCATTCCTCG-1-HCAHeart7844001,Smooth_muscle_cells,0.9992192983627319,0.006982799563845644,D6,scanvi_scarches,predicted
GAACCTAGTTACGGAG-1-HCAHeart7880860,Endothelial,0.9998416900634766,0.001808633951787922,D6,scanvi_scarches,predicted
CGGACACTCCTGCAGG-1-HCAHeart7844001,Endothelial,0.997456967830658,0.021158362154250928,D6,scanvi_scarches,predicted
GAACCTATCCTTCAAT-1-HCAHeart7843999,Endothelial,0.9995555281639099,0.00455655531518566,D6,scanvi_scarches,predicted
GTATCTTGTGAGGGTT-1-HCAHeart7880862,Atrial_Cardiomyocyte,0.9998055100440979,0.0022083275632775244,D6,scanvi_scarches,predicted
CGATGGCAGGCATTGG-1-HCAHeart7844001,Endothelial,0.9998526573181152,0.0017143137851279345,D6,scanvi_scarches,predicted
GTGCAGCAGACGCTTT-1-HCAHeart7844003,Lymphoid,0.999815046787262,0.0020909670590574816,D6,scanvi_scarches,predicted
CAGATCAGTTCAGTAC-1-HCAHeart7844000,Neuronal,0.999772846698761,0.0025928019176783322,D6,scanvi_scarches,predicted
GATTCAGCAAGACACG-1-HCAHeart7844001,Endothelial,0.999674916267395,0.003505170463401814,D6,scanvi_scarches,predicted
CCATGTCCATGCCCGA-1-HCAHeart7843999,Endothelial,0.9998486042022705,0.001701929520439651,D6,scanvi_scarches,predicted
TCAAGTGTCTGAGATC-1-HCAHeart7905329,Myeloid,0.9964346885681152,0.024682912847403,D6,scanvi_scarches,predicted
CGTCACTTCCGCGGTA-1-HCAHeart7844004,Smooth_muscle_cells,0.9656981229782104,0.15251162398009205,D6,scanvi_scarches,predicted
AAAGGTAAGCGCCTCA-1-HCAHeart7905330,Fibroblast,0.9995860457420349,0.004121042947742274,D6,scanvi_scarches,predicted
TGGAGAGAGGGCAATC-1-HCAHeart7905331,Endothelial,0.9993770718574524,0.0056734630944817385,D6,scanvi_scarches,predicted
GCGCAACTCAGAGGTG-1-HCAHeart7844001,Pericytes,0.8672001957893372,0.40021335667058017,D6,scanvi_scarches,predicted
CGCGGTACAGCATGAG-1-HCAHeart7844003,Endothelial,0.9998888969421387,0.0013064141958970894,D6,scanvi_scarches,predicted
GACAGAGTCTTGTATC-1-HCAHeart7844001,Endothelial,0.9997797608375549,0.0024943409509206155,D6,scanvi_scarches,predicted
CCTAAGACAAGACGGT-1-HCAHeart7905332,Endothelial,0.999830961227417,0.0019038976361676185,D6,scanvi_scarches,predicted
AAAGAACGTAACATAG-1-HCAHeart7905327,Endothelial,0.999752938747406,0.0026830867053512205,D6,scanvi_scarches,predicted
TCAGGTATCCGTTGCT-1-HCAHeart7843999,Myeloid,0.9993815422058105,0.005654641087081893,D6,scanvi_scarches,predicted
CAGCATATCGGAGGTA-1-HCAHeart7888926,Ventricular_Cardiomyocyte,0.9997772574424744,0.0024496691639896407,D6,scanvi_scarches,predicted
TCGAGGCCATTCCTGC-1-HCAHeart7844004,Endothelial,0.9995906949043274,0.004244434975307302,D6,scanvi_scarches,predicted
TACTTACTCTGCAGCG-1-HCAHeart7905328,Endothelial,0.9999009370803833,0.0011855231268745278,D6,scanvi_scarches,predicted
ATTGGACCAGGTCTCG-1-HCAHeart7880863,Endothelial,0.9998613595962524,0.0016329572841061112,D6,scanvi_scarches,predicted
TTTCCTCGTGTGTTTG-1-HCAHeart7905327,Endothelial,0.9996546506881714,0.003423474583953744,D6,scanvi_scarches,predicted
GCACTCTAGTTAGGTA-1-HCAHeart7844001,Pericytes,0.8873635530471802,0.36409458002035444,D6,scanvi_scarches,predicted
GTGTGCGAGTACATGA-1-HCAHeart7844001,Pericytes,0.9994592070579529,0.005122875584763801,D6,scanvi_scarches,predicted
CTGATAGGTAATTGGA-1-HCAHeart7843999,Myeloid,0.9996042847633362,0.00387067806840988,D6,scanvi_scarches,predicted
AGATCTGCACCACGTG-1-HCAHeart7844002,Myeloid,0.9997642636299133,0.0025275587449661934,D6,scanvi_scarches,predicted
TACAGTGGTCTTCGTC-1-HCAHeart7888926,Myeloid,0.9994327425956726,0.005216449030178916,D6,scanvi_scarches,predicted
GAAATGATCTCTGTCG-1-HCAHeart7843999,Endothelial,0.9999074935913086,0.0011186586758072307,D6,scanvi_scarches,predicted
AGAACCTGTCTGTAGT-1-HCAHeart7905328,Endothelial,0.9998459815979004,0.001707506825596128,D6,scanvi_scarches,predicted
TCAGCAACAGCGTTTA-1-HCAHeart7905328,Endothelial,0.999920129776001,0.0009768712793307482,D6,scanvi_scarches,predicted
ATAGACCAGGAGTACC-1-HCAHeart7844001,Myeloid,0.9997075200080872,0.003046977968946994,D6,scanvi_scarches,predicted
CTCGTCATCGGATGTT-1-HCAHeart7880861,Myeloid,0.99909508228302,0.007688135164503077,D6,scanvi_scarches,predicted
CGGGTCATCCACGCAG-1-HCAHeart7843999,Pericytes,0.9995825886726379,0.0041011657510025695,D6,scanvi_scarches,predicted
TAGACCATCAACCAAC-1-HCAHeart7888926,Pericytes,0.9997883439064026,0.002384578776402061,D6,scanvi_scarches,predicted
CCTCAGTAGAGCCCAA-1-HCAHeart7844002,Myeloid,0.999685525894165,0.0031885347734017196,D6,scanvi_scarches,predicted
GATCGCGAGAAACCGC-1-HCAHeart7844000,Pericytes,0.8485422134399414,0.4926090892766398,D6,scanvi_scarches,predicted
CTGCCTACAACACCCG-1-HCAHeart7844003,Endothelial,0.99982088804245,0.0020205043683020206,D6,scanvi_scarches,predicted
CCCAGTTAGTAGCGGT-1-HCAHeart7844001,Pericytes,0.9993624091148376,0.00586054459469345,D6,scanvi_scarches,predicted
CCTCAGTCAATCTGCA-1-HCAHeart7844004,Endothelial,0.9992601275444031,0.007073087678693656,D6,scanvi_scarches,predicted
TGCTGCTTCCGCTGTT-1-HCAHeart7888927,Fibroblast,0.9996193647384644,0.0041074888182819225,D6,scanvi_scarches,predicted
AACCAACGTACCCACG-1-HCAHeart7905327,Endothelial,0.9997627139091492,0.0025051983868634334,D6,scanvi_scarches,predicted
CAAGATCAGATGGGTC-1-HCAHeart7880861,Pericytes,0.9996887445449829,0.0032661853008181503,D6,scanvi_scarches,predicted
AGCAGCCTCTGTACGA-1-HCAHeart7844000,Endothelial,0.999881386756897,0.0014023925092913492,D6,scanvi_scarches,predicted
CCTTACGTCATCTGCC-1-HCAHeart7844004,Endothelial,0.999575674533844,0.004262216532298275,D6,scanvi_scarches,predicted
TGCAGGCAGTATAACG-1-HCAHeart7905328,Endothelial,0.9998681545257568,0.0015190574111410282,D6,scanvi_scarches,predicted
GTTAGTGGTCATACCA-1-HCAHeart7905332,Endothelial,0.999906063079834,0.0011212765941871407,D6,scanvi_scarches,predicted
GAACATCAGTGGCACA-1-HCAHeart7888927,Pericytes,0.9997947812080383,0.0023094869213932004,D6,scanvi_scarches,predicted
AGGATCTTCTGGTTGA-1-HCAHeart7905328,Endothelial,0.9997716546058655,0.002414315931178449,D6,scanvi_scarches,predicted
ATTATCCGTGAAATCA-1-HCAHeart7844004,Endothelial,0.9998849630355835,0.0013827663114321597,D6,scanvi_scarches,predicted
ATCACGAAGTAGAATC-1-HCAHeart7905328,Pericytes,0.9856770038604736,0.09150160932417989,D6,scanvi_scarches,predicted
CCACTACGTGTTGAGG-1-HCAHeart7844004,Endothelial,0.9999053478240967,0.0011582234047836394,D6,scanvi_scarches,predicted
GAATGAACAAAGGCGT-1-HCAHeart7880862,Atrial_Cardiomyocyte,0.9998475313186646,0.0017705357904765212,D6,scanvi_scarches,predicted
GAAGCAGCACCATCCT-1-HCAHeart7843999,Lymphoid,0.999815046787262,0.0021019002669275893,D6,scanvi_scarches,predicted
GTGAGCCGTACAAGTA-1-HCAHeart7905332,Smooth_muscle_cells,0.9997653365135193,0.0025546544088135875,D6,scanvi_scarches,predicted
TACTCGCAGAAACCTA-1-HCAHeart7888926,Endothelial,0.99982750415802,0.001915203850797177,D6,scanvi_scarches,predicted
ACATGGTGTACCAGTT-1-HCAHeart7844004,Lymphoid,0.9993026256561279,0.0062828692612595495,D6,scanvi_scarches,predicted
TCGTACCCAAATACAG-1-HCAHeart7843999,Endothelial,0.9997915625572205,0.002316106954035472,D6,scanvi_scarches,predicted
GAAATGATCGGCCTTT-1-HCAHeart7905332,Pericytes,0.592549741268158,0.7625871251120316,D6,scanvi_scarches,predicted
CACAGGCAGTTGAGTA-1-HCAHeart7880862,Endothelial,0.9989020824432373,0.01059249315174085,D6,scanvi_scarches,predicted
ACGAGCCGTAAAGGAG-1-HCAHeart7844003,Endothelial,0.9998434782028198,0.0017508196024522123,D6,scanvi_scarches,predicted
ACTTTCACACGGCGTT-1-HCAHeart7880861,Ventricular_Cardiomyocyte,0.999715268611908,0.002971697139918088,D6,scanvi_scarches,predicted
TTCTCCTCACACGCTG-1-HCAHeart7880861,Fibroblast,0.9998893737792969,0.001343468196135213,D6,scanvi_scarches,predicted
AGAACAAGTGAGTCAG-1-HCAHeart7905328,Endothelial,0.9973142743110657,0.021085261278325603,D6,scanvi_scarches,predicted
CACCAGGTCCAAACAC-1-HCAHeart7844000,Smooth_muscle_cells,0.7641463279724121,0.5544493696625559,D6,scanvi_scarches,predicted
CAGATCAGTCACTTCC-1-HCAHeart7844000,Pericytes,0.9871677756309509,0.07094806274084348,D6,scanvi_scarches,predicted
CTAATGGAGGTGCTAG-1-HCAHeart7843999,Smooth_muscle_cells,0.9997896552085876,0.0023348074880847796,D6,scanvi_scarches,predicted
TCCACACCACCTCGTT-1-HCAHeart7888927,Ventricular_Cardiomyocyte,0.9998869895935059,0.001333588927860935,D6,scanvi_scarches,predicted
CGATGGCTCCGCAAGC-1-HCAHeart7844004,Pericytes,0.9996670484542847,0.003360681369319405,D6,scanvi_scarches,predicted
TCCACACAGCGCTTAT-1-HCAHeart7844004,Endothelial,0.9995649456977844,0.004498533695363892,D6,scanvi_scarches,predicted
GCTGCGAAGAGGGATA-1-HCAHeart7888926,Ventricular_Cardiomyocyte,0.9986912608146667,0.011884537833450313,D6,scanvi_scarches,predicted
TGAGGTTCACGCGTCA-1-HCAHeart7905332,Endothelial,0.9998546838760376,0.001710494059834881,D6,scanvi_scarches,predicted
GTGCAGCCACTACACA-1-HCAHeart7905327,Endothelial,0.9998216032981873,0.0019795186830550036,D6,scanvi_scarches,predicted
TGAAAGATCGTTGACA-1-HCAHeart7843999,Endothelial,0.9998779296875,0.0014338772484962243,D6,scanvi_scarches,predicted
CAGCTGGCAGACGCTC-1-HCAHeart7844001,Endothelial,0.9998706579208374,0.001503716799878376,D6,scanvi_scarches,predicted
CTACGGGAGGCCCACT-1-HCAHeart7905328,Mesothelial,0.9980036616325378,0.01773165528101552,D6,scanvi_scarches,predicted
CTCACACCATTTGCCC-1-HCAHeart7844000,Pericytes,0.9992794394493103,0.006449708481303342,D6,scanvi_scarches,predicted
CCTAACCCAGCGTTTA-1-HCAHeart7905328,Endothelial,0.9998229146003723,0.0019730527760939707,D6,scanvi_scarches,predicted
ACAGCCGGTTGATTCG-1-HCAHeart7880862,Endothelial,0.9984983205795288,0.013495164030626887,D6,scanvi_scarches,predicted
CCTAAAGCATCGGTTA-1-HCAHeart7844000,Endothelial,0.9995843768119812,0.004213582738519191,D6,scanvi_scarches,predicted
TGACTAGGTAAGCACG-1-HCAHeart7844003,Endothelial,0.9998267292976379,0.0019053052903674865,D6,scanvi_scarches,predicted
GAACATCAGTAGGCCA-1-HCAHeart7888927,Pericytes,0.9996720552444458,0.0035507926042824016,D6,scanvi_scarches,predicted
GAAGGGTCATGAGAAT-1-HCAHeart7905329,Endothelial,0.9998924732208252,0.001255664797012636,D6,scanvi_scarches,predicted
GGGCACTTCGGAAACG-1-HCAHeart7844004,Endothelial,0.9998661279678345,0.0015654033070961076,D6,scanvi_scarches,predicted
CGTTGGGGTTATCACG-1-HCAHeart7844000,Endothelial,0.9998601675033569,0.0016237262214893733,D6,scanvi_scarches,predicted
AGAAGCGCAACGGGTA-1-HCAHeart7905330,Endothelial,0.9997279047966003,0.002805027543205173,D6,scanvi_scarches,predicted
AACCAACAGGATACGC-1-HCAHeart7905327,Endothelial,0.9998871088027954,0.0013137227278582557,D6,scanvi_scarches,predicted
AGTGAGGGTCATTAGC-1-HCAHeart7844001,Myeloid,0.9997355341911316,0.0028004093873909962,D6,scanvi_scarches,predicted
TGTTCCGCATCTATGG-1-HCAHeart7844004,Endothelial,0.9998639822006226,0.0015393782917092528,D6,scanvi_scarches,predicted
TTCCACGCAAATCGGG-1-HCAHeart7905330,Endothelial,0.9997803568840027,0.002409730404791894,D6,scanvi_scarches,predicted
AGCGGTCTCTCGTATT-1-HCAHeart7844001,Myeloid,0.9997562766075134,0.0026622555102891487,D6,scanvi_scarches,predicted
TTGACTTGTTATTCTC-1-HCAHeart7880861,Ventricular_Cardiomyocyte,0.9998542070388794,0.0016753317204741376,D6,scanvi_scarches,predicted
AAACGGGTCCATGAAC-1-HCAHeart7880862,Fibroblast,0.9999111890792847,0.0011077178133306804,D6,scanvi_scarches,predicted
CGTTGGGGTCAAGCGA-1-HCAHeart7844001,Fibroblast,0.9998998641967773,0.0012238874084045063,D6,scanvi_scarches,predicted
TCTGTCGCAATGAGCG-1-HCAHeart7905328,Smooth_muscle_cells,0.9998056292533875,0.0022111066700715633,D6,scanvi_scarches,predicted
CATCGGGGTTAGGACG-1-HCAHeart7905328,Endothelial,0.9998482465744019,0.001737879015885911,D6,scanvi_scarches,predicted
CGAGGAATCTCTCTTC-1-HCAHeart7905327,Endothelial,0.9998507499694824,0.0017675343005123744,D6,scanvi_scarches,predicted
TTGGAACCACCACGTG-1-HCAHeart7844001,Endothelial,0.9998626708984375,0.0015812407845328942,D6,scanvi_scarches,predicted
TATCAGGTCAGCTTAG-1-HCAHeart7888927,Ventricular_Cardiomyocyte,0.9998103976249695,0.00214717293031465,D6,scanvi_scarches,predicted
CTACCCACAATGGATA-1-HCAHeart7844001,Pericytes,0.9997492432594299,0.002698196609598912,D6,scanvi_scarches,predicted
GTTAGTGGTAGCGTTT-1-HCAHeart7905329,Pericytes,0.9853190183639526,0.08974324351949278,D6,scanvi_scarches,predicted
GAACCTAGTAGTAGTA-1-HCAHeart7844004,Endothelial,0.9998550415039062,0.0016543909622513846,D6,scanvi_scarches,predicted
ACCCAAATCTCTCTAA-1-HCAHeart7905331,Endothelial,0.9998493194580078,0.0017149179470848366,D6,scanvi_scarches,predicted
TTCTACACAGTCTTCC-1-HCAHeart7880862,Atrial_Cardiomyocyte,0.9997857213020325,0.002407553351089164,D6,scanvi_scarches,predicted
CCAATCCGTTCCTCCA-1-HCAHeart7844001,Myeloid,0.9993601441383362,0.005789123032985963,D6,scanvi_scarches,predicted
GACCAATCATCTTTCA-1-HCAHeart7905327,Endothelial,0.9997311234474182,0.0028064632950683746,D6,scanvi_scarches,predicted
AAGCGAGTCCAGTGTA-1-HCAHeart7905329,Endothelial,0.9998536109924316,0.0016367982953086053,D6,scanvi_scarches,predicted
TCTGAGACAGTCGTGC-1-HCAHeart7844001,Fibroblast,0.9924431443214417,0.056002880521699445,D6,scanvi_scarches,predicted
GGACAAGTCCACGCAG-1-HCAHeart7844004,Endothelial,0.9993013143539429,0.006326822112577445,D6,scanvi_scarches,predicted
CACAAACTCTAGAGTC-1-HCAHeart7844001,Endothelial,0.9998921155929565,0.0012944540583261718,D6,scanvi_scarches,predicted
AAGCCATCAGGTCTCG-1-HCAHeart7905332,Endothelial,0.9998492002487183,0.0016992138705159256,D6,scanvi_scarches,predicted
CTAGGTATCAGCCTCT-1-HCAHeart7905328,Endothelial,0.9997816681861877,0.0024308175299751784,D6,scanvi_scarches,predicted
GAACGGAGTTACGCGC-1-HCAHeart7844004,Endothelial,0.9996446371078491,0.0038494707438229483,D6,scanvi_scarches,predicted
ACCAGTACAGTTCCCT-1-HCAHeart7844004,Smooth_muscle_cells,0.9595462679862976,0.17283263523856018,D6,scanvi_scarches,predicted
CTCGTACCAGACGCTC-1-HCAHeart7888926,Ventricular_Cardiomyocyte,0.9999005794525146,0.0011871062574564488,D6,scanvi_scarches,predicted
GGACAAGTCATGGTCA-1-HCAHeart7888926,Ventricular_Cardiomyocyte,0.999904990196228,0.0011396226866834949,D6,scanvi_scarches,predicted
TGCGACGGTGGAAATT-1-HCAHeart7905328,Endothelial,0.9998522996902466,0.0016813277054809317,D6,scanvi_scarches,predicted
GACTACACATACAGCT-1-HCAHeart7843999,Endothelial,0.9998719692230225,0.0015144489563018709,D6,scanvi_scarches,predicted
AGCCAGCCAGGAGACT-1-HCAHeart7905327,Endothelial,0.9998337030410767,0.0018316808041336796,D6,scanvi_scarches,predicted
TCTACATAGTGCGACA-1-HCAHeart7905331,Endothelial,0.9998942613601685,0.0012556764534003325,D6,scanvi_scarches,predicted
GCACTCTAGACGCAAC-1-HCAHeart7888926,Myeloid,0.9779003262519836,0.12494142179412214,D6,scanvi_scarches,predicted
CAGCAGCTCTATGTGG-1-HCAHeart7888927,Ventricular_Cardiomyocyte,0.9993626475334167,0.006273944908601076,D6,scanvi_scarches,predicted
AGGAATAAGGGAGGCA-1-HCAHeart7905328,Endothelial,0.9998325109481812,0.0018819414240979716,D6,scanvi_scarches,predicted
GACGCTGAGCTTTCCC-1-HCAHeart7905331,Endothelial,0.9998353719711304,0.0018266345455779493,D6,scanvi_scarches,predicted
CGGACTGGTGCCTGCA-1-HCAHeart7843999,Endothelial,0.9999043941497803,0.0011598948031398939,D6,scanvi_scarches,predicted
CCTTCCCTCTAACGGT-1-HCAHeart7844000,Endothelial,0.9998618364334106,0.0016305551018139682,D6,scanvi_scarches,predicted
CACATTTTCTCGTTTA-1-HCAHeart7888927,Atrial_Cardiomyocyte,0.9953033924102783,0.03171359253052934,D6,scanvi_scarches,predicted
GCACTCTGTAGGCTGA-1-HCAHeart7844004,Endothelial,0.9998637437820435,0.0016078282117211028,D6,scanvi_scarches,predicted
CGGAGTCCAGTACACT-1-HCAHeart7888926,Ventricular_Cardiomyocyte,0.9998657703399658,0.0015491349625744123,D6,scanvi_scarches,predicted
CTTAACTCAAACCCAT-1-HCAHeart7844001,Smooth_muscle_cells,0.9996992349624634,0.003132345117184868,D6,scanvi_scarches,predicted
ATCTGCCGTTGTACAC-1-HCAHeart7880862,Atrial_Cardiomyocyte,0.9996834993362427,0.0032848942329411065,D6,scanvi_scarches,predicted
CGAACATCAGCTGTTA-1-HCAHeart7844004,Endothelial,0.9998026490211487,0.002117214942826867,D6,scanvi_scarches,predicted
TTCCACGAGATACGAT-1-HCAHeart7905328,Endothelial,0.9997674822807312,0.0025318219300368397,D6,scanvi_scarches,predicted
TTCATTGCAGTCCCGA-1-HCAHeart7905327,Lymphoid,0.9997856020927429,0.0023447162948806253,D6,scanvi_scarches,predicted
TGAGGAGTCGTACACA-1-HCAHeart7905331,Endothelial,0.999829888343811,0.001901545608091159,D6,scanvi_scarches,predicted
CCTTTCTAGACGACGT-1-HCAHeart7843999,Endothelial,0.999895453453064,0.0012509187922708812,D6,scanvi_scarches,predicted
CTCAGTCTCGAAGTGG-1-HCAHeart7905328,Endothelial,0.999874472618103,0.0014603525669514414,D6,scanvi_scarches,predicted
TCCACACTCACGACTA-1-HCAHeart7844003,Endothelial,0.9650879502296448,0.19333461142523004,D6,scanvi_scarches,predicted
GAATCGTAGTATTCCG-1-HCAHeart7905332,Endothelial,0.9997726082801819,0.002383778997031827,D6,scanvi_scarches,predicted
GAACGGAAGGTCATCT-1-HCAHeart7844004,Endothelial,0.9998488426208496,0.00175274753094407,D6,scanvi_scarches,predicted
GACGTGCCATTCTTAC-1-HCAHeart7844001,Myeloid,0.99958735704422,0.003968578423647772,D6,scanvi_scarches,predicted
ACTGATGTCTACGAGT-1-HCAHeart7844001,Pericytes,0.9991388320922852,0.007519283879094451,D6,scanvi_scarches,predicted
ATACCGATCCTAACAG-1-HCAHeart7905327,Endothelial,0.9998339414596558,0.001825172238208976,D6,scanvi_scarches,predicted
GTTGCGGTCACATCAG-1-HCAHeart7905329,Endothelial,0.9998832941055298,0.0013521246002837807,D6,scanvi_scarches,predicted
TGGTTAGCATCTCCCA-1-HCAHeart7844004,Endothelial,0.9998700618743896,0.001555863285078403,D6,scanvi_scarches,predicted
TTACCGCCAGTTTGGT-1-HCAHeart7905331,Endothelial,0.9997966885566711,0.002199480912395132,D6,scanvi_scarches,predicted
GTGCACGTCCCATACC-1-HCAHeart7905332,Endothelial,0.9997954964637756,0.002252322367511896,D6,scanvi_scarches,predicted
AGCGTATTCTTGTTTG-1-HCAHeart7844001,Pericytes,0.9460354447364807,0.2192309826919588,D6,scanvi_scarches,predicted
GTCATTTGTGTTTGTG-1-HCAHeart7888927,Ventricular_Cardiomyocyte,0.999874472618103,0.0014646641824499632,D6,scanvi_scarches,predicted
TCAACGACATACTCTT-1-HCAHeart7844004,Endothelial,0.9994590878486633,0.005227302570148097,D6,scanvi_scarches,predicted
TCAGGATGTCTAGCCG-1-HCAHeart7888927,Ventricular_Cardiomyocyte,0.9995601773262024,0.004458875527691593,D6,scanvi_scarches,predicted
TAAGAGAGTAGCGCTC-1-HCAHeart7843999,Endothelial,0.9998815059661865,0.0013950295100198097,D6,scanvi_scarches,predicted
ATTCTACCAAAGTCAA-1-HCAHeart7880863,Endothelial,0.9991425275802612,0.008040832528276306,D6,scanvi_scarches,predicted
GGTGAAGGTTTGTTTC-1-HCAHeart7844001,Endothelial,0.9997794032096863,0.0024745130506210453,D6,scanvi_scarches,predicted
TACGGGCTCGGATGTT-1-HCAHeart7844001,Endothelial,0.9998600482940674,0.0016510149742907402,D6,scanvi_scarches,predicted
GGGAGATGTGCTTCTC-1-HCAHeart7844003,Smooth_muscle_cells,0.8965058326721191,0.3736183531990238,D6,scanvi_scarches,predicted
GGGCTCACACACGCCA-1-HCAHeart7905332,Endothelial,0.9997097849845886,0.0032049281431380094,D6,scanvi_scarches,predicted
CTGTGCTAGGGCTTGA-1-HCAHeart7844001,Endothelial,0.9998117089271545,0.002128665782127501,D6,scanvi_scarches,predicted
CAGAATCTCTTCGAGA-1-HCAHeart7880861,Endothelial,0.9988610744476318,0.010288136152313318,D6,scanvi_scarches,predicted
TGCGTGGTCACTCTTA-1-HCAHeart7844004,Endothelial,0.9989798665046692,0.009269298608386841,D6,scanvi_scarches,predicted
CATCGAAAGAGGACGG-1-HCAHeart7844001,Myeloid,0.9997543692588806,0.002634192586345855,D6,scanvi_scarches,predicted
CGGTTAATCTAACTCT-1-HCAHeart7844002,Endothelial,0.9998849630355835,0.0013440664008241147,D6,scanvi_scarches,predicted
CACGTTCAGTAATCCC-1-HCAHeart7905328,Endothelial,0.9998300075531006,0.0018911283971297325,D6,scanvi_scarches,predicted
TTAACTCAGGGTTTCT-1-HCAHeart7844001,Fibroblast,0.9997686743736267,0.002521390640017011,D6,scanvi_scarches,predicted
CTCATTAGTCAACTGT-1-HCAHeart7880861,Ventricular_Cardiomyocyte,0.999854564666748,0.0016583330677189887,D6,scanvi_scarches,predicted
AGCTTGAGTTTGGCGC-1-HCAHeart7844000,Lymphoid,0.9997977614402771,0.0022290145135741442,D6,scanvi_scarches,predicted
CGCGGTAGTAGAAAGG-1-HCAHeart7844004,Endothelial,0.9999161958694458,0.00102842145450551,D6,scanvi_scarches,predicted
GCGCGATAGGCAGTCA-1-HCAHeart7888926,Ventricular_Cardiomyocyte,0.9998940229415894,0.0012573131006363425,D6,scanvi_scarches,predicted
CGATGGCAGTCTCGGC-1-HCAHeart7844004,Endothelial,0.9997722506523132,0.0024771349028464684,D6,scanvi_scarches,predicted
GATCCCTGTCGAGCAA-1-HCAHeart7905332,Endothelial,0.9998611211776733,0.0015604634818771103,D6,scanvi_scarches,predicted
GATCAGTGTACGACCC-1-HCAHeart7844000,Pericytes,0.5309715270996094,0.7000171894758975,D6,scanvi_scarches,predicted
CTAACTTAGCTACCGC-1-HCAHeart7844003,Endothelial,0.9903995394706726,0.05976547295422717,D6,scanvi_scarches,predicted
GTAACGTGTCATGCCG-1-HCAHeart7844004,Endothelial,0.9998774528503418,0.0014779238831247722,D6,scanvi_scarches,predicted
CGTCCATCACTGTCGG-1-HCAHeart7844001,Endothelial,0.9995681643486023,0.004425089124897023,D6,scanvi_scarches,predicted
TGAGAGGAGACAAAGG-1-HCAHeart7844001,Myeloid,0.9997195601463318,0.0028989822204800006,D6,scanvi_scarches,predicted
ACGGCCAAGATGTCGG-1-HCAHeart7844003,Endothelial,0.9998868703842163,0.0013266504989040083,D6,scanvi_scarches,predicted
CCCTGATCACTAACGT-1-HCAHeart7905332,Endothelial,0.9998792409896851,0.001391577881872837,D6,scanvi_scarches,predicted
CATGACATCAAGAAGT-1-HCAHeart7844000,Pericytes,0.9997037053108215,0.0030510036830058256,D6,scanvi_scarches,predicted
CAACAGTAGTACTGTC-1-HCAHeart7905331,Endothelial,0.999880313873291,0.0014226840934878347,D6,scanvi_scarches,predicted
TAGTTGGTCCGTAGTA-1-HCAHeart7844001,Pericytes,0.9997182488441467,0.0029958610749164865,D6,scanvi_scarches,predicted
ACGAGGACACACGCTG-1-HCAHeart7844004,Endothelial,0.9998852014541626,0.001359297480874648,D6,scanvi_scarches,predicted
ACGGAGAGTTACTGAC-1-HCAHeart7888926,Endothelial,0.9997767806053162,0.0025219357712251344,D6,scanvi_scarches,predicted
AAGTCTGAGCATGGCA-1-HCAHeart7880862,Fibroblast,0.9993693232536316,0.006193498936527204,D6,scanvi_scarches,predicted
TCCCATGGTTTCCAAG-1-HCAHeart7905329,Endothelial,0.9999071359634399,0.001117195761563047,D6,scanvi_scarches,predicted
AGCATACTCGGTCCGA-1-HCAHeart7844003,Smooth_muscle_cells,0.9988071918487549,0.009966357984766163,D6,scanvi_scarches,predicted
CAGTAACGTGACTCAT-1-HCAHeart7844004,Pericytes,0.9396966099739075,0.2490289851799764,D6,scanvi_scarches,predicted
CACCACTGTCTCTCTG-1-HCAHeart7880862,Atrial_Cardiomyocyte,0.9996939897537231,0.0033206917489426186,D6,scanvi_scarches,predicted
AAGGAGCGTATTAGCC-1-HCAHeart7843999,Endothelial,0.9998750686645508,0.0014583489113268273,D6,scanvi_scarches,predicted
AGTAGTCGTTATCGGT-1-HCAHeart7844003,Smooth_muscle_cells,0.998963475227356,0.00887485405066681,D6,scanvi_scarches,predicted
GCATGCGAGCATGGCA-1-HCAHeart7888926,Ventricular_Cardiomyocyte,0.9998993873596191,0.0012032803900388332,D6,scanvi_scarches,predicted
CAACCTCAGGACAGAA-1-HCAHeart7843999,Endothelial,0.9999017715454102,0.0011621637270803455,D6,scanvi_scarches,predicted
TGAGGGACAACTGGCC-1-HCAHeart7844003,Endothelial,0.999823272228241,0.002038208013859848,D6,scanvi_scarches,predicted
GACACGCGTCGCGGTT-1-HCAHeart7880862,Atrial_Cardiomyocyte,0.9997804760932922,0.0024201487305584505,D6,scanvi_scarches,predicted
GTTCATTGTCAGATAA-1-HCAHeart7844004,Endothelial,0.9991281628608704,0.0076813752379088504,D6,scanvi_scarches,predicted
ATCCGAAGTGACCAAG-1-HCAHeart7843999,Smooth_muscle_cells,0.99972003698349,0.003064118163738837,D6,scanvi_scarches,predicted
TGGCCAGTCATCGGAT-1-HCAHeart7844004,Endothelial,0.9995731711387634,0.004431494493515125,D6,scanvi_scarches,predicted
CGTGTCTCAAATTGCC-1-HCAHeart7880860,Pericytes,0.999748170375824,0.002816476198590119,D6,scanvi_scarches,predicted
GTGTAACTCCGTGTCT-1-HCAHeart7905327,Endothelial,0.9998509883880615,0.0017226511743156578,D6,scanvi_scarches,predicted
AATCCAGGTACCTACA-1-HCAHeart7880861,Myeloid,0.997273862361908,0.01999587550076273,D6,scanvi_scarches,predicted
TCCCGATCAGATTGCT-1-HCAHeart7844004,Endothelial,0.9998799562454224,0.0014539853162778553,D6,scanvi_scarches,predicted
CAGCTAAGTACACCGC-1-HCAHeart7844003,Pericytes,0.9994142055511475,0.005479211648964971,D6,scanvi_scarches,predicted
TCTCTAAAGCTTCGCG-1-HCAHeart7844001,Endothelial,0.9998730421066284,0.0015060491728989373,D6,scanvi_scarches,predicted
TAAGCGTTCTTGCATT-1-HCAHeart7844001,Endothelial,0.9997956156730652,0.002307494481252769,D6,scanvi_scarches,predicted
CATATGGAGCTCCTCT-1-HCAHeart7844001,Endothelial,0.9998804330825806,0.0014097251124395177,D6,scanvi_scarches,predicted
GAATGAAAGGTGTGGT-1-HCAHeart7844000,Endothelial,0.9998928308486938,0.0012791775829556686,D6,scanvi_scarches,predicted
CCTCTGAAGATGGCGT-1-HCAHeart7844001,Pericytes,0.9990895986557007,0.008122254429015386,D6,scanvi_scarches,predicted
AGAATAGTCTTAGCCC-1-HCAHeart7880862,Atrial_Cardiomyocyte,0.9997407793998718,0.0027866700325676124,D6,scanvi_scarches,predicted
CGACTTCTCACCGTAA-1-HCAHeart7880862,Fibroblast,0.9998717308044434,0.0015339250300166688,D6,scanvi_scarches,predicted
GCGCAGTTCTACCAGA-1-HCAHeart7844002,Myeloid,0.9995328187942505,0.004758957175921003,D6,scanvi_scarches,predicted
ACGCCAGAGGTGCAAC-1-HCAHeart7843999,Endothelial,0.9997475743293762,0.0026391924729292455,D6,scanvi_scarches,predicted
CACACAAGTCGGCATC-1-HCAHeart7843999,Endothelial,0.9998904466629028,0.001281814196669548,D6,scanvi_scarches,predicted
GCATGATCATCACGTA-1-HCAHeart7880863,Fibroblast,0.9998409748077393,0.0018538323796325833,D6,scanvi_scarches,predicted
CGTAGCGCACCTCGGA-1-HCAHeart7843999,Endothelial,0.999775230884552,0.002382796227655883,D6,scanvi_scarches,predicted
GGTGTTAGTCCAAGTT-1-HCAHeart7844004,Myeloid,0.9996945858001709,0.0031331536310325956,D6,scanvi_scarches,predicted
TCGAAGTCATGGCGCT-1-HCAHeart7905332,Endothelial,0.9998056292533875,0.0022223860873891626,D6,scanvi_scarches,predicted
CTCGGGATCCGCATCT-1-HCAHeart7888927,Ventricular_Cardiomyocyte,0.9990183115005493,0.008535927302818191,D6,scanvi_scarches,predicted
TGGGCGTAGACAAAGG-1-HCAHeart7843999,Pericytes,0.9993807077407837,0.005979583942483159,D6,scanvi_scarches,predicted
AAACCTGCATCCGCGA-1-HCAHeart7844001,Endothelial,0.9998107552528381,0.002160679777439654,D6,scanvi_scarches,predicted
AGAGCTTCAGGGTTAG-1-HCAHeart7844001,Pericytes,0.9783640503883362,0.10902287826530666,D6,scanvi_scarches,predicted
TGACGCGGTTGTCAGT-1-HCAHeart7905332,Endothelial,0.9998639822006226,0.0015653567763215458,D6,scanvi_scarches,predicted
CGAGAAGGTGATGAAT-1-HCAHeart7905331,Endothelial,0.9997332692146301,0.0029427592710879118,D6,scanvi_scarches,predicted
TAAGAGAAGTGACATA-1-HCAHeart7844001,Endothelial,0.9997157454490662,0.003023516719331578,D6,scanvi_scarches,predicted
GTCGTAATCATCATTC-1-HCAHeart7844000,Endothelial,0.9997850060462952,0.0023606373746419434,D6,scanvi_scarches,predicted
CGCCAAGCACATCCGG-1-HCAHeart7844002,Smooth_muscle_cells,0.9996826648712158,0.003273202875013862,D6,scanvi_scarches,predicted
TCCATCGGTGAGTCAG-1-HCAHeart7905328,Endothelial,0.9998542070388794,0.001714009500557497,D6,scanvi_scarches,predicted
CCACGGAAGCTAACAA-1-HCAHeart7844004,Smooth_muscle_cells,0.9998160004615784,0.0021020822728017477,D6,scanvi_scarches,predicted
GCGTGCATCTGCGGCA-1-HCAHeart7905332,Endothelial,0.9998586177825928,0.0015933757440401485,D6,scanvi_scarches,predicted
GTCATTTAGATGTGTA-1-HCAHeart7888926,Endothelial,0.999893307685852,0.0012661642567701461,D6,scanvi_scarches,predicted
CATCGGGAGTACGACG-1-HCAHeart7880862,Adipocytes,0.9998797178268433,0.0014430572381821587,D6,scanvi_scarches,predicted
GATGACTGTGAGATTA-1-HCAHeart7905329,Pericytes,0.9642101526260376,0.1596442105698908,D6,scanvi_scarches,predicted
CCTCTCCGTTCTGAGT-1-HCAHeart7905327,Pericytes,0.9989136457443237,0.009276357137607,D6,scanvi_scarches,predicted
TAGTGGTAGGGATACC-1-HCAHeart7844004,Endothelial,0.9998751878738403,0.0014607499791590524,D6,scanvi_scarches,predicted
CTGAAACCAAATTGCC-1-HCAHeart7844001,Endothelial,0.9997602105140686,0.0025715562400458842,D6,scanvi_scarches,predicted
CTTAACTAGTAAGTAC-1-HCAHeart7844000,Neuronal,0.999447762966156,0.005654637431220901,D6,scanvi_scarches,predicted
TGAGCATTCGGCGCAT-1-HCAHeart7844001,Endothelial,0.9995419979095459,0.004391205679172524,D6,scanvi_scarches,predicted
GTGCTGGAGGAATGTT-1-HCAHeart7905328,Pericytes,0.9993308782577515,0.0061647204669013035,D6,scanvi_scarches,predicted
CCTTTCTAGTGTTGAA-1-HCAHeart7844004,Endothelial,0.9998593330383301,0.0016013945297244626,D6,scanvi_scarches,predicted
CATGACACAGTCAGCC-1-HCAHeart7844004,Endothelial,0.9998869895935059,0.0013252489785828593,D6,scanvi_scarches,predicted
CTCGAGGCATGCAGGA-1-HCAHeart7905327,Endothelial,0.9986121654510498,0.01265406256115148,D6,scanvi_scarches,predicted
CCCAACTTCAACGCTA-1-HCAHeart7905332,Smooth_muscle_cells,0.9998111128807068,0.0021470206383907902,D6,scanvi_scarches,predicted
GACCTGGAGGCAGGTT-1-HCAHeart7888926,Ventricular_Cardiomyocyte,0.9998714923858643,0.0015021875508812897,D6,scanvi_scarches,predicted
GCATGATTCTTCCTTC-1-HCAHeart7880862,Atrial_Cardiomyocyte,0.9997815489768982,0.002409097448606238,D6,scanvi_scarches,predicted
CCCGGAAGTCGAATTC-1-HCAHeart7905331,Endothelial,0.9996665716171265,0.003422900957274058,D6,scanvi_scarches,predicted
TCTTCGGTCTTGTATC-1-HCAHeart7844001,Myeloid,0.9997369647026062,0.0027957587696322856,D6,scanvi_scarches,predicted
GTTAAGCAGAGCAATT-1-HCAHeart7880861,Endothelial,0.9979860782623291,0.015900048527813692,D6,scanvi_scarches,predicted
AGTGATCGTGTCTCCT-1-HCAHeart7905328,Endothelial,0.9997956156730652,0.0022541940705659534,D6,scanvi_scarches,predicted
CGATCGGGTCGGCATC-1-HCAHeart7844001,Endothelial,0.9998934268951416,0.001275196351146211,D6,scanvi_scarches,predicted
AAAGATGAGGTGCTAG-1-HCAHeart7843999,Endothelial,0.9998993873596191,0.001195159406519286,D6,scanvi_scarches,predicted
AACGTTGCAGCTCGCA-1-HCAHeart7844001,Pericytes,0.9513130187988281,0.21778391770796982,D6,scanvi_scarches,predicted
ATCATGGAGTGAACGC-1-HCAHeart7844004,Endothelial,0.9996507167816162,0.0037093723950989413,D6,scanvi_scarches,predicted
CAGAGAGTCGATGAGG-1-HCAHeart7844003,Endothelial,0.9999158382415771,0.0010353604417953557,D6,scanvi_scarches,predicted
GGTAGAGCATCGGCCA-1-HCAHeart7905332,Endothelial,0.9997203946113586,0.0028680192340074686,D6,scanvi_scarches,predicted
AAGATAGGTGTCACAT-1-HCAHeart7905332,Endothelial,0.9998278617858887,0.002025447534862114,D6,scanvi_scarches,predicted
TCTGCCACAGCTCATA-1-HCAHeart7905331,Endothelial,0.9998683929443359,0.001492205194233969,D6,scanvi_scarches,predicted
CACCAGGCATGAACCT-1-HCAHeart7844001,Endothelial,0.9997562766075134,0.002652191158261043,D6,scanvi_scarches,predicted
AAAGTCCAGAACCCGA-1-HCAHeart7905330,Endothelial,0.9996894598007202,0.0032893354348433436,D6,scanvi_scarches,predicted
TGGCCAGGTATAGTAG-1-HCAHeart7843999,Smooth_muscle_cells,0.9974594712257385,0.01868191714954484,D6,scanvi_scarches,predicted
GGTAGAGTCTAAACGC-1-HCAHeart7905327,Endothelial,0.9998822212219238,0.001387332942562931,D6,scanvi_scarches,predicted
TGTTCTACATGGCACC-1-HCAHeart7905330,Endothelial,0.9997308850288391,0.0027938698068267266,D6,scanvi_scarches,predicted
CGAGCCATCCTAGAAC-1-HCAHeart7844001,Fibroblast,0.9997829794883728,0.0023736727853630496,D6,scanvi_scarches,predicted
ACGCCAGCACCAACCG-1-HCAHeart7880862,Atrial_Cardiomyocyte,0.9997619986534119,0.002636646819209066,D6,scanvi_scarches,predicted
CACACAAGTAAAGGAG-1-HCAHeart7844001,Smooth_muscle_cells,0.9995338916778564,0.00453941866240547,D6,scanvi_scarches,predicted
AACTCAGCAGATTGCT-1-HCAHeart7844003,Smooth_muscle_cells,0.569505512714386,0.7158083730235041,D6,scanvi_scarches,predicted
CGTTCTGTCAGGCGAA-1-HCAHeart7843999,Smooth_muscle_cells,0.9998132586479187,0.0021283309753575294,D6,scanvi_scarches,predicted
CAGCTAATCAGCATGT-1-HCAHeart7844000,Lymphoid,0.9997065663337708,0.003133365465915212,D6,scanvi_scarches,predicted
CTTCTCTGTGCAGACA-1-HCAHeart7888927,Fibroblast,0.9999059438705444,0.0011679692113439727,D6,scanvi_scarches,predicted
GGTGTCGCAATGTGGG-1-HCAHeart7905328,Endothelial,0.9996883869171143,0.003124257275443995,D6,scanvi_scarches,predicted
CAACTAGCAAGGTTTC-1-HCAHeart7843999,Pericytes,0.9961494207382202,0.02703156879057955,D6,scanvi_scarches,predicted
CAACCTCAGGGTATCG-1-HCAHeart7844001,Endothelial,0.9999082088470459,0.0011167138576387609,D6,scanvi_scarches,predicted
CGGCTAGAGAGAACAG-1-HCAHeart7844001,Endothelial,0.9998955726623535,0.0012405194458804123,D6,scanvi_scarches,predicted
GTATTCTCACACTGCG-1-HCAHeart7880861,Fibroblast,0.9998549222946167,0.0016820523152527547,D6,scanvi_scarches,predicted
TACCGAATCTAGTGAC-1-HCAHeart7905328,Endothelial,0.999858021736145,0.0016161778240826178,D6,scanvi_scarches,predicted
CTGCTGTTCGTTACAG-1-HCAHeart7843999,Endothelial,0.999887228012085,0.0013194545406955366,D6,scanvi_scarches,predicted
ATGGGTTTCATGAAAG-1-HCAHeart7905328,Endothelial,0.9998617172241211,0.0015767710968359093,D6,scanvi_scarches,predicted
TTACGCCTCAAGATAG-1-HCAHeart7905331,Pericytes,0.9995201826095581,0.004636639498149142,D6,scanvi_scarches,predicted
CAATTTCGTCGGAACA-1-HCAHeart7905332,Lymphoid,0.9998026490211487,0.0021820920245190414,D6,scanvi_scarches,predicted
TAGTTGGAGATCCCGC-1-HCAHeart7844003,Lymphoid,0.9997861981391907,0.0023387176928655203,D6,scanvi_scarches,predicted
TTAACTCCATGCCTAA-1-HCAHeart7844001,Endothelial,0.999895453453064,0.0012589899279450486,D6,scanvi_scarches,predicted
AGATTGCCAAGAGTCG-1-HCAHeart7844000,Neuronal,0.999767005443573,0.002619137599572627,D6,scanvi_scarches,predicted
CCCAGTTAGAAGATTC-1-HCAHeart7844001,Endothelial,0.999860405921936,0.001642588018982146,D6,scanvi_scarches,predicted
GGACATTTCCTTCAAT-1-HCAHeart7844001,Endothelial,0.9998886585235596,0.0013350425413760658,D6,scanvi_scarches,predicted
ACTGAGTTCACGACTA-1-HCAHeart7844000,Endothelial,0.9997941851615906,0.002340725859664149,D6,scanvi_scarches,predicted
GCACATAGTCCGGTCA-1-HCAHeart7905328,Endothelial,0.9992876648902893,0.007195731781719368,D6,scanvi_scarches,predicted
TAAGCGTGTCCTGCTT-1-HCAHeart7844004,Endothelial,0.9997720122337341,0.00252811712345979,D6,scanvi_scarches,predicted
AACACGTTCTCGTTTA-1-HCAHeart7844003,Pericytes,0.8503062725067139,0.4789977138951874,D6,scanvi_scarches,predicted
CGCTATCCATGCCACG-1-HCAHeart7880862,Atrial_Cardiomyocyte,0.9997005462646484,0.0031820984853629507,D6,scanvi_scarches,predicted
GGTTCTCCAGCGTTGC-1-HCAHeart7905327,Endothelial,0.9998571872711182,0.0016162729658663593,D6,scanvi_scarches,predicted
GTGCATAAGAGTCGGT-1-HCAHeart7844001,Pericytes,0.9656066298484802,0.15886814976188088,D6,scanvi_scarches,predicted
GCTGCAGCAGCGAACA-1-HCAHeart7844004,Endothelial,0.9998668432235718,0.0015879818999499369,D6,scanvi_scarches,predicted
TGTATTCAGTTGAGAT-1-HCAHeart7844004,Endothelial,0.9998273849487305,0.0019977076015977387,D6,scanvi_scarches,predicted
ACGGGTCGTCCGTCAG-1-HCAHeart7844004,Endothelial,0.9996811151504517,0.0034649944062291943,D6,scanvi_scarches,predicted
ACTGATGTCTGTACGA-1-HCAHeart7844000,Endothelial,0.9998579025268555,0.0016619937121289997,D6,scanvi_scarches,predicted
GAAGCCCTCACAGAGG-1-HCAHeart7905328,Endothelial,0.9991142153739929,0.008105214629211866,D6,scanvi_scarches,predicted
ACCTGAAGTCAACATC-1-HCAHeart7905327,Endothelial,0.9998263716697693,0.00189425836753615,D6,scanvi_scarches,predicted
TCAGGATGTGTCCTCT-1-HCAHeart7880860,Fibroblast,0.9996523857116699,0.0036394381833998873,D6,scanvi_scarches,predicted
TCGATTTAGTGTTCCA-1-HCAHeart7905328,Endothelial,0.999790370464325,0.002226573245958179,D6,scanvi_scarches,predicted
TTGACTTGTCGCGGTT-1-HCAHeart7844004,Endothelial,0.9998341798782349,0.0018216477705626218,D6,scanvi_scarches,predicted
GTTGCTCAGGCTGGAT-1-HCAHeart7905332,Endothelial,0.9999042749404907,0.0011392648425370667,D6,scanvi_scarches,predicted
GAACACTAGCCTAACT-1-HCAHeart7905332,Endothelial,0.999859094619751,0.0016081950013378682,D6,scanvi_scarches,predicted
CTACCCACAATCGGTT-1-HCAHeart7844004,Endothelial,0.9998249411582947,0.0019590770659136604,D6,scanvi_scarches,predicted
ATCTACTCATTGGCGC-1-HCAHeart7880861,Ventricular_Cardiomyocyte,0.9998420476913452,0.0017928785101109426,D6,scanvi_scarches,predicted
GATTCAGCAAGTAATG-1-HCAHeart7844003,Endothelial,0.9929178357124329,0.049130192703772745,D6,scanvi_scarches,predicted
AACTCTTTCGTTTAGG-1-HCAHeart7844000,Endothelial,0.9999034404754639,0.001177168343338499,D6,scanvi_scarches,predicted
TTGCCGTTCAAACGGG-1-HCAHeart7844004,Endothelial,0.9996854066848755,0.00336047509029786,D6,scanvi_scarches,predicted
TGGCCAGTCTACGAGT-1-HCAHeart7844003,Pericytes,0.930746853351593,0.2599435433489379,D6,scanvi_scarches,predicted
GACCCAGCACTCCACT-1-HCAHeart7905332,Endothelial,0.9995088577270508,0.004998449811851373,D6,scanvi_scarches,predicted
TCTCTAATCCAAGTAC-1-HCAHeart7844004,Myeloid,0.999468982219696,0.004894024642836807,D6,scanvi_scarches,predicted
TATTACCTCCGAATGT-1-HCAHeart7888927,Pericytes,0.9997368454933167,0.00276028258887425,D6,scanvi_scarches,predicted
GTTAAGCCAGGGTATG-1-HCAHeart7880862,Neuronal,0.9636006355285645,0.19383443994964286,D6,scanvi_scarches,predicted
TCTTCGGTCCTCAATT-1-HCAHeart7843999,Smooth_muscle_cells,0.9992768168449402,0.006490185456824948,D6,scanvi_scarches,predicted
TAAACCGCAGACAGGT-1-HCAHeart7844000,Smooth_muscle_cells,0.9974498152732849,0.018782238760404725,D6,scanvi_scarches,predicted
TTGAACGAGATACACA-1-HCAHeart7888927,Ventricular_Cardiomyocyte,0.9998470544815063,0.0017275157785281608,D6,scanvi_scarches,predicted
TGAGGGAAGCAATAGT-1-HCAHeart7905332,Endothelial,0.9998852014541626,0.0013314352265397236,D6,scanvi_scarches,predicted
TCACAAGAGTACCCTA-1-HCAHeart7905327,Endothelial,0.999839186668396,0.0018677925524937789,D6,scanvi_scarches,predicted
ACGGGTCCAATCCAAC-1-HCAHeart7844000,Endothelial,0.9999011754989624,0.0011915956744828027,D6,scanvi_scarches,predicted
TTGTTTGTCCTTTAGT-1-HCAHeart7905327,Endothelial,0.9998936653137207,0.0012923803263708929,D6,scanvi_scarches,predicted
AGATCTGTCGGACAAG-1-HCAHeart7888927,Ventricular_Cardiomyocyte,0.9998255372047424,0.001960902891462951,D6,scanvi_scarches,predicted
ATCTACTTCTGCAAGT-1-HCAHeart7844004,Endothelial,0.9998965263366699,0.0012166051095547105,D6,scanvi_scarches,predicted
AAACCTGGTCACAAGG-1-HCAHeart7880862,Fibroblast,0.9999041557312012,0.001180265597093811,D6,scanvi_scarches,predicted
TGCGCAGGTTGGTGGA-1-HCAHeart7880862,Atrial_Cardiomyocyte,0.9997846484184265,0.002401825753726993,D6,scanvi_scarches,predicted
ACAGCCGTCGCACTCT-1-HCAHeart7888926,Endothelial,0.9998568296432495,0.0016130277187880993,D6,scanvi_scarches,predicted
GCATGTATCTTAGCCC-1-HCAHeart7844000,Pericytes,0.9996358156204224,0.003874711329223572,D6,scanvi_scarches,predicted
CTTCCGAGTTCCAAAC-1-HCAHeart7905332,Endothelial,0.9998998641967773,0.0011909041602905471,D6,scanvi_scarches,predicted
CAACCAAAGATATGCA-1-HCAHeart7844001,Endothelial,0.9997350573539734,0.002919949944216591,D6,scanvi_scarches,predicted
ACTTTCACATCTATGG-1-HCAHeart7844002,Pericytes,0.9833049774169922,0.08800933249940865,D6,scanvi_scarches,predicted
CGGGACTTCATTTGTC-1-HCAHeart7905327,Endothelial,0.9998971223831177,0.0012058315125062023,D6,scanvi_scarches,predicted
CATCGGGGTCACTTCC-1-HCAHeart7905328,Endothelial,0.9996172189712524,0.0037342270413669187,D6,scanvi_scarches,predicted
GCGAGAAAGATGTTAG-1-HCAHeart7844001,Myeloid,0.9997442364692688,0.0027710968081196127,D6,scanvi_scarches,predicted
TCAGCAAAGGGTTCCC-1-HCAHeart7880861,Adipocytes,0.9999126195907593,0.0010833664426198946,D6,scanvi_scarches,predicted
GGTGCGTGTCCAGTGC-1-HCAHeart7844002,Lymphoid,0.9996728897094727,0.0034239846486645254,D6,scanvi_scarches,predicted
CGCAGGTTCGTAGTCA-1-HCAHeart7905327,Endothelial,0.9998000264167786,0.0021665046217569576,D6,scanvi_scarches,predicted
CGCCAAGAGAAACCAT-1-HCAHeart7844003,Endothelial,0.9997698664665222,0.002523101892318699,D6,scanvi_scarches,predicted
AGATCTGGTAAGCACG-1-HCAHeart7844004,Pericytes,0.8885630965232849,0.35628827186080475,D6,scanvi_scarches,predicted
AAGTGAACAAGGGTCA-1-HCAHeart7905327,Endothelial,0.9998935461044312,0.0012593722636898644,D6,scanvi_scarches,predicted
ACACTGAAGTTATCGC-1-HCAHeart7844004,Endothelial,0.999886155128479,0.0013324214778507673,D6,scanvi_scarches,predicted
TTGTAGGTCTGTCAAG-1-HCAHeart7844001,Endothelial,0.9867033958435059,0.07368382888559113,D6,scanvi_scarches,predicted
GTGGGTCTCACCACCT-1-HCAHeart7844001,Endothelial,0.6026335954666138,0.7083449574962262,D6,scanvi_scarches,predicted
GACGTGCCAGGCTCAC-1-HCAHeart7844000,Endothelial,0.9997887015342712,0.0023327498888771523,D6,scanvi_scarches,predicted
GACCTGGAGGGTTTCT-1-HCAHeart7844002,Lymphoid,0.999526858329773,0.004788916621823875,D6,scanvi_scarches,predicted
CTGAAGTAGCGATTCT-1-HCAHeart7843999,Myeloid,0.9995574355125427,0.004363062773528198,D6,scanvi_scarches,predicted
GAGATGGTCATACGAC-1-HCAHeart7905329,Endothelial,0.9980025887489319,0.01660390219880618,D6,scanvi_scarches,predicted
CTTAGGAAGTCTTGCA-1-HCAHeart7844001,Endothelial,0.9993718266487122,0.006326917436139111,D6,scanvi_scarches,predicted
TGTATTCAGCCTATGT-1-HCAHeart7844001,Endothelial,0.9997695088386536,0.0025661896056810253,D6,scanvi_scarches,predicted
TGCCCTATCTAACCGA-1-HCAHeart7844001,Endothelial,0.999751627445221,0.002728722481734764,D6,scanvi_scarches,predicted
CGTGTAATCATGCAAC-1-HCAHeart7844004,Smooth_muscle_cells,0.9991164803504944,0.007873874771707182,D6,scanvi_scarches,predicted
GCTTCCATCGTGTAGT-1-HCAHeart7844001,Endothelial,0.9994874000549316,0.005051896412154491,D6,scanvi_scarches,predicted
CATCGGGTCTTGAGAC-1-HCAHeart7888927,Endothelial,0.9989782571792603,0.009746932206566186,D6,scanvi_scarches,predicted
CAGGTATGTTGGAGGT-1-HCAHeart7905331,Myeloid,0.999674916267395,0.003293728280613182,D6,scanvi_scarches,predicted
CCGGTAGCAATGAATG-1-HCAHeart7888926,Myeloid,0.5674358606338501,0.7073931026991147,D6,scanvi_scarches,predicted
CTCAGTCAGACCATGG-1-HCAHeart7905332,Endothelial,0.9998842477798462,0.0013871517942282818,D6,scanvi_scarches,predicted
GAACATCTCACCCGAG-1-HCAHeart7880862,Atrial_Cardiomyocyte,0.9997974038124084,0.0022524724778687413,D6,scanvi_scarches,predicted
AAACCTGCAAAGTCAA-1-HCAHeart7844004,Smooth_muscle_cells,0.6820153594017029,0.6423013574445904,D6,scanvi_scarches,predicted
TTCTTGACAATGAAAC-1-HCAHeart7905327,Endothelial,0.9998530149459839,0.0016405829806674964,D6,scanvi_scarches,predicted
GTCCTCAAGCGATAGC-1-HCAHeart7844001,Endothelial,0.9998219609260559,0.0019630880144679863,D6,scanvi_scarches,predicted
CGGGCATCAGCTACCG-1-HCAHeart7905331,Endothelial,0.9998619556427002,0.0015578777646305718,D6,scanvi_scarches,predicted
AATGAAGAGGGTGAGG-1-HCAHeart7905331,Endothelial,0.999763548374176,0.0025477236881565487,D6,scanvi_scarches,predicted
TGTTCATTCGACGCGT-1-HCAHeart7905330,Fibroblast,0.9992401599884033,0.0069156180363021,D6,scanvi_scarches,predicted
CGACTTCTCGCGTTTC-1-HCAHeart7844000,Smooth_muscle_cells,0.9998072981834412,0.0021650413943077986,D6,scanvi_scarches,predicted
CACATAGGTCATATGC-1-HCAHeart7844001,Endothelial,0.9996465444564819,0.0036082981598982086,D6,scanvi_scarches,predicted
GCAGTTAAGACAAAGG-1-HCAHeart7844000,Endothelial,0.9998546838760376,0.0016788689445141616,D6,scanvi_scarches,predicted
CGTCAGGCAGCTGTAT-1-HCAHeart7844003,Endothelial,0.999657392501831,0.003683255228148896,D6,scanvi_scarches,predicted
GTGCATAAGCTGCAAG-1-HCAHeart7844004,Endothelial,0.999904990196228,0.001147550274801309,D6,scanvi_scarches,predicted
CCGTTCAGTAAGCACG-1-HCAHeart7888926,Pericytes,0.9998143315315247,0.0021254861792263727,D6,scanvi_scarches,predicted
GCTTGAAAGAAACCAT-1-HCAHeart7844001,Endothelial,0.999782383441925,0.0023847530875476747,D6,scanvi_scarches,predicted
AAAGCAATCAGGCAAG-1-HCAHeart7880861,Adipocytes,0.9999204874038696,0.0009921477532655178,D6,scanvi_scarches,predicted
GGAACCCTCGTAATGC-1-HCAHeart7905330,Endothelial,0.9998422861099243,0.0017478761477100634,D6,scanvi_scarches,predicted
ACTGTCCCACAAGTAA-1-HCAHeart7844003,Endothelial,0.9997275471687317,0.0028063288357664377,D6,scanvi_scarches,predicted
ACGATGTGTCCCTACT-1-HCAHeart7844004,Pericytes,0.9996606111526489,0.003568328318090359,D6,scanvi_scarches,predicted
TATGCCCCAAGTACCT-1-HCAHeart7844001,Endothelial,0.9990886449813843,0.008262047260631395,D6,scanvi_scarches,predicted
AGTGGGAGTGGGTATG-1-HCAHeart7888926,Endothelial,0.999893069267273,0.001278523725044686,D6,scanvi_scarches,predicted
TATCTCATCTGTCTCG-1-HCAHeart7844003,Endothelial,0.9155740141868591,0.2952038391485959,D6,scanvi_scarches,predicted
AGTCTTTCATACTCTT-1-HCAHeart7844004,Endothelial,0.999727189540863,0.0029784817081635706,D6,scanvi_scarches,predicted
CGCCAAGGTAGCGATG-1-HCAHeart7844001,Myeloid,0.9997560381889343,0.002618827161130315,D6,scanvi_scarches,predicted
TCTCTAAAGGATGTAT-1-HCAHeart7844003,Endothelial,0.9998838901519775,0.0013820849550198883,D6,scanvi_scarches,predicted
TAGCCGGTCCACGTTC-1-HCAHeart7844004,Endothelial,0.9998292922973633,0.0019356336474965917,D6,scanvi_scarches,predicted
AGCGTATCACGAAGCA-1-HCAHeart7880862,Atrial_Cardiomyocyte,0.9997393488883972,0.0028927524968236596,D6,scanvi_scarches,predicted
TCCACACAGCTGGAAC-1-HCAHeart7844004,Endothelial,0.9998433589935303,0.0017436339042456923,D6,scanvi_scarches,predicted
GGCGTCAGTTTACTGG-1-HCAHeart7905331,Endothelial,0.9995762705802917,0.004221182239036532,D6,scanvi_scarches,predicted
AACACGTTCGGATGTT-1-HCAHeart7844004,Endothelial,0.9998419284820557,0.0017681680125592866,D6,scanvi_scarches,predicted
ATCATCTCATACAGCT-1-HCAHeart7843999,Endothelial,0.9998682737350464,0.0015460690103505257,D6,scanvi_scarches,predicted
GGACATTGTCTTGCGG-1-HCAHeart7844003,Endothelial,0.9998666048049927,0.0015660982852054193,D6,scanvi_scarches,predicted
TCACAAGCATACTCTT-1-HCAHeart7844003,Endothelial,0.99986732006073,0.0015326685345752448,D6,scanvi_scarches,predicted
CGTCTACGTCGAGTTT-1-HCAHeart7888927,Pericytes,0.9991280436515808,0.008128496600904044,D6,scanvi_scarches,predicted
CACACTCCATGCATGT-1-HCAHeart7844002,Smooth_muscle_cells,0.999761164188385,0.002674192839071706,D6,scanvi_scarches,predicted
ATTCACTTCTGTGTGA-1-HCAHeart7905327,Endothelial,0.9998689889907837,0.0014911155763348974,D6,scanvi_scarches,predicted
ATGCGATTCGGATGTT-1-HCAHeart7888927,Ventricular_Cardiomyocyte,0.9998534917831421,0.0016889334699460882,D6,scanvi_scarches,predicted
TGCGTGGCACATGACT-1-HCAHeart7843999,Lymphoid,0.9997549653053284,0.00263891141706537,D6,scanvi_scarches,predicted
CAAGGCCCATTGTGCA-1-HCAHeart7844001,Fibroblast,0.9996721744537354,0.0034861285983240724,D6,scanvi_scarches,predicted
AGTCTTTAGTGATCGG-1-HCAHeart7844000,Endothelial,0.9998724460601807,0.0014703490986755423,D6,scanvi_scarches,predicted
GAGATGGGTGGCCTCA-1-HCAHeart7905328,Endothelial,0.9997995495796204,0.0021456372372662437,D6,scanvi_scarches,predicted
GTGCTTCGTCGAGTTT-1-HCAHeart7844004,Endothelial,0.9999022483825684,0.001176115592415685,D6,scanvi_scarches,predicted
GCTGGGTCAGGGCATA-1-HCAHeart7888926,Ventricular_Cardiomyocyte,0.9998558759689331,0.0016546880154199028,D6,scanvi_scarches,predicted
ACGCCAGAGCGATGAC-1-HCAHeart7844004,Pericytes,0.8120386600494385,0.4905642335456656,D6,scanvi_scarches,predicted
TTCCAATCACCGAATT-1-HCAHeart7905331,Endothelial,0.9998859167098999,0.001325405010087421,D6,scanvi_scarches,predicted
CTTCTCTCATGTTCCC-1-HCAHeart7844003,Smooth_muscle_cells,0.9819427132606506,0.09439368143907777,D6,scanvi_scarches,predicted
CCATAAGGTTCCATTT-1-HCAHeart7905327,Endothelial,0.9998552799224854,0.0016423729088134282,D6,scanvi_scarches,predicted
GATTCAGAGAGGGATA-1-HCAHeart7843999,Endothelial,0.9998177886009216,0.002035509690687696,D6,scanvi_scarches,predicted
TTAACTCTCGCAAGCC-1-HCAHeart7843999,Endothelial,0.9999080896377563,0.0011019541776481473,D6,scanvi_scarches,predicted
TTGAACGCACACCGCA-1-HCAHeart7844002,Lymphoid,0.9996452331542969,0.0036523587625090777,D6,scanvi_scarches,predicted
GTCCTCAGTTAAGACA-1-HCAHeart7844001,Myeloid,0.9996271133422852,0.0036409651842437955,D6,scanvi_scarches,predicted
AACTTTCGTCAGTGGA-1-HCAHeart7844004,Endothelial,0.9998495578765869,0.0017178173333583552,D6,scanvi_scarches,predicted
AGTGTTGGTGAGGAAA-1-HCAHeart7905332,Fibroblast,0.9998866319656372,0.0013691730085863497,D6,scanvi_scarches,predicted
GACACGCCAAGACAAT-1-HCAHeart7905328,Fibroblast,0.9998902082443237,0.0013318076591437272,D6,scanvi_scarches,predicted
CTACACCTCTTAACCT-1-HCAHeart7844001,Endothelial,0.9998281002044678,0.0019043025460659152,D6,scanvi_scarches,predicted
TAGTGCATCTGGACCG-1-HCAHeart7905332,Endothelial,0.999858021736145,0.0016712677461289938,D6,scanvi_scarches,predicted
GTTTCTATCAGCAACT-1-HCAHeart7844004,Endothelial,0.9998824596405029,0.0014054083086879592,D6,scanvi_scarches,predicted
AAGCCGCCAATGTTGC-1-HCAHeart7888927,Pericytes,0.9997386336326599,0.0028233147564288613,D6,scanvi_scarches,predicted
AAAGATGTCCCTCTTT-1-HCAHeart7880861,Ventricular_Cardiomyocyte,0.9998531341552734,0.0016855892172404799,D6,scanvi_scarches,predicted
CACTGTCGTATCATGC-1-HCAHeart7905328,Fibroblast,0.999828577041626,0.0019931309272733675,D6,scanvi_scarches,predicted
TCAATCTCACCTGGTG-1-HCAHeart7844004,Endothelial,0.9998451471328735,0.0018183116040340788,D6,scanvi_scarches,predicted
GAATGAAAGTTGAGAT-1-HCAHeart7844004,Endothelial,0.9998002648353577,0.0022163994984543446,D6,scanvi_scarches,predicted
AGTCTTTTCAGCGATT-1-HCAHeart7843999,Endothelial,0.9998005032539368,0.002225200757404087,D6,scanvi_scarches,predicted
CTACCCACAAGACACG-1-HCAHeart7880860,Ventricular_Cardiomyocyte,0.9998857975006104,0.0013493241475003876,D6,scanvi_scarches,predicted
ACACCCTAGAAACCAT-1-HCAHeart7844004,Endothelial,0.999914288520813,0.0010529037905922078,D6,scanvi_scarches,predicted
GCTGCAGAGCGCCTTG-1-HCAHeart7888926,Ventricular_Cardiomyocyte,0.9997648596763611,0.0025362570189971442,D6,scanvi_scarches,predicted
ACCAGTACAGCCAATT-1-HCAHeart7844004,Endothelial,0.9998414516448975,0.001853520673007582,D6,scanvi_scarches,predicted
GCAAACTCACCAGGCT-1-HCAHeart7844001,Endothelial,0.9998835325241089,0.0013679166196589672,D6,scanvi_scarches,predicted
ATCTGCCCACCTCGGA-1-HCAHeart7844000,Lymphoid,0.9996155500411987,0.004106812440935484,D6,scanvi_scarches,predicted
ACAGCCGGTTTACACG-1-HCAHeart7905331,Endothelial,0.9998217225074768,0.001961244382881341,D6,scanvi_scarches,predicted
CTACATTAGGACGAAA-1-HCAHeart7844003,Myeloid,0.9997376799583435,0.002793916067981652,D6,scanvi_scarches,predicted
GTAACGTTCGTTACGA-1-HCAHeart7844001,Pericytes,0.7078225612640381,0.6191404211917698,D6,scanvi_scarches,predicted
GCAGTTAGTTCACGGC-1-HCAHeart7844004,Endothelial,0.9997194409370422,0.002982755086809464,D6,scanvi_scarches,predicted
GTCATCCAGACGCCCT-1-HCAHeart7905327,Endothelial,0.9998856782913208,0.0013324682637360754,D6,scanvi_scarches,predicted
CCACTACCAAAGGAAG-1-HCAHeart7844004,Endothelial,0.9999192953109741,0.0009892515488658365,D6,scanvi_scarches,predicted
ACGGCCACAGCCTGTG-1-HCAHeart7844001,Endothelial,0.9998235106468201,0.0020141334477949903,D6,scanvi_scarches,predicted
GGTATTGTCTGCAAGT-1-HCAHeart7843999,Lymphoid,0.9997610449790955,0.002599204159957585,D6,scanvi_scarches,predicted
CATCAGATCAGGCCCA-1-HCAHeart7844000,Endothelial,0.9997346997261047,0.0029197899136049654,D6,scanvi_scarches,predicted
TCCCGATCACGGCTAC-1-HCAHeart7843999,Endothelial,0.9998691082000732,0.0015406496880848097,D6,scanvi_scarches,predicted
TGCCAAATCATGTGGT-1-HCAHeart7844001,Myeloid,0.9993625283241272,0.00596084165255914,D6,scanvi_scarches,predicted
TCTTCCTTCCGCGGAT-1-HCAHeart7905327,Fibroblast,0.999836802482605,0.001900611466257347,D6,scanvi_scarches,predicted
GATGACTTCTATCGGA-1-HCAHeart7905327,Endothelial,0.9996899366378784,0.003200252104847496,D6,scanvi_scarches,predicted
GGGTCTGGTCGTTGTA-1-HCAHeart7844001,Pericytes,0.9970248341560364,0.022843311165968487,D6,scanvi_scarches,predicted
AGTAGTCTCTAGACCA-1-HCAHeart7905332,Endothelial,0.9998026490211487,0.002251262581830678,D6,scanvi_scarches,predicted
CCACGGATCGCGCCAA-1-HCAHeart7844004,Endothelial,0.9998400211334229,0.001819002606312403,D6,scanvi_scarches,predicted
CACAGGCAGGAATTAC-1-HCAHeart7844001,Endothelial,0.9997797608375549,0.002483176992212851,D6,scanvi_scarches,predicted
CTACACCCAATTCCTT-1-HCAHeart7844004,Pericytes,0.9916672110557556,0.049738075061353526,D6,scanvi_scarches,predicted
TTCTCCTAGCCTCGTG-1-HCAHeart7844003,Endothelial,0.9998365640640259,0.001835689911013478,D6,scanvi_scarches,predicted
GCAGTTAAGGTCGGAT-1-HCAHeart7888926,Ventricular_Cardiomyocyte,0.9998456239700317,0.0017568175131422693,D6,scanvi_scarches,predicted
ACCAAACCAGGCAATG-1-HCAHeart7905331,Endothelial,0.9998754262924194,0.0014377072424770318,D6,scanvi_scarches,predicted
GGTGTTACAGATGGCA-1-HCAHeart7844004,Endothelial,0.99986732006073,0.0015450387956430598,D6,scanvi_scarches,predicted
ACAACCACACGGCCAT-1-HCAHeart7905332,Endothelial,0.9990900754928589,0.008197873457254213,D6,scanvi_scarches,predicted
CTAGTGAGTAAACGCG-1-HCAHeart7888926,Ventricular_Cardiomyocyte,0.9996390342712402,0.0036840029548916436,D6,scanvi_scarches,predicted
CATCAGATCACTATTC-1-HCAHeart7888927,Ventricular_Cardiomyocyte,0.9997133612632751,0.0031008006534492846,D6,scanvi_scarches,predicted
AAACGAACAGAGGACT-1-HCAHeart7905327,Pericytes,0.9810706377029419,0.09786188069856988,D6,scanvi_scarches,predicted
GCAGCCAAGGCCGAAT-1-HCAHeart7844004,Endothelial,0.9998730421066284,0.0015090153564421103,D6,scanvi_scarches,predicted
CAAGATCGTCATACTG-1-HCAHeart7844003,Lymphoid,0.9997816681861877,0.0023783672589295216,D6,scanvi_scarches,predicted
ACGGGTCGTTGAACTC-1-HCAHeart7888927,Ventricular_Cardiomyocyte,0.9997783303260803,0.002447376407518726,D6,scanvi_scarches,predicted
AGGCCACGTCATCGGC-1-HCAHeart7844000,Endothelial,0.9998268485069275,0.001983317090366909,D6,scanvi_scarches,predicted
TAGCCGGTCCAAGTAC-1-HCAHeart7888926,Pericytes,0.9997881054878235,0.0023793761170656153,D6,scanvi_scarches,predicted
CTGAAACGTGAGTGAC-1-HCAHeart7844000,Endothelial,0.9998691082000732,0.001515706686776377,D6,scanvi_scarches,predicted
TGACAACCATCCTAGA-1-HCAHeart7844004,Endothelial,0.9998610019683838,0.0016538308221454724,D6,scanvi_scarches,predicted
AACTGGTCACATTAGC-1-HCAHeart7844004,Endothelial,0.9999011754989624,0.0012038559636874686,D6,scanvi_scarches,predicted
AACTCAGTCCAAACAC-1-HCAHeart7844001,Pericytes,0.89728182554245,0.3378272114773647,D6,scanvi_scarches,predicted
TTTATGCGTAAAGGAG-1-HCAHeart7844001,Endothelial,0.9997408986091614,0.0028099605384292866,D6,scanvi_scarches,predicted
CGATGGCTCTCGATGA-1-HCAHeart7843999,Lymphoid,0.9997678399085999,0.0025385623603286192,D6,scanvi_scarches,predicted
TACTCGCTCTTTACGT-1-HCAHeart7844003,Endothelial,0.9998797178268433,0.001424132469204701,D6,scanvi_scarches,predicted
ATGATCGCACTACAGT-1-HCAHeart7905331,Endothelial,0.9998624324798584,0.0015679926088419706,D6,scanvi_scarches,predicted
TTTACCATCAGACCTA-1-HCAHeart7905328,Smooth_muscle_cells,0.9997780919075012,0.002437891846395198,D6,scanvi_scarches,predicted
GTCATTTTCTTCAACT-1-HCAHeart7844004,Endothelial,0.9997902512550354,0.0024088271546341264,D6,scanvi_scarches,predicted
AGAAGTACAGTGGTGA-1-HCAHeart7905332,Endothelial,0.9998633861541748,0.001534711410488535,D6,scanvi_scarches,predicted
TTAGGGTGTCCCTGTT-1-HCAHeart7905329,Endothelial,0.999909520149231,0.0011105698829675,D6,scanvi_scarches,predicted
TTGGAACTCATTATCC-1-HCAHeart7844002,Endothelial,0.999862551689148,0.0015736460180232337,D6,scanvi_scarches,predicted
GTACTCCTCTTAGAGC-1-HCAHeart7880862,Atrial_Cardiomyocyte,0.9997438788414001,0.00281978531721727,D6,scanvi_scarches,predicted
TCAAGACAGGGTAATT-1-HCAHeart7905328,Endothelial,0.9998873472213745,0.0013102063704170247,D6,scanvi_scarches,predicted
AGGCCACGTGTTTGGT-1-HCAHeart7844001,Pericytes,0.9946611523628235,0.035087880941379525,D6,scanvi_scarches,predicted
CGTGCTTAGTAGTCCT-1-HCAHeart7905328,Endothelial,0.9998688697814941,0.0015107118149988513,D6,scanvi_scarches,predicted
TACCTATTCGGCTACG-1-HCAHeart7844003,Myeloid,0.999427318572998,0.005567641314130379,D6,scanvi_scarches,predicted
TATCAGGTCCTCTAGC-1-HCAHeart7844001,Endothelial,0.999836802482605,0.001907554173079478,D6,scanvi_scarches,predicted
TCTATTGAGTCCGTAT-1-HCAHeart7843999,Endothelial,0.999893307685852,0.0012525071239207883,D6,scanvi_scarches,predicted
AGGGATGCAAGCGTAG-1-HCAHeart7880862,Atrial_Cardiomyocyte,0.9991833567619324,0.00782784765994978,D6,scanvi_scarches,predicted
ACTGATGAGGTGTGGT-1-HCAHeart7843999,Endothelial,0.9998730421066284,0.001482251094098835,D6,scanvi_scarches,predicted
CAGCATAAGATGTGGC-1-HCAHeart7844002,Myeloid,0.9994507431983948,0.005033303616421794,D6,scanvi_scarches,predicted
TGTGTGAAGTATGCAA-1-HCAHeart7905331,Endothelial,0.9998512268066406,0.0016539719653286273,D6,scanvi_scarches,predicted
AACTCCCGTAGCTTGT-1-HCAHeart7880861,Endothelial,0.998884379863739,0.009258201981032986,D6,scanvi_scarches,predicted
AACCGCGTCGTAGATC-1-HCAHeart7844001,Endothelial,0.9998955726623535,0.0012412536111541712,D6,scanvi_scarches,predicted
GCAAACTAGTGAACAT-1-HCAHeart7880861,Ventricular_Cardiomyocyte,0.9993158578872681,0.0064374278840423575,D6,scanvi_scarches,predicted
CTGTATTTCCTTCTAA-1-HCAHeart7905332,Fibroblast,0.9998958110809326,0.0012515773487186586,D6,scanvi_scarches,predicted
TGCTGCTGTCTCATCC-1-HCAHeart7844004,Pericytes,0.9891646504402161,0.06226565955704572,D6,scanvi_scarches,predicted
CTACGTCGTTTGGCGC-1-HCAHeart7880862,Fibroblast,0.9999063014984131,0.0011533573803380907,D6,scanvi_scarches,predicted
GTAATCGAGGACTATA-1-HCAHeart7905327,Endothelial,0.9998618364334106,0.0015661234682806514,D6,scanvi_scarches,predicted
CTAGTGATCACATACG-1-HCAHeart7888927,Endothelial,0.999771773815155,0.0024124266620517668,D6,scanvi_scarches,predicted
ACCGTAACAGGCGATA-1-HCAHeart7844001,Endothelial,0.9997547268867493,0.002725830831056427,D6,scanvi_scarches,predicted
ACACTGATCTGGCGTG-1-HCAHeart7880862,Neuronal,0.9998865127563477,0.0013744707322098154,D6,scanvi_scarches,predicted
ACTGAACAGTGTTAGA-1-HCAHeart7844001,Smooth_muscle_cells,0.6705812215805054,1.0235380064106674,D6,scanvi_scarches,predicted
CGGAGCTAGTGGCACA-1-HCAHeart7844004,Endothelial,0.9998595714569092,0.0016468916374916761,D6,scanvi_scarches,predicted
AGCATACCACGGTAGA-1-HCAHeart7843999,Lymphoid,0.9997665286064148,0.002521605474372011,D6,scanvi_scarches,predicted
CGTTCTGCACGACGAA-1-HCAHeart7844003,Endothelial,0.9998329877853394,0.0018675761281893711,D6,scanvi_scarches,predicted
TTGTGGATCAAGTGTC-1-HCAHeart7905328,Endothelial,0.998645007610321,0.012095147704044466,D6,scanvi_scarches,predicted
AGAATAGAGCGAGAAA-1-HCAHeart7844004,Endothelial,0.9998656511306763,0.0015434158781212678,D6,scanvi_scarches,predicted
CTCGAGGAGTTTCCTT-1-HCAHeart7843999,Lymphoid,0.9990841150283813,0.007982430284494812,D6,scanvi_scarches,predicted
CAGGTGCCATGGTCAT-1-HCAHeart7843999,Smooth_muscle_cells,0.9997684359550476,0.0025137163983271478,D6,scanvi_scarches,predicted
ATCTCTAGTCTGTCCT-1-HCAHeart7905327,Endothelial,0.9998792409896851,0.0013961123898761074,D6,scanvi_scarches,predicted
CACCTTGCATTGTGCA-1-HCAHeart7844001,Myeloid,0.9997228980064392,0.002911228261097204,D6,scanvi_scarches,predicted
TGCTGCTTCTTCCTTC-1-HCAHeart7844001,Lymphoid,0.9997106194496155,0.003046754500292031,D6,scanvi_scarches,predicted
TCTGAGAGTTTGGCGC-1-HCAHeart7880862,Fibroblast,0.9999127388000488,0.001088889243378158,D6,scanvi_scarches,predicted
TGGTTAGAGTACACCT-1-HCAHeart7888927,Pericytes,0.9997450709342957,0.002733713953758201,D6,scanvi_scarches,predicted
GGAATAACATGGTCTA-1-HCAHeart7844004,Endothelial,0.9996328353881836,0.003933639900612903,D6,scanvi_scarches,predicted
AGCTCTCTCAGCGATT-1-HCAHeart7888926,Pericytes,0.9997690320014954,0.002537606015699551,D6,scanvi_scarches,predicted
CACAGTATCCCTAACC-1-HCAHeart7843999,Endothelial,0.9999096393585205,0.0010898668507919765,D6,scanvi_scarches,predicted
GCCTCTAAGGTGCAAC-1-HCAHeart7880860,Fibroblast,0.9995217323303223,0.004826788420713496,D6,scanvi_scarches,predicted
GCTGGGTAGCCCTAAT-1-HCAHeart7844004,Endothelial,0.9998867511749268,0.0013521046747313494,D6,scanvi_scarches,predicted
GCTGCGAAGTTTAGGA-1-HCAHeart7844004,Endothelial,0.9997715353965759,0.0024838658022765855,D6,scanvi_scarches,predicted
ACTGATGGTTATCACG-1-HCAHeart7888927,Fibroblast,0.999897837638855,0.0012543954451530006,D6,scanvi_scarches,predicted
AGACTCAGTCCGGTCA-1-HCAHeart7905328,Endothelial,0.9998520612716675,0.0017386602766138175,D6,scanvi_scarches,predicted
GACCTGGCAAGGTTCT-1-HCAHeart7844001,Lymphoid,0.9996863603591919,0.0033837674297617364,D6,scanvi_scarches,predicted
ACCGTAATCAACACTG-1-HCAHeart7888926,Ventricular_Cardiomyocyte,0.9998455047607422,0.0017694467524187478,D6,scanvi_scarches,predicted
ACGCCAGAGTTGTCGT-1-HCAHeart7844003,Pericytes,0.9996875524520874,0.0032248898577924637,D6,scanvi_scarches,predicted
CCCATACCAGACTCGC-1-HCAHeart7844001,Endothelial,0.9884019494056702,0.0765548536220978,D6,scanvi_scarches,predicted
AGTGTCAAGCTCAACT-1-HCAHeart7888926,Ventricular_Cardiomyocyte,0.9998250603675842,0.0019772115735027457,D6,scanvi_scarches,predicted
GATGAAAGTGAGCGAT-1-HCAHeart7843999,Endothelial,0.9997805953025818,0.0023491930996313694,D6,scanvi_scarches,predicted
GCGAGAACACATCCAA-1-HCAHeart7844001,Pericytes,0.999350368976593,0.00615890886295813,D6,scanvi_scarches,predicted
GAGTGTTGTCATAGTC-1-HCAHeart7905327,Endothelial,0.9998778104782104,0.0014070339071285349,D6,scanvi_scarches,predicted
ACGGTCGAGGGCCCTT-1-HCAHeart7905328,Endothelial,0.9997928738594055,0.002385439957573052,D6,scanvi_scarches,predicted
CCACCTAGTGTTGAGG-1-HCAHeart7844003,Endothelial,0.9998694658279419,0.0015091928379691215,D6,scanvi_scarches,predicted
GCCATTCCAGAAGCTG-1-HCAHeart7905328,Endothelial,0.9992938041687012,0.00658598954268904,D6,scanvi_scarches,predicted
CAGCGACGTTGGTTTG-1-HCAHeart7844004,Endothelial,0.9829109311103821,0.08926852772887639,D6,scanvi_scarches,predicted
CCGGGATTCCAATGGT-1-HCAHeart7888926,Ventricular_Cardiomyocyte,0.9998127818107605,0.002104390344139485,D6,scanvi_scarches,predicted
GTAGGCCAGATGTGTA-1-HCAHeart7844004,Endothelial,0.999873161315918,0.00148282277900838,D6,scanvi_scarches,predicted
TCTGAGAGTGATGTCT-1-HCAHeart7844001,Endothelial,0.9997161030769348,0.003043538423426577,D6,scanvi_scarches,predicted
CCTTCGATCCAAGTAC-1-HCAHeart7880862,Atrial_Cardiomyocyte,0.9995976090431213,0.004068889693026281,D6,scanvi_scarches,predicted
AGGTCCGCAGGACGTA-1-HCAHeart7844000,Endothelial,0.9998164772987366,0.0020857643309836102,D6,scanvi_scarches,predicted
GGACGTCGTTTGACAC-1-HCAHeart7880862,Fibroblast,0.9996592998504639,0.0037239544970139762,D6,scanvi_scarches,predicted
GTGTGCGTCTCTTATG-1-HCAHeart7843999,Endothelial,0.999893307685852,0.0012577302200462103,D6,scanvi_scarches,predicted
TATATCCAGGGAGGCA-1-HCAHeart7905331,Endothelial,0.9998675584793091,0.001502431123526548,D6,scanvi_scarches,predicted
GGAGGTAAGAATTGCA-1-HCAHeart7905327,Endothelial,0.999883770942688,0.0013847848581427485,D6,scanvi_scarches,predicted
AATCGGTCAAGTCTAC-1-HCAHeart7843999,Endothelial,0.9998458623886108,0.0017435063207177455,D6,scanvi_scarches,predicted
CTTGAGAAGATACCAA-1-HCAHeart7905327,Endothelial,0.9998658895492554,0.0015238234767550138,D6,scanvi_scarches,predicted
TATTGCTTCCTGGGAC-1-HCAHeart7905329,Endothelial,0.9998859167098999,0.001369791443693251,D6,scanvi_scarches,predicted
CAACTAGCATGGTCTA-1-HCAHeart7843999,Endothelial,0.9998984336853027,0.0012383124128988365,D6,scanvi_scarches,predicted
GTGCTTCTCTAAGCCA-1-HCAHeart7843999,Endothelial,0.999863862991333,0.0015676777974134126,D6,scanvi_scarches,predicted
TACCTCGGTCAACCAT-1-HCAHeart7905328,Endothelial,0.9997507929801941,0.002585413177285859,D6,scanvi_scarches,predicted
AAATGCCCAGACAAAT-1-HCAHeart7888926,Lymphoid,0.9997300505638123,0.0029478793939759105,D6,scanvi_scarches,predicted
TCTCATAAGACCCACC-1-HCAHeart7844004,Endothelial,0.9997945427894592,0.0022881575894208774,D6,scanvi_scarches,predicted
CTCCTAGCATTATCTC-1-HCAHeart7844004,Pericytes,0.737827718257904,0.5909131172785419,D6,scanvi_scarches,predicted
TACCTTATCGCTTAGA-1-HCAHeart7844000,Endothelial,0.9998077750205994,0.002187179110478222,D6,scanvi_scarches,predicted
ACTGAACTCCTAGAAC-1-HCAHeart7844000,Endothelial,0.9998703002929688,0.0015071889697573133,D6,scanvi_scarches,predicted
AGACGTTGTGCCTTGG-1-HCAHeart7844004,Endothelial,0.9999150037765503,0.0010324945224655473,D6,scanvi_scarches,predicted
CGGGTCACACTCAGGC-1-HCAHeart7844000,Endothelial,0.9999021291732788,0.001179818912045554,D6,scanvi_scarches,predicted
CTCTACGTCCTACAGA-1-HCAHeart7880863,Atrial_Cardiomyocyte,0.9997978806495667,0.0022680464629118995,D6,scanvi_scarches,predicted
TCCCGATTCTTACCGC-1-HCAHeart7888927,Neuronal,0.9999091625213623,0.0011191668050730382,D6,scanvi_scarches,predicted
TGAATGCCACGACGCT-1-HCAHeart7905331,Endothelial,0.9997480511665344,0.0028332523296285736,D6,scanvi_scarches,predicted
CACCACTCACCAGCAC-1-HCAHeart7844001,Endothelial,0.9998757839202881,0.0014605151778634765,D6,scanvi_scarches,predicted
TACTCGCAGACGCTTT-1-HCAHeart7888926,Ventricular_Cardiomyocyte,0.9998544454574585,0.001641297861631226,D6,scanvi_scarches,predicted
GACACGCTCATGTAGC-1-HCAHeart7843999,Myeloid,0.9992746710777283,0.006724950865821406,D6,scanvi_scarches,predicted
TAAACCGTCAAGCCTA-1-HCAHeart7843999,Endothelial,0.9998897314071655,0.0012969291472438433,D6,scanvi_scarches,predicted
CAGTAACCACCAACCG-1-HCAHeart7844004,Endothelial,0.9998931884765625,0.0012649076686272838,D6,scanvi_scarches,predicted
ACTATCTTCAGTGCAT-1-HCAHeart7888926,Ventricular_Cardiomyocyte,0.9998338222503662,0.001858416102341799,D6,scanvi_scarches,predicted
CAAGAAAAGCCCAATT-1-HCAHeart7888926,Endothelial,0.9996583461761475,0.0036059856480241993,D6,scanvi_scarches,predicted
TTACGTTGTCTTAGTG-1-HCAHeart7905328,Endothelial,0.9998375177383423,0.0018611080120217193,D6,scanvi_scarches,predicted
GGCGACTTCTTACCGC-1-HCAHeart7844004,Endothelial,0.9996410608291626,0.00378635192426019,D6,scanvi_scarches,predicted
ATTCAGGTCCTCAGGG-1-HCAHeart7905327,Endothelial,0.9997863173484802,0.0022780461389394734,D6,scanvi_scarches,predicted
TAAGCGTTCAGCTGTA-1-HCAHeart7905328,Smooth_muscle_cells,0.964035153388977,0.1598352008253693,D6,scanvi_scarches,predicted
TTTCCTCGTGCCTGTG-1-HCAHeart7888927,Endothelial,0.9995318651199341,0.00477440498798757,D6,scanvi_scarches,predicted
ACTTTCATCACCCTCA-1-HCAHeart7844001,Lymphoid,0.9997406601905823,0.0028054216050589736,D6,scanvi_scarches,predicted
AAAGATGGTAGCGCTC-1-HCAHeart7844001,Endothelial,0.9998064637184143,0.0022080123042841834,D6,scanvi_scarches,predicted
GCTGCGAAGAGACTAT-1-HCAHeart7888926,Ventricular_Cardiomyocyte,0.9998887777328491,0.0013128482300997408,D6,scanvi_scarches,predicted
CAAGATCCAAGAAGAG-1-HCAHeart7844002,Lymphoid,0.9997254014015198,0.002968843628370202,D6,scanvi_scarches,predicted
TCCGAAAAGGCGCTCT-1-HCAHeart7905332,Endothelial,0.9997462630271912,0.0027428834782048314,D6,scanvi_scarches,predicted
CATGCGGTCTATTTCG-1-HCAHeart7905327,Fibroblast,0.9999178647994995,0.0010271183614598324,D6,scanvi_scarches,predicted
AACTCTTGTCACTGGC-1-HCAHeart7844001,Endothelial,0.9993879795074463,0.006136510807724596,D6,scanvi_scarches,predicted
GACGGCTGTCATGCAT-1-HCAHeart7880861,Endothelial,0.638532280921936,0.7186482256345478,D6,scanvi_scarches,predicted
GTTGTAGTCCATTCAT-1-HCAHeart7905327,Endothelial,0.9998107552528381,0.0020773266235378195,D6,scanvi_scarches,predicted
AACACACCAGCCGTTG-1-HCAHeart7905328,Endothelial,0.9996528625488281,0.003592061228445542,D6,scanvi_scarches,predicted
AAACGAATCTGGTGGC-1-HCAHeart7905327,Endothelial,0.999859094619751,0.0015932812313039215,D6,scanvi_scarches,predicted
GCATGTACACAAGTAA-1-HCAHeart7844003,Myeloid,0.9994571805000305,0.005023153500004272,D6,scanvi_scarches,predicted
GTGTGCGCATACGCCG-1-HCAHeart7844004,Endothelial,0.9998947381973267,0.0012679042048158525,D6,scanvi_scarches,predicted
ATAACGCAGTTAGGTA-1-HCAHeart7844004,Endothelial,0.999891996383667,0.0012962135566858008,D6,scanvi_scarches,predicted
TCGCGTTCATATACCG-1-HCAHeart7844004,Pericytes,0.99979168176651,0.002275260161489102,D6,scanvi_scarches,predicted
TTAGGGTTCGTCAAAC-1-HCAHeart7905327,Endothelial,0.9998568296432495,0.0016158125497200157,D6,scanvi_scarches,predicted
CACTGTCAGATGCTTC-1-HCAHeart7905332,Endothelial,0.9998369216918945,0.0018384536155644517,D6,scanvi_scarches,predicted
CGATGTACAAGTCTAC-1-HCAHeart7844004,Endothelial,0.999890923500061,0.0012971712089989366,D6,scanvi_scarches,predicted
CACTCCAAGCACAGGT-1-HCAHeart7844003,Endothelial,0.9998140931129456,0.002025890734530087,D6,scanvi_scarches,predicted
TATTACCGTTGGAGGT-1-HCAHeart7844003,Myeloid,0.9994893074035645,0.0047140421819338125,D6,scanvi_scarches,predicted
TAGACCATCAACACTG-1-HCAHeart7888926,Pericytes,0.9997801184654236,0.0024008105652167403,D6,scanvi_scarches,predicted
CAGATACTCCCGTAAA-1-HCAHeart7905330,Endothelial,0.9998072981834412,0.0021558198620856527,D6,scanvi_scarches,predicted
GATCGATCACGAAAGC-1-HCAHeart7844004,Endothelial,0.9997047781944275,0.003152764752167773,D6,scanvi_scarches,predicted
CTCACTGGTTCTATCT-1-HCAHeart7905332,Endothelial,0.9995719790458679,0.004366531914172979,D6,scanvi_scarches,predicted
TTCTTAGGTAGCAAAT-1-HCAHeart7844001,Endothelial,0.9999071359634399,0.0011239310135296963,D6,scanvi_scarches,predicted
ACACCAACAACTGCTA-1-HCAHeart7843999,Lymphoid,0.9996798038482666,0.0032567157000883153,D6,scanvi_scarches,predicted
GCGGAAATCAGACTGT-1-HCAHeart7905332,Endothelial,0.9998278617858887,0.0019097289971572943,D6,scanvi_scarches,predicted
GTCGCGATCCAGTGCG-1-HCAHeart7905328,Endothelial,0.9765148162841797,0.1140313906612631,D6,scanvi_scarches,predicted
GAGACTTCAAAGGCGT-1-HCAHeart7905328,Endothelial,0.9998568296432495,0.001601183620256524,D6,scanvi_scarches,predicted
TCGCGAGAGTAAGTAC-1-HCAHeart7843999,Endothelial,0.9998805522918701,0.0013769922941143365,D6,scanvi_scarches,predicted
GACTACACATATGGTC-1-HCAHeart7844003,Endothelial,0.9998267292976379,0.001959639777229892,D6,scanvi_scarches,predicted
CTAGAGTCAGTTCATG-1-HCAHeart7844003,Endothelial,0.9997289776802063,0.0030258629504610977,D6,scanvi_scarches,predicted
AAAGGTAGTGACACAG-1-HCAHeart7905328,Pericytes,0.588405191898346,0.6889718256657457,D6,scanvi_scarches,predicted
GGCGACTAGCGAGAAA-1-HCAHeart7888927,Fibroblast,0.9999017715454102,0.001215159979463064,D6,scanvi_scarches,predicted
GAGTGAGGTCCTCCAT-1-HCAHeart7905332,Endothelial,0.9996472597122192,0.003473838344383522,D6,scanvi_scarches,predicted
TCAGCTCCACCTCGGA-1-HCAHeart7888927,Myeloid,0.9864928126335144,0.07493078218885582,D6,scanvi_scarches,predicted
CATCGGGGTAGCGCAA-1-HCAHeart7843999,Neuronal,0.9986854195594788,0.011995730693895463,D6,scanvi_scarches,predicted
GCGCCAAGTTTGACTG-1-HCAHeart7844001,Pericytes,0.9997207522392273,0.0029920126197047893,D6,scanvi_scarches,predicted
CCTACACCATTATCTC-1-HCAHeart7844000,Endothelial,0.9998132586479187,0.0021434809417519283,D6,scanvi_scarches,predicted
TCTCATACAATAACGA-1-HCAHeart7844004,Pericytes,0.9997166991233826,0.002990391996231282,D6,scanvi_scarches,predicted
TATCAGGGTACTCGCG-1-HCAHeart7880860,Fibroblast,0.999872088432312,0.0015435937316191836,D6,scanvi_scarches,predicted
TGACGGCGTAGCTGCC-1-HCAHeart7844004,Smooth_muscle_cells,0.9993202686309814,0.006173655622902359,D6,scanvi_scarches,predicted
TGCAGGCCAGATCCTA-1-HCAHeart7905328,Endothelial,0.9998961687088013,0.0012419682122148405,D6,scanvi_scarches,predicted
CCTTACGAGAGTGACC-1-HCAHeart7880862,Fibroblast,0.9998842477798462,0.0014121713293106925,D6,scanvi_scarches,predicted
TCGGGACGTCATCCCT-1-HCAHeart7844004,Endothelial,0.9998753070831299,0.0014746380967006342,D6,scanvi_scarches,predicted
TTAACTCCATGCCTTC-1-HCAHeart7844004,Endothelial,0.9998795986175537,0.001397410713458904,D6,scanvi_scarches,predicted
CGTTCTGCAGACTCGC-1-HCAHeart7843999,Smooth_muscle_cells,0.9989849925041199,0.008690176738902813,D6,scanvi_scarches,predicted
CGCCAAGGTCGATTGT-1-HCAHeart7844001,Myeloid,0.9997624754905701,0.0025244744153122578,D6,scanvi_scarches,predicted
TACTCATTCGCATGGC-1-HCAHeart7844003,Pericytes,0.9876295328140259,0.06895731698090193,D6,scanvi_scarches,predicted
GCATGATGTCTAGCCG-1-HCAHeart7888926,Ventricular_Cardiomyocyte,0.9997788071632385,0.0023936909521852755,D6,scanvi_scarches,predicted
CTTAGGATCCCATAAG-1-HCAHeart7905329,Endothelial,0.9998997449874878,0.001200005910969955,D6,scanvi_scarches,predicted
TGCGTGGTCGCCTGAG-1-HCAHeart7844004,Endothelial,0.9998419284820557,0.0018217207016745281,D6,scanvi_scarches,predicted
CTACTATGTACGAGTG-1-HCAHeart7905332,Endothelial,0.9997230172157288,0.0030184812900862223,D6,scanvi_scarches,predicted
GACTGCGGTGTGCGTC-1-HCAHeart7844000,Endothelial,0.9998458623886108,0.0017646468383910607,D6,scanvi_scarches,predicted
AAGTTCGCATCTAACG-1-HCAHeart7905327,Endothelial,0.9998835325241089,0.001361820191556507,D6,scanvi_scarches,predicted
GTCACGGGTGCTAGCC-1-HCAHeart7880863,Atrial_Cardiomyocyte,0.999524712562561,0.004741021635080384,D6,scanvi_scarches,predicted
CTTACCGCAGCATACT-1-HCAHeart7844001,Endothelial,0.9997485280036926,0.0026675342684977783,D6,scanvi_scarches,predicted
CTTTGCGTCTGGTGTA-1-HCAHeart7844001,Pericytes,0.999314546585083,0.006455465456703268,D6,scanvi_scarches,predicted
GACTAACTCAGGCCCA-1-HCAHeart7844001,Smooth_muscle_cells,0.9993021488189697,0.006345504108137829,D6,scanvi_scarches,predicted
CCGGGATCATCGGACC-1-HCAHeart7844004,Endothelial,0.9997939467430115,0.0022480434027283944,D6,scanvi_scarches,predicted
CTACGTCCACAAGCCC-1-HCAHeart7888926,Ventricular_Cardiomyocyte,0.9998726844787598,0.001469744605187388,D6,scanvi_scarches,predicted
CGCTATCCAACGATGG-1-HCAHeart7844004,Endothelial,0.9998846054077148,0.0013712420414601532,D6,scanvi_scarches,predicted
AAAGATGAGACAGACC-1-HCAHeart7844002,Lymphoid,0.9995974898338318,0.0042075197131322805,D6,scanvi_scarches,predicted
CCCAATCAGTACTTGC-1-HCAHeart7844003,Endothelial,0.9990633130073547,0.008865379981593901,D6,scanvi_scarches,predicted
ACACTGACAGCTTAAC-1-HCAHeart7844001,Endothelial,0.9998660087585449,0.0015472918772187862,D6,scanvi_scarches,predicted
TATCCTATCAGGAGAC-1-HCAHeart7905327,Endothelial,0.9999092817306519,0.0010884517253845437,D6,scanvi_scarches,predicted
CTTACCGCACACGTGC-1-HCAHeart7905332,Endothelial,0.9998102784156799,0.0020500819788545994,D6,scanvi_scarches,predicted
ATGCCTCGTAGACGGT-1-HCAHeart7905328,Endothelial,0.9998825788497925,0.0013684929558464211,D6,scanvi_scarches,predicted
CTACCCAAGATCTGAA-1-HCAHeart7844001,Pericytes,0.9980699419975281,0.015373485448993734,D6,scanvi_scarches,predicted
CCGTACTGTCTGGTCG-1-HCAHeart7844001,Endothelial,0.99962317943573,0.0038110698911426764,D6,scanvi_scarches,predicted
CACTTCGAGCTTTGTG-1-HCAHeart7905328,Endothelial,0.999803364276886,0.0022403405238793197,D6,scanvi_scarches,predicted
CTGATCCTCATCGCTC-1-HCAHeart7888927,Pericytes,0.9997653365135193,0.0025511340221969474,D6,scanvi_scarches,predicted
TGAGAGGTCTAAGCCA-1-HCAHeart7880860,Endothelial,0.9998506307601929,0.0016770656807603339,D6,scanvi_scarches,predicted
TACCCACGTTGCTCCT-1-HCAHeart7905328,Endothelial,0.9993563294410706,0.005875271578088293,D6,scanvi_scarches,predicted
GTCACAATCTACCTGC-1-HCAHeart7844003,Lymphoid,0.999650239944458,0.0036344566087912217,D6,scanvi_scarches,predicted
CTCCTAGAGTGTCTCA-1-HCAHeart7844001,Myeloid,0.9993246793746948,0.006063026059634666,D6,scanvi_scarches,predicted
CAACCTCCAGCTGTAT-1-HCAHeart7844004,Endothelial,0.9999058246612549,0.0011513897445835741,D6,scanvi_scarches,predicted
CCCTGATAGGATTTCC-1-HCAHeart7905332,Smooth_muscle_cells,0.9997687935829163,0.0025315293602080732,D6,scanvi_scarches,predicted
CCGGGATAGTCCAGGA-1-HCAHeart7844004,Endothelial,0.9998472929000854,0.0017745668784505408,D6,scanvi_scarches,predicted
GTTACAGCAGACAAAT-1-HCAHeart7880862,Atrial_Cardiomyocyte,0.9997875094413757,0.002384423329900758,D6,scanvi_scarches,predicted
AAGACCTCATCGGGTC-1-HCAHeart7843999,Myeloid,0.9990262985229492,0.008127758656705822,D6,scanvi_scarches,predicted
TCATTACAGAACAACT-1-HCAHeart7844002,Endothelial,0.9998373985290527,0.0017974464696302592,D6,scanvi_scarches,predicted
TTGCCGTGTCTAAACC-1-HCAHeart7844004,Myeloid,0.9996169805526733,0.003810436196643344,D6,scanvi_scarches,predicted
TACCGAACAGTCGCTG-1-HCAHeart7905327,Endothelial,0.9998410940170288,0.0017745049683629839,D6,scanvi_scarches,predicted
AGAGCGAAGAGGGATA-1-HCAHeart7844004,Endothelial,0.9998819828033447,0.0014157651248534256,D6,scanvi_scarches,predicted
ATCCACCGTAACGATA-1-HCAHeart7905330,Endothelial,0.9707673192024231,0.13562301242341265,D6,scanvi_scarches,predicted
TATCTTGCAATTGCCA-1-HCAHeart7905328,Endothelial,0.9997277855873108,0.0030058570989953243,D6,scanvi_scarches,predicted
TCCCGATTCCACGCAG-1-HCAHeart7843999,Endothelial,0.9998989105224609,0.0012017333776761627,D6,scanvi_scarches,predicted
CTAGCCTTCCGAACGC-1-HCAHeart7844003,Pericytes,0.8112240433692932,0.4930613191071631,D6,scanvi_scarches,predicted
TGTCCACTCCCAACTC-1-HCAHeart7905327,Endothelial,0.9997809529304504,0.002323360494507619,D6,scanvi_scarches,predicted
ACCAAACAGAATCGAT-1-HCAHeart7905332,Endothelial,0.9997969269752502,0.0022152195365841296,D6,scanvi_scarches,predicted
TCAGCTCGTTCTGGTA-1-HCAHeart7844000,Pericytes,0.9995405673980713,0.0044341513334772535,D6,scanvi_scarches,predicted
GACCAATAGCTTTGGT-1-HCAHeart7844003,Endothelial,0.9998327493667603,0.0018833135524418754,D6,scanvi_scarches,predicted
TGGGCTGGTCTCACAA-1-HCAHeart7905332,Endothelial,0.9998121857643127,0.0020699240772824898,D6,scanvi_scarches,predicted
TTGACTTCAAGAAAGG-1-HCAHeart7844004,Pericytes,0.9993429780006409,0.0060394184174440094,D6,scanvi_scarches,predicted
ACTTACTCACCAGCAC-1-HCAHeart7888927,Pericytes,0.9998027682304382,0.0022318531641044347,D6,scanvi_scarches,predicted
CATCGCTCACAAGGTG-1-HCAHeart7905328,Pericytes,0.9981858134269714,0.014067145035719028,D6,scanvi_scarches,predicted
ATCCGAAGTGCACGAA-1-HCAHeart7844001,Endothelial,0.9995986819267273,0.004223372644813266,D6,scanvi_scarches,predicted
CATCGAATCGTCTGAA-1-HCAHeart7844001,Lymphoid,0.9979058504104614,0.01606056409119106,D6,scanvi_scarches,predicted
CGATTGATCATAACCG-1-HCAHeart7844000,Lymphoid,0.9996565580368042,0.003462233089166314,D6,scanvi_scarches,predicted
CAGGCCACACGACGAA-1-HCAHeart7905329,Endothelial,0.9998527765274048,0.0016476438789599416,D6,scanvi_scarches,predicted
CTTCAATGTGAATGAT-1-HCAHeart7905330,Neuronal,0.9998751878738403,0.00150115780968539,D6,scanvi_scarches,predicted
TGTCCACAGGGACACT-1-HCAHeart7905332,Lymphoid,0.9995262622833252,0.004864072878907415,D6,scanvi_scarches,predicted
CTGATCCTCATGTGGT-1-HCAHeart7888927,Myeloid,0.9917324781417847,0.051027767422403066,D6,scanvi_scarches,predicted
TGCGTGGGTCCTCTTG-1-HCAHeart7844002,Lymphoid,0.9995525479316711,0.0044286531418370545,D6,scanvi_scarches,predicted
AACCTTTAGGCCTGCT-1-HCAHeart7905327,Endothelial,0.9998212456703186,0.001979114666631623,D6,scanvi_scarches,predicted
ATTATCCTCAACGGGA-1-HCAHeart7844000,Endothelial,0.9998432397842407,0.0018347267495838681,D6,scanvi_scarches,predicted
GTACTCCTCCGCTGTT-1-HCAHeart7880862,Atrial_Cardiomyocyte,0.9996100068092346,0.003924200418755873,D6,scanvi_scarches,predicted
TGGTTCCAGCTATGCT-1-HCAHeart7844001,Endothelial,0.9996927976608276,0.003243170205660796,D6,scanvi_scarches,predicted
TTTACTGTCGACCAAT-1-HCAHeart7905329,Pericytes,0.9822649955749512,0.09139618875831228,D6,scanvi_scarches,predicted
GGACAAGGTGTTTGGT-1-HCAHeart7843999,Endothelial,0.9998964071273804,0.0012396726845272537,D6,scanvi_scarches,predicted
ACTGTCCCAATTCCTT-1-HCAHeart7844001,Pericytes,0.9741672873497009,0.13779443370951838,D6,scanvi_scarches,predicted
ATGAGGGAGGGCACTA-1-HCAHeart7844001,Endothelial,0.9996998310089111,0.0031799306583787336,D6,scanvi_scarches,predicted
GACAGAGTCTGGCGAC-1-HCAHeart7844004,Endothelial,0.997740626335144,0.018627499699917276,D6,scanvi_scarches,predicted
CGGAGCTAGAACAATC-1-HCAHeart7844001,Myeloid,0.9994157552719116,0.00538358344634087,D6,scanvi_scarches,predicted
GTGTAACAGCACCCAC-1-HCAHeart7905331,Pericytes,0.9994117021560669,0.00548615366478433,D6,scanvi_scarches,predicted
ACGTCCTTCTTCGGAA-1-HCAHeart7905327,Endothelial,0.8347027897834778,0.5433082643727534,D6,scanvi_scarches,predicted
ACGATACTCTGTTGAG-1-HCAHeart7844001,Endothelial,0.9997695088386536,0.0025523264916198643,D6,scanvi_scarches,predicted
TAGGTACAGTCATAGA-1-HCAHeart7905327,Endothelial,0.9998629093170166,0.001605957656420917,D6,scanvi_scarches,predicted
CTGTTTAAGATAGCAT-1-HCAHeart7844001,Endothelial,0.9997671246528625,0.002609763683826523,D6,scanvi_scarches,predicted
CGCTGGAAGTGTCCCG-1-HCAHeart7844004,Endothelial,0.9996378421783447,0.0037953156357139616,D6,scanvi_scarches,predicted
AAAGTAGTCTGAGGGA-1-HCAHeart7844004,Endothelial,0.9998811483383179,0.0013800753165037324,D6,scanvi_scarches,predicted
AAAGGTATCGTGGACC-1-HCAHeart7905328,Endothelial,0.9997945427894592,0.002200986778210749,D6,scanvi_scarches,predicted
CGAACATGTCTAGTGT-1-HCAHeart7844001,Endothelial,0.9998519420623779,0.001686319538578843,D6,scanvi_scarches,predicted
ATGGGAGCACAAGCCC-1-HCAHeart7844001,Endothelial,0.9998241066932678,0.0019868604640652663,D6,scanvi_scarches,predicted
GGCGACTTCAGGCCCA-1-HCAHeart7843999,Endothelial,0.9998267292976379,0.001971139606607582,D6,scanvi_scarches,predicted
GTGCATACAGCCTTGG-1-HCAHeart7843999,Myeloid,0.9992861151695251,0.0065757819511489445,D6,scanvi_scarches,predicted
GTGCATACACATTTCT-1-HCAHeart7844002,Endothelial,0.9997530579566956,0.0026716044966267572,D6,scanvi_scarches,predicted
AACTCCCAGGATATAC-1-HCAHeart7844000,Lymphoid,0.999813973903656,0.0020921334929215273,D6,scanvi_scarches,predicted
GTCTAGAGTTACCGTA-1-HCAHeart7905327,Endothelial,0.9998692274093628,0.0014918225300025486,D6,scanvi_scarches,predicted
CTCGGGAAGCAGCCTC-1-HCAHeart7844002,Pericytes,0.9979604482650757,0.01740253150512016,D6,scanvi_scarches,predicted
CGCCATTAGAACCCGA-1-HCAHeart7905327,Endothelial,0.9982864260673523,0.013523062162129878,D6,scanvi_scarches,predicted
TCAATCTGTGTCTGAT-1-HCAHeart7843999,Endothelial,0.9999040365219116,0.0011514854601746385,D6,scanvi_scarches,predicted
AGTCTTTAGTAATCCC-1-HCAHeart7843999,Endothelial,0.9998987913131714,0.0011996063075162572,D6,scanvi_scarches,predicted
TTGAGTGGTGGTAATA-1-HCAHeart7905331,Endothelial,0.9998772144317627,0.0014200397636941503,D6,scanvi_scarches,predicted
CTACAGAGTGCATGAG-1-HCAHeart7905327,Endothelial,0.9998607635498047,0.0016530083482621898,D6,scanvi_scarches,predicted
TACTCATGTTGGTGGA-1-HCAHeart7880861,Ventricular_Cardiomyocyte,0.9997488856315613,0.002732123635149056,D6,scanvi_scarches,predicted
CCTCAACGTTCGATTG-1-HCAHeart7905331,Endothelial,0.9998390674591064,0.0018475366627376756,D6,scanvi_scarches,predicted
AGGGTTTTCACAACCA-1-HCAHeart7905332,Endothelial,0.9997314810752869,0.002847070272988507,D6,scanvi_scarches,predicted
TGGCTGGTCAGAGGTG-1-HCAHeart7844003,Endothelial,0.9999113082885742,0.0010738445371969608,D6,scanvi_scarches,predicted
GATGATCGTACGCGTC-1-HCAHeart7905330,Endothelial,0.9994921684265137,0.005246697015861366,D6,scanvi_scarches,predicted
ACCAGTAAGCGTAATA-1-HCAHeart7844001,Pericytes,0.5762331485748291,0.6983780051593168,D6,scanvi_scarches,predicted
CCTTTGGAGCCTGACC-1-HCAHeart7905332,Endothelial,0.9998681545257568,0.001504606741804906,D6,scanvi_scarches,predicted
ACGATACAGATATGGT-1-HCAHeart7880861,Ventricular_Cardiomyocyte,0.9997566342353821,0.0026148834003673033,D6,scanvi_scarches,predicted
TCTACCGCACAAGCTT-1-HCAHeart7905331,Endothelial,0.999858021736145,0.0016072162230182665,D6,scanvi_scarches,predicted
TCACTCGGTCAGGAGT-1-HCAHeart7905328,Endothelial,0.9998388290405273,0.0018792425434495982,D6,scanvi_scarches,predicted
TAAGCCACATTGCCTC-1-HCAHeart7905331,Endothelial,0.999883770942688,0.0013642327091792478,D6,scanvi_scarches,predicted
GTTCGGGCAGTCACTA-1-HCAHeart7844001,Endothelial,0.9995447993278503,0.004443113583084258,D6,scanvi_scarches,predicted
AGGTCATCAATAACGA-1-HCAHeart7888926,Ventricular_Cardiomyocyte,0.9998812675476074,0.001397087154021816,D6,scanvi_scarches,predicted
CCCAATCAGACCCACC-1-HCAHeart7844001,Endothelial,0.9996451139450073,0.003821929111432355,D6,scanvi_scarches,predicted
TGCGCAGTCAGGCAAG-1-HCAHeart7880862,Endothelial,0.999847412109375,0.001766568693222081,D6,scanvi_scarches,predicted
AGCATACCAGGACCCT-1-HCAHeart7880863,Atrial_Cardiomyocyte,0.9997398257255554,0.0028148732319820224,D6,scanvi_scarches,predicted
ATTCACTTCGACGATT-1-HCAHeart7905332,Endothelial,0.9998964071273804,0.0012172323161981154,D6,scanvi_scarches,predicted
TCGCTTGTCTCTTGCG-1-HCAHeart7905332,Endothelial,0.8650128841400146,0.4022555225495124,D6,scanvi_scarches,predicted
GGGAGATTCAGCACAT-1-HCAHeart7844003,Endothelial,0.9997767806053162,0.002456445588364623,D6,scanvi_scarches,predicted
CCATTCGCAAACAACA-1-HCAHeart7844001,Myeloid,0.9996843338012695,0.003340178620645972,D6,scanvi_scarches,predicted
GTCTCGTGTATAGTAG-1-HCAHeart7843999,Neuronal,0.9344371557235718,0.34030255622557964,D6,scanvi_scarches,predicted
TCGGGACCAATGCCAT-1-HCAHeart7844004,Endothelial,0.9998557567596436,0.0016429990589676975,D6,scanvi_scarches,predicted
TTTGTCATCCTTGACC-1-HCAHeart7880861,Myeloid,0.9963186979293823,0.02656763102687269,D6,scanvi_scarches,predicted
GGGTCTGCAAATCCGT-1-HCAHeart7888927,Lymphoid,0.9997636675834656,0.0026665383023161755,D6,scanvi_scarches,predicted
ACGGGCTAGAGTGAGA-1-HCAHeart7843999,Endothelial,0.9999114274978638,0.0010805635750487815,D6,scanvi_scarches,predicted
CTAATGGGTAACGACG-1-HCAHeart7844004,Endothelial,0.9998742341995239,0.001474176051464634,D6,scanvi_scarches,predicted
GTGCAGCCAATGCCAT-1-HCAHeart7843999,Lymphoid,0.99950110912323,0.00509862904898036,D6,scanvi_scarches,predicted
CTACGGGAGGGCGAGA-1-HCAHeart7905328,Endothelial,0.9998538494110107,0.0016489330650906093,D6,scanvi_scarches,predicted
TCAGGTAAGGTAGCTG-1-HCAHeart7844003,Endothelial,0.9998946189880371,0.0012620873607728962,D6,scanvi_scarches,predicted
TACACGAAGGACTGGT-1-HCAHeart7844000,Endothelial,0.9999086856842041,0.0011189083807116793,D6,scanvi_scarches,predicted
ACAGCTAGTGGAAAGA-1-HCAHeart7844001,Smooth_muscle_cells,0.9997404217720032,0.002914272748116805,D6,scanvi_scarches,predicted
GGTGTTACAAACGCGA-1-HCAHeart7844001,Lymphoid,0.9997313618659973,0.0027990568285028634,D6,scanvi_scarches,predicted
CTCATTAGTACCGTTA-1-HCAHeart7844001,Endothelial,0.9997856020927429,0.0024347133422506547,D6,scanvi_scarches,predicted
CACCAGGGTGTAAGTA-1-HCAHeart7844001,Endothelial,0.9998540878295898,0.0016900922770881224,D6,scanvi_scarches,predicted
TGAGAGGTCCTTGCCA-1-HCAHeart7844004,Endothelial,0.9997515082359314,0.002770500925871023,D6,scanvi_scarches,predicted
TTGCGTCTCAACACAC-1-HCAHeart7844003,Endothelial,0.9993165731430054,0.006306370036326131,D6,scanvi_scarches,predicted
CGAGCACTCGCTAGCG-1-HCAHeart7844001,Myeloid,0.9997647404670715,0.002491041800453539,D6,scanvi_scarches,predicted
CGGAGTCGTCTAAAGA-1-HCAHeart7844000,Endothelial,0.9996166229248047,0.004118495290352948,D6,scanvi_scarches,predicted
TGGGCGTAGGAGCGTT-1-HCAHeart7844000,Lymphoid,0.9997665286064148,0.0025180480084705504,D6,scanvi_scarches,predicted
TTGGCAAGTGTGACCC-1-HCAHeart7844000,Endothelial,0.9998326301574707,0.00193909498555266,D6,scanvi_scarches,predicted
CACCACTGTCGCGTGT-1-HCAHeart7844004,Endothelial,0.9998835325241089,0.0013715094873132236,D6,scanvi_scarches,predicted
CAAGTTGGTGAGCGAT-1-HCAHeart7844002,Lymphoid,0.9998213648796082,0.0020292664154666572,D6,scanvi_scarches,predicted
CTGTGCTCAGTTCCCT-1-HCAHeart7844001,Myeloid,0.9997473359107971,0.002687287986906682,D6,scanvi_scarches,predicted
TACGGGCTCTTACCGC-1-HCAHeart7844004,Endothelial,0.9998264908790588,0.0019895462049489806,D6,scanvi_scarches,predicted
ATCACGAGTTGCCTCT-1-HCAHeart7880861,Ventricular_Cardiomyocyte,0.9998843669891357,0.0013581029992653774,D6,scanvi_scarches,predicted
ACCAGTATCGGAAACG-1-HCAHeart7844000,Endothelial,0.9998642206192017,0.0015921260798629354,D6,scanvi_scarches,predicted
CGGCTAGAGGGCTCTC-1-HCAHeart7844004,Endothelial,0.9998849630355835,0.0013648809107516216,D6,scanvi_scarches,predicted
TCCTAATGTATGGGAC-1-HCAHeart7905332,Endothelial,0.999896764755249,0.0012235840666244726,D6,scanvi_scarches,predicted
AGATCTGTCAAGATCC-1-HCAHeart7844001,Pericytes,0.9946404099464417,0.03484336142899788,D6,scanvi_scarches,predicted
GCATGCGGTTATGCGT-1-HCAHeart7844001,Pericytes,0.999430239200592,0.005642857354303471,D6,scanvi_scarches,predicted
TAAGAGAGTCGCATCG-1-HCAHeart7844004,Endothelial,0.9999037981033325,0.0011640305273019121,D6,scanvi_scarches,predicted
CGCTGGAAGGATGTAT-1-HCAHeart7844004,Endothelial,0.9997938275337219,0.0023347207653533156,D6,scanvi_scarches,predicted
TTGAACGGTTCAGCGC-1-HCAHeart7844001,Endothelial,0.9998817443847656,0.001406348528343087,D6,scanvi_scarches,predicted
TCAGCTCCAAGGACAC-1-HCAHeart7843999,Endothelial,0.9998910427093506,0.001277871740069729,D6,scanvi_scarches,predicted
TCACTATGTCTCGGAC-1-HCAHeart7905328,Endothelial,0.9997879862785339,0.002254349318575776,D6,scanvi_scarches,predicted
CACTCCATCTTTAGTC-1-HCAHeart7888927,Pericytes,0.9998064637184143,0.0021598154060989156,D6,scanvi_scarches,predicted
TTCCTAAGTAGAGATT-1-HCAHeart7905327,Endothelial,0.9998321533203125,0.0018458710112895687,D6,scanvi_scarches,predicted
TGCGTGGCACAAGTAA-1-HCAHeart7844001,Pericytes,0.9769241213798523,0.1150009256259673,D6,scanvi_scarches,predicted
TGCCAAAAGGATTCGG-1-HCAHeart7844001,Pericytes,0.965996265411377,0.16368797474039762,D6,scanvi_scarches,predicted
CATCGGGGTAGCGCAA-1-HCAHeart7844002,Myeloid,0.9994232654571533,0.005386218825213346,D6,scanvi_scarches,predicted
GCTGGGTAGCAGATCG-1-HCAHeart7844001,Endothelial,0.9996758699417114,0.0035437290455216765,D6,scanvi_scarches,predicted
ACCTGAAGTGGCGTAA-1-HCAHeart7905328,Pericytes,0.9698571562767029,0.13965912286790205,D6,scanvi_scarches,predicted
CGCGTTTTCGACCAGC-1-HCAHeart7844001,Endothelial,0.9998382329940796,0.0019008329976142036,D6,scanvi_scarches,predicted
GCATGTAAGACGCACA-1-HCAHeart7843999,Endothelial,0.9998853206634521,0.0013416252235488055,D6,scanvi_scarches,predicted
GCGCAACTCGGATGTT-1-HCAHeart7844004,Endothelial,0.9998339414596558,0.0018927900164100852,D6,scanvi_scarches,predicted
CACAGGCGTCGAACAG-1-HCAHeart7843999,Smooth_muscle_cells,0.9352915287017822,0.251432930542442,D6,scanvi_scarches,predicted
TTCGAAGAGAGTGACC-1-HCAHeart7843999,Pericytes,0.990687906742096,0.05576939301657552,D6,scanvi_scarches,predicted
AGATTGCAGCATGGCA-1-HCAHeart7880862,Atrial_Cardiomyocyte,0.9997910857200623,0.0023545413624980888,D6,scanvi_scarches,predicted
AGATTGCGTTGCTCCT-1-HCAHeart7888927,Pericytes,0.999782145023346,0.002440443632488334,D6,scanvi_scarches,predicted
ATTACTCTCCCAGGTG-1-HCAHeart7844002,Endothelial,0.9998952150344849,0.0012642535991740469,D6,scanvi_scarches,predicted
CGATCGGCATGACGGA-1-HCAHeart7844001,Endothelial,0.999678373336792,0.0035034633244168667,D6,scanvi_scarches,predicted
TTGCATTAGAAGTCTA-1-HCAHeart7905332,Endothelial,0.9998513460159302,0.001652814522085211,D6,scanvi_scarches,predicted
GACCAATCAGACAGGT-1-HCAHeart7888927,Endothelial,0.9998452663421631,0.0017573311493041636,D6,scanvi_scarches,predicted
CCTTCGATCAGCGATT-1-HCAHeart7844001,Endothelial,0.9998639822006226,0.0016275882348199876,D6,scanvi_scarches,predicted
TGTCAGACAGGTTTAC-1-HCAHeart7905327,Endothelial,0.9997544884681702,0.002685476017348854,D6,scanvi_scarches,predicted
TCAATCTGTTCTCATT-1-HCAHeart7844004,Endothelial,0.9997431635856628,0.0027438327061710885,D6,scanvi_scarches,predicted
TCTTTCCTCTCACATT-1-HCAHeart7843999,Myeloid,0.9993171691894531,0.006505545737812707,D6,scanvi_scarches,predicted
TTTGGTTTCGGCTGAC-1-HCAHeart7905329,Endothelial,0.9998635053634644,0.0015721234814750009,D6,scanvi_scarches,predicted
CTGAAGTTCCGTCAAA-1-HCAHeart7843999,Endothelial,0.9998676776885986,0.0015760341549412094,D6,scanvi_scarches,predicted
TTGTGGATCGTAATGC-1-HCAHeart7905331,Endothelial,0.9998975992202759,0.0012087830074715006,D6,scanvi_scarches,predicted
TCAGCTCCACCACCAG-1-HCAHeart7843999,Lymphoid,0.999721348285675,0.0030186501544718766,D6,scanvi_scarches,predicted
GACGCGTCAGTGAGTG-1-HCAHeart7843999,Endothelial,0.9998180270195007,0.0020946208314464513,D6,scanvi_scarches,predicted
ACTTACTCACCGAAAG-1-HCAHeart7888927,Ventricular_Cardiomyocyte,0.9972338080406189,0.0224834403039203,D6,scanvi_scarches,predicted
CCAAGCGTCCTTATCA-1-HCAHeart7905331,Endothelial,0.9998849630355835,0.0013386129871533056,D6,scanvi_scarches,predicted
TTGAACGAGCCTAGGA-1-HCAHeart7905331,Endothelial,0.9998118281364441,0.0020926665067252308,D6,scanvi_scarches,predicted
TAGTGGTGTAGCCTCG-1-HCAHeart7844004,Endothelial,0.999862790107727,0.0015828308699137675,D6,scanvi_scarches,predicted
ATCAGGTAGCCGCACT-1-HCAHeart7905331,Endothelial,0.999805748462677,0.002235864243993538,D6,scanvi_scarches,predicted
ATTGGACTCTCTTATG-1-HCAHeart7880860,Ventricular_Cardiomyocyte,0.999875545501709,0.0014476062241048954,D6,scanvi_scarches,predicted
TCTACATAGTTCTACG-1-HCAHeart7905329,Fibroblast,0.9998698234558105,0.0015534068071603793,D6,scanvi_scarches,predicted
TATTCCATCAGCCCAG-1-HCAHeart7905327,Pericytes,0.9994868040084839,0.005135389815803336,D6,scanvi_scarches,predicted
GTCATTTCACGACGAA-1-HCAHeart7844004,Endothelial,0.9998282194137573,0.001965965831967664,D6,scanvi_scarches,predicted
ACCTTTAGTACGCTGC-1-HCAHeart7888927,Ventricular_Cardiomyocyte,0.9997162222862244,0.0030169030761912213,D6,scanvi_scarches,predicted
CAGTCCTAGACTTGAA-1-HCAHeart7844004,Endothelial,0.9998595714569092,0.001586363629288014,D6,scanvi_scarches,predicted
CTCCTAGAGAATGTGT-1-HCAHeart7844001,Adipocytes,0.5652737617492676,0.8643428434663963,D6,scanvi_scarches,predicted
TGGGCGTCATTGCGGC-1-HCAHeart7880862,Atrial_Cardiomyocyte,0.9997219443321228,0.003055309292741385,D6,scanvi_scarches,predicted
ATCTACTAGTACGCCC-1-HCAHeart7844003,Endothelial,0.9999009370803833,0.0011931925611280915,D6,scanvi_scarches,predicted
AGAATAGCAGGACCCT-1-HCAHeart7844001,Endothelial,0.9998075366020203,0.0022138409913404597,D6,scanvi_scarches,predicted
CAGCTAATCACTCCTG-1-HCAHeart7880861,Ventricular_Cardiomyocyte,0.9998589754104614,0.0016336638524293064,D6,scanvi_scarches,predicted
AACTTTCCATGTTCCC-1-HCAHeart7844003,Endothelial,0.9998984336853027,0.001230400670065866,D6,scanvi_scarches,predicted
CTTCTCTTCTTCTGGC-1-HCAHeart7844004,Pericytes,0.993929386138916,0.03859213054090363,D6,scanvi_scarches,predicted
TCTAACTGTGAGATAT-1-HCAHeart7905328,Endothelial,0.9998195767402649,0.0019997143065726176,D6,scanvi_scarches,predicted
CGGACACTCGTCTGAA-1-HCAHeart7844004,Myeloid,0.9995868802070618,0.004215467640688815,D6,scanvi_scarches,predicted
TCCGAAACAGAGAGGG-1-HCAHeart7905332,Smooth_muscle_cells,0.9993717074394226,0.0057964006385611685,D6,scanvi_scarches,predicted
CTCTGGTAGAGTTGGC-1-HCAHeart7888926,Endothelial,0.9996944665908813,0.003197533688146765,D6,scanvi_scarches,predicted
CACTCCAAGCTCCTCT-1-HCAHeart7844004,Endothelial,0.9998993873596191,0.0012219668806791983,D6,scanvi_scarches,predicted
GTTACAGGTCCAGTGC-1-HCAHeart7844002,Lymphoid,0.9994685053825378,0.005123709271578268,D6,scanvi_scarches,predicted
GACTACATCTTATCTG-1-HCAHeart7844003,Endothelial,0.9990646243095398,0.008780262126600035,D6,scanvi_scarches,predicted
CAAGAAAGTCGGCTCA-1-HCAHeart7843999,Endothelial,0.9999113082885742,0.0010719806610746396,D6,scanvi_scarches,predicted
GAAATGACAGACGCAA-1-HCAHeart7844001,Pericytes,0.9884663820266724,0.0758561848446724,D6,scanvi_scarches,predicted
CATGCTCTCCACTTCG-1-HCAHeart7905332,Endothelial,0.9998403787612915,0.0017691359522782227,D6,scanvi_scarches,predicted
CCTACGTTCAGTCTTT-1-HCAHeart7905332,Endothelial,0.9998487234115601,0.001678320608984758,D6,scanvi_scarches,predicted
CGCTTCAGTTTCCACC-1-HCAHeart7844003,Endothelial,0.9998500347137451,0.0016989435799955946,D6,scanvi_scarches,predicted
CATCGGGCAGATTGCT-1-HCAHeart7844003,Endothelial,0.9998674392700195,0.0015424131902912592,D6,scanvi_scarches,predicted
GGTGTTAGTTGTACAC-1-HCAHeart7843999,Endothelial,0.999862790107727,0.0015582004508581863,D6,scanvi_scarches,predicted
CGGTTAATCCTTAATC-1-HCAHeart7844001,Pericytes,0.9924722909927368,0.0463325830000397,D6,scanvi_scarches,predicted
TCCGAAACAGGAGGTT-1-HCAHeart7905328,Endothelial,0.9998741149902344,0.001444836046348829,D6,scanvi_scarches,predicted
ACCAGTACACAACTGT-1-HCAHeart7844004,Endothelial,0.999829888343811,0.0019562699363249486,D6,scanvi_scarches,predicted
CAAGAAAAGGGCTCTC-1-HCAHeart7844001,Pericytes,0.9144060015678406,0.29993678082108605,D6,scanvi_scarches,predicted
ACTTATCAGCCTATTG-1-HCAHeart7905328,Endothelial,0.9996123909950256,0.004162694279651895,D6,scanvi_scarches,predicted
CTCTAATCAGATGGCA-1-HCAHeart7843999,Endothelial,0.9999145269393921,0.0010387675107492948,D6,scanvi_scarches,predicted
CAAGTTGAGCGTGTCC-1-HCAHeart7888926,Ventricular_Cardiomyocyte,0.999737560749054,0.0028071722997158703,D6,scanvi_scarches,predicted
TACCTTAAGATCACGG-1-HCAHeart7880861,Pericytes,0.9997655749320984,0.002509924381714322,D6,scanvi_scarches,predicted
ACGGGTCCAATTCCTT-1-HCAHeart7880862,Neuronal,0.9999338388442993,0.000843656091526757,D6,scanvi_scarches,predicted
GTTCTCGAGAGTTGGC-1-HCAHeart7844001,Fibroblast,0.9991639852523804,0.007955447421271383,D6,scanvi_scarches,predicted
TACTCATCACATCCAA-1-HCAHeart7844003,Pericytes,0.8900641202926636,0.35591212814188994,D6,scanvi_scarches,predicted
CACCGTTAGGAGGTTC-1-HCAHeart7905330,Smooth_muscle_cells,0.9997846484184265,0.002364940740044159,D6,scanvi_scarches,predicted
AAAGTCCTCGCATTAG-1-HCAHeart7905328,Endothelial,0.9997957348823547,0.0021734666344734935,D6,scanvi_scarches,predicted
GTTAAGCCAACACCCG-1-HCAHeart7844004,Endothelial,0.9996700286865234,0.003327276910804282,D6,scanvi_scarches,predicted
ACCTTTATCTGTCTAT-1-HCAHeart7843999,Endothelial,0.9997836947441101,0.002291683803989016,D6,scanvi_scarches,predicted
AGCGTATAGACCACGA-1-HCAHeart7844000,Lymphoid,0.9997285008430481,0.00283982033084596,D6,scanvi_scarches,predicted
TGGCGCAGTAGATTAG-1-HCAHeart7844001,Endothelial,0.9998931884765625,0.001286710015304221,D6,scanvi_scarches,predicted
TACGGGCAGGAGGTTC-1-HCAHeart7905331,Pericytes,0.9996445178985596,0.0036287835018887485,D6,scanvi_scarches,predicted
AGTGAGGGTAGAGGAA-1-HCAHeart7844003,Endothelial,0.999858021736145,0.0016792349885399775,D6,scanvi_scarches,predicted
GTTGCTCGTTCCCAAA-1-HCAHeart7905327,Endothelial,0.9998644590377808,0.0015390752095836664,D6,scanvi_scarches,predicted
TACGGATAGATGTAAC-1-HCAHeart7844000,Endothelial,0.999909520149231,0.0010909991462197944,D6,scanvi_scarches,predicted
CGCTATCCACGAAGCA-1-HCAHeart7844004,Endothelial,0.9998828172683716,0.0013651151701112754,D6,scanvi_scarches,predicted
GTCGTAACAGTCAGAG-1-HCAHeart7844002,Endothelial,0.999884843826294,0.0013472837770450133,D6,scanvi_scarches,predicted
TTCGAAGAGCCACCTG-1-HCAHeart7843999,Lymphoid,0.9997753500938416,0.002466539172317574,D6,scanvi_scarches,predicted
TCCTTCTAGCTCGACC-1-HCAHeart7905328,Endothelial,0.9998718500137329,0.0014850327720967531,D6,scanvi_scarches,predicted
CTAACTTTCGTACCGG-1-HCAHeart7844003,Lymphoid,0.9996905326843262,0.0033315459271321866,D6,scanvi_scarches,predicted
GGCGACTGTGCTTCTC-1-HCAHeart7844001,Endothelial,0.999890923500061,0.0013007041725792935,D6,scanvi_scarches,predicted
AGCATCACACAAGGTG-1-HCAHeart7905330,Endothelial,0.999752938747406,0.0026467227597763753,D6,scanvi_scarches,predicted
CGGACGTCACCCATGG-1-HCAHeart7843999,Endothelial,0.9998897314071655,0.0012967386447023104,D6,scanvi_scarches,predicted
TTCTTAGGTAAATGTG-1-HCAHeart7844004,Endothelial,0.9998970031738281,0.0012322511838436326,D6,scanvi_scarches,predicted
CATATTCGTAGTAGTA-1-HCAHeart7844000,Endothelial,0.9998674392700195,0.001554986300827663,D6,scanvi_scarches,predicted
GCATGATAGCTTCGCG-1-HCAHeart7880861,Ventricular_Cardiomyocyte,0.9998016953468323,0.002207006376814128,D6,scanvi_scarches,predicted
GGAGCAAGTCCAAGTT-1-HCAHeart7844004,Pericytes,0.976511538028717,0.11485041873228943,D6,scanvi_scarches,predicted
TCCGGGAGTTCGAACT-1-HCAHeart7905327,Endothelial,0.9998713731765747,0.0014683434332180107,D6,scanvi_scarches,predicted
GATTCAGGTGATGTCT-1-HCAHeart7844004,Endothelial,0.9998476505279541,0.0017509932064902066,D6,scanvi_scarches,predicted
CTGTGCTGTTGGACCC-1-HCAHeart7844002,Endothelial,0.9998886585235596,0.001312236767897178,D6,scanvi_scarches,predicted
TCGAGGCAGCACCGCT-1-HCAHeart7844004,Endothelial,0.999860405921936,0.0016538429407671241,D6,scanvi_scarches,predicted
TTGCCGTGTTGGTAAA-1-HCAHeart7844004,Endothelial,0.9995529055595398,0.0045156551043517195,D6,scanvi_scarches,predicted
GTAGTCAAGGGAGTAA-1-HCAHeart7844000,Endothelial,0.9998311996459961,0.0019406341331538765,D6,scanvi_scarches,predicted
CATTCGCCATGCCCGA-1-HCAHeart7844003,Lymphoid,0.9996470212936401,0.003863078513490147,D6,scanvi_scarches,predicted
CCGGTAGCAAACCTAC-1-HCAHeart7888927,Fibroblast,0.9998279809951782,0.002016511857354941,D6,scanvi_scarches,predicted
TTAGGCACACATTAGC-1-HCAHeart7844004,Smooth_muscle_cells,0.9993725419044495,0.006058530258325416,D6,scanvi_scarches,predicted
ACTTACTCATGCCCGA-1-HCAHeart7844001,Myeloid,0.9996989965438843,0.003125701722127303,D6,scanvi_scarches,predicted
TTCTCAATCTCGGACG-1-HCAHeart7844000,Myeloid,0.9996192455291748,0.003705710362884184,D6,scanvi_scarches,predicted
CCACTACAGCTGTTCA-1-HCAHeart7844004,Endothelial,0.9998792409896851,0.0014374795461631795,D6,scanvi_scarches,predicted
CATCAAGGTAGTAGTA-1-HCAHeart7843999,Lymphoid,0.9996250867843628,0.00396904449616445,D6,scanvi_scarches,predicted
CCTACCATCCCGACTT-1-HCAHeart7844001,Lymphoid,0.9998195767402649,0.0020358743552744097,D6,scanvi_scarches,predicted
TCAGATGAGAAGATTC-1-HCAHeart7843999,Endothelial,0.9997366070747375,0.002885167203668031,D6,scanvi_scarches,predicted
GGGACCTAGTTAACGA-1-HCAHeart7844004,Endothelial,0.999890923500061,0.0012974008081433218,D6,scanvi_scarches,predicted
CCGGTAGTCGAGCCCA-1-HCAHeart7844004,Endothelial,0.9996393918991089,0.0038152039272261185,D6,scanvi_scarches,predicted
TCAGGTAGTGTCTAAC-1-HCAHeart7905327,Endothelial,0.999861478805542,0.0016202579797971938,D6,scanvi_scarches,predicted
AACTTTCGTCACAAGG-1-HCAHeart7844001,Endothelial,0.9998219609260559,0.001994485283515044,D6,scanvi_scarches,predicted
TCATTTGCACTAGTAC-1-HCAHeart7844004,Pericytes,0.9996898174285889,0.00322310547529376,D6,scanvi_scarches,predicted
TCTTTCCTCCCTCTTT-1-HCAHeart7844003,Endothelial,0.999810516834259,0.002162169993328372,D6,scanvi_scarches,predicted
CCAATGACAACGGGTA-1-HCAHeart7905328,Neuronal,0.9994882345199585,0.005268241946155802,D6,scanvi_scarches,predicted
ATCATCTGTTATCACG-1-HCAHeart7843999,Lymphoid,0.9997672438621521,0.0025229630459610445,D6,scanvi_scarches,predicted
TGCCCATTCCGCGTTT-1-HCAHeart7844001,Pericytes,0.9997153878211975,0.0029848728398423,D6,scanvi_scarches,predicted
GCTGCAGAGGTTGTTC-1-HCAHeart7905331,Endothelial,0.9998464584350586,0.0017103553376235055,D6,scanvi_scarches,predicted
GAACATCAGCGATTCT-1-HCAHeart7880862,Endothelial,0.9997081160545349,0.003181276454279809,D6,scanvi_scarches,predicted
GCTTTCGAGTCTTGGT-1-HCAHeart7905329,Endothelial,0.9999023675918579,0.0011646241166237887,D6,scanvi_scarches,predicted
CTCCTAGCAACACCTA-1-HCAHeart7844001,Endothelial,0.9998428821563721,0.0017589381052156654,D6,scanvi_scarches,predicted
CTCAGAATCCATGAAC-1-HCAHeart7844002,Endothelial,0.9998956918716431,0.0012383648208023818,D6,scanvi_scarches,predicted
CTCGTACGTCCCTACT-1-HCAHeart7844003,Pericytes,0.9990377426147461,0.008272167881616286,D6,scanvi_scarches,predicted
TACGGTAGTTACCGAT-1-HCAHeart7844004,Endothelial,0.9998080134391785,0.002136046986929966,D6,scanvi_scarches,predicted
CCGTTCAAGACAGAGA-1-HCAHeart7843999,Lymphoid,0.9997288584709167,0.0028954973697259676,D6,scanvi_scarches,predicted
CGCGGTATCACGCGGT-1-HCAHeart7888926,Endothelial,0.9998718500137329,0.0014959533324638108,D6,scanvi_scarches,predicted
TACGGTACACTCTGTC-1-HCAHeart7843999,Lymphoid,0.9996473789215088,0.003715500051929339,D6,scanvi_scarches,predicted
TAAGCGTAGCTGTTCA-1-HCAHeart7844004,Smooth_muscle_cells,0.9994444251060486,0.005218294284574751,D6,scanvi_scarches,predicted
GTTCTCGTCACGCATA-1-HCAHeart7880863,Atrial_Cardiomyocyte,0.9995319843292236,0.004625258465984524,D6,scanvi_scarches,predicted
GACAGCCCAGCAAGAC-1-HCAHeart7905328,Endothelial,0.9995230436325073,0.004803143304192234,D6,scanvi_scarches,predicted
ACGGTTACACTAACCA-1-HCAHeart7905327,Endothelial,0.9999005794525146,0.0011950785269130566,D6,scanvi_scarches,predicted
ACACCGGGTGCACTTA-1-HCAHeart7843999,Endothelial,0.9998996257781982,0.0011918608714630026,D6,scanvi_scarches,predicted
TAGATCGGTACGCTAT-1-HCAHeart7905328,Endothelial,0.9998306035995483,0.001897205873197367,D6,scanvi_scarches,predicted
CTCCAACGTATGAAGT-1-HCAHeart7905332,Endothelial,0.9998791217803955,0.001397534155833212,D6,scanvi_scarches,predicted
GACAGAGCACAGGAGT-1-HCAHeart7844004,Pericytes,0.9986403584480286,0.01132574050723705,D6,scanvi_scarches,predicted
CGATGGCGTCTCATCC-1-HCAHeart7844004,Endothelial,0.9840229749679565,0.09459334230425112,D6,scanvi_scarches,predicted
GTCATTTCACCGAAAG-1-HCAHeart7844000,Endothelial,0.9998747110366821,0.0014859112693725713,D6,scanvi_scarches,predicted
CGCTTCACATGGTTGT-1-HCAHeart7844001,Myeloid,0.9994105100631714,0.005801815440429621,D6,scanvi_scarches,predicted
AGCGTCGAGGATGCGT-1-HCAHeart7844004,Endothelial,0.9997817873954773,0.002429678884486407,D6,scanvi_scarches,predicted
AGACAGGGTTGGCCGT-1-HCAHeart7905331,Endothelial,0.9998192191123962,0.00201187558108839,D6,scanvi_scarches,predicted
AAAGTAGAGAACTCGG-1-HCAHeart7844001,Pericytes,0.96721351146698,0.14873408614688283,D6,scanvi_scarches,predicted
GCGCCAATCGTCGTTC-1-HCAHeart7880862,Endothelial,0.9995922446250916,0.00415259567682154,D6,scanvi_scarches,predicted
TAGGCATGTATATGAG-1-HCAHeart7844000,Endothelial,0.9998316764831543,0.0019126111207788147,D6,scanvi_scarches,predicted
ATTATCCAGGTCGGAT-1-HCAHeart7843999,Endothelial,0.9998751878738403,0.0014692905268020367,D6,scanvi_scarches,predicted
GCTGCAGTCTTTCCTC-1-HCAHeart7844004,Endothelial,0.9994056224822998,0.005742279335239719,D6,scanvi_scarches,predicted
AGCTTCCGTTCAGTAC-1-HCAHeart7905327,Endothelial,0.9998338222503662,0.001920928858298661,D6,scanvi_scarches,predicted
TCAGATGTCACAACGT-1-HCAHeart7843999,Endothelial,0.9998749494552612,0.0014313604967078509,D6,scanvi_scarches,predicted
AGCATACCAGCCTTTC-1-HCAHeart7880860,Fibroblast,0.9998714923858643,0.0015415888080031412,D6,scanvi_scarches,predicted
AGCTTGAGTGTGCGTC-1-HCAHeart7843999,Endothelial,0.9998561143875122,0.0016167339348048728,D6,scanvi_scarches,predicted
CCGTTCAAGGACACCA-1-HCAHeart7844004,Endothelial,0.9998843669891357,0.0013783798234949895,D6,scanvi_scarches,predicted
CAGATCACATGTAGTC-1-HCAHeart7844004,Endothelial,0.9995762705802917,0.004455669471221788,D6,scanvi_scarches,predicted
CTTCAATGTGGGACAT-1-HCAHeart7905327,Endothelial,0.9998787641525269,0.0013970142410797976,D6,scanvi_scarches,predicted
GGTGCGTAGAGTGAGA-1-HCAHeart7843999,Endothelial,0.999893307685852,0.001257294599062033,D6,scanvi_scarches,predicted
TACGGTAAGGTCGGAT-1-HCAHeart7880862,Atrial_Cardiomyocyte,0.9996984004974365,0.003281984894358557,D6,scanvi_scarches,predicted
GATCGATAGATCCTGT-1-HCAHeart7843999,Endothelial,0.9998724460601807,0.001462925517261965,D6,scanvi_scarches,predicted
AGTGAGGAGCTAGCCC-1-HCAHeart7844004,Endothelial,0.9997977614402771,0.0022053066680845614,D6,scanvi_scarches,predicted
GGAACTTTCAACCAAC-1-HCAHeart7844003,Endothelial,0.9999034404754639,0.0011574079709258302,D6,scanvi_scarches,predicted
ACTTGTTCACTTCTGC-1-HCAHeart7844001,Pericytes,0.9455206394195557,0.21816565010893774,D6,scanvi_scarches,predicted
GCAGCCACATGCCACG-1-HCAHeart7844004,Endothelial,0.9997333884239197,0.0028672901307758842,D6,scanvi_scarches,predicted
GCAAACTAGAAGGTGA-1-HCAHeart7844000,Endothelial,0.999561607837677,0.004485519039188014,D6,scanvi_scarches,predicted
ACGGAGAAGATAGCAT-1-HCAHeart7844001,Endothelial,0.9708859324455261,0.13815816223829774,D6,scanvi_scarches,predicted
CTGTTTAGTATTCGTG-1-HCAHeart7844004,Pericytes,0.9054540395736694,0.3189519447203651,D6,scanvi_scarches,predicted
TCAGCAAAGGTGTGGT-1-HCAHeart7880862,Atrial_Cardiomyocyte,0.9997280240058899,0.0028996805381743354,D6,scanvi_scarches,predicted
GACACGCGTACCGTAT-1-HCAHeart7844001,Endothelial,0.999616265296936,0.004095886300049546,D6,scanvi_scarches,predicted
TTGCCGTCAATCGGTT-1-HCAHeart7844003,Pericytes,0.9631530046463013,0.1931977154415113,D6,scanvi_scarches,predicted
CGTTGGGAGTGTTAGA-1-HCAHeart7844004,Myeloid,0.9993858337402344,0.00574122543251102,D6,scanvi_scarches,predicted
ACTGTCCCATCGCTGG-1-HCAHeart7905332,Fibroblast,0.9998475313186646,0.0017881223366996736,D6,scanvi_scarches,predicted
GCTCTGTAGAGCTATA-1-HCAHeart7880862,Atrial_Cardiomyocyte,0.9997969269752502,0.002248017650960132,D6,scanvi_scarches,predicted
GTTAAGCGTATATGGA-1-HCAHeart7844004,Endothelial,0.9996582269668579,0.003483907404986203,D6,scanvi_scarches,predicted
GAAACTCCATCGGACC-1-HCAHeart7843999,Lymphoid,0.999743640422821,0.0028235144486805966,D6,scanvi_scarches,predicted
GGCTTGGGTGCGCTCA-1-HCAHeart7905328,Endothelial,0.9998883008956909,0.0012959574689329345,D6,scanvi_scarches,predicted
CTCCTAGTCGGTGTTA-1-HCAHeart7844001,Endothelial,0.9999033212661743,0.0011678205695661548,D6,scanvi_scarches,predicted
GTTACCCCAGGATGAC-1-HCAHeart7905329,Endothelial,0.9999167919158936,0.0010108593981493226,D6,scanvi_scarches,predicted
ACAAGCTAGCTGACTT-1-HCAHeart7905328,Endothelial,0.9998718500137329,0.0015002595711255185,D6,scanvi_scarches,predicted
CGAACATTCCTTGGTC-1-HCAHeart7880862,Myeloid,0.9991280436515808,0.007628166775599124,D6,scanvi_scarches,predicted
GATCTAGAGCCTATGT-1-HCAHeart7844001,Endothelial,0.9996864795684814,0.0031696053037897002,D6,scanvi_scarches,predicted
CGCAGGTTCTGGACCG-1-HCAHeart7905332,Endothelial,0.9998495578765869,0.001736234164818365,D6,scanvi_scarches,predicted
TCGCGTTAGACAATAC-1-HCAHeart7844004,Endothelial,0.9998669624328613,0.001553782518227609,D6,scanvi_scarches,predicted
TTCGGTCAGTGAACAT-1-HCAHeart7844004,Endothelial,0.9998960494995117,0.0012416688722697597,D6,scanvi_scarches,predicted
TTCTCAAGTACGAAAT-1-HCAHeart7843999,Endothelial,0.9998047947883606,0.0021236500800079143,D6,scanvi_scarches,predicted
CAGGCCAGTGAGACGT-1-HCAHeart7905328,Endothelial,0.9997993111610413,0.002216567351588884,D6,scanvi_scarches,predicted
TCATTTGCAGCTGGTC-1-HCAHeart7905329,Endothelial,0.9998947381973267,0.0012621654392936151,D6,scanvi_scarches,predicted
CTGCGGAAGAAACGCC-1-HCAHeart7843999,Endothelial,0.9997156262397766,0.003096747656143653,D6,scanvi_scarches,predicted
GGGTCTGCACCAGTTA-1-HCAHeart7844001,Myeloid,0.9996315240859985,0.0036261717375983904,D6,scanvi_scarches,predicted
GTCCCATGTCTGTGAT-1-HCAHeart7905332,Fibroblast,0.9999104738235474,0.001100313819869227,D6,scanvi_scarches,predicted
GGATGTTCAACAACCT-1-HCAHeart7844001,Pericytes,0.9926199316978455,0.04527112321461527,D6,scanvi_scarches,predicted
TTCGGTCTCTCGCTTG-1-HCAHeart7880862,Atrial_Cardiomyocyte,0.9996963739395142,0.0032012429877063095,D6,scanvi_scarches,predicted
TGACTTTAGCTGCCCA-1-HCAHeart7844004,Endothelial,0.9998836517333984,0.0013536542731141194,D6,scanvi_scarches,predicted
TTTATGCCAGGCTGAA-1-HCAHeart7844001,Endothelial,0.9998652935028076,0.0015532040119383785,D6,scanvi_scarches,predicted
TGCCCATGTACAGTTC-1-HCAHeart7880862,Endothelial,0.9994544386863708,0.005451541038330933,D6,scanvi_scarches,predicted
AACTGGTCATCGGGTC-1-HCAHeart7844001,Myeloid,0.999758780002594,0.0026250821236888343,D6,scanvi_scarches,predicted
TTCACGCGTCTTCATT-1-HCAHeart7905332,Endothelial,0.9995822310447693,0.004112506776686014,D6,scanvi_scarches,predicted
CCTTCCCAGCCCAACC-1-HCAHeart7843999,Endothelial,0.9998946189880371,0.0012413331910641878,D6,scanvi_scarches,predicted
GGGAATGTCGTTTAGG-1-HCAHeart7844001,Lymphoid,0.9996850490570068,0.0032322732044968417,D6,scanvi_scarches,predicted
TGTTACTTCCCTGTTG-1-HCAHeart7905332,Endothelial,0.9998480081558228,0.0017575572952359376,D6,scanvi_scarches,predicted
CCACCTAGTCCCTTGT-1-HCAHeart7888926,Ventricular_Cardiomyocyte,0.9998527765274048,0.0017042372175058332,D6,scanvi_scarches,predicted
TGGCCAGTCCTTTCGG-1-HCAHeart7888927,Ventricular_Cardiomyocyte,0.9998661279678345,0.0015455958219513213,D6,scanvi_scarches,predicted
TATATCCAGCTCTGTA-1-HCAHeart7905327,Endothelial,0.9998841285705566,0.0013535304926514174,D6,scanvi_scarches,predicted
ATCATGGGTGCAACGA-1-HCAHeart7844002,Lymphoid,0.9997630715370178,0.0025441396968935697,D6,scanvi_scarches,predicted
TGACTAGGTGCTCTTC-1-HCAHeart7844001,Lymphoid,0.9997698664665222,0.0024845970479723594,D6,scanvi_scarches,predicted
CGTGAGCAGGATATAC-1-HCAHeart7880862,Atrial_Cardiomyocyte,0.9997377991676331,0.0028276899552405303,D6,scanvi_scarches,predicted
TACGGTAAGACGCAAC-1-HCAHeart7844004,Lymphoid,0.9997277855873108,0.002999062419356084,D6,scanvi_scarches,predicted
CCCTTAGGTCCGACGT-1-HCAHeart7905332,Endothelial,0.9998496770858765,0.0017074780554553548,D6,scanvi_scarches,predicted
CTAACTTCATTACCTT-1-HCAHeart7844000,Lymphoid,0.9998101592063904,0.002093336613064578,D6,scanvi_scarches,predicted
TCGAGGCCATTAGCCA-1-HCAHeart7844001,Endothelial,0.9203981161117554,0.2841477129588687,D6,scanvi_scarches,predicted
GTTTACTAGCTGGCTC-1-HCAHeart7905328,Endothelial,0.9998500347137451,0.0017158177231784784,D6,scanvi_scarches,predicted
GATCGTACAGACGCTC-1-HCAHeart7844000,Lymphoid,0.9997624754905701,0.002552106922802633,D6,scanvi_scarches,predicted
AGGGATGAGCTATGCT-1-HCAHeart7888926,Fibroblast,0.9997076392173767,0.0032542966246277556,D6,scanvi_scarches,predicted
AACCGCGGTAAACGCG-1-HCAHeart7844000,Endothelial,0.9998451471328735,0.001795873697999922,D6,scanvi_scarches,predicted
CGTCACTGTTCTGAAC-1-HCAHeart7844003,Endothelial,0.9998365640640259,0.001867086397165722,D6,scanvi_scarches,predicted
ATTCTACTCAAACCCA-1-HCAHeart7905328,Endothelial,0.9998152852058411,0.002007973889878241,D6,scanvi_scarches,predicted
GAATGAACAAGGCTCC-1-HCAHeart7880861,Ventricular_Cardiomyocyte,0.9998317956924438,0.001907834377052647,D6,scanvi_scarches,predicted
TGCTGCTTCGGCATCG-1-HCAHeart7844004,Lymphoid,0.9995146989822388,0.004762288529848312,D6,scanvi_scarches,predicted
AGGGAGTTCTTGTCAT-1-HCAHeart7844001,Pericytes,0.9409862160682678,0.2434273521508083,D6,scanvi_scarches,predicted
AAACCTGCAGTTTACG-1-HCAHeart7844003,Endothelial,0.9998351335525513,0.0019167732661230698,D6,scanvi_scarches,predicted
TTGCATTTCAAATAGG-1-HCAHeart7905327,Endothelial,0.999862551689148,0.0015471222266007975,D6,scanvi_scarches,predicted
CGTCACTTCAGGTTCA-1-HCAHeart7844001,Endothelial,0.9997572302818298,0.002712939846205626,D6,scanvi_scarches,predicted
TACCTCGAGTGAACAT-1-HCAHeart7905327,Endothelial,0.9998764991760254,0.0014506919327073467,D6,scanvi_scarches,predicted
CTGAAACAGAGGGCTT-1-HCAHeart7844000,Endothelial,0.999880313873291,0.0014018463577351848,D6,scanvi_scarches,predicted
CACATTTTCTGCTTGC-1-HCAHeart7880862,Pericytes,0.999624490737915,0.003890084620234817,D6,scanvi_scarches,predicted
CAGGGCTGTAGAGATT-1-HCAHeart7905327,Lymphoid,0.999716579914093,0.003093474558715242,D6,scanvi_scarches,predicted
TGCAGTATCTACCAGA-1-HCAHeart7905331,Endothelial,0.9998658895492554,0.0015279838742470009,D6,scanvi_scarches,predicted
CCTAGCTCACATCCGG-1-HCAHeart7843999,Endothelial,0.999606192111969,0.0039229767392084496,D6,scanvi_scarches,predicted
CTCGTCACACGCTTTC-1-HCAHeart7843999,Endothelial,0.9997352957725525,0.002827614595653692,D6,scanvi_scarches,predicted
GGGTCTGGTGACCAAG-1-HCAHeart7844000,Endothelial,0.9989470839500427,0.010201119899842093,D6,scanvi_scarches,predicted
TAGTTGGCAACTGGCC-1-HCAHeart7888926,Ventricular_Cardiomyocyte,0.9997881054878235,0.002304401603930123,D6,scanvi_scarches,predicted
CATGGCGTCCTAGAAC-1-HCAHeart7844003,Pericytes,0.9993517994880676,0.0059407093784459375,D6,scanvi_scarches,predicted
CGCGTTTGTGCCTGGT-1-HCAHeart7844001,Endothelial,0.9997633099555969,0.002611020338173198,D6,scanvi_scarches,predicted
CGCCAAGAGACCCACC-1-HCAHeart7844001,Pericytes,0.9916810393333435,0.0499840741786076,D6,scanvi_scarches,predicted
GTCTCGTAGCCCTAAT-1-HCAHeart7844000,Endothelial,0.9998225569725037,0.0019581259611671543,D6,scanvi_scarches,predicted
TCTATTGTCCTGCCAT-1-HCAHeart7888926,Ventricular_Cardiomyocyte,0.9998370409011841,0.0018457503579967214,D6,scanvi_scarches,predicted
ACATCAGCAACGATGG-1-HCAHeart7888926,Endothelial,0.9997488856315613,0.0026314995323497956,D6,scanvi_scarches,predicted
ACGCCAGAGAGATGAG-1-HCAHeart7844001,Lymphoid,0.9996529817581177,0.0037094717127018843,D6,scanvi_scarches,predicted
GATGAGGCAGAGTCTT-1-HCAHeart7905331,Endothelial,0.9989583492279053,0.009902167382473926,D6,scanvi_scarches,predicted
GGCAATTTCGGCATCG-1-HCAHeart7844001,Lymphoid,0.9997504353523254,0.0027087438829762997,D6,scanvi_scarches,predicted
CAGCATATCCTATGTT-1-HCAHeart7844001,Endothelial,0.9994753003120422,0.00526112576496831,D6,scanvi_scarches,predicted
GCTGCAGGTGTATGGG-1-HCAHeart7843999,Pericytes,0.7514575123786926,0.5727079573445084,D6,scanvi_scarches,predicted
ATTTCACCAATCTCTT-1-HCAHeart7905328,Endothelial,0.9998257756233215,0.0019024967222570923,D6,scanvi_scarches,predicted
TACGGATTCTCTTATG-1-HCAHeart7843999,Endothelial,0.9996631145477295,0.0035693468659642575,D6,scanvi_scarches,predicted
GTTACAGAGTTTAGGA-1-HCAHeart7880862,Atrial_Cardiomyocyte,0.999849796295166,0.0017441829458840323,D6,scanvi_scarches,predicted
GGCTGGTTCTGTGCAA-1-HCAHeart7844001,Pericytes,0.9865814447402954,0.07599421015645713,D6,scanvi_scarches,predicted
CTTTCAACAGCTGGTC-1-HCAHeart7905331,Endothelial,0.999758780002594,0.0025528549530118806,D6,scanvi_scarches,predicted
CATGGATTCCGCATAA-1-HCAHeart7905328,Lymphoid,0.999760091304779,0.002564294808242683,D6,scanvi_scarches,predicted
TCAGGTATCTATGTGG-1-HCAHeart7880862,Atrial_Cardiomyocyte,0.9997451901435852,0.002774107740830109,D6,scanvi_scarches,predicted
CTCGGAGGTTCTCATT-1-HCAHeart7844001,Smooth_muscle_cells,0.99748295545578,0.018591110615686857,D6,scanvi_scarches,predicted
AGTGTCATCTATGTGG-1-HCAHeart7844001,Smooth_muscle_cells,0.9639298319816589,0.20432967293169554,D6,scanvi_scarches,predicted
CAAGAAAAGTTCCACA-1-HCAHeart7844004,Endothelial,0.9998985528945923,0.001232346565366857,D6,scanvi_scarches,predicted
ACTCTCGAGCATGAAT-1-HCAHeart7905328,Endothelial,0.9998748302459717,0.00145121517628114,D6,scanvi_scarches,predicted
ATCACTTCACACCTTC-1-HCAHeart7905332,Endothelial,0.9997581839561462,0.0025080207226929564,D6,scanvi_scarches,predicted
CCTACCACACTCAGGC-1-HCAHeart7844003,Endothelial,0.9998650550842285,0.0015838901534273593,D6,scanvi_scarches,predicted
CTCCATGGTTTGATCG-1-HCAHeart7905330,Fibroblast,0.9990853071212769,0.008824907410250625,D6,scanvi_scarches,predicted
ATAGACCTCGTAGGTT-1-HCAHeart7844004,Endothelial,0.9998934268951416,0.0012655238778599713,D6,scanvi_scarches,predicted
CAGTCCTAGTTATCGC-1-HCAHeart7843999,Endothelial,0.9998974800109863,0.0012239254545015088,D6,scanvi_scarches,predicted
TCTCATACAAGTACCT-1-HCAHeart7888926,Pericytes,0.9997624754905701,0.002548673815568045,D6,scanvi_scarches,predicted
CGCCAGATCAGTAGGG-1-HCAHeart7905328,Endothelial,0.9998262524604797,0.001958038633167674,D6,scanvi_scarches,predicted
AAACGGGAGACGACGT-1-HCAHeart7844003,Lymphoid,0.9995418787002563,0.004685732113957199,D6,scanvi_scarches,predicted
GTAGAGGTCCGTGGCA-1-HCAHeart7905332,Endothelial,0.9997487664222717,0.0025994857751879146,D6,scanvi_scarches,predicted
TAAGAGAGTCTAGCCG-1-HCAHeart7844004,Endothelial,0.9998733997344971,0.0015062951128703853,D6,scanvi_scarches,predicted
GCAGTTATCCTGCTTG-1-HCAHeart7844001,Endothelial,0.9998199343681335,0.002062328178363355,D6,scanvi_scarches,predicted
ACCAGTAGTAGTACCT-1-HCAHeart7888927,Ventricular_Cardiomyocyte,0.9998713731765747,0.0015099257689143825,D6,scanvi_scarches,predicted
TCGATTTGTTGTTGAC-1-HCAHeart7905328,Endothelial,0.9977337121963501,0.016971197322588876,D6,scanvi_scarches,predicted
CATTATCCACGGTAAG-1-HCAHeart7844001,Lymphoid,0.9997385144233704,0.0027737740772408276,D6,scanvi_scarches,predicted
AAGCCGCTCACCATAG-1-HCAHeart7843999,Endothelial,0.9998897314071655,0.0012965301954554246,D6,scanvi_scarches,predicted
TCATTACAGCTGTTCA-1-HCAHeart7844003,Endothelial,0.9998894929885864,0.0013179643537206689,D6,scanvi_scarches,predicted
CTCTACGGTTAGTGGG-1-HCAHeart7844004,Endothelial,0.9996179342269897,0.004074720886813156,D6,scanvi_scarches,predicted
ATCATCTTCACTCCTG-1-HCAHeart7844001,Pericytes,0.9892906546592712,0.061364890288323516,D6,scanvi_scarches,predicted
CTGCTGTGTGTAACGG-1-HCAHeart7844001,Lymphoid,0.93597012758255,0.2506147282877186,D6,scanvi_scarches,predicted
CCCATACGTTGATTGC-1-HCAHeart7844001,Lymphoid,0.9989363551139832,0.008920118723339797,D6,scanvi_scarches,predicted
TCTGAGAAGTATTGGA-1-HCAHeart7844001,Endothelial,0.9998514652252197,0.0017072609258663692,D6,scanvi_scarches,predicted
AGCATACAGTTCGATC-1-HCAHeart7843999,Endothelial,0.9998962879180908,0.0012372103320501683,D6,scanvi_scarches,predicted
CTCTAATAGTGCGATG-1-HCAHeart7844003,Pericytes,0.9991647005081177,0.007434069808616593,D6,scanvi_scarches,predicted
TGCAGGCTCCCGAGAC-1-HCAHeart7905332,Pericytes,0.9995762705802917,0.004223866211331646,D6,scanvi_scarches,predicted
CCGTACTCAGCTGGCT-1-HCAHeart7844004,Smooth_muscle_cells,0.9921310544013977,0.04753658981118795,D6,scanvi_scarches,predicted
TCACGGGTCAGCTGAT-1-HCAHeart7905328,Endothelial,0.9991772770881653,0.007459340015638972,D6,scanvi_scarches,predicted
ATTACTCTCCGAAGAG-1-HCAHeart7844001,Pericytes,0.6002522706985474,0.6895363144658819,D6,scanvi_scarches,predicted
TTGACTTGTCCGACGT-1-HCAHeart7844004,Endothelial,0.9998999834060669,0.0012066536015555966,D6,scanvi_scarches,predicted
GTCAGCGGTCTGTCAA-1-HCAHeart7905332,Smooth_muscle_cells,0.9979842901229858,0.015685364508495146,D6,scanvi_scarches,predicted
GTTAAGCTCCTGCTTG-1-HCAHeart7888927,Ventricular_Cardiomyocyte,0.9998332262039185,0.0018880897538603833,D6,scanvi_scarches,predicted
CCCTCTCCAACGGCCT-1-HCAHeart7905332,Endothelial,0.9997443556785583,0.002638047469030591,D6,scanvi_scarches,predicted
ACCGTAAAGAAACCTA-1-HCAHeart7844004,Endothelial,0.9998369216918945,0.0018302264970057047,D6,scanvi_scarches,predicted
GAAGCAGTCACCATAG-1-HCAHeart7844004,Endothelial,0.9996286630630493,0.0039006470839904168,D6,scanvi_scarches,predicted
CATTCGCAGGCTCTTA-1-HCAHeart7844001,Endothelial,0.9994872808456421,0.005090969167846187,D6,scanvi_scarches,predicted
CCACTTGGTGGCCTCA-1-HCAHeart7905331,Endothelial,0.9998856782913208,0.0013418671214002822,D6,scanvi_scarches,predicted
GTGAAGGGTGTGTGCC-1-HCAHeart7844001,Endothelial,0.9995691180229187,0.004332309499736799,D6,scanvi_scarches,predicted
AGCTCTCAGGACGAAA-1-HCAHeart7844004,Endothelial,0.9998310804367065,0.001890811133205834,D6,scanvi_scarches,predicted
GGGTTGCCATTTGCTT-1-HCAHeart7844003,Endothelial,0.999818742275238,0.0020968682798616226,D6,scanvi_scarches,predicted
CGCGGTAGTCTACCTC-1-HCAHeart7880862,Atrial_Cardiomyocyte,0.999811589717865,0.0021352180651581913,D6,scanvi_scarches,predicted
CCATGTCAGGCAGGTT-1-HCAHeart7843999,Endothelial,0.999911904335022,0.0010598217979109295,D6,scanvi_scarches,predicted
ACTGTCCTCGTTACGA-1-HCAHeart7844000,Endothelial,0.9998619556427002,0.0015967740825813359,D6,scanvi_scarches,predicted
CTCGTACTCCACTGGG-1-HCAHeart7880862,Mesothelial,0.9990894794464111,0.00875608938408718,D6,scanvi_scarches,predicted
TCGCGAGTCACGAAGG-1-HCAHeart7844001,Smooth_muscle_cells,0.9995953440666199,0.004159149809473552,D6,scanvi_scarches,predicted
CTGAAACTCGGAATCT-1-HCAHeart7843999,Endothelial,0.9998960494995117,0.0012318814606148128,D6,scanvi_scarches,predicted
GACGTTAAGGTAGCTG-1-HCAHeart7844000,Endothelial,0.999876856803894,0.001488020571618804,D6,scanvi_scarches,predicted
TTTCAGTGTACAGAAT-1-HCAHeart7905332,Endothelial,0.9998475313186646,0.0017431583127225446,D6,scanvi_scarches,predicted
GACAGAGAGTTGTCGT-1-HCAHeart7844004,Endothelial,0.9895331263542175,0.06093283821090297,D6,scanvi_scarches,predicted
GCACGTGCATCGATGT-1-HCAHeart7905331,Endothelial,0.9998867511749268,0.0013477400357688452,D6,scanvi_scarches,predicted
ATTTCTGTCACTCCTG-1-HCAHeart7844002,Myeloid,0.9995332956314087,0.004710514162203421,D6,scanvi_scarches,predicted
TTGCGTCAGTGTACAA-1-HCAHeart7905331,Endothelial,0.9998785257339478,0.0014064383669089634,D6,scanvi_scarches,predicted
CTCGTCAGTCTTGATG-1-HCAHeart7844001,Endothelial,0.9998692274093628,0.0015293069743332376,D6,scanvi_scarches,predicted
GTGCATACAAGCGAGT-1-HCAHeart7888926,Ventricular_Cardiomyocyte,0.999822199344635,0.001973188722123688,D6,scanvi_scarches,predicted
GTTCGGGTCAACCATG-1-HCAHeart7888927,Ventricular_Cardiomyocyte,0.9998143315315247,0.002084345461936905,D6,scanvi_scarches,predicted
AAACGAAAGACTGGGT-1-HCAHeart7905328,Endothelial,0.9998363256454468,0.00182563395941486,D6,scanvi_scarches,predicted
TTTGGTTAGAATCTCC-1-HCAHeart7844001,Endothelial,0.9987373948097229,0.010377226831320958,D6,scanvi_scarches,predicted
GATTTCTAGCACAAAT-1-HCAHeart7905329,Endothelial,0.9950278401374817,0.03299938623287118,D6,scanvi_scarches,predicted
GCTCTGTAGTTCGCGC-1-HCAHeart7843999,Lymphoid,0.9997358918190002,0.0027829507661850227,D6,scanvi_scarches,predicted
AACGGGAAGCTGTGCC-1-HCAHeart7905330,Fibroblast,0.9997633099555969,0.0026217883414053293,D6,scanvi_scarches,predicted
ACGAGGACACAGGTTT-1-HCAHeart7844004,Endothelial,0.9999092817306519,0.0011206917163688712,D6,scanvi_scarches,predicted
CAACGATCAGGCTACC-1-HCAHeart7905328,Myeloid,0.9969684481620789,0.02176965909772444,D6,scanvi_scarches,predicted
GTCCTCAGTCTAACGT-1-HCAHeart7844004,Endothelial,0.9999185800552368,0.000995571711287514,D6,scanvi_scarches,predicted
GATCTAGTCAGCTCTC-1-HCAHeart7880862,Fibroblast,0.9999020099639893,0.001211778120979372,D6,scanvi_scarches,predicted
CCCTCCTTCAGGTAAA-1-HCAHeart7844003,Endothelial,0.9999107122421265,0.0010733173521117485,D6,scanvi_scarches,predicted
GAAATGATCTGGCGTG-1-HCAHeart7844001,Smooth_muscle_cells,0.43669551610946655,1.244351298820066,D6,scanvi_scarches,predicted
GACTGATCATGCACTA-1-HCAHeart7905328,Endothelial,0.999862551689148,0.0015715562936696047,D6,scanvi_scarches,predicted
TGACAACTCGTGGTCG-1-HCAHeart7843999,Endothelial,0.9999097585678101,0.0010899974159951204,D6,scanvi_scarches,predicted
ATAGACCTCAGTTGAC-1-HCAHeart7844000,Pericytes,0.7507977485656738,0.5732880504186555,D6,scanvi_scarches,predicted
AGTGAGGGTAATAGCA-1-HCAHeart7844001,Myeloid,0.9993576407432556,0.005766994743473529,D6,scanvi_scarches,predicted
AAATGCCGTTTGGCGC-1-HCAHeart7844001,Endothelial,0.8125496506690979,0.49535815891864593,D6,scanvi_scarches,predicted
GTGCTGGTCGGAACTT-1-HCAHeart7905330,Endothelial,0.9998703002929688,0.0014864334334298611,D6,scanvi_scarches,predicted
GCTTGAATCCTTCAAT-1-HCAHeart7844004,Endothelial,0.9997586607933044,0.0026447980710774597,D6,scanvi_scarches,predicted
GACTGCGCAGGTCCAC-1-HCAHeart7844004,Endothelial,0.9998420476913452,0.0017609138763427503,D6,scanvi_scarches,predicted
TGAAAGATCTGCAGTA-1-HCAHeart7844001,Endothelial,0.9998063445091248,0.0021463442829291364,D6,scanvi_scarches,predicted
TTCTACAAGAAACCGC-1-HCAHeart7880863,Pericytes,0.9991631507873535,0.008030989390582166,D6,scanvi_scarches,predicted
GTGCATATCTCTTGAT-1-HCAHeart7843999,Endothelial,0.9998908042907715,0.001308446062991769,D6,scanvi_scarches,predicted
ATTGGGTAGCTGAAAT-1-HCAHeart7905332,Endothelial,0.9998873472213745,0.0013202455749146825,D6,scanvi_scarches,predicted
GACGCGTTCGCGCCAA-1-HCAHeart7844004,Myeloid,0.9996227025985718,0.0037235870673098374,D6,scanvi_scarches,predicted
CCTCAGTGTTAGAACA-1-HCAHeart7843999,Endothelial,0.9996687173843384,0.0035152124762751974,D6,scanvi_scarches,predicted
CACCACTGTTATCACG-1-HCAHeart7844000,Endothelial,0.9994645714759827,0.005450578225345022,D6,scanvi_scarches,predicted
GTGCTGGGTGTCATTG-1-HCAHeart7905332,Endothelial,0.9998680353164673,0.0014976711364958857,D6,scanvi_scarches,predicted
GACGGCTCACAGCCCA-1-HCAHeart7844001,Pericytes,0.9531196355819702,0.22502141347612822,D6,scanvi_scarches,predicted
AAAGATGTCGACCAGC-1-HCAHeart7844001,Endothelial,0.9998515844345093,0.0017676122337291892,D6,scanvi_scarches,predicted
CTCGGGACACCGAATT-1-HCAHeart7844001,Endothelial,0.9998414516448975,0.001803301158919337,D6,scanvi_scarches,predicted
TCACGAACATTGGTAC-1-HCAHeart7880860,Endothelial,0.9994065761566162,0.005887442383037874,D6,scanvi_scarches,predicted
CTAATGGCAAGTAATG-1-HCAHeart7844001,Smooth_muscle_cells,0.9995787739753723,0.0041861807596084,D6,scanvi_scarches,predicted
CTCTAATCATTTCAGG-1-HCAHeart7880862,Atrial_Cardiomyocyte,0.9998425245285034,0.0018229155450496242,D6,scanvi_scarches,predicted
TCTCATAAGACACTAA-1-HCAHeart7844003,Lymphoid,0.9980379939079285,0.015017448314592513,D6,scanvi_scarches,predicted
CGATTGAAGTGGTAAT-1-HCAHeart7844003,Myeloid,0.9986409544944763,0.010958129771594367,D6,scanvi_scarches,predicted
TTCTCTCAGGGCATGT-1-HCAHeart7905331,Endothelial,0.999871015548706,0.0015314387361981304,D6,scanvi_scarches,predicted
CGTGCTTCAATTGCTG-1-HCAHeart7905331,Endothelial,0.9998788833618164,0.0014019374741761942,D6,scanvi_scarches,predicted
AGGGATGTCCAATGGT-1-HCAHeart7843999,Smooth_muscle_cells,0.9998252987861633,0.0020053361279474464,D6,scanvi_scarches,predicted
TCAACGACAGTGACAG-1-HCAHeart7844001,Pericytes,0.9996329545974731,0.0036881556242829134,D6,scanvi_scarches,predicted
GAGTGTTTCATTCCTA-1-HCAHeart7905328,Endothelial,0.9998557567596436,0.0016269437521228215,D6,scanvi_scarches,predicted
TGCGCAGTCGTGGACC-1-HCAHeart7880861,Ventricular_Cardiomyocyte,0.7890918254852295,0.6217446413409422,D6,scanvi_scarches,predicted
GCAGTTATCTTTAGGG-1-HCAHeart7844000,Pericytes,0.8908648490905762,0.3512679507142005,D6,scanvi_scarches,predicted
GGAACTTCACGAGAGT-1-HCAHeart7843999,Endothelial,0.9999057054519653,0.0011297020138169394,D6,scanvi_scarches,predicted
GATCGCGGTGAAATCA-1-HCAHeart7843999,Endothelial,0.9998461008071899,0.0017541777752430325,D6,scanvi_scarches,predicted
CTACCCATCATAACCG-1-HCAHeart7844004,Endothelial,0.9994615912437439,0.005507145032521719,D6,scanvi_scarches,predicted
TGCGGGTGTTCCATGA-1-HCAHeart7843999,Pericytes,0.9993900060653687,0.005661784279037903,D6,scanvi_scarches,predicted
ACCTACCTCCTCTAGC-1-HCAHeart7905332,Endothelial,0.9998688697814941,0.0014988196476273456,D6,scanvi_scarches,predicted
GTGACGCTCGGCATTA-1-HCAHeart7905328,Endothelial,0.9998916387557983,0.0012749210862611023,D6,scanvi_scarches,predicted
CTCGAGGGTTACGGAG-1-HCAHeart7880861,Myeloid,0.9980841875076294,0.015524598823645444,D6,scanvi_scarches,predicted
AGGGAGTAGATGGGTC-1-HCAHeart7844001,Endothelial,0.9997583031654358,0.0026832157910721597,D6,scanvi_scarches,predicted
CTGCAGGAGAGGTCGT-1-HCAHeart7905328,Endothelial,0.9997851252555847,0.0023744852396351936,D6,scanvi_scarches,predicted
CGTCACTGTGACAAAT-1-HCAHeart7843999,Endothelial,0.9999009370803833,0.001189750893651733,D6,scanvi_scarches,predicted
AAACGGGTCCACTGGG-1-HCAHeart7843999,Smooth_muscle_cells,0.999815046787262,0.0021067542315521015,D6,scanvi_scarches,predicted
CGGAACCCAACTGCCG-1-HCAHeart7905331,Endothelial,0.9998741149902344,0.0014418042282148499,D6,scanvi_scarches,predicted
GCCTGTTAGTGGAAAG-1-HCAHeart7905332,Endothelial,0.9997856020927429,0.0023141524882134817,D6,scanvi_scarches,predicted
AACACGTCAGATCTGT-1-HCAHeart7888927,Fibroblast,0.9999120235443115,0.0010964431982201583,D6,scanvi_scarches,predicted
TGGCCAGAGGCATGTG-1-HCAHeart7844004,Endothelial,0.999531626701355,0.004790036333457075,D6,scanvi_scarches,predicted
GGAGATGGTTCAATCG-1-HCAHeart7905332,Endothelial,0.9998762607574463,0.0014411117706738252,D6,scanvi_scarches,predicted
GGTGAAGCAACGATCT-1-HCAHeart7844004,Endothelial,0.9998488426208496,0.0017791031194990276,D6,scanvi_scarches,predicted
TGACGCGAGACCAGAC-1-HCAHeart7905332,Pericytes,0.6881157159805298,0.6418105426386819,D6,scanvi_scarches,predicted
ACTGTCCTCTCTGCTG-1-HCAHeart7880861,Ventricular_Cardiomyocyte,0.9928373694419861,0.04463312531826593,D6,scanvi_scarches,predicted
AGTGTCATCTCGTATT-1-HCAHeart7844003,Lymphoid,0.999693751335144,0.0031336970346554174,D6,scanvi_scarches,predicted
TGGTTAGCAGCCACCA-1-HCAHeart7844001,Endothelial,0.9997966885566711,0.0023107799590202016,D6,scanvi_scarches,predicted
CACCACTTCGGCCGAT-1-HCAHeart7844001,Lymphoid,0.9983749389648438,0.013113495696087466,D6,scanvi_scarches,predicted
GTCGTAATCCTTTCTC-1-HCAHeart7844003,Endothelial,0.9999082088470459,0.0011199020583854524,D6,scanvi_scarches,predicted
GGCGTGTGTCGGCACT-1-HCAHeart7844004,Endothelial,0.9997738003730774,0.002535717293979679,D6,scanvi_scarches,predicted
CGTCTACCATAACCTG-1-HCAHeart7880860,Ventricular_Cardiomyocyte,0.9998568296432495,0.0016349515471186834,D6,scanvi_scarches,predicted
CACTAAGAGGACTGGT-1-HCAHeart7905327,Endothelial,0.9999033212661743,0.001163743466436532,D6,scanvi_scarches,predicted
TCACAAGCAATGTAAG-1-HCAHeart7844001,Myeloid,0.9994682669639587,0.004915452042023828,D6,scanvi_scarches,predicted
ACACTGACACCCATGG-1-HCAHeart7844004,Endothelial,0.9998132586479187,0.002128802185394306,D6,scanvi_scarches,predicted
CACTCCATCTTGCATT-1-HCAHeart7844001,Smooth_muscle_cells,0.9997866749763489,0.0023766282982067358,D6,scanvi_scarches,predicted
CGTTCTGGTCATCCCT-1-HCAHeart7844003,Pericytes,0.9728618264198303,0.13896682106841046,D6,scanvi_scarches,predicted
GTGCTTCGTACTCGCG-1-HCAHeart7844004,Smooth_muscle_cells,0.8780810832977295,0.3918436033933805,D6,scanvi_scarches,predicted
AATCGACGTACAAGCG-1-HCAHeart7905331,Smooth_muscle_cells,0.9992268085479736,0.006884048235867251,D6,scanvi_scarches,predicted
CCAATTTGTACAAACA-1-HCAHeart7905329,Endothelial,0.9998304843902588,0.0018974409426464067,D6,scanvi_scarches,predicted
ATCATGGTCTGCTGTC-1-HCAHeart7880862,Atrial_Cardiomyocyte,0.9996764659881592,0.003411333227782566,D6,scanvi_scarches,predicted
TGATTTCAGCTGTTCA-1-HCAHeart7844002,Lymphoid,0.9997013211250305,0.003241326642793206,D6,scanvi_scarches,predicted
AACTGGTCACGAAATA-1-HCAHeart7844004,Endothelial,0.9999067783355713,0.0011342066495460522,D6,scanvi_scarches,predicted
CAACTAGAGTGCCAGA-1-HCAHeart7888926,Ventricular_Cardiomyocyte,0.9998694658279419,0.0015240366898603536,D6,scanvi_scarches,predicted
TACAGTGGTCTGGTCG-1-HCAHeart7844004,Endothelial,0.9999116659164429,0.001074513995192874,D6,scanvi_scarches,predicted
TGCACCTAGACACTAA-1-HCAHeart7844002,Myeloid,0.999743640422821,0.002696792620441086,D6,scanvi_scarches,predicted
GTAGTACCACGTCTCT-1-HCAHeart7905330,Endothelial,0.9992823004722595,0.006970533617526533,D6,scanvi_scarches,predicted
CCTCAGTGTCCTAGCG-1-HCAHeart7888927,Ventricular_Cardiomyocyte,0.9998935461044312,0.0012551383831278093,D6,scanvi_scarches,predicted
GATCTAGGTTCAGACT-1-HCAHeart7888926,Pericytes,0.9996621608734131,0.003476415131718578,D6,scanvi_scarches,predicted
GAGTTACGTAGTGTGG-1-HCAHeart7905327,Endothelial,0.9998747110366821,0.0014291082096442177,D6,scanvi_scarches,predicted
GATCGCGTCCCGACTT-1-HCAHeart7888926,Lymphoid,0.9996346235275269,0.003784188531243832,D6,scanvi_scarches,predicted
TGGTTCCCAGTCACTA-1-HCAHeart7844004,Pericytes,0.9940885305404663,0.03756630365451082,D6,scanvi_scarches,predicted
GATCGATTCTCCCTGA-1-HCAHeart7844001,Endothelial,0.999806821346283,0.0021913517701528367,D6,scanvi_scarches,predicted
CAGCTAAAGCACAGGT-1-HCAHeart7843999,Endothelial,0.9999021291732788,0.001175664699739156,D6,scanvi_scarches,predicted
GCTGCGAAGTGCGATG-1-HCAHeart7844003,Lymphoid,0.9996421337127686,0.003749871704179919,D6,scanvi_scarches,predicted
AGGTCCGTCCACGAAT-1-HCAHeart7880862,Atrial_Cardiomyocyte,0.9998003840446472,0.0022354379764119767,D6,scanvi_scarches,predicted
TGAGAGGCATTAGGCT-1-HCAHeart7844004,Endothelial,0.9997811913490295,0.0024786238304694203,D6,scanvi_scarches,predicted
CGATGTATCCAAACTG-1-HCAHeart7844003,Endothelial,0.9995694756507874,0.004479799242277943,D6,scanvi_scarches,predicted
GAAATGAGTTCGTTGA-1-HCAHeart7844004,Endothelial,0.9998487234115601,0.0017449680321384798,D6,scanvi_scarches,predicted
GTGTGCGGTGGTGTAG-1-HCAHeart7844001,Endothelial,0.9996639490127563,0.003666107522138158,D6,scanvi_scarches,predicted
ACTGCTCCACCTTGTC-1-HCAHeart7844003,Pericytes,0.998689591884613,0.011205715072658308,D6,scanvi_scarches,predicted
TGGAGAGAGCACTCTA-1-HCAHeart7905327,Endothelial,0.9998144507408142,0.002017911144163441,D6,scanvi_scarches,predicted
CGAATGTAGATAGGAG-1-HCAHeart7844003,Myeloid,0.9994949102401733,0.005089293658777537,D6,scanvi_scarches,predicted
GTAGTCAAGGTCATCT-1-HCAHeart7880862,Atrial_Cardiomyocyte,0.9991455078125,0.007703470895724821,D6,scanvi_scarches,predicted
AAGTCTGTCGTCCGTT-1-HCAHeart7844004,Endothelial,0.9998363256454468,0.0018924642133635505,D6,scanvi_scarches,predicted
GGGCCATAGGCATCTT-1-HCAHeart7905328,Endothelial,0.9998924732208252,0.0012959248321043075,D6,scanvi_scarches,predicted
CGGACTGCAAACCCAT-1-HCAHeart7844004,Pericytes,0.933599054813385,0.25079641771548794,D6,scanvi_scarches,predicted
TGGGAAGAGAGTAAGG-1-HCAHeart7888927,Ventricular_Cardiomyocyte,0.9998370409011841,0.001827477557867506,D6,scanvi_scarches,predicted
TCTGGAACACCAGTTA-1-HCAHeart7844004,Endothelial,0.9998971223831177,0.0012310872405629722,D6,scanvi_scarches,predicted
CAAGATCCATAAAGGT-1-HCAHeart7844001,Endothelial,0.9993003606796265,0.007041966469992935,D6,scanvi_scarches,predicted
CCACCTAGTAGTACCT-1-HCAHeart7844003,Myeloid,0.9996398687362671,0.0037872850723549493,D6,scanvi_scarches,predicted
CCGGTAGCAACCGATT-1-HCAHeart7905328,Endothelial,0.9997976422309875,0.0021990583355178447,D6,scanvi_scarches,predicted
AACAGGGTCTCACCCA-1-HCAHeart7905328,Endothelial,0.9998387098312378,0.0018196694432302029,D6,scanvi_scarches,predicted
CAGATCAGTCTAAACC-1-HCAHeart7844004,Endothelial,0.9998983144760132,0.001212101582711074,D6,scanvi_scarches,predicted
GTAACTGGTTGGTGGA-1-HCAHeart7844001,Endothelial,0.7695228457450867,0.5492127399140737,D6,scanvi_scarches,predicted
GTGATGTAGTGCTACT-1-HCAHeart7905328,Endothelial,0.9999008178710938,0.0011884039945862111,D6,scanvi_scarches,predicted
AGCTCCTTCGCCAAAT-1-HCAHeart7844004,Lymphoid,0.9833533763885498,0.08772298120674049,D6,scanvi_scarches,predicted
TGTCCACCACTGAGTT-1-HCAHeart7905332,Fibroblast,0.9998942613601685,0.0012918613963857927,D6,scanvi_scarches,predicted
TTTACTGTCTATGTGG-1-HCAHeart7844004,Lymphoid,0.9997547268867493,0.0027037968162776545,D6,scanvi_scarches,predicted
CGTCTACCAAGTTAAG-1-HCAHeart7844004,Endothelial,0.9998921155929565,0.0012882845003716883,D6,scanvi_scarches,predicted
TGCGTGGAGTTCGATC-1-HCAHeart7843999,Endothelial,0.9998987913131714,0.001212005077097174,D6,scanvi_scarches,predicted
ATTCCCGGTGTTTACG-1-HCAHeart7905332,Endothelial,0.9998571872711182,0.0016110696243942142,D6,scanvi_scarches,predicted
CCTTACGTCTTTCCTC-1-HCAHeart7888927,Ventricular_Cardiomyocyte,0.9998902082443237,0.0012942039413255243,D6,scanvi_scarches,predicted
GGTGAAGAGGTGATAT-1-HCAHeart7844001,Pericytes,0.9995821118354797,0.0041094281579895225,D6,scanvi_scarches,predicted
TCCTTTCCAGAAGTTA-1-HCAHeart7905331,Endothelial,0.9997405409812927,0.0027686700676909427,D6,scanvi_scarches,predicted
ACTTTCACACCCTATC-1-HCAHeart7844000,Endothelial,0.9997918009757996,0.002334172601890607,D6,scanvi_scarches,predicted
TATTACCCAGGAACGT-1-HCAHeart7843999,Endothelial,0.9996827840805054,0.0033510201042123667,D6,scanvi_scarches,predicted
CAGTGCGTCGCTCTCA-1-HCAHeart7905328,Pericytes,0.8888469934463501,0.3565974352601536,D6,scanvi_scarches,predicted
TCTGCCATCTACAGGT-1-HCAHeart7905327,Endothelial,0.9999034404754639,0.0011499962613745272,D6,scanvi_scarches,predicted
TTGGCAAGTGTGCCTG-1-HCAHeart7844001,Pericytes,0.9997171759605408,0.0030778844429462664,D6,scanvi_scarches,predicted
AGCTCTCGTCAATGTC-1-HCAHeart7888926,Pericytes,0.9993841648101807,0.00594934054251207,D6,scanvi_scarches,predicted
GACTGCGAGCTCTCGG-1-HCAHeart7844003,Pericytes,0.9983996748924255,0.012633403360687481,D6,scanvi_scarches,predicted
GGATGTTAGAGCCCAA-1-HCAHeart7880861,Ventricular_Cardiomyocyte,0.9991425275802612,0.007624893656633828,D6,scanvi_scarches,predicted
CATCGGGTCACTCCTG-1-HCAHeart7844001,Myeloid,0.999761164188385,0.0025554815873001357,D6,scanvi_scarches,predicted
CATATTCTCTGGAGCC-1-HCAHeart7844001,Pericytes,0.9764801263809204,0.1157518113021269,D6,scanvi_scarches,predicted
CTTCTCTAGGATGTAT-1-HCAHeart7844001,Pericytes,0.5663164854049683,0.7025416012844768,D6,scanvi_scarches,predicted
GTCTCGTGTAAATGTG-1-HCAHeart7843999,Smooth_muscle_cells,0.9992443323135376,0.006747194019501563,D6,scanvi_scarches,predicted
CTCGAAATCATCTGTT-1-HCAHeart7844003,Smooth_muscle_cells,0.9978220462799072,0.01939853865754439,D6,scanvi_scarches,predicted
GTGCTTCGTGTCCTCT-1-HCAHeart7880862,Fibroblast,0.9998658895492554,0.0016092705842544893,D6,scanvi_scarches,predicted
CTTCTCTAGTTGCAGG-1-HCAHeart7844004,Endothelial,0.9994158744812012,0.005909746580809572,D6,scanvi_scarches,predicted
CATCAGAGTTAGATGA-1-HCAHeart7844004,Endothelial,0.9988812804222107,0.010106110385165963,D6,scanvi_scarches,predicted
TGTGGTACACAGACTT-1-HCAHeart7844001,Pericytes,0.9879337549209595,0.06823762649006847,D6,scanvi_scarches,predicted
CAAGGGAGTAGTAAGT-1-HCAHeart7905332,Fibroblast,0.9999105930328369,0.0011065012268625374,D6,scanvi_scarches,predicted
CTCGTCACAAACAACA-1-HCAHeart7843999,Endothelial,0.9998301267623901,0.0019527755513471631,D6,scanvi_scarches,predicted
CCACCTAGTACGACCC-1-HCAHeart7844001,Endothelial,0.999683141708374,0.0034400003722775126,D6,scanvi_scarches,predicted
CGATTGAAGTGTCCCG-1-HCAHeart7844001,Lymphoid,0.6971747279167175,0.6203969563550403,D6,scanvi_scarches,predicted
ATGCGATTCCGTTGCT-1-HCAHeart7880862,Atrial_Cardiomyocyte,0.9988504648208618,0.009883054025537588,D6,scanvi_scarches,predicted
GCGCAACAGGTGATTA-1-HCAHeart7888927,Pericytes,0.9854344129562378,0.08339409195803896,D6,scanvi_scarches,predicted
AGTTGGTAGTTATCGC-1-HCAHeart7844003,Endothelial,0.9998832941055298,0.001397970704432889,D6,scanvi_scarches,predicted
TGTGTTTAGCACCGTC-1-HCAHeart7844003,Endothelial,0.9993143081665039,0.00662595081746751,D6,scanvi_scarches,predicted
TTATGCTAGGAATCGC-1-HCAHeart7880862,Pericytes,0.9997621178627014,0.0026149150230851746,D6,scanvi_scarches,predicted
GGGATCCCATGGGTCC-1-HCAHeart7905330,Endothelial,0.9998579025268555,0.001629008272619513,D6,scanvi_scarches,predicted
GTAACTGTCCTTGGTC-1-HCAHeart7880861,Pericytes,0.9997653365135193,0.002585062410205119,D6,scanvi_scarches,predicted
TCATTTGTCGCATGGC-1-HCAHeart7880862,Atrial_Cardiomyocyte,0.9536035060882568,0.26320707103044466,D6,scanvi_scarches,predicted
CAGGTGCGTTCCGTCT-1-HCAHeart7888927,Ventricular_Cardiomyocyte,0.9997722506523132,0.002488224815992891,D6,scanvi_scarches,predicted
GCACTCTAGTTACGGG-1-HCAHeart7844004,Endothelial,0.9997226595878601,0.00303361777717483,D6,scanvi_scarches,predicted
GTGCAGCTCTTCGGTC-1-HCAHeart7844004,Pericytes,0.9739200472831726,0.1236365392126951,D6,scanvi_scarches,predicted
TAGGGTTCAGGCTCTG-1-HCAHeart7905332,Fibroblast,0.9998931884765625,0.0012789863543886649,D6,scanvi_scarches,predicted
TTCTCCTAGAGGGCTT-1-HCAHeart7843999,Endothelial,0.9998145699501038,0.0020741310962864423,D6,scanvi_scarches,predicted
CTACGGGGTTGCAAGG-1-HCAHeart7905330,Endothelial,0.9996514320373535,0.0037440174033550972,D6,scanvi_scarches,predicted
TATTCCATCGAGTCTA-1-HCAHeart7905328,Pericytes,0.8235759139060974,0.475884126985707,D6,scanvi_scarches,predicted
GACACGCTCGAACGGA-1-HCAHeart7843999,Smooth_muscle_cells,0.5007967352867126,0.7186195094320831,D6,scanvi_scarches,predicted
GTTTCTACACCAGTTA-1-HCAHeart7888926,Ventricular_Cardiomyocyte,0.9998599290847778,0.0016038559762900702,D6,scanvi_scarches,predicted
GCTGGGTTCATAGCAC-1-HCAHeart7880863,Atrial_Cardiomyocyte,0.9998224377632141,0.002015488743387529,D6,scanvi_scarches,predicted
CCATGTCAGCTAAGAT-1-HCAHeart7888927,Ventricular_Cardiomyocyte,0.9998478889465332,0.0017313597381015285,D6,scanvi_scarches,predicted
TACGGGCTCAGTGTCA-1-HCAHeart7905331,Endothelial,0.9998574256896973,0.0015947526164119957,D6,scanvi_scarches,predicted
CAGAGAGTCACTATTC-1-HCAHeart7844001,Lymphoid,0.9997702240943909,0.0025736581889871666,D6,scanvi_scarches,predicted
GCGCAACAGCAGCGTA-1-HCAHeart7844000,Smooth_muscle_cells,0.9986218214035034,0.011153335136602894,D6,scanvi_scarches,predicted
AAGACCTAGAAGGCCT-1-HCAHeart7888926,Pericytes,0.9997894167900085,0.002328743171840011,D6,scanvi_scarches,predicted
GGCCGATTCAGTACGT-1-HCAHeart7888926,Ventricular_Cardiomyocyte,0.9997397065162659,0.00272423274098481,D6,scanvi_scarches,predicted
GACTAACTCACCGTAA-1-HCAHeart7844004,Endothelial,0.9998220801353455,0.0020748583713342604,D6,scanvi_scarches,predicted
TGCTGCTTCGCACTCT-1-HCAHeart7880860,Ventricular_Cardiomyocyte,0.9998718500137329,0.001484252510296109,D6,scanvi_scarches,predicted
CACATTTGTCCAGTAT-1-HCAHeart7844004,Endothelial,0.9998804330825806,0.0014122287713194928,D6,scanvi_scarches,predicted
GAGATGGGTTATAGCC-1-HCAHeart7905329,Endothelial,0.9998281002044678,0.0019089451948338908,D6,scanvi_scarches,predicted
TTGAACGCAAATACAG-1-HCAHeart7888926,Lymphoid,0.9846845269203186,0.08209354777738592,D6,scanvi_scarches,predicted
ACCGTAAAGCCAGTTT-1-HCAHeart7844004,Lymphoid,0.9996737241744995,0.003369722286038618,D6,scanvi_scarches,predicted
CGATGGCAGGGAGTAA-1-HCAHeart7880861,Ventricular_Cardiomyocyte,0.9996386766433716,0.0037141791425091,D6,scanvi_scarches,predicted
AAATGCCGTCAGAAGC-1-HCAHeart7880862,Atrial_Cardiomyocyte,0.999739944934845,0.0028328684277108543,D6,scanvi_scarches,predicted
CCATGTCTCTCTGCTG-1-HCAHeart7844004,Pericytes,0.9569700360298157,0.18797502515931902,D6,scanvi_scarches,predicted
TGAGCCGAGCGTGTCC-1-HCAHeart7844001,Neuronal,0.9822970032691956,0.09851713921983636,D6,scanvi_scarches,predicted
CGTAGCGGTCTCTTAT-1-HCAHeart7844001,Endothelial,0.999799907207489,0.002280293030180394,D6,scanvi_scarches,predicted
GCTCTGTGTAGATTAG-1-HCAHeart7888927,Ventricular_Cardiomyocyte,0.9985155463218689,0.013286730142325776,D6,scanvi_scarches,predicted
TGTTCCGCACTCCACT-1-HCAHeart7905331,Endothelial,0.9998713731765747,0.0014652349789407817,D6,scanvi_scarches,predicted
CACAAACGTTCATGGT-1-HCAHeart7844001,Pericytes,0.5615396499633789,0.6974004346451474,D6,scanvi_scarches,predicted
GTACTTTAGATGGCGT-1-HCAHeart7880862,Atrial_Cardiomyocyte,0.9997755885124207,0.002511794431317211,D6,scanvi_scarches,predicted
GGATTACTCAGGCGAA-1-HCAHeart7844004,Endothelial,0.9996405839920044,0.003794172271831671,D6,scanvi_scarches,predicted
TGGCGTGCAACAAGAT-1-HCAHeart7905329,Endothelial,0.9998424053192139,0.0018102676701737175,D6,scanvi_scarches,predicted
CTATCTAGTGTGCCTG-1-HCAHeart7905331,Endothelial,0.9996618032455444,0.003387962513569164,D6,scanvi_scarches,predicted
CAACAGTGTTTGAACC-1-HCAHeart7905332,Endothelial,0.9987460374832153,0.010345324798709924,D6,scanvi_scarches,predicted
CTACATTCACCAACCG-1-HCAHeart7844003,Pericytes,0.9981139898300171,0.014655847078708071,D6,scanvi_scarches,predicted
ATCTCTAGTGAATATG-1-HCAHeart7905330,Endothelial,0.9993651509284973,0.006327323473217399,D6,scanvi_scarches,predicted
TAAGCACTCGAGAATA-1-HCAHeart7905328,Endothelial,0.9984099864959717,0.014467807268122324,D6,scanvi_scarches,predicted
CTCACACGTACGACCC-1-HCAHeart7888926,Ventricular_Cardiomyocyte,0.9998785257339478,0.0014224466316002196,D6,scanvi_scarches,predicted
TGTAGACTCTTCTGGC-1-HCAHeart7905328,Smooth_muscle_cells,0.9997081160545349,0.0031253474873981237,D6,scanvi_scarches,predicted
GATGATCAGCTGTCCG-1-HCAHeart7905332,Endothelial,0.9997634291648865,0.0024790717919459006,D6,scanvi_scarches,predicted
TTAACTCAGGTTCCTA-1-HCAHeart7844001,Myeloid,0.9997033476829529,0.003034414338433238,D6,scanvi_scarches,predicted
CTCAGAAGTTCCCTTG-1-HCAHeart7844001,Endothelial,0.9996547698974609,0.0037312803059529045,D6,scanvi_scarches,predicted
ACTGCTCCAAGTAGTA-1-HCAHeart7880862,Atrial_Cardiomyocyte,0.9925985336303711,0.049792817450805944,D6,scanvi_scarches,predicted
AACGTTGGTGAGCGAT-1-HCAHeart7844001,Pericytes,0.8557340502738953,0.4231336214124698,D6,scanvi_scarches,predicted
CTGTGAACAACATCGT-1-HCAHeart7905332,Endothelial,0.9997974038124084,0.0021836434884279776,D6,scanvi_scarches,predicted
CTGGTCTAGCAATATG-1-HCAHeart7843999,Lymphoid,0.999765932559967,0.0025797037808534423,D6,scanvi_scarches,predicted
TTCCGGTGTATAGCTC-1-HCAHeart7905328,Smooth_muscle_cells,0.9997661709785461,0.0025277539942535803,D6,scanvi_scarches,predicted
ATAGAGAGTTCAGGTT-1-HCAHeart7905327,Endothelial,0.999259889125824,0.00702790727374876,D6,scanvi_scarches,predicted
CGCTGGACAGTGGAGT-1-HCAHeart7844004,Endothelial,0.9998424053192139,0.0017716100567308282,D6,scanvi_scarches,predicted
CCAATCCGTCCTCCAT-1-HCAHeart7844001,Smooth_muscle_cells,0.9888344407081604,0.06323118916335854,D6,scanvi_scarches,predicted
CACCAGGGTGCCTGGT-1-HCAHeart7843999,Smooth_muscle_cells,0.6158883571624756,0.6756676521715321,D6,scanvi_scarches,predicted
GGTATTGGTCAAAGCG-1-HCAHeart7844003,Endothelial,0.9999006986618042,0.0011960876435105582,D6,scanvi_scarches,predicted
ACATGGTGTCAGCTAT-1-HCAHeart7844001,Myeloid,0.999658465385437,0.00358324651443959,D6,scanvi_scarches,predicted
CCTTCAGGTCGAGCAA-1-HCAHeart7905328,Pericytes,0.5214650630950928,0.7025872491706603,D6,scanvi_scarches,predicted
AACCGCGGTCTAGTGT-1-HCAHeart7844000,Lymphoid,0.9997988343238831,0.0022645121880325784,D6,scanvi_scarches,predicted
CACACTCTCATACGGT-1-HCAHeart7844001,Endothelial,0.9998568296432495,0.0016736678499106959,D6,scanvi_scarches,predicted
TGCACGGTCTCTGACC-1-HCAHeart7905332,Fibroblast,0.9999178647994995,0.0010275665085443667,D6,scanvi_scarches,predicted
CCTCACAAGTGGATAT-1-HCAHeart7905332,Endothelial,0.9998764991760254,0.0014176113890824137,D6,scanvi_scarches,predicted
CAAGGCCTCCTCCTAG-1-HCAHeart7844001,Endothelial,0.9999066591262817,0.0011376196924100627,D6,scanvi_scarches,predicted
CGTCAGGGTCGAAAGC-1-HCAHeart7844001,Endothelial,0.9996356964111328,0.0039141969324582564,D6,scanvi_scarches,predicted
CTGCCTAAGAAACGAG-1-HCAHeart7843999,Endothelial,0.9999083280563354,0.0011098208870241359,D6,scanvi_scarches,predicted
GGAGCAATCTCGCATC-1-HCAHeart7844003,Endothelial,0.9997581839561462,0.0027199799102012394,D6,scanvi_scarches,predicted
CTGTGAAGTGCGGATA-1-HCAHeart7905327,Endothelial,0.9998936653137207,0.0012498019847927747,D6,scanvi_scarches,predicted
TGGGCGTGTCGCGTGT-1-HCAHeart7888926,Ventricular_Cardiomyocyte,0.9997535347938538,0.002620760187692065,D6,scanvi_scarches,predicted
AGATGCTTCCAAGCAT-1-HCAHeart7905331,Fibroblast,0.9998562335968018,0.0016943122547481081,D6,scanvi_scarches,predicted
CATCGAAGTAAGAGGA-1-HCAHeart7843999,Endothelial,0.9998551607131958,0.0016328285007818808,D6,scanvi_scarches,predicted
TCCATCGAGCCGAACA-1-HCAHeart7905327,Endothelial,0.9995235204696655,0.004866738326510244,D6,scanvi_scarches,predicted
AAGGCAGAGTGACTCT-1-HCAHeart7888926,Ventricular_Cardiomyocyte,0.9998515844345093,0.0017066477867980396,D6,scanvi_scarches,predicted
CCTTCCCTCACCGGGT-1-HCAHeart7844003,Pericytes,0.9981473684310913,0.015603766640221511,D6,scanvi_scarches,predicted
CCCATTGGTGTTAACC-1-HCAHeart7905327,Endothelial,0.9998486042022705,0.0017490962189621894,D6,scanvi_scarches,predicted
GGAACTTGTCTTGATG-1-HCAHeart7844003,Endothelial,0.9998397827148438,0.001847999148700263,D6,scanvi_scarches,predicted
CGCCAAGTCGGAGGTA-1-HCAHeart7844002,Endothelial,0.9998482465744019,0.0017534571490345242,D6,scanvi_scarches,predicted
AGACTCACAGTCCCGA-1-HCAHeart7905327,Lymphoid,0.9997729659080505,0.002470476345165856,D6,scanvi_scarches,predicted
CATTCGCTCAGCTCGG-1-HCAHeart7880861,Lymphoid,0.9997768998146057,0.0024599524815556418,D6,scanvi_scarches,predicted
AGATAGATCGTAGCTA-1-HCAHeart7905328,Endothelial,0.9995983242988586,0.003908802688440018,D6,scanvi_scarches,predicted
GTCACTCGTTTCCAAG-1-HCAHeart7905328,Smooth_muscle_cells,0.9995806813240051,0.004127431453455729,D6,scanvi_scarches,predicted
GATTGGTGTCCACATA-1-HCAHeart7905331,Endothelial,0.9998133778572083,0.002086326476850214,D6,scanvi_scarches,predicted
GCCTCTATCGGAATCT-1-HCAHeart7844004,Lymphoid,0.9997604489326477,0.002564133068921787,D6,scanvi_scarches,predicted
CTCGTCAGTGGAAAGA-1-HCAHeart7843999,Endothelial,0.9997875094413757,0.002262354161591314,D6,scanvi_scarches,predicted
TCTGGAATCTTTACGT-1-HCAHeart7844002,Lymphoid,0.9997991919517517,0.002228880186006198,D6,scanvi_scarches,predicted
TAGTGGTCAAGCCATT-1-HCAHeart7888927,Pericytes,0.9997900128364563,0.0023134800197992813,D6,scanvi_scarches,predicted
AGAGCTTGTCAATGTC-1-HCAHeart7888926,Ventricular_Cardiomyocyte,0.9995135068893433,0.004972232004499829,D6,scanvi_scarches,predicted
AAAGTCCCATCGCCTT-1-HCAHeart7905332,Endothelial,0.998116135597229,0.014407569962742972,D6,scanvi_scarches,predicted
GGTGATTTCGCATTAG-1-HCAHeart7905327,Endothelial,0.9998089671134949,0.002062498556537409,D6,scanvi_scarches,predicted
GTAGGCCTCGGAGGTA-1-HCAHeart7880861,Endothelial,0.9998300075531006,0.001996813952381681,D6,scanvi_scarches,predicted
GTCCACTAGACGGATC-1-HCAHeart7905328,Endothelial,0.9998410940170288,0.001790887938718448,D6,scanvi_scarches,predicted
TTGAACGAGCAATCTC-1-HCAHeart7844004,Endothelial,0.9998700618743896,0.0015169780777363638,D6,scanvi_scarches,predicted
ATTCTACGTCTCACCT-1-HCAHeart7844000,Lymphoid,0.9997908473014832,0.0023403672319112566,D6,scanvi_scarches,predicted
CTACCCAGTTCTGGTA-1-HCAHeart7844000,Endothelial,0.9998761415481567,0.001458438153001134,D6,scanvi_scarches,predicted
GGAATCTGTTTACGTG-1-HCAHeart7905328,Endothelial,0.9998854398727417,0.0013735300642571634,D6,scanvi_scarches,predicted
ATGTCCCCAGCCCACA-1-HCAHeart7905327,Endothelial,0.9997856020927429,0.002404348344250799,D6,scanvi_scarches,predicted
CCGTTCAGTATCACCA-1-HCAHeart7844001,Pericytes,0.8849239349365234,0.4370633323288786,D6,scanvi_scarches,predicted
CCACGGAAGTTATCGC-1-HCAHeart7888927,Ventricular_Cardiomyocyte,0.9998306035995483,0.0019081842494657148,D6,scanvi_scarches,predicted
CACGGGTGTAGGCTCC-1-HCAHeart7905332,Endothelial,0.9998763799667358,0.0014214861392309605,D6,scanvi_scarches,predicted
CTCGTACAGCGTTTAC-1-HCAHeart7888927,Ventricular_Cardiomyocyte,0.9993700385093689,0.005773148105518839,D6,scanvi_scarches,predicted
CAGCGACCACTAGTAC-1-HCAHeart7844000,Endothelial,0.9998769760131836,0.0014395716435673597,D6,scanvi_scarches,predicted
GAGGTGACAGCTGTGC-1-HCAHeart7844002,Pericytes,0.9924391508102417,0.055395603355997615,D6,scanvi_scarches,predicted
TTGCCTGAGGGTATAT-1-HCAHeart7905331,Endothelial,0.999862551689148,0.0016041317457150908,D6,scanvi_scarches,predicted
TCATTGTGTTTGGCTA-1-HCAHeart7905327,Endothelial,0.9998904466629028,0.0012957466574254751,D6,scanvi_scarches,predicted
CGAATGTTCAAACGGG-1-HCAHeart7844004,Endothelial,0.9996654987335205,0.0036260114182911883,D6,scanvi_scarches,predicted
GTCTCGTTCTTATCTG-1-HCAHeart7880862,Atrial_Cardiomyocyte,0.9998146891593933,0.00212546137821335,D6,scanvi_scarches,predicted
CATATGGCATCGACGC-1-HCAHeart7843999,Endothelial,0.9999122619628906,0.0010647791999933392,D6,scanvi_scarches,predicted
TCTCTAAGTCATATGC-1-HCAHeart7844003,Smooth_muscle_cells,0.9993983507156372,0.005584082770206989,D6,scanvi_scarches,predicted
ACTGAGTCAGCGTAAG-1-HCAHeart7880861,Pericytes,0.9993890523910522,0.005697241082004014,D6,scanvi_scarches,predicted
GCAGCCAAGCCTTTCC-1-HCAHeart7905332,Endothelial,0.9998553991317749,0.0016376793078024476,D6,scanvi_scarches,predicted
TTTACTGGTTCGCGTG-1-HCAHeart7905331,Endothelial,0.9998674392700195,0.0015302264743440098,D6,scanvi_scarches,predicted
CACCAGGAGTCATGCT-1-HCAHeart7888927,Ventricular_Cardiomyocyte,0.9998388290405273,0.0018317879735053391,D6,scanvi_scarches,predicted
ATGAGGGGTGTGACGA-1-HCAHeart7844001,Endothelial,0.9987797141075134,0.010189134700576691,D6,scanvi_scarches,predicted
CCAGCGAAGTGAACGC-1-HCAHeart7880861,Adipocytes,0.9998688697814941,0.0015631982922128134,D6,scanvi_scarches,predicted
GTAGATCGTCAGTTTG-1-HCAHeart7905331,Endothelial,0.9999080896377563,0.001111555766293342,D6,scanvi_scarches,predicted
AGGGAGTAGTTGAGTA-1-HCAHeart7844001,Endothelial,0.9997144341468811,0.002994462169159918,D6,scanvi_scarches,predicted
CAATTTCTCAGTAGGG-1-HCAHeart7905330,Fibroblast,0.963509202003479,0.2089200050641957,D6,scanvi_scarches,predicted
CCTCTAGAGAGTGAAG-1-HCAHeart7905331,Endothelial,0.9997777342796326,0.002462113499073435,D6,scanvi_scarches,predicted
GTCGGGTTCATAACCG-1-HCAHeart7844003,Smooth_muscle_cells,0.9996829032897949,0.0035142474420368024,D6,scanvi_scarches,predicted
AAAGTCCGTGTCCACG-1-HCAHeart7905328,Endothelial,0.9997988343238831,0.002283798895545278,D6,scanvi_scarches,predicted
GATCGTATCTGCGACG-1-HCAHeart7844004,Endothelial,0.9998986721038818,0.0012172289946637252,D6,scanvi_scarches,predicted
CCCTTAGTCGAGAGCA-1-HCAHeart7905331,Smooth_muscle_cells,0.8166680932044983,0.5821402048923923,D6,scanvi_scarches,predicted
AGCGTCGTCTCTTATG-1-HCAHeart7843999,Endothelial,0.9996662139892578,0.0033423429794929536,D6,scanvi_scarches,predicted
GGAGCAAAGGTGCACA-1-HCAHeart7844004,Endothelial,0.9998277425765991,0.0019649021167120824,D6,scanvi_scarches,predicted
ACGGAGATCTCGAGTA-1-HCAHeart7880862,Endothelial,0.9993956089019775,0.005962633524450506,D6,scanvi_scarches,predicted
TAGACCAGTATCCCTC-1-HCAHeart7905331,Endothelial,0.9998595714569092,0.0015723557846600076,D6,scanvi_scarches,predicted
GGACGTCGTGTGTGCC-1-HCAHeart7844000,Pericytes,0.9994169473648071,0.0054413031270772174,D6,scanvi_scarches,predicted
ATAAGAGTCTTGCAAG-1-HCAHeart7844004,Smooth_muscle_cells,0.9996685981750488,0.003374836569432887,D6,scanvi_scarches,predicted
ACGGCCAGTGGCCCTA-1-HCAHeart7844001,Endothelial,0.9998953342437744,0.0012645657521716935,D6,scanvi_scarches,predicted
ACATCAGCAGATGGCA-1-HCAHeart7844004,Endothelial,0.9998076558113098,0.0022001665599876274,D6,scanvi_scarches,predicted
ACATTTCGTAGATTAG-1-HCAHeart7905328,Smooth_muscle_cells,0.9995331764221191,0.00453263861684989,D6,scanvi_scarches,predicted
GTAATGCCAATTCTTC-1-HCAHeart7905330,Endothelial,0.9993259906768799,0.006339482989118793,D6,scanvi_scarches,predicted
GCGCCAAAGAGCTATA-1-HCAHeart7844004,Endothelial,0.9991602897644043,0.007868165862804194,D6,scanvi_scarches,predicted
AAGTCTGAGGATATAC-1-HCAHeart7844001,Pericytes,0.7147707343101501,0.6123675081820613,D6,scanvi_scarches,predicted
AGTGTCACATTACCTT-1-HCAHeart7880861,Ventricular_Cardiomyocyte,0.9998822212219238,0.0013842354487780257,D6,scanvi_scarches,predicted
GTTGCTCAGTAGTGCG-1-HCAHeart7905330,Endothelial,0.9996984004974365,0.0032059357275222183,D6,scanvi_scarches,predicted
GTCAAGTAGACTAAGT-1-HCAHeart7905327,Endothelial,0.999872088432312,0.0014706403639065265,D6,scanvi_scarches,predicted
GGCGTGTTCCGCAAGC-1-HCAHeart7844004,Endothelial,0.9998897314071655,0.0013299290820251502,D6,scanvi_scarches,predicted
ATGTGTGTCCTAGGGC-1-HCAHeart7844004,Endothelial,0.9997653365135193,0.0026052580772490323,D6,scanvi_scarches,predicted
TACCTATCATGCCTTC-1-HCAHeart7844004,Endothelial,0.9999140501022339,0.0010500340936454536,D6,scanvi_scarches,predicted
TACTTACCAAGAGTTA-1-HCAHeart7905328,Endothelial,0.999823272228241,0.001928515826973579,D6,scanvi_scarches,predicted
CTCGGGATCATTATCC-1-HCAHeart7844004,Smooth_muscle_cells,0.9899600744247437,0.05814864059866618,D6,scanvi_scarches,predicted
AGGGATGTCTGTACGA-1-HCAHeart7844004,Endothelial,0.9998654127120972,0.0015808363321854675,D6,scanvi_scarches,predicted
GTATTCTTCTAACTCT-1-HCAHeart7844003,Endothelial,0.9998315572738647,0.001952457110178679,D6,scanvi_scarches,predicted
AGAGCTTAGCGATTCT-1-HCAHeart7880860,Ventricular_Cardiomyocyte,0.9998859167098999,0.001344426239235999,D6,scanvi_scarches,predicted
GGGACCTTCAGAAATG-1-HCAHeart7844001,Pericytes,0.6098000407218933,0.6808291605299932,D6,scanvi_scarches,predicted
AACTGGTAGAAGATTC-1-HCAHeart7880862,Endothelial,0.9996054768562317,0.003940230934476168,D6,scanvi_scarches,predicted
TCTACCGCAACGACAG-1-HCAHeart7905329,Endothelial,0.9999032020568848,0.0011511687824229885,D6,scanvi_scarches,predicted
ATTACCTGTTGACTAC-1-HCAHeart7905328,Endothelial,0.9998798370361328,0.00138388765344119,D6,scanvi_scarches,predicted
GGGTATTAGCATTTCG-1-HCAHeart7905330,Fibroblast,0.9997934699058533,0.002291523314936466,D6,scanvi_scarches,predicted
TATCTCATCAACGAAA-1-HCAHeart7844001,Endothelial,0.9998373985290527,0.0018944185513290132,D6,scanvi_scarches,predicted
AGAGCGATCGTATCAG-1-HCAHeart7844001,Pericytes,0.8852151036262512,0.36425089505449254,D6,scanvi_scarches,predicted
TGAGTCAAGAGATCGC-1-HCAHeart7905331,Endothelial,0.999795138835907,0.002243593522655504,D6,scanvi_scarches,predicted
ATCCTATAGTAATACG-1-HCAHeart7905332,Pericytes,0.9992951154708862,0.006399254338306996,D6,scanvi_scarches,predicted
GTTCATTAGAGTACCG-1-HCAHeart7880862,Fibroblast,0.9997410178184509,0.0028590211357735883,D6,scanvi_scarches,predicted
GATCGTAAGGTACTCT-1-HCAHeart7888926,Ventricular_Cardiomyocyte,0.9999135732650757,0.0010486648513417412,D6,scanvi_scarches,predicted
CAAGATCCATTGCGGC-1-HCAHeart7844001,Lymphoid,0.9997115731239319,0.0030418081220937965,D6,scanvi_scarches,predicted
CATTATCTCCTGTAGA-1-HCAHeart7844004,Myeloid,0.9996837377548218,0.003206913535015797,D6,scanvi_scarches,predicted
TGGACGCTCAGTCAGT-1-HCAHeart7844003,Endothelial,0.9998793601989746,0.0014345280275362942,D6,scanvi_scarches,predicted
TTCCCAGGTTCGTCTC-1-HCAHeart7844004,Myeloid,0.9993202686309814,0.006023047491019342,D6,scanvi_scarches,predicted
AGGCCACGTGGACGAT-1-HCAHeart7888927,Ventricular_Cardiomyocyte,0.9998218417167664,0.00196528552918671,D6,scanvi_scarches,predicted
AGAGCTTAGTGTCCAT-1-HCAHeart7844004,Endothelial,0.9997790455818176,0.0024948227085483158,D6,scanvi_scarches,predicted
TCGGATACAAGAGATT-1-HCAHeart7905327,Endothelial,0.9998281002044678,0.001898421366582169,D6,scanvi_scarches,predicted
ATCTGCCGTTAAGGGC-1-HCAHeart7880862,Endothelial,0.9998185038566589,0.0020767514573974658,D6,scanvi_scarches,predicted
GGCCGATTCCGTAGTA-1-HCAHeart7880862,Atrial_Cardiomyocyte,0.9998283386230469,0.001964600867899925,D6,scanvi_scarches,predicted
CCTAGCTTCAGTCCCT-1-HCAHeart7880861,Ventricular_Cardiomyocyte,0.999808132648468,0.0021169350540305586,D6,scanvi_scarches,predicted
CATATTCCAGGAACGT-1-HCAHeart7844003,Smooth_muscle_cells,0.9913133978843689,0.05997691594316219,D6,scanvi_scarches,predicted
AGAATAGCAACCGCCA-1-HCAHeart7844002,Lymphoid,0.9996960163116455,0.003203228076731893,D6,scanvi_scarches,predicted
CAGCCGAAGTAAGTAC-1-HCAHeart7844004,Endothelial,0.9998242259025574,0.002006872731672201,D6,scanvi_scarches,predicted
GACTACACAGCTTCGG-1-HCAHeart7844000,Lymphoid,0.9996494054794312,0.0037124946262750737,D6,scanvi_scarches,predicted
CCTTCGAAGGGTTCCC-1-HCAHeart7880861,Ventricular_Cardiomyocyte,0.9997170567512512,0.0029594324412967636,D6,scanvi_scarches,predicted
CAACTAGAGAGCCTAG-1-HCAHeart7844001,Endothelial,0.9998488426208496,0.0017796142429620104,D6,scanvi_scarches,predicted
CCGGTAGCACACCGAC-1-HCAHeart7844001,Endothelial,0.9998408555984497,0.0018293017387935931,D6,scanvi_scarches,predicted
TTCCCAGGTCGAAAGC-1-HCAHeart7844004,Endothelial,0.9998261332511902,0.001989109217002238,D6,scanvi_scarches,predicted
AACTCTTCACATGTGT-1-HCAHeart7844003,Endothelial,0.9998619556427002,0.0016107320255125458,D6,scanvi_scarches,predicted
TGACTTTTCTTCATGT-1-HCAHeart7843999,Pericytes,0.9905428290367126,0.05909974012308862,D6,scanvi_scarches,predicted
CCTATTAGTTTGTTTC-1-HCAHeart7844000,Pericytes,0.9997096657752991,0.0030211171247027896,D6,scanvi_scarches,predicted
CGCGTTTTCAGCTCGG-1-HCAHeart7844003,Endothelial,0.9920212626457214,0.048051758494787614,D6,scanvi_scarches,predicted
CCACTACTCATAGCAC-1-HCAHeart7880862,Atrial_Cardiomyocyte,0.999782145023346,0.0024272977494047884,D6,scanvi_scarches,predicted
GAACTGTGTGAAAGTT-1-HCAHeart7905328,Pericytes,0.9996775388717651,0.003346981939599728,D6,scanvi_scarches,predicted
AGGTCATGTACAGACG-1-HCAHeart7844001,Endothelial,0.9995076656341553,0.005102338859288339,D6,scanvi_scarches,predicted
CTAGAGTAGTGGACGT-1-HCAHeart7888927,Ventricular_Cardiomyocyte,0.9998544454574585,0.001676616933972093,D6,scanvi_scarches,predicted
CGTGTCTGTGCGGTAA-1-HCAHeart7843999,Smooth_muscle_cells,0.8824568390846252,0.3745988382095744,D6,scanvi_scarches,predicted
CATGCCTGTGGCTACC-1-HCAHeart7905331,Endothelial,0.999782383441925,0.002363498388494514,D6,scanvi_scarches,predicted
GGACATTAGACGCAAC-1-HCAHeart7844004,Endothelial,0.9998859167098999,0.001365078594282035,D6,scanvi_scarches,predicted
CATCGAATCTCAACTT-1-HCAHeart7880861,Endothelial,0.9985942244529724,0.01130918197319912,D6,scanvi_scarches,predicted
GCATACACAAGGTTCT-1-HCAHeart7880860,Ventricular_Cardiomyocyte,0.9991604089736938,0.0075907375290574395,D6,scanvi_scarches,predicted
CCTAGCTCATTTCACT-1-HCAHeart7844003,Endothelial,0.999909520149231,0.0011029568976987003,D6,scanvi_scarches,predicted
AAATGCCTCTGATACG-1-HCAHeart7844004,Smooth_muscle_cells,0.9997429251670837,0.0027821806557939734,D6,scanvi_scarches,predicted
ACTTTCAAGGACAGAA-1-HCAHeart7880862,Atrial_Cardiomyocyte,0.9997798800468445,0.0024557144551445916,D6,scanvi_scarches,predicted
TCCCACATCGGTGCAC-1-HCAHeart7905328,Endothelial,0.9999159574508667,0.0010224438841457508,D6,scanvi_scarches,predicted
AGCATCATCATCGCAA-1-HCAHeart7905327,Endothelial,0.9997697472572327,0.0024205700776666413,D6,scanvi_scarches,predicted
GTCAAGTCAAGAGGCT-1-HCAHeart7844001,Lymphoid,0.9997277855873108,0.0028378146919601005,D6,scanvi_scarches,predicted
AAAGTGATCGCTTAAG-1-HCAHeart7905328,Endothelial,0.9998795986175537,0.0014421247151156578,D6,scanvi_scarches,predicted
CCGTTCATCGTTGTAG-1-HCAHeart7905327,Endothelial,0.9998757839202881,0.0014295271487421053,D6,scanvi_scarches,predicted
GTACTCCGTTATCGGT-1-HCAHeart7880861,Ventricular_Cardiomyocyte,0.9998034834861755,0.002183942629209367,D6,scanvi_scarches,predicted
TCTATTGTCACAATGC-1-HCAHeart7888927,Pericytes,0.999799907207489,0.002239800570063201,D6,scanvi_scarches,predicted
CAGTCCTTCAAAGACA-1-HCAHeart7844004,Pericytes,0.9996598958969116,0.003464568928161458,D6,scanvi_scarches,predicted
CTAACTTGTCGAATCT-1-HCAHeart7843999,Endothelial,0.9999027252197266,0.0011645354002756815,D6,scanvi_scarches,predicted
TCAGCAAAGATGGGTC-1-HCAHeart7844003,Endothelial,0.9825462102890015,0.10483823614524852,D6,scanvi_scarches,predicted
CACCACTCAACCGCCA-1-HCAHeart7843999,Lymphoid,0.9997801184654236,0.002375105893128852,D6,scanvi_scarches,predicted
AAGGCAGCAAGACACG-1-HCAHeart7880862,Endothelial,0.9971812963485718,0.023782390584829425,D6,scanvi_scarches,predicted
GACCAATCACCAGTTA-1-HCAHeart7844004,Smooth_muscle_cells,0.9989790916442871,0.008676874447648038,D6,scanvi_scarches,predicted
CAAGGCCTCCAGTATG-1-HCAHeart7844000,Endothelial,0.9998931884765625,0.0012703407188665976,D6,scanvi_scarches,predicted
TGCACCTGTCCAGTGC-1-HCAHeart7844001,Myeloid,0.999734103679657,0.0028516493232894377,D6,scanvi_scarches,predicted
CGACTTCAGAGGTAGA-1-HCAHeart7880860,Ventricular_Cardiomyocyte,0.9998643398284912,0.001572910450057083,D6,scanvi_scarches,predicted
CGAGCCAAGACATAAC-1-HCAHeart7844004,Endothelial,0.9998910427093506,0.0013149412754699533,D6,scanvi_scarches,predicted
AGGCCACCACGCGTCA-1-HCAHeart7905328,Endothelial,0.9999028444290161,0.0011730629176570345,D6,scanvi_scarches,predicted
CTACACCGTGCAACTT-1-HCAHeart7888927,Ventricular_Cardiomyocyte,0.999834418296814,0.0018805139642746394,D6,scanvi_scarches,predicted
TTACTGTTCCAACTAG-1-HCAHeart7905332,Smooth_muscle_cells,0.9996393918991089,0.0036341171549087756,D6,scanvi_scarches,predicted
AGGGTGACACGTCATA-1-HCAHeart7905328,Endothelial,0.9998569488525391,0.0016216512707212375,D6,scanvi_scarches,predicted
CGTCACTGTCACCCAG-1-HCAHeart7888926,Ventricular_Cardiomyocyte,0.9999046325683594,0.001149237333528637,D6,scanvi_scarches,predicted
AGGGCCTTCCGCAACG-1-HCAHeart7905328,Endothelial,0.9997735619544983,0.002567033532066981,D6,scanvi_scarches,predicted
CGTAGGCTCTCCCTGA-1-HCAHeart7888927,Fibroblast,0.9998427629470825,0.0018525250430229442,D6,scanvi_scarches,predicted
TGCCCTATCCAAACTG-1-HCAHeart7888926,Ventricular_Cardiomyocyte,0.9998955726623535,0.0012482076923072867,D6,scanvi_scarches,predicted
CAAGAAATCGGCATCG-1-HCAHeart7880861,Fibroblast,0.9999212026596069,0.0009890604844899646,D6,scanvi_scarches,predicted
CTGAAGTCATGTCTCC-1-HCAHeart7844001,Myeloid,0.9991251826286316,0.007521051052807998,D6,scanvi_scarches,predicted
TTGCATTAGGGAGGGT-1-HCAHeart7905328,Endothelial,0.9999064207077026,0.0011156004014004266,D6,scanvi_scarches,predicted
CAGCCGAAGCCAGTAG-1-HCAHeart7843999,Endothelial,0.999908447265625,0.0010978711170171501,D6,scanvi_scarches,predicted
ACTTTCACAAGCCTAT-1-HCAHeart7844004,Endothelial,0.9999024868011475,0.001163051969269348,D6,scanvi_scarches,predicted
AGTGTTGAGATGCTGG-1-HCAHeart7905327,Endothelial,0.9998677968978882,0.0015146082175317324,D6,scanvi_scarches,predicted
GTGCGTGGTATCGATC-1-HCAHeart7905332,Endothelial,0.9999151229858398,0.0010413706595118098,D6,scanvi_scarches,predicted
TCATTACTCGCCACTT-1-HCAHeart7905327,Endothelial,0.9998905658721924,0.0012844781723555755,D6,scanvi_scarches,predicted
ACGATACAGACAGACC-1-HCAHeart7844004,Myeloid,0.9996191263198853,0.003982774024131869,D6,scanvi_scarches,predicted
CTCGTCATCCTCAACC-1-HCAHeart7844004,Endothelial,0.9997287392616272,0.003008765376671186,D6,scanvi_scarches,predicted
CTCGGAGAGAAGGTTT-1-HCAHeart7880861,Fibroblast,0.9998936653137207,0.0012924167896408822,D6,scanvi_scarches,predicted
GTGAAGGCAAGAGTCG-1-HCAHeart7844001,Endothelial,0.9997521042823792,0.0026418041064295104,D6,scanvi_scarches,predicted
TTTCATGTCGTTCTCG-1-HCAHeart7905327,Endothelial,0.9997468590736389,0.002657294085762527,D6,scanvi_scarches,predicted
TCTGGAATCGTTACAG-1-HCAHeart7843999,Endothelial,0.99989914894104,0.0012065158207656605,D6,scanvi_scarches,predicted
GTCATTTCACCCTATC-1-HCAHeart7844000,Endothelial,0.9999061822891235,0.001142220159405487,D6,scanvi_scarches,predicted
TCACAAGAGTGTACCT-1-HCAHeart7844001,Smooth_muscle_cells,0.9629409313201904,0.16369743391935615,D6,scanvi_scarches,predicted
TCAACGATCAAGGCTT-1-HCAHeart7843999,Endothelial,0.9998984336853027,0.0012323795303269948,D6,scanvi_scarches,predicted
ACGGTCGGTACTCCGG-1-HCAHeart7905329,Lymphoid,0.9998205304145813,0.002011732193168,D6,scanvi_scarches,predicted
CAGCATAAGAAGGTTT-1-HCAHeart7844001,Endothelial,0.9998329877853394,0.0019297380505409736,D6,scanvi_scarches,predicted
GAACCTACATCGACGC-1-HCAHeart7843999,Endothelial,0.9998944997787476,0.0012388072095350343,D6,scanvi_scarches,predicted
CAAGATCAGATAGTCA-1-HCAHeart7844004,Endothelial,0.9999152421951294,0.001044374129907566,D6,scanvi_scarches,predicted
CAGTAACTCTACGAGT-1-HCAHeart7843999,Endothelial,0.9998563528060913,0.0016271913157791431,D6,scanvi_scarches,predicted
ACACCAACAGTTTACG-1-HCAHeart7880862,Myeloid,0.9699558615684509,0.15931184249639543,D6,scanvi_scarches,predicted
CCTCCTCTCTGGTGGC-1-HCAHeart7905332,Endothelial,0.9998505115509033,0.0017492236738709916,D6,scanvi_scarches,predicted
ATTGGACGTACAAGTA-1-HCAHeart7888926,Fibroblast,0.9998682737350464,0.0015840328294672477,D6,scanvi_scarches,predicted
AAGGAGCGTAGCTGCC-1-HCAHeart7880862,Endothelial,0.9998645782470703,0.0015917398797616908,D6,scanvi_scarches,predicted
CTCAGGGAGAGACAAG-1-HCAHeart7905327,Endothelial,0.9998786449432373,0.0014139699294398902,D6,scanvi_scarches,predicted
GACGCGTGTACCAGTT-1-HCAHeart7880861,Ventricular_Cardiomyocyte,0.9998506307601929,0.0017136772480522901,D6,scanvi_scarches,predicted
AGGGTGACAGCCACCA-1-HCAHeart7880861,Mesothelial,0.9978690147399902,0.01932889809440314,D6,scanvi_scarches,predicted
CGACCTTCATGCAACT-1-HCAHeart7844004,Pericytes,0.8507440686225891,0.500460641497917,D6,scanvi_scarches,predicted
CGGAGCTCAGCATACT-1-HCAHeart7843999,Pericytes,0.9994670748710632,0.005212513515606254,D6,scanvi_scarches,predicted
GAGTTGTAGTATTCCG-1-HCAHeart7905327,Endothelial,0.9998244643211365,0.0019284301964443643,D6,scanvi_scarches,predicted
CAACCAAGTAAACGCG-1-HCAHeart7844001,Pericytes,0.8051169514656067,0.5192913119494863,D6,scanvi_scarches,predicted
CAAGATCGTTGAGTTC-1-HCAHeart7880861,Fibroblast,0.9998807907104492,0.0014406627411317008,D6,scanvi_scarches,predicted
CTTTGCGAGCAATATG-1-HCAHeart7844001,Myeloid,0.9992838501930237,0.006952628025606364,D6,scanvi_scarches,predicted
GACGTTATCGCAGTTA-1-HCAHeart7905327,Endothelial,0.9998629093170166,0.001558931755885186,D6,scanvi_scarches,predicted
CGGAGTCGTATAGGGC-1-HCAHeart7888927,Ventricular_Cardiomyocyte,0.9995489716529846,0.0046255507439512174,D6,scanvi_scarches,predicted
TCCACACTCATGTAGC-1-HCAHeart7888926,Ventricular_Cardiomyocyte,0.999883770942688,0.0013705540585550989,D6,scanvi_scarches,predicted
TGGCGCACAAACAACA-1-HCAHeart7888926,Pericytes,0.9995548129081726,0.004362196226897576,D6,scanvi_scarches,predicted
AATCGTGAGTACTGTC-1-HCAHeart7905332,Endothelial,0.9996742010116577,0.003364511507262701,D6,scanvi_scarches,predicted
GATTCAGGTACAGTGG-1-HCAHeart7844004,Pericytes,0.9995868802070618,0.004187559815313871,D6,scanvi_scarches,predicted
TGGTTAGGTTGCGCAC-1-HCAHeart7843999,Endothelial,0.9999070167541504,0.0011384271014048617,D6,scanvi_scarches,predicted
CTGAAGTAGATCCTGT-1-HCAHeart7844001,Endothelial,0.9998718500137329,0.0015179190825387954,D6,scanvi_scarches,predicted
TCTGAGATCGCATGAT-1-HCAHeart7844004,Endothelial,0.998875081539154,0.010031636357920046,D6,scanvi_scarches,predicted
CTTCCGACAATCACGT-1-HCAHeart7905330,Endothelial,0.9992374181747437,0.007374933551842727,D6,scanvi_scarches,predicted
ACCAACAGTATCACGT-1-HCAHeart7905332,Endothelial,0.9998776912689209,0.001401628387553034,D6,scanvi_scarches,predicted
GCGTGCATCTACACAG-1-HCAHeart7905327,Endothelial,0.9988096952438354,0.009764279076300252,D6,scanvi_scarches,predicted
TAGTGGTCATTAGGCT-1-HCAHeart7844001,Smooth_muscle_cells,0.9992920160293579,0.00648993044809339,D6,scanvi_scarches,predicted
ATGGGAGAGTGGGTTG-1-HCAHeart7843999,Myeloid,0.9995562434196472,0.0042085614171826725,D6,scanvi_scarches,predicted
TGCACCTTCCCTTGCA-1-HCAHeart7844004,Endothelial,0.9998125433921814,0.0020439846187416846,D6,scanvi_scarches,predicted
TCATTGTTCTGTGCGG-1-HCAHeart7905327,Endothelial,0.9999076128005981,0.001121882814112622,D6,scanvi_scarches,predicted
GGTGCGTTCTTACCGC-1-HCAHeart7844004,Endothelial,0.9998494386672974,0.0017456807986320378,D6,scanvi_scarches,predicted
TACTTACCACATCCAA-1-HCAHeart7844001,Endothelial,0.9998044371604919,0.00218830300195242,D6,scanvi_scarches,predicted
CGTGAATTCCATTTCA-1-HCAHeart7905331,Endothelial,0.9998500347137451,0.001705494656546175,D6,scanvi_scarches,predicted
TGAGGAGTCAGTGTGT-1-HCAHeart7905328,Endothelial,0.999876856803894,0.0014249870252455285,D6,scanvi_scarches,predicted
CAACCTCGTCATACTG-1-HCAHeart7844004,Myeloid,0.997495710849762,0.018646941176669266,D6,scanvi_scarches,predicted
CTACATTCACCTGGTG-1-HCAHeart7888926,Pericytes,0.9912729859352112,0.05481582552621759,D6,scanvi_scarches,predicted
CTATAGGAGGGCAGTT-1-HCAHeart7905331,Endothelial,0.9998680353164673,0.001506647040746374,D6,scanvi_scarches,predicted
GGTGTTAGTGTGACCC-1-HCAHeart7844002,Endothelial,0.9999054670333862,0.0011400409878317154,D6,scanvi_scarches,predicted
GAAACTCCACGGCGTT-1-HCAHeart7844004,Endothelial,0.9999043941497803,0.0011434371204009973,D6,scanvi_scarches,predicted
AGAACAAGTCTTACTT-1-HCAHeart7905331,Endothelial,0.9998886585235596,0.0013116567442959684,D6,scanvi_scarches,predicted
CGAGAAGTCGTTGCCT-1-HCAHeart7844003,Endothelial,0.9999065399169922,0.0011418019153238775,D6,scanvi_scarches,predicted
ACGGGTCAGGCAAAGA-1-HCAHeart7880860,Endothelial,0.9997685551643372,0.002463523315800023,D6,scanvi_scarches,predicted
CTAGAGTAGCTGTCTA-1-HCAHeart7844004,Pericytes,0.6387946605682373,1.0307459388394888,D6,scanvi_scarches,predicted
GACCAATTCTGCTGCT-1-HCAHeart7844003,Endothelial,0.9835143089294434,0.08643349689739606,D6,scanvi_scarches,predicted
AATCGGTAGAGTCTGG-1-HCAHeart7844001,Endothelial,0.9986445307731628,0.012300313674903902,D6,scanvi_scarches,predicted
CCGTTCATCAGTGCAT-1-HCAHeart7843999,Endothelial,0.9998773336410522,0.0014126320435140657,D6,scanvi_scarches,predicted
CTACGTCTCTTGCAAG-1-HCAHeart7844003,Endothelial,0.9989700317382812,0.008692548423186938,D6,scanvi_scarches,predicted
GAGTTTGCAAGGCAAC-1-HCAHeart7905332,Endothelial,0.9996532201766968,0.0035099070355947763,D6,scanvi_scarches,predicted
GACAGAGGTGTGGTTT-1-HCAHeart7880863,Myeloid,0.9997232556343079,0.002976573776035613,D6,scanvi_scarches,predicted
AAAGTAGAGTGGAGAA-1-HCAHeart7844001,Endothelial,0.9997811913490295,0.002445716610814037,D6,scanvi_scarches,predicted
ATCTACTAGCTGATAA-1-HCAHeart7844001,Myeloid,0.9997156262397766,0.0028914165155547564,D6,scanvi_scarches,predicted
GTCGTAAAGTACACCT-1-HCAHeart7844000,Endothelial,0.9998595714569092,0.0016515511417790727,D6,scanvi_scarches,predicted
TGAGGGAAGTGAATTG-1-HCAHeart7844002,Endothelial,0.9998376369476318,0.0019038143396706386,D6,scanvi_scarches,predicted
ACTGCTCGTATTAGCC-1-HCAHeart7888926,Ventricular_Cardiomyocyte,0.9998435974121094,0.0018000603564219512,D6,scanvi_scarches,predicted
GAGTCATGTACAGAAT-1-HCAHeart7905327,Endothelial,0.9996028542518616,0.004008812462868887,D6,scanvi_scarches,predicted
TGCGCAGGTGCCTTGG-1-HCAHeart7880861,Pericytes,0.9996925592422485,0.0031790761265893743,D6,scanvi_scarches,predicted
GGGCGTTTCGGCATCG-1-HCAHeart7905332,Endothelial,0.999900221824646,0.0011870741554340326,D6,scanvi_scarches,predicted
CTGGTCTTCATAAAGG-1-HCAHeart7843999,Endothelial,0.9998946189880371,0.0012527588696409158,D6,scanvi_scarches,predicted
TTTATGCCACGGTAGA-1-HCAHeart7843999,Endothelial,0.999875545501709,0.001441506685786529,D6,scanvi_scarches,predicted
TCTTTCCCAGCGTCCA-1-HCAHeart7843999,Endothelial,0.9998069405555725,0.0021952008248805038,D6,scanvi_scarches,predicted
ATCAGGTTCACCTCTG-1-HCAHeart7905331,Endothelial,0.9992490410804749,0.007570199085284765,D6,scanvi_scarches,predicted
GTATTCTTCAACACCA-1-HCAHeart7844002,Lymphoid,0.9997143149375916,0.0029839350338834217,D6,scanvi_scarches,predicted
TGGCTGGAGTGCCATT-1-HCAHeart7844000,Endothelial,0.9999178647994995,0.0010091081816854754,D6,scanvi_scarches,predicted
CGTTAGAAGTGTTTGC-1-HCAHeart7844003,Smooth_muscle_cells,0.8723775744438171,0.41286334879161074,D6,scanvi_scarches,predicted
GGTTAACTCACAGAGG-1-HCAHeart7905329,Endothelial,0.9998856782913208,0.001332619834131905,D6,scanvi_scarches,predicted
GGTGTCGTCGAGAAAT-1-HCAHeart7905332,Endothelial,0.9999006986618042,0.0011804323446892968,D6,scanvi_scarches,predicted
GAACATCAGACACTAA-1-HCAHeart7844003,Lymphoid,0.999687671661377,0.0033622512762150115,D6,scanvi_scarches,predicted
CATCAAGAGGGTGTTG-1-HCAHeart7844004,Myeloid,0.9996553659439087,0.003526688213566402,D6,scanvi_scarches,predicted
TCGCTTGAGGATCATA-1-HCAHeart7905327,Endothelial,0.999861478805542,0.001566821043845313,D6,scanvi_scarches,predicted
TCTCATACATCACAAC-1-HCAHeart7844001,Neuronal,0.9925792813301086,0.05339638928242673,D6,scanvi_scarches,predicted
ACGAGGAGTACGACCC-1-HCAHeart7844004,Endothelial,0.9998015761375427,0.0022472487664255947,D6,scanvi_scarches,predicted
CGTGAGCTCTGCGGCA-1-HCAHeart7888926,Endothelial,0.9998728036880493,0.0014914936175106778,D6,scanvi_scarches,predicted
GGATCTAAGGTTGAGC-1-HCAHeart7905330,Endothelial,0.999630331993103,0.0038215681593257345,D6,scanvi_scarches,predicted
CAGGTGCTCTTCGGTC-1-HCAHeart7844001,Pericytes,0.9201412200927734,0.28307235415716464,D6,scanvi_scarches,predicted
ACGCAGCCAATGCCAT-1-HCAHeart7880861,Ventricular_Cardiomyocyte,0.9998433589935303,0.0017655838498369788,D6,scanvi_scarches,predicted
CGTAGTAGTACGATTC-1-HCAHeart7905328,Endothelial,0.9990862607955933,0.008944286497368243,D6,scanvi_scarches,predicted
GGGCATCCAGACGTAG-1-HCAHeart7888926,Ventricular_Cardiomyocyte,0.9998524188995361,0.0016870787779923397,D6,scanvi_scarches,predicted
AGCAGCCGTGTATGGG-1-HCAHeart7844004,Mesothelial,0.8724827170372009,0.6045101854709699,D6,scanvi_scarches,predicted
CCACCTACAAGCTGAG-1-HCAHeart7844004,Endothelial,0.9998618364334106,0.0015914172558249198,D6,scanvi_scarches,predicted
CGGACTGCAATCACAC-1-HCAHeart7888926,Ventricular_Cardiomyocyte,0.9999003410339355,0.0011938844186799272,D6,scanvi_scarches,predicted
ACTGAACAGAGTAAGG-1-HCAHeart7844004,Endothelial,0.9998177886009216,0.002081301487656096,D6,scanvi_scarches,predicted
TCGAACAGTACCAATC-1-HCAHeart7905327,Endothelial,0.9972522854804993,0.022096353062063943,D6,scanvi_scarches,predicted
CTCTGGTCACAAGACG-1-HCAHeart7844003,Endothelial,0.9996898174285889,0.003386870735921734,D6,scanvi_scarches,predicted
TAAGAGAAGTGGGTTG-1-HCAHeart7844004,Pericytes,0.8772984147071838,0.37859657337311464,D6,scanvi_scarches,predicted
ATGAGGGGTGTCAATC-1-HCAHeart7843999,Smooth_muscle_cells,0.9998130202293396,0.002128304439761576,D6,scanvi_scarches,predicted
TGCAGATGTGAATATG-1-HCAHeart7905329,Endothelial,0.9998811483383179,0.0013850913532432237,D6,scanvi_scarches,predicted
ACGTAGTTCTCGTGGG-1-HCAHeart7905330,Endothelial,0.999687910079956,0.003169320916999775,D6,scanvi_scarches,predicted
CGTCCATTCGGTGTCG-1-HCAHeart7844002,Lymphoid,0.999804675579071,0.002212045758162827,D6,scanvi_scarches,predicted
TCTTTCCAGCAATATG-1-HCAHeart7844001,Endothelial,0.9990353584289551,0.00906418787830333,D6,scanvi_scarches,predicted
TCATTACGTTGTACAC-1-HCAHeart7843999,Myeloid,0.9966440200805664,0.02332334543273931,D6,scanvi_scarches,predicted
GTGATGTTCTCGGCTT-1-HCAHeart7905327,Endothelial,0.9998922348022461,0.0012815982136829738,D6,scanvi_scarches,predicted
AAAGATGAGCTAACTC-1-HCAHeart7843999,Endothelial,0.9998656511306763,0.001563451309076772,D6,scanvi_scarches,predicted
GGACAAGTCCTATTCA-1-HCAHeart7843999,Pericytes,0.9993959665298462,0.0057122879167857835,D6,scanvi_scarches,predicted
AGCAGCCAGAATGTTG-1-HCAHeart7844004,Endothelial,0.9998108744621277,0.002083834641729123,D6,scanvi_scarches,predicted
GCAATCATCAGTACGT-1-HCAHeart7844004,Endothelial,0.9997778534889221,0.0024736685043492356,D6,scanvi_scarches,predicted
CAAGAAACAGATAATG-1-HCAHeart7843999,Endothelial,0.9998884201049805,0.0013065844161790445,D6,scanvi_scarches,predicted
CGAACATTCTTCCTTC-1-HCAHeart7844004,Myeloid,0.9997562766075134,0.0025979187489670492,D6,scanvi_scarches,predicted
ATTTCTGCACCTCGGA-1-HCAHeart7843999,Endothelial,0.9998821020126343,0.0013773567635141342,D6,scanvi_scarches,predicted
ACACCCTAGTGCTGCC-1-HCAHeart7844004,Endothelial,0.9997552037239075,0.002755730911233962,D6,scanvi_scarches,predicted
ACTGTCCAGTGTCCCG-1-HCAHeart7844004,Endothelial,0.9998751878738403,0.0014826176205060973,D6,scanvi_scarches,predicted
CTCCTTTTCCTTTGAT-1-HCAHeart7905331,Endothelial,0.9998351335525513,0.0018186365742071165,D6,scanvi_scarches,predicted
CACAGGCGTCCATGAT-1-HCAHeart7844000,Endothelial,0.999894380569458,0.0012467833338106562,D6,scanvi_scarches,predicted
GTGCATATCTTGGGTA-1-HCAHeart7844001,Endothelial,0.9997356534004211,0.002891964815248775,D6,scanvi_scarches,predicted
GATGAAACAATGGTCT-1-HCAHeart7844003,Endothelial,0.8658283352851868,0.404013457084524,D6,scanvi_scarches,predicted
CGCGGTAAGCAACGGT-1-HCAHeart7844000,Endothelial,0.9998199343681335,0.002060779615900272,D6,scanvi_scarches,predicted
CTCGAGGGTTTACTCT-1-HCAHeart7844003,Endothelial,0.6687249541282654,0.7308494087958798,D6,scanvi_scarches,predicted
TTGTGTTGTGAATGTA-1-HCAHeart7905327,Endothelial,0.9987571239471436,0.011005112240368363,D6,scanvi_scarches,predicted
AGTACTGCAGGCCCTA-1-HCAHeart7905332,Endothelial,0.9998536109924316,0.0016297770100845812,D6,scanvi_scarches,predicted
TGCGGGTAGGATATAC-1-HCAHeart7844003,Lymphoid,0.9996531009674072,0.003561007570198426,D6,scanvi_scarches,predicted
TAGACCATCGGAAATA-1-HCAHeart7844001,Pericytes,0.987204909324646,0.07201522202765137,D6,scanvi_scarches,predicted
TCAATCTTCAGCTCGG-1-HCAHeart7843999,Endothelial,0.999281108379364,0.006792481421365095,D6,scanvi_scarches,predicted
TTCCTCTTCGCGTCGA-1-HCAHeart7905328,Endothelial,0.9996803998947144,0.00338705393926583,D6,scanvi_scarches,predicted
CTCAGAATCTCAAGTG-1-HCAHeart7844004,Endothelial,0.9996259212493896,0.003983645429229727,D6,scanvi_scarches,predicted
CGTGAGCGTGCTGTAT-1-HCAHeart7844004,Endothelial,0.9998267292976379,0.0019772993781409214,D6,scanvi_scarches,predicted
TCAGATGAGAAACGCC-1-HCAHeart7888926,Ventricular_Cardiomyocyte,0.8975809812545776,0.3442879741897171,D6,scanvi_scarches,predicted
TCAGGTAAGGACATTA-1-HCAHeart7880861,Fibroblast,0.9998770952224731,0.0014426519416449494,D6,scanvi_scarches,predicted
TTAGGACGTCTTGCGG-1-HCAHeart7843999,Myeloid,0.9900187253952026,0.057612073725675644,D6,scanvi_scarches,predicted
TTCCACGCAGAGGGTT-1-HCAHeart7905328,Endothelial,0.9997937083244324,0.0022029266624039377,D6,scanvi_scarches,predicted
CGCGGTACACAAGACG-1-HCAHeart7844004,Pericytes,0.9853124022483826,0.08330434118448693,D6,scanvi_scarches,predicted
AAATGCCGTCTCTTTA-1-HCAHeart7880863,Adipocytes,0.9999309778213501,0.0008744648384850963,D6,scanvi_scarches,predicted
ACCCACTTCCTCTAGC-1-HCAHeart7844004,Endothelial,0.9983170032501221,0.01406217382062621,D6,scanvi_scarches,predicted
TGGCCAGCAACACCCG-1-HCAHeart7880862,Atrial_Cardiomyocyte,0.9995390176773071,0.0046828430413641785,D6,scanvi_scarches,predicted
ACACTGACAGTACACT-1-HCAHeart7843999,Endothelial,0.9998759031295776,0.0014260768318129036,D6,scanvi_scarches,predicted
CATATTCGTTGCCTCT-1-HCAHeart7844001,Lymphoid,0.9997895359992981,0.0023315299485906138,D6,scanvi_scarches,predicted
CGTCACTAGGTGATTA-1-HCAHeart7844003,Endothelial,0.9998470544815063,0.0017344433351281067,D6,scanvi_scarches,predicted
TTGATGGGTGACCTGC-1-HCAHeart7905327,Endothelial,0.9997207522392273,0.0028933691728196508,D6,scanvi_scarches,predicted
CACACAAGTCAGCGTC-1-HCAHeart7905331,Endothelial,0.9998494386672974,0.00169428073934946,D6,scanvi_scarches,predicted
GCAGCCAGTCGAGCTC-1-HCAHeart7905327,Endothelial,0.9999098777770996,0.0010917522234187881,D6,scanvi_scarches,predicted
GACGTTATCCGCGTTT-1-HCAHeart7844001,Smooth_muscle_cells,0.9984116554260254,0.012604042941423803,D6,scanvi_scarches,predicted
ATCATCTTCACCTTAT-1-HCAHeart7844003,Endothelial,0.9998770952224731,0.0014323525981473732,D6,scanvi_scarches,predicted
CTATCCGTCTCCGAGG-1-HCAHeart7905327,Endothelial,0.9998737573623657,0.0014741497917701413,D6,scanvi_scarches,predicted
TAAGCGTAGTGTACTC-1-HCAHeart7843999,Endothelial,0.999886155128479,0.0013240046311460986,D6,scanvi_scarches,predicted
TGCCCTATCTGTGCAA-1-HCAHeart7843999,Endothelial,0.9998633861541748,0.0015405396257576036,D6,scanvi_scarches,predicted
TCCACACAGAACAATC-1-HCAHeart7843999,Endothelial,0.9997771382331848,0.00245207516324139,D6,scanvi_scarches,predicted
CGCGGTATCGCGTTTC-1-HCAHeart7880862,Endothelial,0.9981940388679504,0.015152439008637941,D6,scanvi_scarches,predicted
CGATGTACAAGCGTAG-1-HCAHeart7844001,Endothelial,0.9978384375572205,0.018643290897586227,D6,scanvi_scarches,predicted
CCTACACGTAAAGGAG-1-HCAHeart7843999,Endothelial,0.9998769760131836,0.0014628107572631647,D6,scanvi_scarches,predicted
AGTGAGGGTCGGCACT-1-HCAHeart7844001,Pericytes,0.8847501277923584,0.36889976059819385,D6,scanvi_scarches,predicted
CTACGTCAGCCCGAAA-1-HCAHeart7843999,Myeloid,0.9995424747467041,0.004352622081880893,D6,scanvi_scarches,predicted
CGGAGTCGTACCTACA-1-HCAHeart7844004,Endothelial,0.9998082518577576,0.002080585093597579,D6,scanvi_scarches,predicted
CATCCACCACTGTTAG-1-HCAHeart7844000,Endothelial,0.999909520149231,0.0010969612567321271,D6,scanvi_scarches,predicted
GATGAAAAGGACAGAA-1-HCAHeart7844001,Endothelial,0.9998372793197632,0.0018773021357179605,D6,scanvi_scarches,predicted
GCATGTATCGCAGGCT-1-HCAHeart7844004,Lymphoid,0.999710738658905,0.0030242253521468323,D6,scanvi_scarches,predicted
CGTCCATCAATACCTG-1-HCAHeart7905328,Endothelial,0.9997780919075012,0.002348643352574538,D6,scanvi_scarches,predicted
GATGAGGTCGCGTAGC-1-HCAHeart7844001,Smooth_muscle_cells,0.9540894031524658,0.19620593476100262,D6,scanvi_scarches,predicted
GTTACAGCAGTCGATT-1-HCAHeart7844003,Lymphoid,0.9998223185539246,0.002017578255252001,D6,scanvi_scarches,predicted
GCATACACACCCATTC-1-HCAHeart7888927,Myeloid,0.9976758360862732,0.017387126296468068,D6,scanvi_scarches,predicted
TCGTACCCAAGACACG-1-HCAHeart7844001,Myeloid,0.9997262358665466,0.002856649367755999,D6,scanvi_scarches,predicted
AAGTCTGAGGTTACCT-1-HCAHeart7844001,Endothelial,0.9997363686561584,0.0028973716325220162,D6,scanvi_scarches,predicted
TTCGAAGTCGCCAAAT-1-HCAHeart7844001,Endothelial,0.9998708963394165,0.0015253175739320028,D6,scanvi_scarches,predicted
TCTCATATCACCATAG-1-HCAHeart7880860,Pericytes,0.9997932314872742,0.002289108764334977,D6,scanvi_scarches,predicted
CGGGTCAAGAGTAAGG-1-HCAHeart7888926,Endothelial,0.9999080896377563,0.0011185347993358833,D6,scanvi_scarches,predicted
GCCTCTACAAGGTTCT-1-HCAHeart7880862,Atrial_Cardiomyocyte,0.9997687935829163,0.0025453903089882827,D6,scanvi_scarches,predicted
ACTATCTTCTGGGCCA-1-HCAHeart7844003,Endothelial,0.999830961227417,0.0018971348381744604,D6,scanvi_scarches,predicted
ACACTGAAGGTACTCT-1-HCAHeart7880862,Endothelial,0.9998612403869629,0.0016286393219177649,D6,scanvi_scarches,predicted
TTGTAGGCAAGGACTG-1-HCAHeart7888926,Pericytes,0.9997751116752625,0.0024629020051253336,D6,scanvi_scarches,predicted
ACTACGAGTGCAGGAT-1-HCAHeart7905327,Endothelial,0.9998642206192017,0.0015415377834221342,D6,scanvi_scarches,predicted
ACGGCCACATTATCTC-1-HCAHeart7843999,Pericytes,0.9996333122253418,0.003776218839407564,D6,scanvi_scarches,predicted
AGCCTAACACCCTATC-1-HCAHeart7888927,Ventricular_Cardiomyocyte,0.9998728036880493,0.001496946969456224,D6,scanvi_scarches,predicted
TATCTCAAGCGAAGGG-1-HCAHeart7880860,Ventricular_Cardiomyocyte,0.9998948574066162,0.0012511623259323487,D6,scanvi_scarches,predicted
TGGTTAGCAGATTGCT-1-HCAHeart7888927,Ventricular_Cardiomyocyte,0.9998000264167786,0.0022561257801591455,D6,scanvi_scarches,predicted
GTACTCCCAACTGCGC-1-HCAHeart7880861,Ventricular_Cardiomyocyte,0.99978107213974,0.002361280179984766,D6,scanvi_scarches,predicted
ATCCACCGTGTGGTTT-1-HCAHeart7844004,Endothelial,0.999704897403717,0.0031323378136119094,D6,scanvi_scarches,predicted
CGCTATCCATCCGGGT-1-HCAHeart7888926,Ventricular_Cardiomyocyte,0.999812662601471,0.002073239436654649,D6,scanvi_scarches,predicted
GTCAAGTCAGGGCATA-1-HCAHeart7844004,Endothelial,0.9998769760131836,0.0014584329507522672,D6,scanvi_scarches,predicted
TTCTAGTTCTGAATCG-1-HCAHeart7905328,Endothelial,0.999901533126831,0.001200428565918474,D6,scanvi_scarches,predicted
TTTCCTCTCCGTTGTC-1-HCAHeart7844001,Lymphoid,0.999833345413208,0.0018889271520755972,D6,scanvi_scarches,predicted
CTGATAGTCTATCCTA-1-HCAHeart7844003,Endothelial,0.9967440366744995,0.023546945774506337,D6,scanvi_scarches,predicted
AGTAGTCAGTGCCCGT-1-HCAHeart7905332,Endothelial,0.9998787641525269,0.0013882708089130063,D6,scanvi_scarches,predicted
AGTGTCAAGACTTGAA-1-HCAHeart7844004,Smooth_muscle_cells,0.9995020627975464,0.004763689193767184,D6,scanvi_scarches,predicted
TCATTACAGGCCCGTT-1-HCAHeart7880861,Pericytes,0.9996460676193237,0.0035658784881231497,D6,scanvi_scarches,predicted
CCCATTGCATGAGATA-1-HCAHeart7905332,Endothelial,0.9998620748519897,0.001566234359074816,D6,scanvi_scarches,predicted
ATGCATGTCAACGAGG-1-HCAHeart7905332,Endothelial,0.999858021736145,0.0016177620224140578,D6,scanvi_scarches,predicted
TGCCCTAGTGTTAAGA-1-HCAHeart7844001,Pericytes,0.9876264929771423,0.07050169235994126,D6,scanvi_scarches,predicted
ACTTTCACAAACTGCT-1-HCAHeart7844001,Endothelial,0.9997774958610535,0.002477060599853963,D6,scanvi_scarches,predicted
TTTACTGCAAAGTGCG-1-HCAHeart7844000,Pericytes,0.5819927453994751,0.8249064255814889,D6,scanvi_scarches,predicted
TGACCCTTCACCTGTC-1-HCAHeart7905331,Endothelial,0.9998728036880493,0.001455525742603981,D6,scanvi_scarches,predicted
AGTCTTTTCAGGCAAG-1-HCAHeart7880861,Ventricular_Cardiomyocyte,0.9998610019683838,0.0016131190305441324,D6,scanvi_scarches,predicted
GAAACTCAGGGAACGG-1-HCAHeart7844004,Lymphoid,0.999758780002594,0.002571837128769893,D6,scanvi_scarches,predicted
CGCTGGAAGCCAGTAG-1-HCAHeart7844004,Endothelial,0.9998898506164551,0.0013085190834049162,D6,scanvi_scarches,predicted
CATGAGTAGGTAGGCT-1-HCAHeart7905330,Endothelial,0.8520084619522095,0.44663198903226853,D6,scanvi_scarches,predicted
CAGGTGCTCTCGGACG-1-HCAHeart7844004,Endothelial,0.9998111128807068,0.002126100890755589,D6,scanvi_scarches,predicted
ACTGAGTTCATATCGG-1-HCAHeart7844003,Endothelial,0.9997585415840149,0.0026919325681077546,D6,scanvi_scarches,predicted
TCTGAGATCAAGAAGT-1-HCAHeart7843999,Endothelial,0.9998810291290283,0.0014075935040520266,D6,scanvi_scarches,predicted
ATGCGATAGCTGCAAG-1-HCAHeart7844004,Smooth_muscle_cells,0.9998167157173157,0.0021007222040090655,D6,scanvi_scarches,predicted
CTTCTCTTCGACAGCC-1-HCAHeart7844001,Pericytes,0.9996786117553711,0.0033470104583847725,D6,scanvi_scarches,predicted
CTAGCCTTCCAAACTG-1-HCAHeart7844003,Pericytes,0.8055198788642883,0.5025980645601045,D6,scanvi_scarches,predicted
TAGTTGGGTTGTGGCC-1-HCAHeart7844004,Myeloid,0.6376234292984009,0.8856914141173856,D6,scanvi_scarches,predicted
AACTGGTTCATACGGT-1-HCAHeart7844003,Endothelial,0.9998377561569214,0.0017906273647318419,D6,scanvi_scarches,predicted
ACACCAACACTCGACG-1-HCAHeart7844003,Endothelial,0.9998600482940674,0.0016477173801471281,D6,scanvi_scarches,predicted
GTCCTCAGTTGGTAAA-1-HCAHeart7844004,Endothelial,0.9995762705802917,0.004252336901934732,D6,scanvi_scarches,predicted
TCACACCCAAGCGGAT-1-HCAHeart7905328,Endothelial,0.9999126195907593,0.001071789454684215,D6,scanvi_scarches,predicted
TGACTAGCAATCGGTT-1-HCAHeart7844004,Lymphoid,0.999760091304779,0.0026267794679263384,D6,scanvi_scarches,predicted
CTCCATGGTTCGGTCG-1-HCAHeart7905327,Endothelial,0.9997705817222595,0.0024773930517752794,D6,scanvi_scarches,predicted
TCATTACGTACGCTGC-1-HCAHeart7880860,Ventricular_Cardiomyocyte,0.9997941851615906,0.0022502223485986626,D6,scanvi_scarches,predicted
ACGTACATCGATTCCC-1-HCAHeart7905327,Endothelial,0.9998315572738647,0.0018601048287622596,D6,scanvi_scarches,predicted
TCGATTTAGGATACCG-1-HCAHeart7905327,Myeloid,0.9994844198226929,0.004819618616317273,D6,scanvi_scarches,predicted
GGCTCGAGTGAGTATA-1-HCAHeart7844002,Lymphoid,0.9992799162864685,0.0068035509962122084,D6,scanvi_scarches,predicted
GTGAAGGCAATCAGAA-1-HCAHeart7844003,Endothelial,0.9998772144317627,0.001452017702917725,D6,scanvi_scarches,predicted
CCCATTGTCATGCCAA-1-HCAHeart7905329,Endothelial,0.9999001026153564,0.0011855133739829787,D6,scanvi_scarches,predicted
CAAGATCTCCTGCAGG-1-HCAHeart7844002,Lymphoid,0.9997244477272034,0.0029219374182696675,D6,scanvi_scarches,predicted
GGAACTTCACGTGAGA-1-HCAHeart7844000,Endothelial,0.9998877048492432,0.0013502007655442547,D6,scanvi_scarches,predicted
CTCCGATCAATAGGAT-1-HCAHeart7905331,Endothelial,0.9998825788497925,0.0013476285708750718,D6,scanvi_scarches,predicted
GACTAACAGAGGACGG-1-HCAHeart7843999,Endothelial,0.9999085664749146,0.0011108049838086866,D6,scanvi_scarches,predicted
GCTTCCACATGTAGTC-1-HCAHeart7844003,Endothelial,0.9998152852058411,0.002008311084710247,D6,scanvi_scarches,predicted
GTTTCTATCATTGCGA-1-HCAHeart7844001,Endothelial,0.9997876286506653,0.002382113432415989,D6,scanvi_scarches,predicted
GTGAGGAGTCACTAGT-1-HCAHeart7905332,Endothelial,0.9997385144233704,0.00272890026058492,D6,scanvi_scarches,predicted
ACGGGTCCAATGGAGC-1-HCAHeart7844000,Endothelial,0.9998944997787476,0.0012674441996275957,D6,scanvi_scarches,predicted
TCGCGTTGTTATCACG-1-HCAHeart7844001,Endothelial,0.9995352029800415,0.004865667781847087,D6,scanvi_scarches,predicted
CTCGGAGAGTCAAGGC-1-HCAHeart7844001,Endothelial,0.9394785761833191,0.23893111298788888,D6,scanvi_scarches,predicted
GAGTTTGGTGATGGCA-1-HCAHeart7905331,Endothelial,0.9998869895935059,0.0013178953696028185,D6,scanvi_scarches,predicted
TGATTTCCAAGCGAGT-1-HCAHeart7844004,Endothelial,0.9998185038566589,0.0020736168176744623,D6,scanvi_scarches,predicted
ACTGAGTTCAGGCAAG-1-HCAHeart7888927,Ventricular_Cardiomyocyte,0.9998582601547241,0.001622827225870728,D6,scanvi_scarches,predicted
AGAATAGCAATAGCAA-1-HCAHeart7844004,Endothelial,0.9997943043708801,0.0022775295082806592,D6,scanvi_scarches,predicted
AGTCTCCAGTGATTCC-1-HCAHeart7905331,Endothelial,0.9998733997344971,0.0014785510964478857,D6,scanvi_scarches,predicted
AGCGTCGTCACCTCGT-1-HCAHeart7844001,Endothelial,0.9998918771743774,0.0013112194971280158,D6,scanvi_scarches,predicted
CCACAAAAGCCTCTCT-1-HCAHeart7905331,Endothelial,0.9998437166213989,0.0017321850997175676,D6,scanvi_scarches,predicted
TCGTGGGTCTGCCTCA-1-HCAHeart7905332,Endothelial,0.9998347759246826,0.001854243468801349,D6,scanvi_scarches,predicted
CGGACTGCATCAGTAC-1-HCAHeart7843999,Endothelial,0.9994159936904907,0.005817245885755501,D6,scanvi_scarches,predicted
ATCTGCCCACAGTCGC-1-HCAHeart7844001,Lymphoid,0.999795138835907,0.0022406707011117587,D6,scanvi_scarches,predicted
CGATCGGGTAGGGACT-1-HCAHeart7844001,Pericytes,0.9096910953521729,0.3115164776258015,D6,scanvi_scarches,predicted
CAAGATCCAGCTGTTA-1-HCAHeart7843999,Endothelial,0.9998379945755005,0.0017827956648501847,D6,scanvi_scarches,predicted
ATGAGGGAGGAATTAC-1-HCAHeart7844001,Smooth_muscle_cells,0.9596495032310486,0.1745877010907248,D6,scanvi_scarches,predicted
GCGCAGTAGCCGTCGT-1-HCAHeart7844001,Endothelial,0.9998958110809326,0.0012584129655962167,D6,scanvi_scarches,predicted
TTTGCGCTCGACGGAA-1-HCAHeart7844001,Myeloid,0.9993932247161865,0.005596036678306318,D6,scanvi_scarches,predicted
GTACGTAGTGAGTATA-1-HCAHeart7880862,Atrial_Cardiomyocyte,0.9997802376747131,0.0024387160696806923,D6,scanvi_scarches,predicted
ATGCATGAGCTTCGTA-1-HCAHeart7905329,Myeloid,0.9993793964385986,0.006137931453428267,D6,scanvi_scarches,predicted
TAGATCGCAGCTACAT-1-HCAHeart7905328,Endothelial,0.999839186668396,0.0018255794162713207,D6,scanvi_scarches,predicted
GCATCGGGTAACTGCT-1-HCAHeart7905328,Endothelial,0.9985449314117432,0.011796489054452885,D6,scanvi_scarches,predicted
GGCTGTGCATGTGCCG-1-HCAHeart7905328,Endothelial,0.9997977614402771,0.0021998423943742663,D6,scanvi_scarches,predicted
AAGGCAGGTCTAGAGG-1-HCAHeart7843999,Endothelial,0.9998739957809448,0.0014787750418261312,D6,scanvi_scarches,predicted
CCACTTGTCGGTTCAA-1-HCAHeart7905332,Smooth_muscle_cells,0.5547714829444885,0.6997769101245854,D6,scanvi_scarches,predicted
ACAGCCGGTCCGAATT-1-HCAHeart7843999,Endothelial,0.9998809099197388,0.0013719437912880054,D6,scanvi_scarches,predicted
CAGAATCTCTCAAGTG-1-HCAHeart7844002,Endothelial,0.9998966455459595,0.001243484030192635,D6,scanvi_scarches,predicted
TGACAACAGGTAGCCA-1-HCAHeart7880860,Fibroblast,0.9998503923416138,0.0017626315765002462,D6,scanvi_scarches,predicted
TGATGCAGTCCAGCAC-1-HCAHeart7905328,Endothelial,0.999860405921936,0.0016122756806299554,D6,scanvi_scarches,predicted
GCGCAGTGTCTAGTCA-1-HCAHeart7844001,Myeloid,0.999721348285675,0.0029026271048052817,D6,scanvi_scarches,predicted
TATCAGGCAGCATGAG-1-HCAHeart7880860,Ventricular_Cardiomyocyte,0.999071478843689,0.008495648563991905,D6,scanvi_scarches,predicted
CAGTAACGTGTCGCTG-1-HCAHeart7844004,Lymphoid,0.9996693134307861,0.003364151563798651,D6,scanvi_scarches,predicted
CAGTCCTAGATGCCTT-1-HCAHeart7844001,Pericytes,0.8332377672195435,0.4579722743013386,D6,scanvi_scarches,predicted
TCAGGTACATGTCCTC-1-HCAHeart7844004,Endothelial,0.9996602535247803,0.0035815765557076938,D6,scanvi_scarches,predicted
GTCATTTCACTCTGTC-1-HCAHeart7880861,Fibroblast,0.9999178647994995,0.0010218069576098466,D6,scanvi_scarches,predicted
GTCAAGTTCGTAGGTT-1-HCAHeart7844004,Pericytes,0.9925100803375244,0.04601765457265056,D6,scanvi_scarches,predicted
TAGGCATGTCGCGTGT-1-HCAHeart7844003,Pericytes,0.8383777141571045,0.5480357737940127,D6,scanvi_scarches,predicted
TACGCTCGTCTCCCTA-1-HCAHeart7905327,Endothelial,0.9998496770858765,0.0017158217787106125,D6,scanvi_scarches,predicted
AACAACCCAATATCCG-1-HCAHeart7905328,Endothelial,0.9996734857559204,0.0032712838550404593,D6,scanvi_scarches,predicted
TTTCCTCGTCAATACC-1-HCAHeart7844001,Pericytes,0.9997069239616394,0.003152704818955313,D6,scanvi_scarches,predicted
ACTGTCCGTCACAAGG-1-HCAHeart7880862,Atrial_Cardiomyocyte,0.9998480081558228,0.0017575261851859544,D6,scanvi_scarches,predicted
CACAAACGTTGGAGGT-1-HCAHeart7880862,Fibroblast,0.9999040365219116,0.0011903232309192452,D6,scanvi_scarches,predicted
TGACAACCAAGCCGTC-1-HCAHeart7844002,Lymphoid,0.999805748462677,0.002185368630548629,D6,scanvi_scarches,predicted
AAGGCAGCATAGTAAG-1-HCAHeart7844001,Myeloid,0.9996628761291504,0.003586153791653437,D6,scanvi_scarches,predicted
TGCGTGGGTCTAGTGT-1-HCAHeart7844001,Pericytes,0.9996390342712402,0.0037735905294032034,D6,scanvi_scarches,predicted
CTTAGGAAGGGTTTCT-1-HCAHeart7843999,Smooth_muscle_cells,0.9997614026069641,0.0025863749097492002,D6,scanvi_scarches,predicted
TCTCTAAAGTTGTCGT-1-HCAHeart7843999,Myeloid,0.9995906949043274,0.003970060312390819,D6,scanvi_scarches,predicted
CTGAAACAGGCTAGGT-1-HCAHeart7844000,Endothelial,0.9998639822006226,0.0015732366018126193,D6,scanvi_scarches,predicted
CCGGGATGTAGGCATG-1-HCAHeart7880862,Fibroblast,0.9997408986091614,0.0029052446431065866,D6,scanvi_scarches,predicted
AGGTGTTCACAGTACT-1-HCAHeart7905328,Endothelial,0.9998824596405029,0.0014011541743367557,D6,scanvi_scarches,predicted
ACGCCGAGTGGCCCTA-1-HCAHeart7888927,Ventricular_Cardiomyocyte,0.9998738765716553,0.001464963000015328,D6,scanvi_scarches,predicted
ACATGGTGTACCGTAT-1-HCAHeart7844002,Endothelial,0.9998583793640137,0.0015957917689945612,D6,scanvi_scarches,predicted
CCCTCTCCACAGCTTA-1-HCAHeart7905331,Endothelial,0.9998855590820312,0.0013291783657838488,D6,scanvi_scarches,predicted
GAAACTCTCCATGAAC-1-HCAHeart7844001,Myeloid,0.9996833801269531,0.0033514890360505064,D6,scanvi_scarches,predicted
GGACAAGTCACTTACT-1-HCAHeart7844003,Smooth_muscle_cells,0.9995408058166504,0.004600573537032706,D6,scanvi_scarches,predicted
GACTGCGAGTAATCCC-1-HCAHeart7844001,Lymphoid,0.9997912049293518,0.0022888319171403184,D6,scanvi_scarches,predicted
AAACCTGCATCCGCGA-1-HCAHeart7844003,Endothelial,0.9996554851531982,0.0037529118085059634,D6,scanvi_scarches,predicted
TGGCTGGTCACCTTAT-1-HCAHeart7880862,Atrial_Cardiomyocyte,0.9949807524681091,0.033763943512512364,D6,scanvi_scarches,predicted
GGGCCATCAACCGTGC-1-HCAHeart7905327,Endothelial,0.9997290968894958,0.002792809733629498,D6,scanvi_scarches,predicted
CGACCTTGTCACAAGG-1-HCAHeart7844004,Endothelial,0.999786913394928,0.002394689631855749,D6,scanvi_scarches,predicted
CCCTCCTGTGACCAAG-1-HCAHeart7843999,Endothelial,0.9998243451118469,0.0019334584926787904,D6,scanvi_scarches,predicted
TCGGGACTCGTTTACT-1-HCAHeart7905327,Smooth_muscle_cells,0.9997730851173401,0.002475890190948939,D6,scanvi_scarches,predicted
GTGTTAGCAGATCCAT-1-HCAHeart7888926,Ventricular_Cardiomyocyte,0.9998464584350586,0.0017526595467121451,D6,scanvi_scarches,predicted
AAGACCTGTCCAAGTT-1-HCAHeart7888927,Myeloid,0.9864782094955444,0.07429734953564719,D6,scanvi_scarches,predicted
CCTCAGTAGTTGCATC-1-HCAHeart7905329,Endothelial,0.9998412132263184,0.0017708439177723041,D6,scanvi_scarches,predicted
AAGCCGCGTCTGGAGA-1-HCAHeart7844004,Endothelial,0.9998785257339478,0.0014420028551505007,D6,scanvi_scarches,predicted
AACTGGTTCGCGGATC-1-HCAHeart7844001,Endothelial,0.9998769760131836,0.001452851751651137,D6,scanvi_scarches,predicted
CTGCAGGTCGCCGATG-1-HCAHeart7905330,Smooth_muscle_cells,0.9996927976608276,0.003236782612476921,D6,scanvi_scarches,predicted
CTCACACTCGTGGGAA-1-HCAHeart7844001,Lymphoid,0.9997723698616028,0.002468995714030555,D6,scanvi_scarches,predicted
TCTACATCAGAAACCG-1-HCAHeart7905327,Endothelial,0.9998937845230103,0.0012440675146014456,D6,scanvi_scarches,predicted
AAAGTAGTCAGCTCTC-1-HCAHeart7880861,Ventricular_Cardiomyocyte,0.9997305274009705,0.002978739696252662,D6,scanvi_scarches,predicted
GTGCTTCTCATAAAGG-1-HCAHeart7844002,Lymphoid,0.9997604489326477,0.0025717084858948944,D6,scanvi_scarches,predicted
TAGAGCTAGTCAAGCG-1-HCAHeart7844003,Endothelial,0.999612033367157,0.0039378897772273155,D6,scanvi_scarches,predicted
CTCTAATGTCTAGCGC-1-HCAHeart7844002,Lymphoid,0.9994105100631714,0.005704505568933252,D6,scanvi_scarches,predicted
ACCCACTAGATAGTCA-1-HCAHeart7844003,Lymphoid,0.9995484948158264,0.004379165975032615,D6,scanvi_scarches,predicted
TGCGTGGTCGCCAGCA-1-HCAHeart7844001,Endothelial,0.9934750199317932,0.04076042217527333,D6,scanvi_scarches,predicted
TCTATTGAGAGTACAT-1-HCAHeart7888927,Ventricular_Cardiomyocyte,0.9997003078460693,0.003176766900448699,D6,scanvi_scarches,predicted
ATAGACCCAGTAAGAT-1-HCAHeart7844003,Endothelial,0.9998984336853027,0.0012050162355155215,D6,scanvi_scarches,predicted
TTAGGACCACATCCGG-1-HCAHeart7844001,Endothelial,0.9997454285621643,0.0027120751273396323,D6,scanvi_scarches,predicted
ACTATCTTCGGCGGTT-1-HCAHeart7844000,Endothelial,0.999884843826294,0.001377517066172057,D6,scanvi_scarches,predicted
CGACCTTAGAGGTTGC-1-HCAHeart7888927,Ventricular_Cardiomyocyte,0.9997121691703796,0.0029706307610441914,D6,scanvi_scarches,predicted
CGCATAAAGCGACTAG-1-HCAHeart7905327,Endothelial,0.9996483325958252,0.0037170277699286,D6,scanvi_scarches,predicted
TTCCGGTTCTCTATAC-1-HCAHeart7905328,Smooth_muscle_cells,0.9997019171714783,0.0030977286876321675,D6,scanvi_scarches,predicted
CAGCTGGGTCTGCGGT-1-HCAHeart7844004,Endothelial,0.999886155128479,0.001355968140135961,D6,scanvi_scarches,predicted
GTGCAGCTCTTCTGGC-1-HCAHeart7880861,Lymphoid,0.9996111989021301,0.004030307150884468,D6,scanvi_scarches,predicted
GCATGATGTCTAGCCG-1-HCAHeart7843999,Endothelial,0.9998594522476196,0.0016211960377330034,D6,scanvi_scarches,predicted
TAGCCGGCATGATCCA-1-HCAHeart7844001,Endothelial,0.9989271759986877,0.009321133386875537,D6,scanvi_scarches,predicted
TTAGGACGTAAAGGAG-1-HCAHeart7888926,Fibroblast,0.9998681545257568,0.001582161700412643,D6,scanvi_scarches,predicted
GCAGCTGAGGGATCGT-1-HCAHeart7905328,Pericytes,0.9995843768119812,0.004095217653176439,D6,scanvi_scarches,predicted
ACTGATGGTAAACCTC-1-HCAHeart7880862,Endothelial,0.999697208404541,0.0031882488703093323,D6,scanvi_scarches,predicted
ATACCTTTCCAAGGGA-1-HCAHeart7905328,Smooth_muscle_cells,0.9430066347122192,0.22286541198771748,D6,scanvi_scarches,predicted
CTACACCGTCCCGACA-1-HCAHeart7844004,Endothelial,0.999789297580719,0.002379378051289786,D6,scanvi_scarches,predicted
GAGGGATCAGGGCTTC-1-HCAHeart7905328,Endothelial,0.9998431205749512,0.0017829678571686925,D6,scanvi_scarches,predicted
TTGAACGAGCTTATCG-1-HCAHeart7880862,Atrial_Cardiomyocyte,0.9995309114456177,0.004830288880647141,D6,scanvi_scarches,predicted
AGAATAGTCCGGCACA-1-HCAHeart7844001,Smooth_muscle_cells,0.9978402853012085,0.01643455530921746,D6,scanvi_scarches,predicted
CTACCTGCACTACACA-1-HCAHeart7905328,Endothelial,0.9998372793197632,0.0018457260357625945,D6,scanvi_scarches,predicted
AGCATACAGAAACGAG-1-HCAHeart7844001,Myeloid,0.9995868802070618,0.003971127765625229,D6,scanvi_scarches,predicted
CTCTGGTTCAACACTG-1-HCAHeart7844002,Lymphoid,0.999108612537384,0.00807256669861973,D6,scanvi_scarches,predicted
GCTGAATTCGTAGAGG-1-HCAHeart7905327,Endothelial,0.9998049139976501,0.0021046395205539256,D6,scanvi_scarches,predicted
CACATTTGTACCATCA-1-HCAHeart7844001,Endothelial,0.999863862991333,0.0016088522284301843,D6,scanvi_scarches,predicted
TGGTAGTGTAACCCGC-1-HCAHeart7905331,Endothelial,0.9994606375694275,0.0051210529108664535,D6,scanvi_scarches,predicted
TCGGTAAGTAGCGTGA-1-HCAHeart7844003,Endothelial,0.9989446997642517,0.008934592042955769,D6,scanvi_scarches,predicted
ACTTCCGGTACCTGTA-1-HCAHeart7905328,Smooth_muscle_cells,0.9996784925460815,0.0033018104288262805,D6,scanvi_scarches,predicted
CAGCAGCTCGGTTAAC-1-HCAHeart7844004,Endothelial,0.9998817443847656,0.0014108344791673975,D6,scanvi_scarches,predicted
GTTTCTACACCGATAT-1-HCAHeart7844004,Pericytes,0.9997517466545105,0.0026534306249628875,D6,scanvi_scarches,predicted
AGCGTCGAGCGCCTCA-1-HCAHeart7880862,Atrial_Cardiomyocyte,0.9998641014099121,0.00159455080340847,D6,scanvi_scarches,predicted
GTACTCCAGGAGTACC-1-HCAHeart7844004,Myeloid,0.9992241859436035,0.00677088520401353,D6,scanvi_scarches,predicted
ATCTGCCTCGGCATCG-1-HCAHeart7844001,Endothelial,0.8865044713020325,0.3603078895817214,D6,scanvi_scarches,predicted
ATGGGTTGTATAATGG-1-HCAHeart7905328,Endothelial,0.9999083280563354,0.001096481658182935,D6,scanvi_scarches,predicted
GGAGCAACATTCTCAT-1-HCAHeart7844001,Pericytes,0.998681366443634,0.010824442106502873,D6,scanvi_scarches,predicted
CGGGTGTCAGTGTGCC-1-HCAHeart7905328,Endothelial,0.9998791217803955,0.0014387922645611691,D6,scanvi_scarches,predicted
ATCACGAAGGTAAACT-1-HCAHeart7844001,Endothelial,0.9998220801353455,0.0020024547647754984,D6,scanvi_scarches,predicted
CACAAACTCCGAAGAG-1-HCAHeart7844001,Pericytes,0.9024104475975037,0.36877263702519614,D6,scanvi_scarches,predicted
CGCTATCAGCTGTTCA-1-HCAHeart7844001,Endothelial,0.9997079968452454,0.0031867109029595072,D6,scanvi_scarches,predicted
CGGAGCTAGTTGTCGT-1-HCAHeart7844004,Endothelial,0.9998743534088135,0.0014979538120252114,D6,scanvi_scarches,predicted
TCATTTGTCCCTTGTG-1-HCAHeart7880861,Fibroblast,0.999887228012085,0.001347701963410912,D6,scanvi_scarches,predicted
AGCTCCTTCAACACTG-1-HCAHeart7888926,Myeloid,0.9969577789306641,0.021844682400133666,D6,scanvi_scarches,predicted
CTAGGTAGTTAGCGGA-1-HCAHeart7905328,Endothelial,0.9998542070388794,0.0016480976572312421,D6,scanvi_scarches,predicted
TGGGAAGAGGTTCCTA-1-HCAHeart7844004,Pericytes,0.9997442364692688,0.0028076090407907436,D6,scanvi_scarches,predicted
CAAGATCCACAGACTT-1-HCAHeart7844004,Endothelial,0.9995686411857605,0.004188928986160282,D6,scanvi_scarches,predicted
CCTCCTCGTAAGATAC-1-HCAHeart7905331,Endothelial,0.9997829794883728,0.002316134608215571,D6,scanvi_scarches,predicted
TAGCACAAGCCATATC-1-HCAHeart7905332,Endothelial,0.9998860359191895,0.001365649634254544,D6,scanvi_scarches,predicted
TCAGCAACAGCCTTGG-1-HCAHeart7844004,Endothelial,0.9998750686645508,0.0014606566988412874,D6,scanvi_scarches,predicted
GAAATGAGTCAGAGGT-1-HCAHeart7843999,Endothelial,0.9999064207077026,0.0011178583635008627,D6,scanvi_scarches,predicted
GTTCATTAGACAATAC-1-HCAHeart7880862,Atrial_Cardiomyocyte,0.9998489618301392,0.001757702020739716,D6,scanvi_scarches,predicted
CTCGGAGGTAGTACCT-1-HCAHeart7844004,Endothelial,0.9997619986534119,0.0026782689711387806,D6,scanvi_scarches,predicted
TGCAGATGTCTTCAAG-1-HCAHeart7905327,Fibroblast,0.9996718168258667,0.0034538041806294276,D6,scanvi_scarches,predicted
TCGTAGAAGGTGCAAC-1-HCAHeart7844004,Lymphoid,0.9996157884597778,0.0038099187415782986,D6,scanvi_scarches,predicted
CCTAAAGCAAGAGGCT-1-HCAHeart7844001,Myeloid,0.8880028128623962,0.35555621908660845,D6,scanvi_scarches,predicted
GACGGCTTCTGTCTCG-1-HCAHeart7844001,Endothelial,0.9996912479400635,0.0033158200732931326,D6,scanvi_scarches,predicted
AGCGATTTCTCGTGGG-1-HCAHeart7905331,Pericytes,0.8784060478210449,0.3771968557699102,D6,scanvi_scarches,predicted
CGAACATTCCACTCCA-1-HCAHeart7844004,Smooth_muscle_cells,0.9436434507369995,0.22086046208025165,D6,scanvi_scarches,predicted
AATCCAGTCTATCCTA-1-HCAHeart7844001,Neuronal,0.9982602000236511,0.014613485824680382,D6,scanvi_scarches,predicted
GGATCTAGTAGCTGCC-1-HCAHeart7905329,Pericytes,0.999607503414154,0.003918710917941442,D6,scanvi_scarches,predicted
TCAGATGGTCCAGTTA-1-HCAHeart7844000,Pericytes,0.999725878238678,0.002872040032650728,D6,scanvi_scarches,predicted
AAGCCGCCAGATCGGA-1-HCAHeart7844001,Endothelial,0.9998701810836792,0.00154905066546157,D6,scanvi_scarches,predicted
GCGCAGTAGCCAGAAC-1-HCAHeart7844001,Endothelial,0.6475601196289062,0.6846155515981187,D6,scanvi_scarches,predicted
TATTTCGGTCTGCCTT-1-HCAHeart7905327,Endothelial,0.9998273849487305,0.0019977762314262776,D6,scanvi_scarches,predicted
AACTCCCCACCGAATT-1-HCAHeart7844003,Smooth_muscle_cells,0.9984116554260254,0.013319640234301931,D6,scanvi_scarches,predicted
TTATGCTTCGTTGACA-1-HCAHeart7844002,Endothelial,0.9998989105224609,0.0011983441269417942,D6,scanvi_scarches,predicted
AAGACCTAGTGTACCT-1-HCAHeart7844002,Myeloid,0.9997237324714661,0.002895728673721288,D6,scanvi_scarches,predicted
GTGCATATCTTCCTTC-1-HCAHeart7844003,Endothelial,0.9799671769142151,0.10377523917145103,D6,scanvi_scarches,predicted
GACACGCAGTGGCACA-1-HCAHeart7843999,Endothelial,0.9998906850814819,0.0012934138181508936,D6,scanvi_scarches,predicted
GCGCGATAGGCATTGG-1-HCAHeart7880860,Ventricular_Cardiomyocyte,0.9998667240142822,0.0015417346861127802,D6,scanvi_scarches,predicted
AGCTTGATCTGTCTAT-1-HCAHeart7844003,Endothelial,0.9998809099197388,0.0014002421840698187,D6,scanvi_scarches,predicted
ATCATGGAGCGACGTA-1-HCAHeart7844000,Endothelial,0.9999063014984131,0.0011391285804513102,D6,scanvi_scarches,predicted
GAGGTGAAGTGTTTGC-1-HCAHeart7843999,Endothelial,0.9998403787612915,0.001777016975948976,D6,scanvi_scarches,predicted
CCTCTCCCACTAACGT-1-HCAHeart7905328,Smooth_muscle_cells,0.9995585083961487,0.004325760891681605,D6,scanvi_scarches,predicted
ATAGACCAGAGAGCTC-1-HCAHeart7844001,Endothelial,0.9991484880447388,0.008088801028453002,D6,scanvi_scarches,predicted
TGGGCGTAGGCCGAAT-1-HCAHeart7844003,Myeloid,0.999582827091217,0.004294547395614444,D6,scanvi_scarches,predicted
GCCCGAACATTGTAGC-1-HCAHeart7905332,Endothelial,0.9998182654380798,0.002022411851862399,D6,scanvi_scarches,predicted
CGAAGTTAGGTACAGC-1-HCAHeart7905332,Endothelial,0.9998533725738525,0.0016915352603779476,D6,scanvi_scarches,predicted
GCTCTGTCAATCTACG-1-HCAHeart7843999,Endothelial,0.9998865127563477,0.0013331919084969156,D6,scanvi_scarches,predicted
CTAACCCGTGATTCTG-1-HCAHeart7905332,Endothelial,0.9998446702957153,0.001777486706925567,D6,scanvi_scarches,predicted
ACGCAGCTCCAAATGC-1-HCAHeart7888926,Ventricular_Cardiomyocyte,0.999894380569458,0.0012593120563695,D6,scanvi_scarches,predicted
CGACTTCCAATGAAAC-1-HCAHeart7888926,Ventricular_Cardiomyocyte,0.9998941421508789,0.001253908750752156,D6,scanvi_scarches,predicted
CACATAGCATAGACTC-1-HCAHeart7843999,Lymphoid,0.9997318387031555,0.002960378407730934,D6,scanvi_scarches,predicted
CTGCCTATCAGATAAG-1-HCAHeart7888927,Fibroblast,0.9990851879119873,0.008628150327037603,D6,scanvi_scarches,predicted
TAGAGCTAGGGTATCG-1-HCAHeart7888926,Ventricular_Cardiomyocyte,0.9998136162757874,0.002060994300353641,D6,scanvi_scarches,predicted
CGTCAGGAGGGATGGG-1-HCAHeart7844004,Endothelial,0.9999078512191772,0.0011137269184387432,D6,scanvi_scarches,predicted
CGCGGTATCAGCGACC-1-HCAHeart7844001,Myeloid,0.9997443556785583,0.002714687946619364,D6,scanvi_scarches,predicted
GGATTACTCTCGTTTA-1-HCAHeart7844004,Endothelial,0.9999054670333862,0.001140812063981377,D6,scanvi_scarches,predicted
AAATGCCGTTGACGTT-1-HCAHeart7844000,Endothelial,0.9999054670333862,0.001151259441410561,D6,scanvi_scarches,predicted
ATGGGAGTCCTAGTGA-1-HCAHeart7844004,Pericytes,0.9996609687805176,0.003425252517298216,D6,scanvi_scarches,predicted
GACGTTACACGGTTTA-1-HCAHeart7880862,Atrial_Cardiomyocyte,0.9998261332511902,0.001974363237052444,D6,scanvi_scarches,predicted
TCCTCGAGTCGGTGTC-1-HCAHeart7905328,Smooth_muscle_cells,0.9995618462562561,0.004279275460830529,D6,scanvi_scarches,predicted
GACAGAGTCCGTCAAA-1-HCAHeart7844004,Endothelial,0.999714195728302,0.0031061622492283194,D6,scanvi_scarches,predicted
CGTTGGGAGTATGACA-1-HCAHeart7888926,Ventricular_Cardiomyocyte,0.999815046787262,0.00206346294107767,D6,scanvi_scarches,predicted
GTACTCCTCGGAGGTA-1-HCAHeart7888927,Ventricular_Cardiomyocyte,0.9997437596321106,0.002693233118321139,D6,scanvi_scarches,predicted
GTTAAGCCAATCCAAC-1-HCAHeart7844001,Myeloid,0.9995811581611633,0.004251562037039688,D6,scanvi_scarches,predicted
TGCGATAAGTAACAGT-1-HCAHeart7905331,Endothelial,0.9998440742492676,0.0017289514643106403,D6,scanvi_scarches,predicted
TACTGCCTCGAATGCT-1-HCAHeart7905329,Smooth_muscle_cells,0.9997531771659851,0.002708876861067294,D6,scanvi_scarches,predicted
GATTCAGCAGCATGAG-1-HCAHeart7844004,Endothelial,0.9998295307159424,0.0019664498087320417,D6,scanvi_scarches,predicted
AACGTTGTCAAACGGG-1-HCAHeart7844003,Endothelial,0.999890923500061,0.0012904715502920984,D6,scanvi_scarches,predicted
GTTGTAGGTGAACGGT-1-HCAHeart7905327,Endothelial,0.9998764991760254,0.001423720182209486,D6,scanvi_scarches,predicted
CTACCCAGTACCGTTA-1-HCAHeart7844001,Smooth_muscle_cells,0.584315836429596,0.7511084235202946,D6,scanvi_scarches,predicted
AGTAGTCAGAATGTTG-1-HCAHeart7844001,Endothelial,0.9986141920089722,0.01134711795700553,D6,scanvi_scarches,predicted
TCACGAACATGGTAGG-1-HCAHeart7844004,Endothelial,0.9997953772544861,0.002216634297627595,D6,scanvi_scarches,predicted
TCGTAGAAGCCAGTAG-1-HCAHeart7844004,Endothelial,0.9998756647109985,0.0014759741996472231,D6,scanvi_scarches,predicted
GGTGCGTTCAACGAAA-1-HCAHeart7844001,Myeloid,0.9997344613075256,0.0027305014192597577,D6,scanvi_scarches,predicted
ATCTTCACATGTTACG-1-HCAHeart7905332,Endothelial,0.9998613595962524,0.0015645358928240438,D6,scanvi_scarches,predicted
CATCGGGTCAGTTTGG-1-HCAHeart7844001,Endothelial,0.9998854398727417,0.0013535226633883454,D6,scanvi_scarches,predicted
CACACAATCGCGTTTC-1-HCAHeart7844003,Pericytes,0.810694694519043,0.5108307992865201,D6,scanvi_scarches,predicted
ATAAGAGAGCTTCGCG-1-HCAHeart7844001,Pericytes,0.8866037130355835,0.362063532888093,D6,scanvi_scarches,predicted
GAAGAATCATGAGAAT-1-HCAHeart7905332,Endothelial,0.9998551607131958,0.001641857787335919,D6,scanvi_scarches,predicted
TCAGCAAGTATATGAG-1-HCAHeart7844002,Endothelial,0.9998051524162292,0.0021979433702590495,D6,scanvi_scarches,predicted
AGGTCCGTCTCCAGGG-1-HCAHeart7844004,Endothelial,0.9998399019241333,0.001788304629600806,D6,scanvi_scarches,predicted
CGTTAGACATCGGACC-1-HCAHeart7844000,Endothelial,0.9998706579208374,0.001524450652786928,D6,scanvi_scarches,predicted
AAGGCAGAGTGTTGAA-1-HCAHeart7844002,Lymphoid,0.999147891998291,0.007561032544092638,D6,scanvi_scarches,predicted
ACACCGGTCCTATGTT-1-HCAHeart7880862,Atrial_Cardiomyocyte,0.9997546076774597,0.002732799790127549,D6,scanvi_scarches,predicted
CACTGGGAGTAAGAGG-1-HCAHeart7905332,Endothelial,0.9998863935470581,0.001324936068379469,D6,scanvi_scarches,predicted
CACAGGCCATTGTGCA-1-HCAHeart7844003,Lymphoid,0.9997928738594055,0.0022908322741125196,D6,scanvi_scarches,predicted
CGGACTGTCACATGCA-1-HCAHeart7844000,Endothelial,0.9998296499252319,0.0019387133691872226,D6,scanvi_scarches,predicted
GGGACCTTCTCCGGTT-1-HCAHeart7880863,Endothelial,0.9992654919624329,0.007120946218425793,D6,scanvi_scarches,predicted
CACTCCAAGAGCCCAA-1-HCAHeart7880862,Adipocytes,0.9995908141136169,0.004430381142355031,D6,scanvi_scarches,predicted
AATTTCCGTCTACGTA-1-HCAHeart7905332,Endothelial,0.9996893405914307,0.003158845673131288,D6,scanvi_scarches,predicted
CGTCAGGGTAAGGATT-1-HCAHeart7844004,Endothelial,0.9998728036880493,0.0014768899765755157,D6,scanvi_scarches,predicted
GTTCTCGGTAGCTCCG-1-HCAHeart7844001,Pericytes,0.9685338139533997,0.1432959013131856,D6,scanvi_scarches,predicted
GATAGAACAAACAGGC-1-HCAHeart7905327,Endothelial,0.9998360872268677,0.0018080926002155607,D6,scanvi_scarches,predicted
GTAATGCCACAAGTGG-1-HCAHeart7905328,Endothelial,0.999792754650116,0.002318338954266844,D6,scanvi_scarches,predicted
AGGCCGTTCGGAAACG-1-HCAHeart7844001,Myeloid,0.9997273087501526,0.0029137593093447236,D6,scanvi_scarches,predicted
AGCCTAAGTTTGTTGG-1-HCAHeart7888926,Ventricular_Cardiomyocyte,0.9998394250869751,0.0017904792272065175,D6,scanvi_scarches,predicted
TCGCGTTAGAAGGTTT-1-HCAHeart7880862,Mesothelial,0.9991629123687744,0.008353226351634475,D6,scanvi_scarches,predicted
AGCCAGCCATGGATCT-1-HCAHeart7905328,Endothelial,0.9998914003372192,0.0012921870418703002,D6,scanvi_scarches,predicted
GCACTCTAGATCGGGT-1-HCAHeart7880860,Ventricular_Cardiomyocyte,0.9998650550842285,0.0015592893679756803,D6,scanvi_scarches,predicted
TGTCCCACATGTTGAC-1-HCAHeart7843999,Myeloid,0.9967558979988098,0.022632261425982597,D6,scanvi_scarches,predicted
CAGCTGGCAAGCCTAT-1-HCAHeart7844001,Endothelial,0.9998452663421631,0.001776641360832426,D6,scanvi_scarches,predicted
CTGCGGATCTACTTAC-1-HCAHeart7844003,Smooth_muscle_cells,0.9996588230133057,0.0034662219650502557,D6,scanvi_scarches,predicted
GTCTTCGTCTGTACGA-1-HCAHeart7843999,Lymphoid,0.9998002648353577,0.002232873719711527,D6,scanvi_scarches,predicted
TTTATGCAGGTCATAA-1-HCAHeart7905328,Endothelial,0.9992695450782776,0.006560334563466252,D6,scanvi_scarches,predicted
ACGGCCAAGCGAAGGG-1-HCAHeart7844002,Smooth_muscle_cells,0.9997308850288391,0.0029273917573593993,D6,scanvi_scarches,predicted
CTCTAATTCGGTGTTA-1-HCAHeart7880862,Fibroblast,0.9998441934585571,0.0018437812550499179,D6,scanvi_scarches,predicted
CGGCTAGGTCGTTGTA-1-HCAHeart7880860,Ventricular_Cardiomyocyte,0.999871015548706,0.0015205951241952925,D6,scanvi_scarches,predicted
TACGGTACAATCTACG-1-HCAHeart7844001,Pericytes,0.9992096424102783,0.00703802211167913,D6,scanvi_scarches,predicted
CTCTGGTGTGTGCCTG-1-HCAHeart7844001,Endothelial,0.9998258948326111,0.0019410350236005955,D6,scanvi_scarches,predicted
TTTATGCTCCTCAACC-1-HCAHeart7844000,Endothelial,0.9998944997787476,0.0012579599097477959,D6,scanvi_scarches,predicted
CGCTTCAAGGGAACGG-1-HCAHeart7844002,Lymphoid,0.9987019300460815,0.011957655075633218,D6,scanvi_scarches,predicted
TAACCAGCAAGGCCTC-1-HCAHeart7905330,Endothelial,0.9998394250869751,0.0018259004326093503,D6,scanvi_scarches,predicted
CGTGAGCCAACGATCT-1-HCAHeart7843999,Lymphoid,0.9997716546058655,0.0024660285685315086,D6,scanvi_scarches,predicted
AGCGTATAGCACAGGT-1-HCAHeart7888926,Ventricular_Cardiomyocyte,0.9998065829277039,0.0021356332346231565,D6,scanvi_scarches,predicted
CGTAAGTTCATTCGGA-1-HCAHeart7905328,Endothelial,0.9998586177825928,0.001613128611088909,D6,scanvi_scarches,predicted
GCACTCTAGTGCCAGA-1-HCAHeart7880861,Myeloid,0.9992111921310425,0.007044514732865123,D6,scanvi_scarches,predicted
CGGACACTCACCACCT-1-HCAHeart7888927,Ventricular_Cardiomyocyte,0.9998452663421631,0.0017498342346854473,D6,scanvi_scarches,predicted
ACTGATGCACTGCCAG-1-HCAHeart7844004,Endothelial,0.9998518228530884,0.0017210368734157774,D6,scanvi_scarches,predicted
AAGCCGCGTCTCTCGT-1-HCAHeart7844004,Endothelial,0.9998607635498047,0.0015708838057179714,D6,scanvi_scarches,predicted
GACCAATTCCACTCCA-1-HCAHeart7844004,Lymphoid,0.9997268319129944,0.0028434258338158073,D6,scanvi_scarches,predicted
GGAACTTTCCCGGATG-1-HCAHeart7844003,Pericytes,0.9964214563369751,0.027090303050007473,D6,scanvi_scarches,predicted
TCAGCAACACTAAGTC-1-HCAHeart7844003,Endothelial,0.9999216794967651,0.0009674842257791387,D6,scanvi_scarches,predicted
GACATCACATGACCCG-1-HCAHeart7905327,Endothelial,0.9996379613876343,0.003778623867266237,D6,scanvi_scarches,predicted
GCGAGAACAATGGATA-1-HCAHeart7844001,Endothelial,0.9993996620178223,0.006035299361462656,D6,scanvi_scarches,predicted
CTCATTAAGTGTTAGA-1-HCAHeart7844001,Endothelial,0.9994543194770813,0.005535092541893189,D6,scanvi_scarches,predicted
AACTCTTAGGTACTCT-1-HCAHeart7844001,Endothelial,0.9998101592063904,0.0021696396696768254,D6,scanvi_scarches,predicted
AACTCTTAGCGCTCCA-1-HCAHeart7844004,Endothelial,0.9996662139892578,0.0035742379743163525,D6,scanvi_scarches,predicted
AGACGTTGTAAAGTCA-1-HCAHeart7844003,Pericytes,0.9355829358100891,0.26110857299661827,D6,scanvi_scarches,predicted
CAGCGTGGTACAGCGA-1-HCAHeart7905331,Endothelial,0.9998859167098999,0.0013334409340870301,D6,scanvi_scarches,predicted
CTGCGGAAGGTCGGAT-1-HCAHeart7880860,Endothelial,0.9998809099197388,0.0013825842587784419,D6,scanvi_scarches,predicted
GCTGCGAAGCAACGGT-1-HCAHeart7844001,Endothelial,0.9983876943588257,0.013240444926833262,D6,scanvi_scarches,predicted
TGACGGCTCTACGAGT-1-HCAHeart7843999,Endothelial,0.999834418296814,0.0018328889322668845,D6,scanvi_scarches,predicted
CGAGCACAGAGACGAA-1-HCAHeart7844001,Lymphoid,0.9993361830711365,0.006006859119103958,D6,scanvi_scarches,predicted
TTGGAACAGATCCCGC-1-HCAHeart7844004,Endothelial,0.9998347759246826,0.001944409053121903,D6,scanvi_scarches,predicted
CACATAGGTCGTGGCT-1-HCAHeart7844001,Lymphoid,0.9996960163116455,0.0031348815144231724,D6,scanvi_scarches,predicted
TCGAAGTCATGGCCCA-1-HCAHeart7905332,Fibroblast,0.9998701810836792,0.0015220399430306772,D6,scanvi_scarches,predicted
CAAGATCCATGGTCTA-1-HCAHeart7844001,Endothelial,0.9998420476913452,0.0017804339238735314,D6,scanvi_scarches,predicted
CTTCGGTCACTAACGT-1-HCAHeart7905329,Endothelial,0.9992567896842957,0.0066683294611167955,D6,scanvi_scarches,predicted
GCATGTATCTTGCCGT-1-HCAHeart7844004,Endothelial,0.99982750415802,0.0019588119055056453,D6,scanvi_scarches,predicted
GAGGCAACACGCTTAA-1-HCAHeart7905332,Pericytes,0.9988754391670227,0.00963001223389389,D6,scanvi_scarches,predicted
ACTATCTTCGTCTGCT-1-HCAHeart7880861,Pericytes,0.9997594952583313,0.0026338201649687893,D6,scanvi_scarches,predicted
GTTGTGACAGAGGACT-1-HCAHeart7905332,Endothelial,0.9998238682746887,0.0019575808132387823,D6,scanvi_scarches,predicted
ATTGGTGGTAAACACA-1-HCAHeart7888926,Fibroblast,0.9998654127120972,0.0016083288573574247,D6,scanvi_scarches,predicted
CGCGTTTTCACCACCT-1-HCAHeart7844001,Pericytes,0.8626940846443176,0.40953173586481145,D6,scanvi_scarches,predicted
GCATGTAAGACGACGT-1-HCAHeart7844004,Endothelial,0.9997848868370056,0.0022980226491532345,D6,scanvi_scarches,predicted
TGCACCTTCCAGAAGG-1-HCAHeart7844001,Endothelial,0.999840497970581,0.0018561261129792803,D6,scanvi_scarches,predicted
CGAGCCACATGTCCTC-1-HCAHeart7844004,Endothelial,0.9998589754104614,0.0016702077532508436,D6,scanvi_scarches,predicted
GCTTCCATCCACGTTC-1-HCAHeart7844001,Pericytes,0.9790407419204712,0.10428658733574352,D6,scanvi_scarches,predicted
CGTTGGGGTTCTGTTT-1-HCAHeart7844004,Endothelial,0.9997474551200867,0.002786470218947385,D6,scanvi_scarches,predicted
CAGTCCTGTCTTGTCC-1-HCAHeart7844001,Endothelial,0.9998469352722168,0.0017964009741139398,D6,scanvi_scarches,predicted
ACGAGCCCAGTCGATT-1-HCAHeart7844004,Endothelial,0.9998552799224854,0.0016571475869333367,D6,scanvi_scarches,predicted
CGTCACTTCATGCAAC-1-HCAHeart7844004,Endothelial,0.9901576638221741,0.05697125818618104,D6,scanvi_scarches,predicted
AGAGAGCCATCGGAAG-1-HCAHeart7905331,Endothelial,0.9998235106468201,0.0019211803658098405,D6,scanvi_scarches,predicted
GTCACGGGTGACACAG-1-HCAHeart7905332,Endothelial,0.9998568296432495,0.0016382809194894652,D6,scanvi_scarches,predicted
TCTTGCGCAACTTCTT-1-HCAHeart7905332,Endothelial,0.9998464584350586,0.0017101500335750777,D6,scanvi_scarches,predicted
CTCAACCCAACCCTAA-1-HCAHeart7905327,Endothelial,0.9998607635498047,0.0015633095146553762,D6,scanvi_scarches,predicted
GAGTTGTAGGCTGGAT-1-HCAHeart7905328,Endothelial,0.9999004602432251,0.001207555895141604,D6,scanvi_scarches,predicted
TTGGGTACAAGCACCC-1-HCAHeart7905332,Endothelial,0.9998915195465088,0.0012730928686902274,D6,scanvi_scarches,predicted
TGATTTCGTCTCCCTA-1-HCAHeart7844004,Endothelial,0.9998784065246582,0.001401444092193635,D6,scanvi_scarches,predicted
CTGAAGTCAGGGCATA-1-HCAHeart7843999,Endothelial,0.999850869178772,0.001722752571839876,D6,scanvi_scarches,predicted
ACTTGTTTCTATCGCC-1-HCAHeart7844004,Smooth_muscle_cells,0.9426717758178711,0.22350397060603472,D6,scanvi_scarches,predicted
GACTACAGTTGGTAAA-1-HCAHeart7844001,Pericytes,0.6114872097969055,0.6923695157508581,D6,scanvi_scarches,predicted
TGAAAGAGTTCGTCTC-1-HCAHeart7880862,Atrial_Cardiomyocyte,0.999666690826416,0.0034812358542328434,D6,scanvi_scarches,predicted
CTATCCGCAAATGGAT-1-HCAHeart7905332,Endothelial,0.9998059868812561,0.0022336150835683215,D6,scanvi_scarches,predicted
TGAGGTTAGCAACAAT-1-HCAHeart7905328,Endothelial,0.9996792078018188,0.003420050703385658,D6,scanvi_scarches,predicted
CAGTTAGTCCTGTACC-1-HCAHeart7905328,Pericytes,0.998521625995636,0.013485119871256876,D6,scanvi_scarches,predicted
AGGCCACAGGTGATTA-1-HCAHeart7880861,Myeloid,0.9856852293014526,0.07822389868767053,D6,scanvi_scarches,predicted
CCTTACGGTGTTGGGA-1-HCAHeart7880862,Pericytes,0.9998237490653992,0.002024718819632344,D6,scanvi_scarches,predicted
TACGGTACAACACCTA-1-HCAHeart7843999,Smooth_muscle_cells,0.9997839331626892,0.0024306295768274097,D6,scanvi_scarches,predicted
TCTATTGTCAGGCGAA-1-HCAHeart7844004,Endothelial,0.9998434782028198,0.0017764811212786277,D6,scanvi_scarches,predicted
CGTTGGGAGGTCGGAT-1-HCAHeart7844004,Endothelial,0.9998657703399658,0.0015625453653054895,D6,scanvi_scarches,predicted
TACGGGCGTTTGTGTG-1-HCAHeart7888926,Pericytes,0.9997327923774719,0.0028017357861428254,D6,scanvi_scarches,predicted
AATAGAGAGTAATCCC-1-HCAHeart7905328,Endothelial,0.9998514652252197,0.0016711500817007722,D6,scanvi_scarches,predicted
TGGTTAGGTACAGCAG-1-HCAHeart7880860,Ventricular_Cardiomyocyte,0.9998716115951538,0.001491190610210119,D6,scanvi_scarches,predicted
CAGTCCTTCTATCCCG-1-HCAHeart7880861,Ventricular_Cardiomyocyte,0.999854326248169,0.0016804927558188994,D6,scanvi_scarches,predicted
CTGCGGACAATGAATG-1-HCAHeart7844001,Endothelial,0.9995976090431213,0.004198356331899031,D6,scanvi_scarches,predicted
TTACCATGTGAGGATC-1-HCAHeart7905331,Pericytes,0.9428175687789917,0.22423273974891006,D6,scanvi_scarches,predicted
GGCTGGTCATTGGTAC-1-HCAHeart7844000,Endothelial,0.999866247177124,0.0015860892624482898,D6,scanvi_scarches,predicted
ATCCGAAGTTCGGGCT-1-HCAHeart7844004,Endothelial,0.9998120665550232,0.002107119487027883,D6,scanvi_scarches,predicted
AGGGTGAGTGACGGTA-1-HCAHeart7844001,Myeloid,0.9996738433837891,0.003513889359256013,D6,scanvi_scarches,predicted
AGATCTGTCACGATGT-1-HCAHeart7844001,Neuronal,0.9998190999031067,0.002093022004515526,D6,scanvi_scarches,predicted
CATGCCTGTCAAACTC-1-HCAHeart7880863,Atrial_Cardiomyocyte,0.9997249245643616,0.002956015461712907,D6,scanvi_scarches,predicted
CGGAATTCAGAATCGG-1-HCAHeart7905328,Endothelial,0.9997053742408752,0.0031781242197534715,D6,scanvi_scarches,predicted
AGTGAGGGTGAACCTT-1-HCAHeart7844000,Endothelial,0.9997456669807434,0.0028053384843471545,D6,scanvi_scarches,predicted
CGTAGGCTCTGCTGTC-1-HCAHeart7844003,Endothelial,0.9997983574867249,0.002182159023788937,D6,scanvi_scarches,predicted
TCTCATAGTTTAGGAA-1-HCAHeart7844004,Endothelial,0.9999099969863892,0.0010881411556816045,D6,scanvi_scarches,predicted
CACAGGCAGCACTCTA-1-HCAHeart7905329,Endothelial,0.9998812675476074,0.0014098832500538288,D6,scanvi_scarches,predicted
CCCATACGTGACCAAG-1-HCAHeart7880862,Fibroblast,0.9998300075531006,0.00198195229462594,D6,scanvi_scarches,predicted
CTCGTCAGTTTGTGTG-1-HCAHeart7843999,Endothelial,0.9998359680175781,0.0018493438446752807,D6,scanvi_scarches,predicted
AACACGTAGTCTCCTC-1-HCAHeart7844004,Endothelial,0.9997561573982239,0.002737700065260294,D6,scanvi_scarches,predicted
TGTTCCGTCGCAAGCC-1-HCAHeart7844003,Endothelial,0.9998892545700073,0.0013419657479778013,D6,scanvi_scarches,predicted
CGCCAAGCAAGCTGTT-1-HCAHeart7844001,Neuronal,0.9991568326950073,0.00817336912203613,D6,scanvi_scarches,predicted
ATCATGGGTTCCGGCA-1-HCAHeart7888926,Pericytes,0.9629566073417664,0.1672640423678098,D6,scanvi_scarches,predicted
TATGCCCAGCGTTCCG-1-HCAHeart7844000,Smooth_muscle_cells,0.8347170948982239,0.46068596944016404,D6,scanvi_scarches,predicted
CTTCTCTTCGACCAGC-1-HCAHeart7843999,Endothelial,0.9907167553901672,0.05479182262233184,D6,scanvi_scarches,predicted
GCGCCAATCGTCTGAA-1-HCAHeart7844001,Endothelial,0.9995904564857483,0.0040587958224704845,D6,scanvi_scarches,predicted
CTGATCCTCGAGGTAG-1-HCAHeart7844004,Lymphoid,0.45982006192207336,1.094786375364927,D6,scanvi_scarches,predicted
ACTTGTTGTCTTCTCG-1-HCAHeart7844003,Smooth_muscle_cells,0.983332633972168,0.0902069759026491,D6,scanvi_scarches,predicted
TTCCCAGCAGCCTTTC-1-HCAHeart7880862,Atrial_Cardiomyocyte,0.9997257590293884,0.002927528162920376,D6,scanvi_scarches,predicted
TCAATCTTCGAATGCT-1-HCAHeart7843999,Lymphoid,0.9997877478599548,0.002327810972464712,D6,scanvi_scarches,predicted
CGTTAGAGTAACGATA-1-HCAHeart7905331,Endothelial,0.9998138546943665,0.002013091858617039,D6,scanvi_scarches,predicted
TGTTGGAGTAGCTTGT-1-HCAHeart7905328,Endothelial,0.999750554561615,0.0025975037873939063,D6,scanvi_scarches,predicted
GGTGCGTAGACCGGAT-1-HCAHeart7844004,Endothelial,0.9998898506164551,0.0013168982862707254,D6,scanvi_scarches,predicted
CACAAACCATTATCTC-1-HCAHeart7880861,Myeloid,0.995135486125946,0.03314001321033252,D6,scanvi_scarches,predicted
GTAGTCATCAGGCAAG-1-HCAHeart7844001,Pericytes,0.9953218102455139,0.03455766126146577,D6,scanvi_scarches,predicted
CCGTTCAGTATAGTAG-1-HCAHeart7844001,Pericytes,0.7904093265533447,0.656465253012252,D6,scanvi_scarches,predicted
CCACCTAAGTACGCGA-1-HCAHeart7880862,Mesothelial,0.9992693066596985,0.007386698301676161,D6,scanvi_scarches,predicted
GACCTGGTCCCACTTG-1-HCAHeart7844001,Endothelial,0.9996988773345947,0.0031337224135073332,D6,scanvi_scarches,predicted
AGCGTATAGGGCTCTC-1-HCAHeart7844001,Endothelial,0.9996778964996338,0.003302769802531955,D6,scanvi_scarches,predicted
GACACGCAGGGTTTCT-1-HCAHeart7844001,Endothelial,0.9997956156730652,0.0022352399359914623,D6,scanvi_scarches,predicted
CCCAATCTCTGAGTGT-1-HCAHeart7844004,Endothelial,0.9999042749404907,0.0011604712799750006,D6,scanvi_scarches,predicted
TCTCATATCCATGCTC-1-HCAHeart7844001,Pericytes,0.9986432194709778,0.011084269236354248,D6,scanvi_scarches,predicted
CTGATCCAGGCATTGG-1-HCAHeart7843999,Endothelial,0.99985671043396,0.0016285545766519856,D6,scanvi_scarches,predicted
ACCTTTATCAGTGCAT-1-HCAHeart7843999,Endothelial,0.9999065399169922,0.0011179491937448954,D6,scanvi_scarches,predicted
AAGCCGCTCGCGGATC-1-HCAHeart7843999,Endothelial,0.9998816251754761,0.0014092946530409706,D6,scanvi_scarches,predicted
TGATCTTTCGGAGATG-1-HCAHeart7905331,Endothelial,0.999873161315918,0.001449239158995549,D6,scanvi_scarches,predicted
CACATAGGTGCATCTA-1-HCAHeart7888927,Ventricular_Cardiomyocyte,0.9996994733810425,0.003115766108374033,D6,scanvi_scarches,predicted
GACGCGTGTGAGCGAT-1-HCAHeart7843999,Pericytes,0.9595416784286499,0.17490042781340104,D6,scanvi_scarches,predicted
CTCAACCAGGAGATAG-1-HCAHeart7905332,Pericytes,0.999580442905426,0.0041409747013929875,D6,scanvi_scarches,predicted
TTTGTCAAGCGTAGTG-1-HCAHeart7844004,Endothelial,0.9993869066238403,0.005577357089227388,D6,scanvi_scarches,predicted
AGGCCACGTGCTCCGA-1-HCAHeart7905332,Endothelial,0.9998444318771362,0.0018148725374576903,D6,scanvi_scarches,predicted
CGATTGACATCAGTCA-1-HCAHeart7888926,Pericytes,0.9997774958610535,0.002497676567566657,D6,scanvi_scarches,predicted
AAAGTAGAGGATGTAT-1-HCAHeart7880860,Ventricular_Cardiomyocyte,0.9998621940612793,0.001588860643432393,D6,scanvi_scarches,predicted
ATTCATCGTGAGGCAT-1-HCAHeart7905327,Pericytes,0.993217408657074,0.042758775517148226,D6,scanvi_scarches,predicted
GTTACAGGTAAGCACG-1-HCAHeart7844004,Endothelial,0.9998493194580078,0.0017363530139590335,D6,scanvi_scarches,predicted
GGCGTGTAGGTGATAT-1-HCAHeart7843999,Pericytes,0.9890294075012207,0.07035236932770793,D6,scanvi_scarches,predicted
AAGGTTCTCTTACCGC-1-HCAHeart7880861,Fibroblast,0.9998799562454224,0.0014168695092976955,D6,scanvi_scarches,predicted
CAGCAGCCACTTAAGC-1-HCAHeart7880862,Fibroblast,0.9998643398284912,0.0016019900303591282,D6,scanvi_scarches,predicted
AGGGAGTCATAAGACA-1-HCAHeart7844004,Myeloid,0.999592125415802,0.003941137656352648,D6,scanvi_scarches,predicted
TCTCATATCCATGAAC-1-HCAHeart7888926,Endothelial,0.9997418522834778,0.0027601805467450187,D6,scanvi_scarches,predicted
TCAACGAGTGGTCCGT-1-HCAHeart7843999,Myeloid,0.9995026588439941,0.004814136696506994,D6,scanvi_scarches,predicted
ACTTAGGGTGGCTCTG-1-HCAHeart7905327,Endothelial,0.9998148083686829,0.00199965470161926,D6,scanvi_scarches,predicted
TGGTTAGGTGGTACAG-1-HCAHeart7844001,Fibroblast,0.9204453825950623,0.3702147443922856,D6,scanvi_scarches,predicted
GCGAGAAAGCGACGTA-1-HCAHeart7880862,Fibroblast,0.9998520612716675,0.0017481955258198739,D6,scanvi_scarches,predicted
TAGCCGGCAGTCAGCC-1-HCAHeart7844003,Endothelial,0.9998966455459595,0.0012508401243923979,D6,scanvi_scarches,predicted
ATCCATTTCTTCGACC-1-HCAHeart7905332,Endothelial,0.9998716115951538,0.0015056343891477093,D6,scanvi_scarches,predicted
TCGCGAGCACAGCGTC-1-HCAHeart7844004,Endothelial,0.9998642206192017,0.0015572255305536101,D6,scanvi_scarches,predicted
GGGAGATTCACTTATC-1-HCAHeart7844003,Endothelial,0.9999068975448608,0.0011415532207961882,D6,scanvi_scarches,predicted
CAACCTCTCCACGACG-1-HCAHeart7843999,Endothelial,0.9998224377632141,0.001968889103407195,D6,scanvi_scarches,predicted
AGTTCGATCACGGAGA-1-HCAHeart7905328,Pericytes,0.9888064861297607,0.06509293116404524,D6,scanvi_scarches,predicted
AGTGAGGAGTACGTAA-1-HCAHeart7888927,Pericytes,0.9998084902763367,0.002150171361785023,D6,scanvi_scarches,predicted
TCCACCAAGGGTTAAT-1-HCAHeart7905328,Smooth_muscle_cells,0.5101485848426819,0.7050079959711317,D6,scanvi_scarches,predicted
TCCCGATTCTGAGGGA-1-HCAHeart7844004,Lymphoid,0.9997223019599915,0.0028951922745888764,D6,scanvi_scarches,predicted
GTGCATATCTCCTATA-1-HCAHeart7844004,Pericytes,0.9997538924217224,0.002621948639526485,D6,scanvi_scarches,predicted
AGCTCTCGTAGTGAAT-1-HCAHeart7844001,Endothelial,0.9991633892059326,0.008114731707034546,D6,scanvi_scarches,predicted
GACAGAGAGGTAAACT-1-HCAHeart7888926,Ventricular_Cardiomyocyte,0.9997820258140564,0.00241228754538508,D6,scanvi_scarches,predicted
CGTAGGCAGTTCGCGC-1-HCAHeart7880862,Atrial_Cardiomyocyte,0.9998323917388916,0.0019129357795508834,D6,scanvi_scarches,predicted
GTAGGCCTCCGAATGT-1-HCAHeart7844001,Pericytes,0.9991216063499451,0.007900835909038775,D6,scanvi_scarches,predicted
CCTAAGATCGAGAGAC-1-HCAHeart7905332,Endothelial,0.999701201915741,0.0031231834827905314,D6,scanvi_scarches,predicted
GACCAATTCCGCTAGG-1-HCAHeart7905327,Endothelial,0.9996721744537354,0.0032832537609756986,D6,scanvi_scarches,predicted
TTAACTCCATATACCG-1-HCAHeart7844001,Myeloid,0.9983721375465393,0.0127284960184234,D6,scanvi_scarches,predicted
CCACCTAGTTCATGGT-1-HCAHeart7844001,Endothelial,0.9998903274536133,0.0013178205733343224,D6,scanvi_scarches,predicted
CAGAATCTCGCGCCAA-1-HCAHeart7844001,Endothelial,0.9998482465744019,0.0017338075172868281,D6,scanvi_scarches,predicted
TGGCGCAAGTACTTGC-1-HCAHeart7888927,Myeloid,0.731484055519104,0.6131282308457776,D6,scanvi_scarches,predicted
TGGGCGTTCCTCCTAG-1-HCAHeart7880862,Atrial_Cardiomyocyte,0.9996838569641113,0.003295484016224569,D6,scanvi_scarches,predicted
ATCGGCGCACACAGAG-1-HCAHeart7905327,Endothelial,0.9998961687088013,0.0012382272806369795,D6,scanvi_scarches,predicted
TGACTAGGTTGACGTT-1-HCAHeart7843999,Lymphoid,0.9997177720069885,0.0030340884447592363,D6,scanvi_scarches,predicted
CAACCAATCCCAGGTG-1-HCAHeart7844001,Smooth_muscle_cells,0.7835792899131775,0.7960511296795967,D6,scanvi_scarches,predicted
GTGGGTCCAGCTTCGG-1-HCAHeart7844001,Lymphoid,0.9997366070747375,0.0028963056951360885,D6,scanvi_scarches,predicted
ACTTACTCAGGTCCAC-1-HCAHeart7844001,Myeloid,0.9111939072608948,0.3058780596350929,D6,scanvi_scarches,predicted
CGCTTCATCTCCCTGA-1-HCAHeart7880863,Endothelial,0.9997549653053284,0.002683196970313423,D6,scanvi_scarches,predicted
CCAGCGAAGAGAACAG-1-HCAHeart7888926,Endothelial,0.9989595413208008,0.009635700813565186,D6,scanvi_scarches,predicted
GTCACGGCAACAACCT-1-HCAHeart7844001,Endothelial,0.9997013211250305,0.0031400383876704603,D6,scanvi_scarches,predicted
ACCCTTGGTGTCTTAG-1-HCAHeart7905328,Endothelial,0.9998074173927307,0.0020683762234271264,D6,scanvi_scarches,predicted
GGACGTCTCAAGATCC-1-HCAHeart7844001,Endothelial,0.9993676543235779,0.00632498685354152,D6,scanvi_scarches,predicted
CCTTGTGAGGTTAGTA-1-HCAHeart7905330,Endothelial,0.9995952248573303,0.004294964893853725,D6,scanvi_scarches,predicted
AACCTGACACGCGTCA-1-HCAHeart7905329,Lymphoid,0.9998113512992859,0.0021260000974846114,D6,scanvi_scarches,predicted
CTCTACGGTCACACGC-1-HCAHeart7843999,Endothelial,0.9997005462646484,0.0032222568186166863,D6,scanvi_scarches,predicted
CCGTTCATCCTTAATC-1-HCAHeart7888926,Ventricular_Cardiomyocyte,0.9998767375946045,0.0014366931363677402,D6,scanvi_scarches,predicted
CCCTCCTGTGACTCAT-1-HCAHeart7844004,Myeloid,0.9994845390319824,0.0051041714670536885,D6,scanvi_scarches,predicted
TAGACTGAGCGTCGAA-1-HCAHeart7905332,Fibroblast,0.9998852014541626,0.0013705422071992972,D6,scanvi_scarches,predicted
CCTAACCTCGGCTGTG-1-HCAHeart7905331,Endothelial,0.9998525381088257,0.0016619561942366693,D6,scanvi_scarches,predicted
GCTGCGATCTGGCGAC-1-HCAHeart7844001,Pericytes,0.9932798743247986,0.042083456887582193,D6,scanvi_scarches,predicted
GGAGGATCACGGCTAC-1-HCAHeart7905331,Endothelial,0.999869704246521,0.0015117548472670828,D6,scanvi_scarches,predicted
CAACCTCTCTGGCGTG-1-HCAHeart7844003,Pericytes,0.6134381890296936,0.8477751296075533,D6,scanvi_scarches,predicted
ACTGATGTCACCATAG-1-HCAHeart7905328,Endothelial,0.9398467540740967,0.23295711746964873,D6,scanvi_scarches,predicted
TTAGTTCAGACGCACA-1-HCAHeart7844001,Endothelial,0.9984616041183472,0.013417624652933502,D6,scanvi_scarches,predicted
CCTATTATCTATCGCC-1-HCAHeart7880860,Ventricular_Cardiomyocyte,0.9999109506607056,0.001078872265314654,D6,scanvi_scarches,predicted
ACGAGCCTCAAACGGG-1-HCAHeart7880862,Fibroblast,0.9998711347579956,0.0015222377294481103,D6,scanvi_scarches,predicted
GCACGGTTCTGCTTAT-1-HCAHeart7905332,Endothelial,0.9998723268508911,0.0014750737870664393,D6,scanvi_scarches,predicted
CGTGAGCCATAAGACA-1-HCAHeart7844000,Endothelial,0.9999074935913086,0.00111677134243003,D6,scanvi_scarches,predicted
GGCAATTGTGTTGGGA-1-HCAHeart7844001,Myeloid,0.9997531771659851,0.0026315415128296328,D6,scanvi_scarches,predicted
CGATGGCAGGGTCTTT-1-HCAHeart7905327,Endothelial,0.999906063079834,0.001127705892373403,D6,scanvi_scarches,predicted
AGTTGGTTCCGTTGCT-1-HCAHeart7880862,Atrial_Cardiomyocyte,0.9997074007987976,0.003145517230456251,D6,scanvi_scarches,predicted
GTTACGACAGTAGTGG-1-HCAHeart7905332,Endothelial,0.999824583530426,0.0019524840523071736,D6,scanvi_scarches,predicted
TTAGGACGTGGAAAGA-1-HCAHeart7888927,Neuronal,0.9998537302017212,0.001727361772357225,D6,scanvi_scarches,predicted
CTCTCGACAGCTCATA-1-HCAHeart7905328,Endothelial,0.9997895359992981,0.0022805564256367966,D6,scanvi_scarches,predicted
GACCTGGCAAACAACA-1-HCAHeart7844001,Pericytes,0.9780691862106323,0.11132670979716533,D6,scanvi_scarches,predicted
CTAACTTTCACCCTGT-1-HCAHeart7905328,Pericytes,0.9907359480857849,0.05565588589408784,D6,scanvi_scarches,predicted
ATGAGTCCACGCGCTA-1-HCAHeart7905331,Endothelial,0.9998718500137329,0.0014716203805660787,D6,scanvi_scarches,predicted
CGAGAAGCAATGGACG-1-HCAHeart7843999,Endothelial,0.9998897314071655,0.0012900464013506274,D6,scanvi_scarches,predicted
AGGGAGTGTGTCAATC-1-HCAHeart7880861,Mesothelial,0.9983114004135132,0.015316006801124661,D6,scanvi_scarches,predicted
CATGACAGTGCCTGCA-1-HCAHeart7880861,Myeloid,0.9972678422927856,0.01994043342442444,D6,scanvi_scarches,predicted
ATAGACCAGACCCACC-1-HCAHeart7844003,Pericytes,0.9744911789894104,0.12950248678909487,D6,scanvi_scarches,predicted
GATCGTATCGTTGCCT-1-HCAHeart7888926,Ventricular_Cardiomyocyte,0.9998069405555725,0.0021045176016321124,D6,scanvi_scarches,predicted
CTTCCGAGTGCAGGAT-1-HCAHeart7905329,Fibroblast,0.9999169111251831,0.001032956862795398,D6,scanvi_scarches,predicted
GGACGTCGTGACCGAA-1-HCAHeart7905332,Endothelial,0.9999135732650757,0.001046712213714911,D6,scanvi_scarches,predicted
TGGACGCTCTACCAGA-1-HCAHeart7844001,Pericytes,0.9970142841339111,0.021405479010159063,D6,scanvi_scarches,predicted
GTACAACGTTCGGTCG-1-HCAHeart7905332,Endothelial,0.999879002571106,0.0014017559276575766,D6,scanvi_scarches,predicted
CCCTGATTCTCCGAAA-1-HCAHeart7905332,Endothelial,0.9998902082443237,0.0012780934599121627,D6,scanvi_scarches,predicted
GGCAATTTCGCTGATA-1-HCAHeart7844001,Endothelial,0.9998899698257446,0.0013085414914623078,D6,scanvi_scarches,predicted
CGCTATCCAAGGCTCC-1-HCAHeart7844001,Endothelial,0.9997535347938538,0.0026947178378697294,D6,scanvi_scarches,predicted
GAACACTCAGACGCTC-1-HCAHeart7905331,Endothelial,0.9998774528503418,0.0014084210277491571,D6,scanvi_scarches,predicted
AAGGTTCGTCGGCACT-1-HCAHeart7844000,Smooth_muscle_cells,0.9998069405555725,0.0021834158923054255,D6,scanvi_scarches,predicted
CCTCCAAAGAGAGCGG-1-HCAHeart7905328,Endothelial,0.9997966885566711,0.002214699208320836,D6,scanvi_scarches,predicted
GCGAGAACATATGGTC-1-HCAHeart7888926,Ventricular_Cardiomyocyte,0.99986732006073,0.0015299391618897094,D6,scanvi_scarches,predicted
GGTAGAGTCTGTCGCT-1-HCAHeart7905331,Endothelial,0.9998661279678345,0.0015298341752229237,D6,scanvi_scarches,predicted
TCGAAGTTCGTTATCT-1-HCAHeart7905331,Endothelial,0.9999085664749146,0.0010993497606727818,D6,scanvi_scarches,predicted
CATTCGCTCACGATGT-1-HCAHeart7880862,Myeloid,0.9994670748710632,0.004992770695941171,D6,scanvi_scarches,predicted
TTCTCCTAGCGTAGTG-1-HCAHeart7880860,Ventricular_Cardiomyocyte,0.9995070695877075,0.004928557138158804,D6,scanvi_scarches,predicted
CCCTCTCAGGAGAGGC-1-HCAHeart7905332,Endothelial,0.9998339414596558,0.001830464191821326,D6,scanvi_scarches,predicted
CGGCTAGGTCCGTGAC-1-HCAHeart7844004,Myeloid,0.9996156692504883,0.003953478407334593,D6,scanvi_scarches,predicted
TTTGGTTAGTGTCTCA-1-HCAHeart7844001,Endothelial,0.9994614720344543,0.005579585867120578,D6,scanvi_scarches,predicted
TTTCCTCCAGGACATG-1-HCAHeart7905331,Smooth_muscle_cells,0.9997209906578064,0.0029404593075190036,D6,scanvi_scarches,predicted
TATCTGTTCGCAGTGC-1-HCAHeart7905332,Endothelial,0.9998563528060913,0.0016146209353966906,D6,scanvi_scarches,predicted
AACTGGTGTATAAACG-1-HCAHeart7888927,Ventricular_Cardiomyocyte,0.9998806715011597,0.0014033763454368172,D6,scanvi_scarches,predicted
AGTGAGGAGCCAGTAG-1-HCAHeart7844000,Endothelial,0.9998970031738281,0.0012617610597009362,D6,scanvi_scarches,predicted
GTGCTTCAGTTTGCGT-1-HCAHeart7844001,Pericytes,0.901065468788147,0.3323318936468281,D6,scanvi_scarches,predicted
GCGGAAAAGGATACCG-1-HCAHeart7905332,Endothelial,0.9995484948158264,0.00429012528788274,D6,scanvi_scarches,predicted
CCACAAAAGACTGGGT-1-HCAHeart7905330,Endothelial,0.999749481678009,0.002703740720657009,D6,scanvi_scarches,predicted
GCCCGAACATCCTTCG-1-HCAHeart7905328,Endothelial,0.9998797178268433,0.001418375004077517,D6,scanvi_scarches,predicted
CAACTAGAGGAGTCTG-1-HCAHeart7844001,Endothelial,0.9994425177574158,0.005541400772132738,D6,scanvi_scarches,predicted
CCTTTCTTCAGAAATG-1-HCAHeart7844001,Myeloid,0.9996901750564575,0.003198227564832013,D6,scanvi_scarches,predicted
CTCATTACATTACGGT-1-HCAHeart7905328,Endothelial,0.999779999256134,0.0023577389510152213,D6,scanvi_scarches,predicted
TTGGAACGTAGAGGAA-1-HCAHeart7844001,Myeloid,0.9995811581611633,0.003987278911347291,D6,scanvi_scarches,predicted
CCACTACGTTCGTTGA-1-HCAHeart7844001,Endothelial,0.9960594177246094,0.027032403409827724,D6,scanvi_scarches,predicted
TCGGGACTCGAACTGT-1-HCAHeart7843999,Endothelial,0.9998753070831299,0.0014364531192075948,D6,scanvi_scarches,predicted
ACGGAGAAGAAGGTTT-1-HCAHeart7844003,Endothelial,0.9996991157531738,0.0032855248319484482,D6,scanvi_scarches,predicted
TCAGCTCGTTCGCTAA-1-HCAHeart7844002,Endothelial,0.9998428821563721,0.001750004453501968,D6,scanvi_scarches,predicted
TGATTTCCAGCATGAG-1-HCAHeart7880863,Fibroblast,0.9998704195022583,0.0015384340409892968,D6,scanvi_scarches,predicted
TCAGTCCAGTAATCCC-1-HCAHeart7905328,Endothelial,0.9999065399169922,0.001120026881312172,D6,scanvi_scarches,predicted
AGGGAGTGTCACACGC-1-HCAHeart7844001,Myeloid,0.9997736811637878,0.0024647385036055455,D6,scanvi_scarches,predicted
TCAGTCCCACCACATA-1-HCAHeart7905327,Lymphoid,0.9998242259025574,0.0019830872277269234,D6,scanvi_scarches,predicted
GCTGCGAAGACAAGCC-1-HCAHeart7844004,Endothelial,0.9998395442962646,0.0018527824975070487,D6,scanvi_scarches,predicted
ACCTACCAGGCCGCTT-1-HCAHeart7905328,Endothelial,0.9998651742935181,0.001553471996359201,D6,scanvi_scarches,predicted
GAGTTTGAGGAAGTAG-1-HCAHeart7905328,Endothelial,0.9998008608818054,0.002138538210120717,D6,scanvi_scarches,predicted
CAAGAAACAGCTGTGC-1-HCAHeart7844003,Endothelial,0.9995177984237671,0.004807267089581438,D6,scanvi_scarches,predicted
CCTATTAGTGATGTGG-1-HCAHeart7880860,Ventricular_Cardiomyocyte,0.9999037981033325,0.0011528987876835359,D6,scanvi_scarches,predicted
CTGCTGTCATGCTGGC-1-HCAHeart7880861,Endothelial,0.999866247177124,0.0015300549475571225,D6,scanvi_scarches,predicted
CAGCATAGTTCACCTC-1-HCAHeart7843999,Endothelial,0.9998592138290405,0.0016632789291686416,D6,scanvi_scarches,predicted
CGTTAGATCCTACAGA-1-HCAHeart7844002,Lymphoid,0.9994845390319824,0.0051865231307944475,D6,scanvi_scarches,predicted
CGTTCTGGTCGAGTTT-1-HCAHeart7844004,Endothelial,0.9999128580093384,0.0010536993739704568,D6,scanvi_scarches,predicted
CAGGTATGTAGACACG-1-HCAHeart7905328,Endothelial,0.9998708963394165,0.0014639044701277378,D6,scanvi_scarches,predicted
AAACGGGCACATCCAA-1-HCAHeart7844001,Mesothelial,0.40671810507774353,1.3613502903787191,D6,scanvi_scarches,predicted
AACTTTCAGCACCGTC-1-HCAHeart7844001,Smooth_muscle_cells,0.9997829794883728,0.0024386927622269115,D6,scanvi_scarches,predicted
CACACAATCTTAGCCC-1-HCAHeart7844001,Myeloid,0.9997299313545227,0.002800400890864138,D6,scanvi_scarches,predicted
AGTCTTTTCTTGTACT-1-HCAHeart7888926,Fibroblast,0.9991893172264099,0.007648525514694762,D6,scanvi_scarches,predicted
AGTGAGGAGGCTAGCA-1-HCAHeart7844002,Myeloid,0.9992309808731079,0.006741598999190353,D6,scanvi_scarches,predicted
TCGTGGGAGTACAACA-1-HCAHeart7905332,Endothelial,0.9998865127563477,0.0013259120344603825,D6,scanvi_scarches,predicted
CGATTGAGTGGCCCTA-1-HCAHeart7844000,Lymphoid,0.9997642636299133,0.0025248710155769626,D6,scanvi_scarches,predicted
TAGTTGGGTACTCGCG-1-HCAHeart7844004,Lymphoid,0.9996533393859863,0.0035824906105405094,D6,scanvi_scarches,predicted
CAAGTTGAGGTGCACA-1-HCAHeart7844004,Endothelial,0.9998985528945923,0.0011972522556543872,D6,scanvi_scarches,predicted
GTTACAGGTACTCTCC-1-HCAHeart7844004,Pericytes,0.9986213445663452,0.011354234859562077,D6,scanvi_scarches,predicted
CGATCGGCACATCCGG-1-HCAHeart7844003,Myeloid,0.9994841814041138,0.005109651623869631,D6,scanvi_scarches,predicted
AGCGTATCACACTGCG-1-HCAHeart7888926,Ventricular_Cardiomyocyte,0.9999008178710938,0.0011758707385343963,D6,scanvi_scarches,predicted
TCACAAGCATCCCATC-1-HCAHeart7888927,Fibroblast,0.9999116659164429,0.0011021013670019391,D6,scanvi_scarches,predicted
CCTACACTCTGGTATG-1-HCAHeart7844004,Endothelial,0.9998964071273804,0.0012558419768653004,D6,scanvi_scarches,predicted
TCACAAGCAGGGTACA-1-HCAHeart7888926,Ventricular_Cardiomyocyte,0.9998916387557983,0.0012895326134309553,D6,scanvi_scarches,predicted
CCCTTAGCATATACCG-1-HCAHeart7905328,Endothelial,0.9996596574783325,0.003382802237035134,D6,scanvi_scarches,predicted
GTTCATTCATAGTCAC-1-HCAHeart7905331,Endothelial,0.9998854398727417,0.0013749312183170604,D6,scanvi_scarches,predicted
CATCCACCATCACAAC-1-HCAHeart7844001,Myeloid,0.9996826648712158,0.003306626442487488,D6,scanvi_scarches,predicted
AGTGAGGGTTACTGAC-1-HCAHeart7844004,Smooth_muscle_cells,0.7636144757270813,0.5852920400241836,D6,scanvi_scarches,predicted
AATGCCAAGAAACTCA-1-HCAHeart7905328,Endothelial,0.9998235106468201,0.0020246899699774357,D6,scanvi_scarches,predicted
TATCTGTGTAATCAGA-1-HCAHeart7905328,Endothelial,0.9998220801353455,0.001944339937165638,D6,scanvi_scarches,predicted
GTGCATAAGTTGTAGA-1-HCAHeart7843999,Lymphoid,0.9998098015785217,0.002121910629443391,D6,scanvi_scarches,predicted
CTCGGGAAGCCACTAT-1-HCAHeart7844004,Endothelial,0.999916672706604,0.001023039447386737,D6,scanvi_scarches,predicted
GGACAGAAGCACACAG-1-HCAHeart7844001,Endothelial,0.9997629523277283,0.0026157512958893507,D6,scanvi_scarches,predicted
CGTCCATAGTACACCT-1-HCAHeart7843999,Endothelial,0.9998000264167786,0.002270678241429574,D6,scanvi_scarches,predicted
ACAGCTAAGTGGACGT-1-HCAHeart7844001,Endothelial,0.9873335361480713,0.07031170367293353,D6,scanvi_scarches,predicted
AAAGTCCAGCCGTTGC-1-HCAHeart7905327,Endothelial,0.9998123049736023,0.0020296964522594618,D6,scanvi_scarches,predicted
CCGTACTTCAAGCCTA-1-HCAHeart7844001,Pericytes,0.9544140100479126,0.19035613609374946,D6,scanvi_scarches,predicted
GGCCGATTCTGTGCAA-1-HCAHeart7844001,Endothelial,0.9998323917388916,0.0019307791517783127,D6,scanvi_scarches,predicted
CTTCTAAAGGCGTTGA-1-HCAHeart7905330,Endothelial,0.9996787309646606,0.0033174935524656057,D6,scanvi_scarches,predicted
ATGCGATAGTGGTAAT-1-HCAHeart7843999,Endothelial,0.9998220801353455,0.001953387219546836,D6,scanvi_scarches,predicted
TCGTCCAAGGTTCATC-1-HCAHeart7905329,Endothelial,0.9993159770965576,0.006333936035619735,D6,scanvi_scarches,predicted
TACGGATGTCTACCTC-1-HCAHeart7844001,Myeloid,0.9994945526123047,0.00506481507909204,D6,scanvi_scarches,predicted
CATTATCGTTGAGTTC-1-HCAHeart7844001,Pericytes,0.999562680721283,0.004376331698616009,D6,scanvi_scarches,predicted
GACGGCTTCCCGGATG-1-HCAHeart7880860,Ventricular_Cardiomyocyte,0.9998927116394043,0.0012711293707493368,D6,scanvi_scarches,predicted
CGTTGGGAGCTGCGAA-1-HCAHeart7888927,Ventricular_Cardiomyocyte,0.9998179078102112,0.0020201595407165875,D6,scanvi_scarches,predicted
CCTATTAGTATAGGTA-1-HCAHeart7844003,Endothelial,0.9998805522918701,0.0013841375944475434,D6,scanvi_scarches,predicted
ATGAGGGCACCCATGG-1-HCAHeart7880862,Atrial_Cardiomyocyte,0.9997993111610413,0.002282372802279355,D6,scanvi_scarches,predicted
TCCACGTAGTCCTGCG-1-HCAHeart7905330,Endothelial,0.9998586177825928,0.0016439637671816672,D6,scanvi_scarches,predicted
CATCGTCAGGCTAGCA-1-HCAHeart7905328,Endothelial,0.9998323917388916,0.0018749506560912304,D6,scanvi_scarches,predicted
AAGGAGCCAAGCCGTC-1-HCAHeart7880862,Endothelial,0.9923466444015503,0.05299093695894955,D6,scanvi_scarches,predicted
ACAGCTAGTCAACTGT-1-HCAHeart7844001,Endothelial,0.9993664622306824,0.005999343673396872,D6,scanvi_scarches,predicted
TTTGGTTCATGGTTGT-1-HCAHeart7844003,Smooth_muscle_cells,0.5754386782646179,0.7198964970606855,D6,scanvi_scarches,predicted
CAAGGGATCAAAGAAC-1-HCAHeart7905327,Endothelial,0.9998186230659485,0.0020252981681591563,D6,scanvi_scarches,predicted
GGGATGATCTAGAGTC-1-HCAHeart7844001,Endothelial,0.9997612833976746,0.002547461927273034,D6,scanvi_scarches,predicted
GCTCCTAGTTGGTAAA-1-HCAHeart7844002,Lymphoid,0.9997921586036682,0.0022885917647000155,D6,scanvi_scarches,predicted
TAGCCGGCATGCTAGT-1-HCAHeart7844001,Pericytes,0.8773378729820251,0.3809679784020938,D6,scanvi_scarches,predicted
TGCCCATAGTCCCACG-1-HCAHeart7844000,Smooth_muscle_cells,0.997914731502533,0.017526513631033525,D6,scanvi_scarches,predicted
CAAGTTGAGTTTCCTT-1-HCAHeart7888926,Ventricular_Cardiomyocyte,0.9997231364250183,0.00289608182796259,D6,scanvi_scarches,predicted
GCAGCCAAGGATATAC-1-HCAHeart7880862,Atrial_Cardiomyocyte,0.9997660517692566,0.0025744098705536398,D6,scanvi_scarches,predicted
TCCTAATGTAAGGTCG-1-HCAHeart7905328,Endothelial,0.9999080896377563,0.0011311211362965235,D6,scanvi_scarches,predicted
GACTGCGTCAACGAAA-1-HCAHeart7880862,Mesothelial,0.9986031651496887,0.01322174138748405,D6,scanvi_scarches,predicted
TGTGCGGAGCCTGGAA-1-HCAHeart7905332,Endothelial,0.9999116659164429,0.001074416776418555,D6,scanvi_scarches,predicted
GCACTCTAGGATGTAT-1-HCAHeart7888926,Lymphoid,0.99978107213974,0.0023611953569676394,D6,scanvi_scarches,predicted
TGAGACTGTGGAACCA-1-HCAHeart7905330,Pericytes,0.9465553164482117,0.24980692308044694,D6,scanvi_scarches,predicted
GGCGACTTCGAACTGT-1-HCAHeart7844001,Lymphoid,0.8808298110961914,0.3694774354471845,D6,scanvi_scarches,predicted
TGGCCAGTCACTCCTG-1-HCAHeart7843999,Endothelial,0.9997949004173279,0.002280084237628352,D6,scanvi_scarches,predicted
TGGATGTAGGTACCTT-1-HCAHeart7905327,Endothelial,0.9997624754905701,0.002567161637953325,D6,scanvi_scarches,predicted
CGCTTCAGTTCGAATC-1-HCAHeart7844001,Endothelial,0.9998605251312256,0.0016263516957065705,D6,scanvi_scarches,predicted
GCGAGAACATGTCCTC-1-HCAHeart7843999,Smooth_muscle_cells,0.9997957348823547,0.0022632310527965945,D6,scanvi_scarches,predicted
TGTATTCAGATGTAAC-1-HCAHeart7844004,Lymphoid,0.9997708201408386,0.0025803132498945698,D6,scanvi_scarches,predicted
AACCTGATCCGCGATG-1-HCAHeart7905332,Endothelial,0.9998873472213745,0.0013310889543183162,D6,scanvi_scarches,predicted
AACCGCGGTCCGAGTC-1-HCAHeart7844003,Endothelial,0.9981223940849304,0.01620860944284519,D6,scanvi_scarches,predicted
AAGACAAGTGCTCTCT-1-HCAHeart7905328,Endothelial,0.9998416900634766,0.001768618351584495,D6,scanvi_scarches,predicted
AACTCAGAGGACTGGT-1-HCAHeart7844000,Myeloid,0.9996976852416992,0.0031322767217178533,D6,scanvi_scarches,predicted
TGTCCACAGTATAGGT-1-HCAHeart7905328,Pericytes,0.9944027066230774,0.036200493335038435,D6,scanvi_scarches,predicted
GGAACCCTCCAGTACA-1-HCAHeart7905327,Endothelial,0.999859094619751,0.0015840406096836435,D6,scanvi_scarches,predicted
GAGTCATAGCATTGTC-1-HCAHeart7905328,Endothelial,0.9998169541358948,0.0020304203097258416,D6,scanvi_scarches,predicted
CCCAACTCAGCGCTTG-1-HCAHeart7905331,Endothelial,0.9984737038612366,0.01406710926625474,D6,scanvi_scarches,predicted
TACTCATGTCTTCAAG-1-HCAHeart7844001,Endothelial,0.9992280006408691,0.006937898456227475,D6,scanvi_scarches,predicted
TTAGGCAGTCTCGTTC-1-HCAHeart7844000,Pericytes,0.9600867033004761,0.1865703843968406,D6,scanvi_scarches,predicted
TTCATGTTCATCCCGT-1-HCAHeart7905327,Endothelial,0.9997518658638,0.0026673946722286478,D6,scanvi_scarches,predicted
TTCGAAGTCGTTACAG-1-HCAHeart7844000,Endothelial,0.9996869564056396,0.003460515798784625,D6,scanvi_scarches,predicted
GCGCCAATCTGACCTC-1-HCAHeart7888926,Ventricular_Cardiomyocyte,0.9998573064804077,0.0016249895036072838,D6,scanvi_scarches,predicted
CGATCGGCAAAGCAAT-1-HCAHeart7843999,Endothelial,0.9999090433120728,0.0010949621091133235,D6,scanvi_scarches,predicted
GGTGAAGAGCAACGGT-1-HCAHeart7844004,Endothelial,0.7792357802391052,0.5409075072953046,D6,scanvi_scarches,predicted
CAGCAGCCAGACGTAG-1-HCAHeart7844004,Endothelial,0.9977589845657349,0.01862926772451701,D6,scanvi_scarches,predicted
GATGAGGTCCTGCTTG-1-HCAHeart7844004,Smooth_muscle_cells,0.9998143315315247,0.0021234401151026027,D6,scanvi_scarches,predicted
GTAACTGAGAGGGATA-1-HCAHeart7888927,Ventricular_Cardiomyocyte,0.999525785446167,0.004826276814847454,D6,scanvi_scarches,predicted
ACGATGTAGACGCAAC-1-HCAHeart7843999,Endothelial,0.9999130964279175,0.0010477308298551245,D6,scanvi_scarches,predicted
GTGCTTCGTTACGTCA-1-HCAHeart7844003,Smooth_muscle_cells,0.9927816987037659,0.05121467496020231,D6,scanvi_scarches,predicted
TACGGTAGTCGGCATC-1-HCAHeart7844001,Endothelial,0.9935459494590759,0.043252378953598,D6,scanvi_scarches,predicted
TACCTATAGCAATATG-1-HCAHeart7844001,Endothelial,0.9998002648353577,0.002215054174033551,D6,scanvi_scarches,predicted
ATGGGTTGTCTAGTGT-1-HCAHeart7905329,Endothelial,0.9990791082382202,0.007861147953224217,D6,scanvi_scarches,predicted
AGGTCATCAAATAGCA-1-HCAHeart7905331,Smooth_muscle_cells,0.9992228746414185,0.006924753839741696,D6,scanvi_scarches,predicted
GACGGCTCAGTCGTGC-1-HCAHeart7844004,Endothelial,0.9998691082000732,0.001550822836965025,D6,scanvi_scarches,predicted
TCGTCCAAGCGAATGC-1-HCAHeart7905327,Endothelial,0.999874472618103,0.0014459891735125298,D6,scanvi_scarches,predicted
TCGAGGCGTAGCTCCG-1-HCAHeart7843999,Lymphoid,0.9997482895851135,0.0027193396074793484,D6,scanvi_scarches,predicted
ATAGACCAGAGTACCG-1-HCAHeart7843999,Endothelial,0.9998939037322998,0.001279528933250237,D6,scanvi_scarches,predicted
CATATGGGTGGTAACG-1-HCAHeart7844001,Myeloid,0.9891512393951416,0.06139638497962469,D6,scanvi_scarches,predicted
TGTGTTTCACTCTGTC-1-HCAHeart7880862,Pericytes,0.9997527003288269,0.0026988943731072004,D6,scanvi_scarches,predicted
ACGATCAAGACCAGAC-1-HCAHeart7905327,Pericytes,0.576068639755249,0.8695398053521799,D6,scanvi_scarches,predicted
CTGATCCGTCTCAACA-1-HCAHeart7844001,Endothelial,0.9922493696212769,0.04687196090614432,D6,scanvi_scarches,predicted
GACGTTATCGTAGGTT-1-HCAHeart7888927,Fibroblast,0.9999178647994995,0.0010276576913972226,D6,scanvi_scarches,predicted
GACGGCTGTCGCCATG-1-HCAHeart7844003,Lymphoid,0.9996488094329834,0.003559554720180727,D6,scanvi_scarches,predicted
ACGATACTCACAAACC-1-HCAHeart7844004,Endothelial,0.9998637437820435,0.0015964871665457812,D6,scanvi_scarches,predicted
GTGTTAGTCAACTCTT-1-HCAHeart7844004,Myeloid,0.9996830224990845,0.0031560639424974683,D6,scanvi_scarches,predicted
GGTGCGTCATTAACCG-1-HCAHeart7844003,Myeloid,0.9993690848350525,0.005733618005201348,D6,scanvi_scarches,predicted
CACCTTGCATCCTAGA-1-HCAHeart7844003,Endothelial,0.9997885823249817,0.002257901570166873,D6,scanvi_scarches,predicted
CATCAAGCAGATCACT-1-HCAHeart7905331,Endothelial,0.999743640422821,0.002713614698799593,D6,scanvi_scarches,predicted
TTGACTTAGCACCGTC-1-HCAHeart7844000,Endothelial,0.9998825788497925,0.0013721309431174507,D6,scanvi_scarches,predicted
AGTTAGCGTTGAGAGC-1-HCAHeart7905327,Endothelial,0.9996040463447571,0.003837732271706901,D6,scanvi_scarches,predicted
GGAATAACATGTAAGA-1-HCAHeart7844001,Endothelial,0.9987220168113708,0.010475214422561685,D6,scanvi_scarches,predicted
GGGACCTCACATTTCT-1-HCAHeart7888926,Ventricular_Cardiomyocyte,0.9998927116394043,0.0012753520450345935,D6,scanvi_scarches,predicted
CTGATAGTCACATGCA-1-HCAHeart7844001,Endothelial,0.9998438358306885,0.0018052090386127565,D6,scanvi_scarches,predicted
GACGTTACAAGCGTAG-1-HCAHeart7880862,Pericytes,0.9993215799331665,0.006516509229086913,D6,scanvi_scarches,predicted
AGTCAACCACGCACCA-1-HCAHeart7905327,Endothelial,0.9998947381973267,0.001235770448508389,D6,scanvi_scarches,predicted
GACCCTTAGTCCGCCA-1-HCAHeart7905328,Endothelial,0.9998323917388916,0.0018817765907941486,D6,scanvi_scarches,predicted
GTGTGCGCACGCTTTC-1-HCAHeart7844004,Endothelial,0.9998425245285034,0.001830330372425239,D6,scanvi_scarches,predicted
GCTGGGTTCGTACCGG-1-HCAHeart7880862,Atrial_Cardiomyocyte,0.9998304843902588,0.0019705519886576805,D6,scanvi_scarches,predicted
CAAGAAAAGTCCAGGA-1-HCAHeart7843999,Lymphoid,0.9997349381446838,0.0028850439023346713,D6,scanvi_scarches,predicted
TGTATTCTCCCATTTA-1-HCAHeart7843999,Pericytes,0.9477818012237549,0.2101604887804436,D6,scanvi_scarches,predicted
CACAGGCTCAACTCTT-1-HCAHeart7844004,Myeloid,0.9997604489326477,0.002589952305967846,D6,scanvi_scarches,predicted
GGAACTTTCCAAGTAC-1-HCAHeart7880860,Endothelial,0.9998207688331604,0.001988992412767393,D6,scanvi_scarches,predicted
TTGGAACTCAACCAAC-1-HCAHeart7888927,Ventricular_Cardiomyocyte,0.999576985836029,0.004287617972080638,D6,scanvi_scarches,predicted
GATGCTAGTGAGGGTT-1-HCAHeart7844004,Endothelial,0.9997077584266663,0.0029769407849348545,D6,scanvi_scarches,predicted
AAACGGGAGTCTCGGC-1-HCAHeart7844002,Endothelial,0.9998757839202881,0.0014659154076249567,D6,scanvi_scarches,predicted
TTCCGGTGTAACGCGA-1-HCAHeart7905328,Endothelial,0.9542135000228882,0.19113006233925375,D6,scanvi_scarches,predicted
AGAATAGCACAGCCCA-1-HCAHeart7888927,Fibroblast,0.9998811483383179,0.001440846862025006,D6,scanvi_scarches,predicted
TCAACGAGTACCTACA-1-HCAHeart7844000,Endothelial,0.9998407363891602,0.0018159015341167313,D6,scanvi_scarches,predicted
AATCCAGGTGCGCTTG-1-HCAHeart7844004,Pericytes,0.9945757389068604,0.035045613773190626,D6,scanvi_scarches,predicted
TTGCGTCAGGCGTACA-1-HCAHeart7844004,Endothelial,0.9998067021369934,0.0021592394944384232,D6,scanvi_scarches,predicted
TTCCGGTAGTAACGTA-1-HCAHeart7905327,Pericytes,0.8998337984085083,0.3475970010844323,D6,scanvi_scarches,predicted
GACACGCAGTATGACA-1-HCAHeart7844003,Lymphoid,0.9997034668922424,0.003212951949688851,D6,scanvi_scarches,predicted
GAAGCGAGTTGTGGCC-1-HCAHeart7905328,Endothelial,0.999636173248291,0.0036765831788539978,D6,scanvi_scarches,predicted
CGGGTCAAGAGTACCG-1-HCAHeart7844001,Endothelial,0.9995193481445312,0.004755299163996128,D6,scanvi_scarches,predicted
CCCAGTTTCTCAACTT-1-HCAHeart7888927,Pericytes,0.9997023940086365,0.00311206156778426,D6,scanvi_scarches,predicted
TCAGGTACATACTCTT-1-HCAHeart7880862,Atrial_Cardiomyocyte,0.99973064661026,0.0028915984771323423,D6,scanvi_scarches,predicted
TCCTCTTGTCTTCCGT-1-HCAHeart7905328,Endothelial,0.999848484992981,0.0017238323623934005,D6,scanvi_scarches,predicted
CTGATCCAGAATTCCC-1-HCAHeart7844001,Endothelial,0.9995236396789551,0.004960470907583506,D6,scanvi_scarches,predicted
AGGTTACCAAGTACCT-1-HCAHeart7905332,Endothelial,0.9997808337211609,0.0023596411219290606,D6,scanvi_scarches,predicted
TTAGTTCTCCTGCTTG-1-HCAHeart7844003,Myeloid,0.9997515082359314,0.002661301188576777,D6,scanvi_scarches,predicted
GGTGAAGAGTTCGCGC-1-HCAHeart7844001,Endothelial,0.9998952150344849,0.0012535454040724686,D6,scanvi_scarches,predicted
TGACTTTGTACCGAGA-1-HCAHeart7843999,Lymphoid,0.9997616410255432,0.0025797754984251144,D6,scanvi_scarches,predicted
CCTTCAGAGCACTGGA-1-HCAHeart7905332,Endothelial,0.9998667240142822,0.0015262891754921288,D6,scanvi_scarches,predicted
AGGGATGAGAAGGACA-1-HCAHeart7880861,Fibroblast,0.9998888969421387,0.0013441345014039907,D6,scanvi_scarches,predicted
TACACGAGTCAGGACA-1-HCAHeart7844002,Endothelial,0.9998183846473694,0.002046061038514065,D6,scanvi_scarches,predicted
TGACTTTTCAGTCAGT-1-HCAHeart7844003,Pericytes,0.7312332391738892,0.5984630391447417,D6,scanvi_scarches,predicted
CCCATACGTCTCCACT-1-HCAHeart7880862,Atrial_Cardiomyocyte,0.9997161030769348,0.003023088966092098,D6,scanvi_scarches,predicted
CGTAGTACACGAGAAC-1-HCAHeart7905328,Endothelial,0.9997184872627258,0.0028913522686147544,D6,scanvi_scarches,predicted
CCTACCAGTCTTTCAT-1-HCAHeart7888927,Fibroblast,0.9998979568481445,0.00125340494507544,D6,scanvi_scarches,predicted
GAAGCAGAGTTGAGAT-1-HCAHeart7880861,Fibroblast,0.9999126195907593,0.001079357673537119,D6,scanvi_scarches,predicted
TTCCGGTGTCTACGAT-1-HCAHeart7905329,Endothelial,0.9998335838317871,0.0018545044183663852,D6,scanvi_scarches,predicted
TTGTTCACACTAACCA-1-HCAHeart7905332,Endothelial,0.9997777342796326,0.0023600935097593608,D6,scanvi_scarches,predicted
TGCGCAGCAATAGCAA-1-HCAHeart7843999,Endothelial,0.9998607635498047,0.001610773856731566,D6,scanvi_scarches,predicted
GTTTCTACAACTGCTA-1-HCAHeart7844000,Pericytes,0.9925375580787659,0.04692903071442925,D6,scanvi_scarches,predicted
CCTACCAGTTTAGGAA-1-HCAHeart7888926,Ventricular_Cardiomyocyte,0.9998946189880371,0.0012489652489013163,D6,scanvi_scarches,predicted
ATACTTCAGGTAAACT-1-HCAHeart7905327,Endothelial,0.9987952709197998,0.009904507485725463,D6,scanvi_scarches,predicted
AACCATGTCCATACTT-1-HCAHeart7905332,Endothelial,0.9998418092727661,0.001745394898302254,D6,scanvi_scarches,predicted
CTGAAACCAAACTGCT-1-HCAHeart7844001,Endothelial,0.9992750287055969,0.0072382085915310024,D6,scanvi_scarches,predicted
AAACGCTCACAGCTTA-1-HCAHeart7905328,Endothelial,0.9998319149017334,0.0018479318681576171,D6,scanvi_scarches,predicted
TTCTACAGTCCTCCAT-1-HCAHeart7880862,Pericytes,0.9993112087249756,0.006368605935412079,D6,scanvi_scarches,predicted
TCAAGCACAATTGCGT-1-HCAHeart7905328,Endothelial,0.9992565512657166,0.007061683109877386,D6,scanvi_scarches,predicted
CCATGTCCATGATCCA-1-HCAHeart7844001,Endothelial,0.9991311430931091,0.007927991668165593,D6,scanvi_scarches,predicted
GATCTAGGTTGAGTTC-1-HCAHeart7844003,Endothelial,0.9936192631721497,0.04427626691912484,D6,scanvi_scarches,predicted
AAATGCCCATATACGC-1-HCAHeart7888926,Ventricular_Cardiomyocyte,0.9997120499610901,0.0030901032173112344,D6,scanvi_scarches,predicted
ATGAGGGAGAACTGTA-1-HCAHeart7844004,Endothelial,0.9999055862426758,0.0011387359646284284,D6,scanvi_scarches,predicted
TGTTCCGTCACTATTC-1-HCAHeart7843999,Endothelial,0.9997649788856506,0.0025294067129489465,D6,scanvi_scarches,predicted
CGTAGCGGTGACTCAT-1-HCAHeart7880860,Ventricular_Cardiomyocyte,0.9999042749404907,0.0011500340715550651,D6,scanvi_scarches,predicted
TCACGAACATGAAGTA-1-HCAHeart7844001,Endothelial,0.9990677237510681,0.008464082577969306,D6,scanvi_scarches,predicted
CTGAGGCGTCACTCGG-1-HCAHeart7905332,Endothelial,0.9998985528945923,0.001199047222452825,D6,scanvi_scarches,predicted
TACCGGGGTGGTGATG-1-HCAHeart7905327,Pericytes,0.9994816184043884,0.005074103853832055,D6,scanvi_scarches,predicted
AACCTTTCATACAGCT-1-HCAHeart7905332,Endothelial,0.9999014139175415,0.0011627051803764254,D6,scanvi_scarches,predicted
TCACAAGCACGCTTTC-1-HCAHeart7880862,Endothelial,0.9996418952941895,0.003819887758040303,D6,scanvi_scarches,predicted
ATGGTTGGTTTCGACA-1-HCAHeart7905328,Endothelial,0.9998288154602051,0.0018771827434510876,D6,scanvi_scarches,predicted
GCGCAGTAGTGTTGAA-1-HCAHeart7844002,Myeloid,0.9997208714485168,0.0028599174973232334,D6,scanvi_scarches,predicted
CGCTTCAAGAGTCGGT-1-HCAHeart7844001,Myeloid,0.9997628331184387,0.0025491281464711806,D6,scanvi_scarches,predicted
TACGGATTCGCGCCAA-1-HCAHeart7888927,Ventricular_Cardiomyocyte,0.9998656511306763,0.0015399090117975184,D6,scanvi_scarches,predicted
TATCTCATCTGGTGTA-1-HCAHeart7844004,Endothelial,0.999790608882904,0.002291235452491911,D6,scanvi_scarches,predicted
AAACGAATCATTTGCT-1-HCAHeart7905331,Endothelial,0.9998173117637634,0.0019907894441348693,D6,scanvi_scarches,predicted
CAAGAAACACCAGGTC-1-HCAHeart7888926,Fibroblast,0.9998204112052917,0.002109471831292325,D6,scanvi_scarches,predicted
CTAACTTCATCGTCGG-1-HCAHeart7844001,Endothelial,0.9995766282081604,0.004356995360521218,D6,scanvi_scarches,predicted
GATCAGTTCTCCAACC-1-HCAHeart7843999,Lymphoid,0.9996386766433716,0.0037765701968921267,D6,scanvi_scarches,predicted
CGGCTAGGTCGGGTCT-1-HCAHeart7844004,Endothelial,0.9998487234115601,0.0017130171276356608,D6,scanvi_scarches,predicted
TTTGTCATCGTTGCCT-1-HCAHeart7844001,Endothelial,0.9997332692146301,0.0029119488744294157,D6,scanvi_scarches,predicted
GGGATGAGTCTTGTCC-1-HCAHeart7880861,Ventricular_Cardiomyocyte,0.9998395442962646,0.0018072269021939052,D6,scanvi_scarches,predicted
CGTCACTCACATGGGA-1-HCAHeart7844001,Endothelial,0.9997815489768982,0.002428420068105558,D6,scanvi_scarches,predicted
CCGTACTCATGTAGTC-1-HCAHeart7888926,Ventricular_Cardiomyocyte,0.9998767375946045,0.0014365879267860381,D6,scanvi_scarches,predicted
TGAGAGGGTAGATTAG-1-HCAHeart7844001,Pericytes,0.9983150959014893,0.013581907315888446,D6,scanvi_scarches,predicted
CATCAAGTCCTGTTGC-1-HCAHeart7905327,Endothelial,0.9997826218605042,0.0023684761085623444,D6,scanvi_scarches,predicted
CCACTACAGAATAGGG-1-HCAHeart7844004,Endothelial,0.9998853206634521,0.001365954327113059,D6,scanvi_scarches,predicted
AGATTGCTCTCGCATC-1-HCAHeart7844004,Endothelial,0.9998761415481567,0.0014640740803515294,D6,scanvi_scarches,predicted
ACACCGGCATTGTGCA-1-HCAHeart7844004,Smooth_muscle_cells,0.8682838082313538,0.39626124123601636,D6,scanvi_scarches,predicted
AGTGGGACAATGACCT-1-HCAHeart7843999,Myeloid,0.9993606209754944,0.0058656535217262145,D6,scanvi_scarches,predicted
GCTGCGAAGGTGCTTT-1-HCAHeart7888926,Ventricular_Cardiomyocyte,0.9998359680175781,0.0018488427379984719,D6,scanvi_scarches,predicted
GGCAATTTCTCTAAGG-1-HCAHeart7843999,Myeloid,0.9996185302734375,0.0037219903187449663,D6,scanvi_scarches,predicted
AGAGCTTAGGCATGGT-1-HCAHeart7888927,Pericytes,0.9996830224990845,0.003253174729865056,D6,scanvi_scarches,predicted
CGTAGGCGTGGGTATG-1-HCAHeart7844004,Endothelial,0.9992271661758423,0.007437303411288487,D6,scanvi_scarches,predicted
GTCACGGAGTATGACA-1-HCAHeart7844001,Endothelial,0.9997733235359192,0.0025435917103183033,D6,scanvi_scarches,predicted
GCAAACTGTACCGAGA-1-HCAHeart7844004,Endothelial,0.9982671737670898,0.01438186275194585,D6,scanvi_scarches,predicted
TATCTCACACACCGCA-1-HCAHeart7844001,Pericytes,0.9994971752166748,0.004822662463698416,D6,scanvi_scarches,predicted
TAAACCGCAAGAAGAG-1-HCAHeart7880862,Atrial_Cardiomyocyte,0.9998210072517395,0.002047294679642305,D6,scanvi_scarches,predicted
AGCGTATGTGCTCCGA-1-HCAHeart7905329,Endothelial,0.9998371601104736,0.0018424743170536073,D6,scanvi_scarches,predicted
ACGTCAATCTGGTGTA-1-HCAHeart7844000,Endothelial,0.9998601675033569,0.001659510785869513,D6,scanvi_scarches,predicted
CATCAGAAGAATGTGT-1-HCAHeart7844003,Pericytes,0.9395196437835693,0.24997210933541228,D6,scanvi_scarches,predicted
AACCCAATCGACATAC-1-HCAHeart7905327,Endothelial,0.9998602867126465,0.0015979218231642414,D6,scanvi_scarches,predicted
TGAGCATTCACCATAG-1-HCAHeart7880860,Ventricular_Cardiomyocyte,0.9998798370361328,0.001408472293224248,D6,scanvi_scarches,predicted
AACTCCCGTCATGCCG-1-HCAHeart7844001,Endothelial,0.7903366684913635,0.5278830907851895,D6,scanvi_scarches,predicted
TTCCCAGTCGGTTAAC-1-HCAHeart7844004,Endothelial,0.9999046325683594,0.0011575109164528006,D6,scanvi_scarches,predicted
CGAGCCAAGAAGGACA-1-HCAHeart7843999,Endothelial,0.9998683929443359,0.0015046438124236834,D6,scanvi_scarches,predicted
GCTTCCACATTCTCAT-1-HCAHeart7880862,Fibroblast,0.9998611211776733,0.0016536702274611373,D6,scanvi_scarches,predicted
GATCGCGGTGATGTGG-1-HCAHeart7880861,Ventricular_Cardiomyocyte,0.9998592138290405,0.0016392781163946527,D6,scanvi_scarches,predicted
TACTTGTAGCGTAGTG-1-HCAHeart7844003,Endothelial,0.9999018907546997,0.0011717947306447343,D6,scanvi_scarches,predicted
TGCGTGGGTTATGCGT-1-HCAHeart7844002,Lymphoid,0.9998124241828918,0.0020999852845774276,D6,scanvi_scarches,predicted
TGCGCAGTCTTCATGT-1-HCAHeart7880862,Atrial_Cardiomyocyte,0.9998200535774231,0.0020530773929832054,D6,scanvi_scarches,predicted
GCTCCTATCAACCAAC-1-HCAHeart7844004,Pericytes,0.9991278052330017,0.007570023003717124,D6,scanvi_scarches,predicted
CATTATCAGCGATGAC-1-HCAHeart7880863,Fibroblast,0.9996751546859741,0.0034995158266408503,D6,scanvi_scarches,predicted
TAATCTCCAAGGTTGG-1-HCAHeart7905331,Endothelial,0.9998924732208252,0.0012721337371008057,D6,scanvi_scarches,predicted
TGTTCCGCATCCCATC-1-HCAHeart7844001,Endothelial,0.999640941619873,0.0038573974273274107,D6,scanvi_scarches,predicted
AAGTACCGTTTCACTT-1-HCAHeart7905332,Endothelial,0.9998801946640015,0.0014275038143300176,D6,scanvi_scarches,predicted
CTCCTAGAGTGGACGT-1-HCAHeart7843999,Endothelial,0.9998728036880493,0.001492505129826414,D6,scanvi_scarches,predicted
GCGGGTTTCTCGCTTG-1-HCAHeart7844000,Endothelial,0.9891583919525146,0.061902455910627215,D6,scanvi_scarches,predicted
ATACTTCGTCCCTCAT-1-HCAHeart7905328,Endothelial,0.9998251795768738,0.0019068010249126206,D6,scanvi_scarches,predicted
CGGACACGTTGAGTTC-1-HCAHeart7844000,Pericytes,0.9995232820510864,0.0045385895515519395,D6,scanvi_scarches,predicted
CGAGCCATCCGCTGTT-1-HCAHeart7844004,Lymphoid,0.9996892213821411,0.0032144054979220365,D6,scanvi_scarches,predicted
GTATTCTGTTGGTGGA-1-HCAHeart7844001,Pericytes,0.5884324312210083,0.6945399346883532,D6,scanvi_scarches,predicted
CTGTGCTAGACAAAGG-1-HCAHeart7844003,Endothelial,0.9998914003372192,0.0013019799304655876,D6,scanvi_scarches,predicted
TCATTACCACATGTGT-1-HCAHeart7880862,Endothelial,0.9999024868011475,0.0011655423992909327,D6,scanvi_scarches,predicted
GTACGTATCATCGATG-1-HCAHeart7880861,Fibroblast,0.999919056892395,0.001006580186033383,D6,scanvi_scarches,predicted
TGAAAGATCGCAAACT-1-HCAHeart7843999,Endothelial,0.9999030828475952,0.001170799188698319,D6,scanvi_scarches,predicted
GAAACTCCAAAGCGGT-1-HCAHeart7844003,Endothelial,0.9998733997344971,0.0014534191000129407,D6,scanvi_scarches,predicted
CAGCTGGCAAGGTGTG-1-HCAHeart7880862,Atrial_Cardiomyocyte,0.9997568726539612,0.002672230274573491,D6,scanvi_scarches,predicted
TGGGCGTCATCCGAGC-1-HCAHeart7905328,Endothelial,0.9998527765274048,0.0017349684082262826,D6,scanvi_scarches,predicted
TGGTTAGCACGGCTAC-1-HCAHeart7844003,Endothelial,0.9998946189880371,0.0012781491400083748,D6,scanvi_scarches,predicted
TAAGAGAAGTGTACGG-1-HCAHeart7844001,Pericytes,0.9994853734970093,0.004894699185195287,D6,scanvi_scarches,predicted
GTGCTTCCATGTAGTC-1-HCAHeart7844004,Lymphoid,0.9998354911804199,0.0018742799037245737,D6,scanvi_scarches,predicted
TACGGTAGTTTACTCT-1-HCAHeart7844002,Lymphoid,0.9996941089630127,0.0031270860899830282,D6,scanvi_scarches,predicted
TCTTTCCAGATCCCGC-1-HCAHeart7844004,Endothelial,0.999413013458252,0.005925388665039924,D6,scanvi_scarches,predicted
AAGCCGCGTAAGTGGC-1-HCAHeart7844004,Endothelial,0.9997909665107727,0.0022689603582385456,D6,scanvi_scarches,predicted
ACGTCCTCAACTACGT-1-HCAHeart7905327,Endothelial,0.9997888207435608,0.0022436508361130926,D6,scanvi_scarches,predicted
CCACGAGCAAATGGTA-1-HCAHeart7905330,Endothelial,0.9997486472129822,0.002882267450520207,D6,scanvi_scarches,predicted
GCGACCATCCGTTGTC-1-HCAHeart7844004,Endothelial,0.9996188879013062,0.0039456290493987715,D6,scanvi_scarches,predicted
AGTGGGACAGGATCGA-1-HCAHeart7844004,Endothelial,0.9998929500579834,0.0012904707911585737,D6,scanvi_scarches,predicted
GGAAAGCCAGTATGCT-1-HCAHeart7844004,Pericytes,0.8186836242675781,0.5442424208718462,D6,scanvi_scarches,predicted
CTCTACGAGTATGACA-1-HCAHeart7880862,Fibroblast,0.999652624130249,0.0037972775734565496,D6,scanvi_scarches,predicted
TACAGTGTCATTCACT-1-HCAHeart7844000,Endothelial,0.9999059438705444,0.0011451212429264678,D6,scanvi_scarches,predicted
TGTCCCACATTGTACG-1-HCAHeart7905328,Endothelial,0.9998527765274048,0.0017162880169037263,D6,scanvi_scarches,predicted
ACGGAGATCGACGGAA-1-HCAHeart7880861,Pericytes,0.9996546506881714,0.0036299299016478376,D6,scanvi_scarches,predicted
ATAAGAGGTCTACCTC-1-HCAHeart7844001,Endothelial,0.9998270869255066,0.001987812863180237,D6,scanvi_scarches,predicted
AAACCTGCATACGCTA-1-HCAHeart7844001,Smooth_muscle_cells,0.9199477434158325,0.286809769632075,D6,scanvi_scarches,predicted
GAAACTCCAGCCAATT-1-HCAHeart7844004,Pericytes,0.9995200634002686,0.004633234429093207,D6,scanvi_scarches,predicted
ACACCAATCTATCGCC-1-HCAHeart7844001,Endothelial,0.9998058676719666,0.0021692033377113274,D6,scanvi_scarches,predicted
ATTTCTGCATGTAAGA-1-HCAHeart7844001,Smooth_muscle_cells,0.9998218417167664,0.002067184818033091,D6,scanvi_scarches,predicted
GTCGTAAGTGAAATCA-1-HCAHeart7844000,Smooth_muscle_cells,0.9981204867362976,0.01451123402831592,D6,scanvi_scarches,predicted
GCAGTTACAGGCGATA-1-HCAHeart7844004,Endothelial,0.9998096823692322,0.0021565815050656597,D6,scanvi_scarches,predicted
TACGGTAGTTTGACTG-1-HCAHeart7844000,Endothelial,0.9998992681503296,0.0012105094634292512,D6,scanvi_scarches,predicted
CCTCAGTCAGACGTAG-1-HCAHeart7844001,Fibroblast,0.9948636889457703,0.04132264183847031,D6,scanvi_scarches,predicted
CCTACACAGAATGTGT-1-HCAHeart7888927,Pericytes,0.9997757077217102,0.0025102422434471524,D6,scanvi_scarches,predicted
ATTATCCCAGGAATCG-1-HCAHeart7843999,Pericytes,0.9996764659881592,0.0033820407505201697,D6,scanvi_scarches,predicted
CAGATACTCCGAGGCT-1-HCAHeart7905331,Endothelial,0.9998526573181152,0.0016882343535705743,D6,scanvi_scarches,predicted
TACGGGCCACCAGATT-1-HCAHeart7844001,Myeloid,0.8605576157569885,0.408341440114728,D6,scanvi_scarches,predicted
GTTCATTAGCCCAATT-1-HCAHeart7844004,Endothelial,0.9976662397384644,0.017428382241296673,D6,scanvi_scarches,predicted
TGTGGTATCCGTCAAA-1-HCAHeart7843999,Lymphoid,0.9997491240501404,0.002774772106346654,D6,scanvi_scarches,predicted
CATTGTTAGAGTCGAC-1-HCAHeart7905331,Endothelial,0.999854564666748,0.0016434798251541045,D6,scanvi_scarches,predicted
TCTGGAAGTTATCACG-1-HCAHeart7844003,Endothelial,0.9998860359191895,0.001332078430549494,D6,scanvi_scarches,predicted
TTGGAACTCCAAATGC-1-HCAHeart7888926,Myeloid,0.9454985857009888,0.21635534060894146,D6,scanvi_scarches,predicted
TGTATTCGTACAGTGG-1-HCAHeart7843999,Lymphoid,0.999790608882904,0.0023125843698979806,D6,scanvi_scarches,predicted
GAAACTCCATCTCGCT-1-HCAHeart7844001,Myeloid,0.9994750618934631,0.004845480197402429,D6,scanvi_scarches,predicted
ACTTTCATCGGGAGTA-1-HCAHeart7843999,Endothelial,0.9998996257781982,0.0011898206850216738,D6,scanvi_scarches,predicted
AACCCAAGTAGGAGTC-1-HCAHeart7905332,Fibroblast,0.9998373985290527,0.0019016745011840096,D6,scanvi_scarches,predicted
GACTGCGCACCAGCAC-1-HCAHeart7844004,Endothelial,0.9997507929801941,0.0027675721007827036,D6,scanvi_scarches,predicted
CCGTTCACATCCTAGA-1-HCAHeart7888927,Lymphoid,0.7583881616592407,0.5619245215713418,D6,scanvi_scarches,predicted
TACTTACCACGGCCAT-1-HCAHeart7843999,Endothelial,0.9999046325683594,0.001135087372689657,D6,scanvi_scarches,predicted
GACAGAGGTTACAGAA-1-HCAHeart7880861,Ventricular_Cardiomyocyte,0.99983811378479,0.0018386640163208057,D6,scanvi_scarches,predicted
TGTGGTATCGTGGTCG-1-HCAHeart7888926,Endothelial,0.9998563528060913,0.001639672806749716,D6,scanvi_scarches,predicted
CCTTCGACATGCAACT-1-HCAHeart7844001,Endothelial,0.9996516704559326,0.003493537518179404,D6,scanvi_scarches,predicted
CAAGGCCGTAAGTGGC-1-HCAHeart7843999,Endothelial,0.9998408555984497,0.0018157693644966682,D6,scanvi_scarches,predicted
CTTTCAACACCCTAGG-1-HCAHeart7905332,Endothelial,0.9998310804367065,0.0019864226869059738,D6,scanvi_scarches,predicted
TTGGGCGCAAGCGATG-1-HCAHeart7905328,Endothelial,0.9998974800109863,0.0012396808158920618,D6,scanvi_scarches,predicted
GACCTGGCAATGAATG-1-HCAHeart7844004,Endothelial,0.9998667240142822,0.0015703750077467296,D6,scanvi_scarches,predicted
AGAGTGGCACCTATCC-1-HCAHeart7844002,Lymphoid,0.9997934699058533,0.002296302847176539,D6,scanvi_scarches,predicted
TGAGGGACATCACGAT-1-HCAHeart7844001,Pericytes,0.9970006346702576,0.02197981420552907,D6,scanvi_scarches,predicted
CTGAAGTCAATAGAGT-1-HCAHeart7843999,Endothelial,0.9989252686500549,0.010157864787090734,D6,scanvi_scarches,predicted
TAGTTGGGTTTAGCTG-1-HCAHeart7844001,Lymphoid,0.9997822642326355,0.0023766874302362964,D6,scanvi_scarches,predicted
CTGTATTCAAGATCCT-1-HCAHeart7905331,Endothelial,0.9998893737792969,0.0012838996546312646,D6,scanvi_scarches,predicted
AACCTTTTCCCAACTC-1-HCAHeart7905327,Endothelial,0.9997853636741638,0.002330071131842706,D6,scanvi_scarches,predicted
CATCCCACACATACTG-1-HCAHeart7905328,Endothelial,0.9998657703399658,0.0015609228918196196,D6,scanvi_scarches,predicted
ACGATGTGTACAGTGG-1-HCAHeart7888927,Pericytes,0.9997676014900208,0.0025109333324125935,D6,scanvi_scarches,predicted
CGAGTTAGTGACATCT-1-HCAHeart7905332,Endothelial,0.9998605251312256,0.0015671428642762843,D6,scanvi_scarches,predicted
AAACCTGTCTCGGACG-1-HCAHeart7844001,Endothelial,0.9998712539672852,0.0015213785970704264,D6,scanvi_scarches,predicted
AGCTTCCTCGGTGTTA-1-HCAHeart7905328,Smooth_muscle_cells,0.9997970461845398,0.0022723288277737837,D6,scanvi_scarches,predicted
TCGCGTTAGCTCCCAG-1-HCAHeart7844001,Myeloid,0.9997312426567078,0.0028734242462964544,D6,scanvi_scarches,predicted
CTGAAACAGGACGAAA-1-HCAHeart7880861,Ventricular_Cardiomyocyte,0.9998756647109985,0.0014441276828468554,D6,scanvi_scarches,predicted
GTCGTAAGTGATGCCC-1-HCAHeart7844003,Endothelial,0.9885984659194946,0.07781874596868495,D6,scanvi_scarches,predicted
AAGCGAGGTCCCAAAT-1-HCAHeart7905331,Endothelial,0.9999027252197266,0.0011643228265706144,D6,scanvi_scarches,predicted
ATTCTACTCTGTCTAT-1-HCAHeart7880862,Atrial_Cardiomyocyte,0.9996577501296997,0.003548800991574265,D6,scanvi_scarches,predicted
AGCCTAATCTGGGCCA-1-HCAHeart7843999,Endothelial,0.9996336698532104,0.0037234054493060923,D6,scanvi_scarches,predicted
ACAGCCGCACTCGACG-1-HCAHeart7880861,Pericytes,0.9793710708618164,0.10727701245158298,D6,scanvi_scarches,predicted
ACACCCTGTGTGTGCC-1-HCAHeart7844001,Pericytes,0.5863217115402222,0.6891696706574224,D6,scanvi_scarches,predicted
TCAGCTCGTAGCGTGA-1-HCAHeart7880862,Pericytes,0.9997349381446838,0.002834861270568466,D6,scanvi_scarches,predicted
AAGACCTGTGCCTGTG-1-HCAHeart7844001,Endothelial,0.9998918771743774,0.001292489392981704,D6,scanvi_scarches,predicted
TACTCGCAGAGCAATT-1-HCAHeart7844004,Endothelial,0.9994189739227295,0.005725941958476049,D6,scanvi_scarches,predicted
GAATAAGGTACCATCA-1-HCAHeart7844004,Endothelial,0.9999020099639893,0.0011742458895075566,D6,scanvi_scarches,predicted
AAGGTTCAGACCTTTG-1-HCAHeart7844004,Endothelial,0.9995550513267517,0.0046040947272987165,D6,scanvi_scarches,predicted
GAGATGGCAAAGCTCT-1-HCAHeart7905332,Endothelial,0.9998905658721924,0.001273668988326317,D6,scanvi_scarches,predicted
AGTCACATCACTGATG-1-HCAHeart7905328,Endothelial,0.9997487664222717,0.0027674573290188756,D6,scanvi_scarches,predicted
ATGAGGGCATGTCGAT-1-HCAHeart7844004,Endothelial,0.9998975992202759,0.0012203618360413534,D6,scanvi_scarches,predicted
TTGCCGTAGGTGACCA-1-HCAHeart7844003,Pericytes,0.988645076751709,0.06958668579808129,D6,scanvi_scarches,predicted
TTCGAAGGTCTTCTCG-1-HCAHeart7888926,Pericytes,0.7765052318572998,0.5434790746471398,D6,scanvi_scarches,predicted
CACACCTGTCTTGTCC-1-HCAHeart7880861,Ventricular_Cardiomyocyte,0.9996949434280396,0.003164755053149047,D6,scanvi_scarches,predicted
AAAGTAGCATCAGTAC-1-HCAHeart7843999,Endothelial,0.9998103976249695,0.0020899843180276776,D6,scanvi_scarches,predicted
GGATGTTAGTGCGATG-1-HCAHeart7888927,Ventricular_Cardiomyocyte,0.9995529055595398,0.004531505204401835,D6,scanvi_scarches,predicted
TCCCAGTAGAGGGTAA-1-HCAHeart7905328,Endothelial,0.9996944665908813,0.003072324835265095,D6,scanvi_scarches,predicted
TTATGCTTCAGGATCT-1-HCAHeart7880862,Pericytes,0.9996787309646606,0.0034888871139437377,D6,scanvi_scarches,predicted
CATCCACGTCAAAGAT-1-HCAHeart7844001,Endothelial,0.9997579455375671,0.002640728615929503,D6,scanvi_scarches,predicted
TAAGTGCAGTCTTGCA-1-HCAHeart7888926,Ventricular_Cardiomyocyte,0.9998137354850769,0.0020615143619768903,D6,scanvi_scarches,predicted
CCTTCGAAGTGCTGCC-1-HCAHeart7844004,Myeloid,0.9995214939117432,0.004832849681985702,D6,scanvi_scarches,predicted
TCTTTCCTCCCACTTG-1-HCAHeart7844001,Lymphoid,0.9997490048408508,0.002680639377454695,D6,scanvi_scarches,predicted
CGGACTGGTCTTGATG-1-HCAHeart7844001,Endothelial,0.9998718500137329,0.0014882872280761244,D6,scanvi_scarches,predicted
AGTCTTTCAAGAAGAG-1-HCAHeart7844004,Myeloid,0.9997550845146179,0.0026070249460564353,D6,scanvi_scarches,predicted
TCTTCGGGTAAACCTC-1-HCAHeart7844001,Endothelial,0.9996902942657471,0.0033563201545028154,D6,scanvi_scarches,predicted
ACAGCTAGTTGACGTT-1-HCAHeart7880861,Fibroblast,0.9998565912246704,0.0016908251824600802,D6,scanvi_scarches,predicted
TCTTCGGGTACTTAGC-1-HCAHeart7843999,Endothelial,0.9996836185455322,0.0032228781095642923,D6,scanvi_scarches,predicted
ACGGGCTTCCCATTTA-1-HCAHeart7844001,Smooth_muscle_cells,0.9986887574195862,0.010857627324325663,D6,scanvi_scarches,predicted
CGCGTTTCAGGACGTA-1-HCAHeart7844004,Endothelial,0.9990541338920593,0.009016768040621216,D6,scanvi_scarches,predicted
ATCACGATCTATACGG-1-HCAHeart7905327,Endothelial,0.9998985528945923,0.001211060778544031,D6,scanvi_scarches,predicted
GGACATTAGTATGACA-1-HCAHeart7844000,Lymphoid,0.9997655749320984,0.0024963052046905326,D6,scanvi_scarches,predicted
CCACGGAGTGTCGCTG-1-HCAHeart7844001,Myeloid,0.9996341466903687,0.003682734363039391,D6,scanvi_scarches,predicted
GACTGCGGTCATCCCT-1-HCAHeart7844004,Endothelial,0.9998238682746887,0.0019934481453374483,D6,scanvi_scarches,predicted
CGACAGCAGCGCTGAA-1-HCAHeart7905329,Endothelial,0.9998094439506531,0.0020610817317766256,D6,scanvi_scarches,predicted
TAAGAGAAGTGTCTCA-1-HCAHeart7844004,Pericytes,0.9994131326675415,0.0058144726709983266,D6,scanvi_scarches,predicted
GTACGTATCGTAGATC-1-HCAHeart7888927,Fibroblast,0.9999114274978638,0.001108893585663946,D6,scanvi_scarches,predicted
CTCTACGAGAATCTCC-1-HCAHeart7844001,Fibroblast,0.9995750784873962,0.004206026764923402,D6,scanvi_scarches,predicted
CTAACTTTCAATCACG-1-HCAHeart7844003,Smooth_muscle_cells,0.5389655232429504,0.7854011526012104,D6,scanvi_scarches,predicted
TTTCCTCAGTGCCAGA-1-HCAHeart7880860,Ventricular_Cardiomyocyte,0.9998914003372192,0.0012914116768788346,D6,scanvi_scarches,predicted
CCGGGATTCACTTATC-1-HCAHeart7844000,Lymphoid,0.9980888962745667,0.015288586339909935,D6,scanvi_scarches,predicted
AAAGGGCTCCCGATCT-1-HCAHeart7905331,Endothelial,0.9998340606689453,0.0019188241351391602,D6,scanvi_scarches,predicted
TGACAGTCACCAAAGG-1-HCAHeart7905328,Endothelial,0.9998217225074768,0.0019413381631849167,D6,scanvi_scarches,predicted
GTCTCGTTCGGTTCGG-1-HCAHeart7888926,Ventricular_Cardiomyocyte,0.9998212456703186,0.0019981338777594025,D6,scanvi_scarches,predicted
AGATTGCCAGTAAGAT-1-HCAHeart7844004,Pericytes,0.9988201260566711,0.009856235448156737,D6,scanvi_scarches,predicted
AGCGCCAAGAGAATCT-1-HCAHeart7905332,Endothelial,0.9997676014900208,0.0024306020877296595,D6,scanvi_scarches,predicted
TAGAGCTGTAACGTTC-1-HCAHeart7844004,Endothelial,0.9998430013656616,0.0017809972289326021,D6,scanvi_scarches,predicted
GCACGGTTCAGTCCGG-1-HCAHeart7905327,Endothelial,0.9998705387115479,0.0014798514565060397,D6,scanvi_scarches,predicted
AGCAGCCAGCGGCTTC-1-HCAHeart7844001,Pericytes,0.9871869087219238,0.07257794706365556,D6,scanvi_scarches,predicted
GGAAGTGAGTGACACG-1-HCAHeart7905331,Endothelial,0.9998413324356079,0.0018037038435605671,D6,scanvi_scarches,predicted
GACTAACAGAGTCGGT-1-HCAHeart7844001,Myeloid,0.993470311164856,0.04421870459418805,D6,scanvi_scarches,predicted
TCAACGAGTCCATCCT-1-HCAHeart7843999,Endothelial,0.9998058676719666,0.002141306764236392,D6,scanvi_scarches,predicted
ACGATACGTCAAGCGA-1-HCAHeart7888927,Endothelial,0.9989493489265442,0.009534318775086282,D6,scanvi_scarches,predicted
AAGACCTCATACAGCT-1-HCAHeart7844004,Lymphoid,0.9997139573097229,0.0029591315463922585,D6,scanvi_scarches,predicted
GCGAGAATCATCGCTC-1-HCAHeart7844004,Lymphoid,0.9997958540916443,0.002254238042544152,D6,scanvi_scarches,predicted
GACCAATGTAAGTTCC-1-HCAHeart7844004,Pericytes,0.954371988773346,0.1917454158708346,D6,scanvi_scarches,predicted
CATCCACAGAGGGATA-1-HCAHeart7843999,Endothelial,0.9998358488082886,0.0018593214613188461,D6,scanvi_scarches,predicted
TGCACCTAGGCGCTCT-1-HCAHeart7844004,Endothelial,0.999665379524231,0.003602498882218353,D6,scanvi_scarches,predicted
CTCGGAGAGGACATTA-1-HCAHeart7844001,Pericytes,0.9983175992965698,0.013990869365009456,D6,scanvi_scarches,predicted
CAGAGCCGTACTGCGC-1-HCAHeart7905332,Endothelial,0.999771773815155,0.0024236476715857446,D6,scanvi_scarches,predicted
GGAGGATCACACACGC-1-HCAHeart7905328,Pericytes,0.5406365394592285,0.7000595381638277,D6,scanvi_scarches,predicted
CTCCACATCAAGTCGT-1-HCAHeart7905328,Endothelial,0.999672532081604,0.0033002488694462554,D6,scanvi_scarches,predicted
GAAACCTGTTTGGCTA-1-HCAHeart7905330,Endothelial,0.9995718598365784,0.004407734613623236,D6,scanvi_scarches,predicted
GGTCACGAGTTTCGAC-1-HCAHeart7905328,Fibroblast,0.9998373985290527,0.0018894483627389966,D6,scanvi_scarches,predicted
CGTAGGCCAAGCGCTC-1-HCAHeart7844000,Endothelial,0.999860405921936,0.0016366632585145962,D6,scanvi_scarches,predicted
CATCAAGCATCAGTCA-1-HCAHeart7844001,Myeloid,0.9997560381889343,0.002592982856114866,D6,scanvi_scarches,predicted
GCATACAAGAGCTGGT-1-HCAHeart7844002,Myeloid,0.9997016787528992,0.0030514863731673754,D6,scanvi_scarches,predicted
TCATCCGTCTATACGG-1-HCAHeart7905328,Endothelial,0.9998332262039185,0.0018561969307088486,D6,scanvi_scarches,predicted
GAAATGAGTAAATACG-1-HCAHeart7844004,Endothelial,0.9998751878738403,0.0014622543169045214,D6,scanvi_scarches,predicted
CTCCGATAGAGCAACC-1-HCAHeart7905328,Endothelial,0.9998369216918945,0.0018392689507454037,D6,scanvi_scarches,predicted
ATGAGGGTCCGTAGGC-1-HCAHeart7880860,Ventricular_Cardiomyocyte,0.9999152421951294,0.0010293351016527883,D6,scanvi_scarches,predicted
GTACTTTAGAGTGAGA-1-HCAHeart7843999,Smooth_muscle_cells,0.9844377636909485,0.08235931195323569,D6,scanvi_scarches,predicted
ATTACTCCATTGGCGC-1-HCAHeart7844004,Pericytes,0.9997486472129822,0.002712177987364444,D6,scanvi_scarches,predicted
CCTACCAGTTACAGAA-1-HCAHeart7844004,Endothelial,0.9998496770858765,0.0017750741351381693,D6,scanvi_scarches,predicted
ATTCTACGTATTCGTG-1-HCAHeart7844001,Fibroblast,0.9915392994880676,0.06164554591229867,D6,scanvi_scarches,predicted
CTAGAGTAGAAGGGTA-1-HCAHeart7844004,Pericytes,0.9075689315795898,0.3235022077885046,D6,scanvi_scarches,predicted
GAGTCCGTCTCTGCTG-1-HCAHeart7888927,Ventricular_Cardiomyocyte,0.9998111128807068,0.002083261367517177,D6,scanvi_scarches,predicted
GAATGAACATGGTTGT-1-HCAHeart7844002,Endothelial,0.9996891021728516,0.0033215235321177455,D6,scanvi_scarches,predicted
ACAGCCGGTGAAAGAG-1-HCAHeart7888926,Ventricular_Cardiomyocyte,0.9998359680175781,0.0018494661513494984,D6,scanvi_scarches,predicted
AACGTCACAAGAATAC-1-HCAHeart7905332,Endothelial,0.9999105930328369,0.0010745029078135827,D6,scanvi_scarches,predicted
CATGGCGGTTACAGAA-1-HCAHeart7844000,Endothelial,0.9998711347579956,0.001504809490463607,D6,scanvi_scarches,predicted
ACGATACCAATTCCTT-1-HCAHeart7843999,Endothelial,0.999810516834259,0.002044556195619379,D6,scanvi_scarches,predicted
CCCTCCTCAAGAAAGG-1-HCAHeart7843999,Endothelial,0.9998379945755005,0.0018001494131791454,D6,scanvi_scarches,predicted
CTGCCTACACAACTGT-1-HCAHeart7888927,Pericytes,0.999750554561615,0.002690395431916794,D6,scanvi_scarches,predicted
GGGCATCAGTTGAGTA-1-HCAHeart7880862,Endothelial,0.9998798370361328,0.0014277603879732897,D6,scanvi_scarches,predicted
CTCCTAGCACCGTTGG-1-HCAHeart7844004,Smooth_muscle_cells,0.8978028893470764,0.3418364746724433,D6,scanvi_scarches,predicted
TATCAGGCATGGTCTA-1-HCAHeart7843999,Endothelial,0.999852180480957,0.0017098691849306692,D6,scanvi_scarches,predicted
AGCCTAAGTGTCCTCT-1-HCAHeart7844004,Endothelial,0.999842643737793,0.0017573550258252798,D6,scanvi_scarches,predicted
GGTGTCGGTGCAACAG-1-HCAHeart7905329,Endothelial,0.9998250603675842,0.0019638915354064177,D6,scanvi_scarches,predicted
AGGTAGGTCCAATGCA-1-HCAHeart7905331,Endothelial,0.9999116659164429,0.0010690746704657083,D6,scanvi_scarches,predicted
CGGAGTCCAGCCTTTC-1-HCAHeart7844003,Pericytes,0.9922361969947815,0.05464839293686028,D6,scanvi_scarches,predicted
GCATGATAGATGTAAC-1-HCAHeart7843999,Endothelial,0.9998633861541748,0.0015818114515677567,D6,scanvi_scarches,predicted
TGGTTCCAGCTTATCG-1-HCAHeart7844002,Lymphoid,0.9995138645172119,0.004716013243559719,D6,scanvi_scarches,predicted
GTTTCTACATAGACTC-1-HCAHeart7844001,Myeloid,0.9996922016143799,0.0032308086687610144,D6,scanvi_scarches,predicted
TGACGGCCAAAGGAAG-1-HCAHeart7844001,Pericytes,0.9973288774490356,0.021431962343407808,D6,scanvi_scarches,predicted
TACGGATGTCAGAGGT-1-HCAHeart7843999,Lymphoid,0.9129462242126465,0.3009358651675929,D6,scanvi_scarches,predicted
ATTCTACCACCTTGTC-1-HCAHeart7844001,Pericytes,0.9996689558029175,0.0034245553840588994,D6,scanvi_scarches,predicted
TGATCAGCATAGAAAC-1-HCAHeart7905328,Endothelial,0.9998753070831299,0.0014914635835564763,D6,scanvi_scarches,predicted
AGCTCAAGTGGCTTGC-1-HCAHeart7905330,Endothelial,0.9994000196456909,0.005974408298504619,D6,scanvi_scarches,predicted
CTGTGGGGTACCTGTA-1-HCAHeart7905327,Endothelial,0.9997814297676086,0.002405955017690902,D6,scanvi_scarches,predicted
ATTGGTGAGGCCGAAT-1-HCAHeart7880862,Atrial_Cardiomyocyte,0.99941086769104,0.005647755374862534,D6,scanvi_scarches,predicted
TTCTCAAAGTTCGCGC-1-HCAHeart7888927,Ventricular_Cardiomyocyte,0.9998713731765747,0.0015065485568577406,D6,scanvi_scarches,predicted
AAAGTCCTCTCAATCT-1-HCAHeart7905328,Pericytes,0.9986203908920288,0.012124460574604366,D6,scanvi_scarches,predicted
GCGCAGTGTGCGCTTG-1-HCAHeart7880862,Atrial_Cardiomyocyte,0.999748170375824,0.0027556874824048215,D6,scanvi_scarches,predicted
TGAGCCGTCATGCATG-1-HCAHeart7844004,Smooth_muscle_cells,0.9997859597206116,0.002397434427872922,D6,scanvi_scarches,predicted
GTGCTGGAGGAGCTGT-1-HCAHeart7905332,Endothelial,0.9998711347579956,0.0015167411152604184,D6,scanvi_scarches,predicted
GTGCTTCTCCCAAGAT-1-HCAHeart7843999,Endothelial,0.9998816251754761,0.0013649129014678654,D6,scanvi_scarches,predicted
TTTACCATCACACGAT-1-HCAHeart7905329,Endothelial,0.9998958110809326,0.0012338187935371754,D6,scanvi_scarches,predicted
TACCTATGTTACAGAA-1-HCAHeart7880860,Endothelial,0.9998350143432617,0.0018348784547743793,D6,scanvi_scarches,predicted
GCTTCCACAGCCTGTG-1-HCAHeart7844004,Endothelial,0.9998847246170044,0.0013451922606853332,D6,scanvi_scarches,predicted
GGGAGATTCCGCGTTT-1-HCAHeart7844001,Endothelial,0.9739011526107788,0.13282128783332767,D6,scanvi_scarches,predicted
AGGGTTTTCATGAAAG-1-HCAHeart7905328,Endothelial,0.8445844054222107,0.5990106490860059,D6,scanvi_scarches,predicted
GCTGCTTCAAACGCGA-1-HCAHeart7880862,Atrial_Cardiomyocyte,0.9996659755706787,0.003564976237300699,D6,scanvi_scarches,predicted
GCCAAATCACGGCTAC-1-HCAHeart7844003,Endothelial,0.9995121955871582,0.004913737313792778,D6,scanvi_scarches,predicted
CTAGCCTGTCACCTAA-1-HCAHeart7880862,Atrial_Cardiomyocyte,0.999714195728302,0.0030242054520580024,D6,scanvi_scarches,predicted
GATGCTAAGGGAGTAA-1-HCAHeart7844004,Endothelial,0.9999080896377563,0.0011052891444218388,D6,scanvi_scarches,predicted
AAAGCAAAGCTAGTCT-1-HCAHeart7880860,Ventricular_Cardiomyocyte,0.9999063014984131,0.001132237572577089,D6,scanvi_scarches,predicted
CTGTTTAGTTACTGAC-1-HCAHeart7843999,Endothelial,0.9991284012794495,0.007563328541933295,D6,scanvi_scarches,predicted
GGTAACTAGAGCCCAA-1-HCAHeart7905328,Endothelial,0.999853253364563,0.0016704285847642484,D6,scanvi_scarches,predicted
CATGCTCAGATACTGA-1-HCAHeart7905332,Endothelial,0.99946528673172,0.005320220089984035,D6,scanvi_scarches,predicted
CGAACATCAGGTGCCT-1-HCAHeart7880861,Myeloid,0.9982079267501831,0.014305190905909669,D6,scanvi_scarches,predicted
TCAGCTCAGGGTTTCT-1-HCAHeart7888927,Ventricular_Cardiomyocyte,0.998369038105011,0.013738019895839521,D6,scanvi_scarches,predicted
GGAACTTTCAGGCAAG-1-HCAHeart7844003,Endothelial,0.9998544454574585,0.00167483725654624,D6,scanvi_scarches,predicted
TGTGTTTAGGCTCTTA-1-HCAHeart7844001,Lymphoid,0.9997972846031189,0.0022148957901187718,D6,scanvi_scarches,predicted
TACTCGCAGAATTGTG-1-HCAHeart7888926,Ventricular_Cardiomyocyte,0.9998559951782227,0.0016539370375732371,D6,scanvi_scarches,predicted
GTTGCGGAGCATTTGC-1-HCAHeart7905332,Endothelial,0.9998631477355957,0.0015553879460378766,D6,scanvi_scarches,predicted
AAGAACAGTGTTTCTT-1-HCAHeart7905328,Endothelial,0.9999009370803833,0.0012029827486897847,D6,scanvi_scarches,predicted
CAGCATAGTCGAATCT-1-HCAHeart7844004,Endothelial,0.999591052532196,0.004054918845463375,D6,scanvi_scarches,predicted
ACGCCGAGTTCTGTTT-1-HCAHeart7844001,Myeloid,0.9996585845947266,0.003612947333000452,D6,scanvi_scarches,predicted
CTTAACTAGCACCGTC-1-HCAHeart7844003,Neuronal,0.9985221028327942,0.012683024673609971,D6,scanvi_scarches,predicted
TCAGATGTCGACCAGC-1-HCAHeart7844004,Endothelial,0.9998817443847656,0.0014037276640412836,D6,scanvi_scarches,predicted
GCACGGTCAAAGGCAC-1-HCAHeart7905327,Endothelial,0.9998220801353455,0.0019391468444563582,D6,scanvi_scarches,predicted
TGTGGTATCTTGCAAG-1-HCAHeart7880860,Pericytes,0.9996514320373535,0.003626240593774396,D6,scanvi_scarches,predicted
AAGGCAGTCATAAAGG-1-HCAHeart7844001,Endothelial,0.9998520612716675,0.0016944893428547444,D6,scanvi_scarches,predicted
ACACCCTCAATACGCT-1-HCAHeart7880862,Endothelial,0.9997137188911438,0.0031348338182795666,D6,scanvi_scarches,predicted
TTCCTCTCATATCTGG-1-HCAHeart7905331,Endothelial,0.9998936653137207,0.0012625338095025001,D6,scanvi_scarches,predicted
CTCGAGGGTCTCCCTA-1-HCAHeart7844002,Endothelial,0.9995083808898926,0.005056956276827562,D6,scanvi_scarches,predicted
TGATGCATCCAAGCCG-1-HCAHeart7905327,Endothelial,0.9999030828475952,0.0011561640197447136,D6,scanvi_scarches,predicted
TACCTTACACAGGTTT-1-HCAHeart7888927,Ventricular_Cardiomyocyte,0.9995044469833374,0.004814374380965663,D6,scanvi_scarches,predicted
ATTATCCGTCTCTCTG-1-HCAHeart7844001,Myeloid,0.999776303768158,0.0024326304077227075,D6,scanvi_scarches,predicted
AGCAGCCAGTCATCCA-1-HCAHeart7888926,Ventricular_Cardiomyocyte,0.9998321533203125,0.00189728805532378,D6,scanvi_scarches,predicted
CTAAGTGGTTAAGACA-1-HCAHeart7905331,Endothelial,0.9998283386230469,0.001963709462051701,D6,scanvi_scarches,predicted
CCACTACTCCTAGGGC-1-HCAHeart7843999,Endothelial,0.999798595905304,0.002181524828366507,D6,scanvi_scarches,predicted
TAAACCGAGCCAGTAG-1-HCAHeart7844004,Smooth_muscle_cells,0.9998146891593933,0.0021338757054972513,D6,scanvi_scarches,predicted
CAGCAGCGTGATGTGG-1-HCAHeart7844000,Endothelial,0.9998538494110107,0.0017084287768840973,D6,scanvi_scarches,predicted
GCACTCTAGCCAGTTT-1-HCAHeart7844001,Endothelial,0.9998677968978882,0.0015416370284135682,D6,scanvi_scarches,predicted
AGCCTAACAAGTTAAG-1-HCAHeart7844001,Lymphoid,0.9997485280036926,0.002666582449200833,D6,scanvi_scarches,predicted
TGGACGCAGCCGTCGT-1-HCAHeart7844004,Endothelial,0.9998692274093628,0.0015037034095203962,D6,scanvi_scarches,predicted
AATCGGTGTTCGCGAC-1-HCAHeart7844001,Pericytes,0.9996600151062012,0.0035097977009010905,D6,scanvi_scarches,predicted
GATGAGGGTCGAACAG-1-HCAHeart7888926,Ventricular_Cardiomyocyte,0.9998750686645508,0.0014528619645903494,D6,scanvi_scarches,predicted
CTAACTTCAAGACACG-1-HCAHeart7880862,Atrial_Cardiomyocyte,0.9997957348823547,0.0022972365934688915,D6,scanvi_scarches,predicted
CGGAGTCAGGGATGGG-1-HCAHeart7880862,Atrial_Cardiomyocyte,0.9993205070495605,0.0066384014891395305,D6,scanvi_scarches,predicted
ATGTGTGAGGACATTA-1-HCAHeart7844004,Endothelial,0.9996567964553833,0.0036190067113945146,D6,scanvi_scarches,predicted
GGTGAAGGTCCGTGAC-1-HCAHeart7844002,Fibroblast,0.9994034767150879,0.005777576163741786,D6,scanvi_scarches,predicted
CGATGGCCACAACGTT-1-HCAHeart7880863,Atrial_Cardiomyocyte,0.9995094537734985,0.004788510449996291,D6,scanvi_scarches,predicted
CAAGATCGTACTTCTT-1-HCAHeart7844004,Smooth_muscle_cells,0.9981443881988525,0.014399113996104421,D6,scanvi_scarches,predicted
AGTACCAAGAATACAC-1-HCAHeart7905332,Endothelial,0.9998165965080261,0.0019959175432856346,D6,scanvi_scarches,predicted
CACTCCACATGTCGAT-1-HCAHeart7844004,Lymphoid,0.9995272159576416,0.004595724426823209,D6,scanvi_scarches,predicted
AGGCCACCAAAGGCGT-1-HCAHeart7844002,Lymphoid,0.9991024732589722,0.00813930867226742,D6,scanvi_scarches,predicted
ACGGAGAAGTTCGCAT-1-HCAHeart7844003,Endothelial,0.9989728927612305,0.009217310075905545,D6,scanvi_scarches,predicted
CCCAGTTGTTTGTTTC-1-HCAHeart7880860,Pericytes,0.9997349381446838,0.002875884542322744,D6,scanvi_scarches,predicted
AATCGGTCAGCCTATA-1-HCAHeart7880862,Atrial_Cardiomyocyte,0.9996404647827148,0.00383389079569787,D6,scanvi_scarches,predicted
GGTGAAGGTTCCACAA-1-HCAHeart7844001,Lymphoid,0.9997398257255554,0.002864108426069864,D6,scanvi_scarches,predicted
